date,entry_open,entry_1min,eod_pnl_open,eod_pnl_1min,eod_pct_open,eod_pct_1min,mfe_open,mae_open,mfe_1min,mae_1min,pnl_open_1m,pnl_1min_1m,pct_open_1m,pct_1min_1m,pnl_open_2m,pnl_1min_2m,pct_open_2m,pct_1min_2m,pnl_open_3m,pnl_1min_3m,pct_open_3m,pct_1min_3m,pnl_open_5m,pnl_1min_5m,pct_open_5m,pct_1min_5m,pnl_open_10m,pnl_1min_10m,pct_open_10m,pct_1min_10m,pnl_open_15m,pnl_1min_15m,pct_open_15m,pct_1min_15m,pnl_open_20m,pnl_1min_20m,pct_open_20m,pct_1min_20m,pnl_open_30m,pnl_1min_30m,pct_open_30m,pct_1min_30m,pnl_open_45m,pnl_1min_45m,pct_open_45m,pct_1min_45m,pnl_open_60m,pnl_1min_60m,pct_open_60m,pct_1min_60m,pnl_open_90m,pnl_1min_90m,pct_open_90m,pct_1min_90m,pnl_open_120m,pnl_1min_120m,pct_open_120m,pct_1min_120m,pnl_open_180m,pnl_1min_180m,pct_open_180m,pct_1min_180m,pnl_open_240m,pnl_1min_240m,pct_open_240m,pct_1min_240m,pnl_open_300m,pnl_1min_300m,pct_open_300m,pct_1min_300m,pnl_open_390m,pnl_1min_390m,pct_open_390m,pct_1min_390m
2023-02-14,4138.09,4138.4,-2.06,-2.37,-0.0498,-0.0573,7.87,-15.62,7.56,-15.93,-1.75,-2.06,-0.0423,-0.0498,-3.04,-3.35,-0.0735,-0.0809,-3.56,-3.87,-0.086,-0.0935,-5.69,-6.0,-0.1375,-0.145,-2.33,-2.64,-0.0563,-0.0638,-4.35,-4.66,-0.1051,-0.1126,-4.54,-4.85,-0.1097,-0.1172,-3.65,-3.96,-0.0882,-0.0957,-15.28,-15.59,-0.3693,-0.3767,-4.27,-4.58,-0.1032,-0.1107,3.25,2.94,0.0785,0.071,3.52,3.21,0.0851,0.0776,,,,,,,,,,,,,,,,
2023-02-15,4119.5,4112.3,27.98,35.18,0.6792,0.8555,28.22,-15.52,35.42,-8.32,-3.94,3.26,-0.0956,0.0793,-2.93,4.27,-0.0711,0.1038,-1.9,5.3,-0.0461,0.1289,-3.26,3.94,-0.0791,0.0958,-6.66,0.54,-0.1617,0.0131,-1.07,6.13,-0.026,0.1491,3.49,10.69,0.0847,0.26,-3.39,3.81,-0.0823,0.0926,-6.99,0.21,-0.1697,0.0051,-1.34,5.86,-0.0325,0.1425,-3.46,3.74,-0.084,0.0909,7.62,14.82,0.185,0.3604,-0.65,6.55,-0.0158,0.1593,13.08,20.28,0.3175,0.4932,21.62,28.82,0.5248,0.7008,,,,
2023-02-16,4114.75,4100.57,-24.48,-10.3,-0.5949,-0.2512,21.79,-25.26,35.97,-11.08,-13.73,0.45,-0.3337,0.011,-12.53,1.65,-0.3045,0.0402,-14.07,0.11,-0.3419,0.0027,-17.83,-3.65,-0.4333,-0.089,-12.39,1.79,-0.3011,0.0437,-14.61,-0.43,-0.3551,-0.0105,-13.98,0.2,-0.3398,0.0049,-18.81,-4.63,-0.4571,-0.1129,-12.17,2.01,-0.2958,0.049,-1.72,12.46,-0.0418,0.3039,8.29,22.47,0.2015,0.548,7.72,21.9,0.1876,0.5341,13.31,27.49,0.3235,0.6704,6.66,20.84,0.1619,0.5082,19.4,33.58,0.4715,0.8189,,,,
2023-02-17,4077.39,4068.35,1.59,10.63,0.039,0.2613,4.12,-29.44,13.16,-20.4,-11.1,-2.06,-0.2722,-0.0506,-10.47,-1.43,-0.2568,-0.0351,-8.75,0.29,-0.2146,0.0071,-5.78,3.26,-0.1418,0.0801,-15.08,-6.04,-0.3698,-0.1485,-19.79,-10.75,-0.4854,-0.2642,-22.38,-13.34,-0.5489,-0.3279,-20.35,-11.31,-0.4991,-0.278,-14.59,-5.55,-0.3578,-0.1364,-9.74,-0.7,-0.2389,-0.0172,-22.22,-13.18,-0.545,-0.324,-26.49,-17.45,-0.6497,-0.4289,-17.99,-8.95,-0.4412,-0.22,-24.12,-15.08,-0.5916,-0.3707,-7.64,1.4,-0.1874,0.0344,,,,
2023-02-21,4052.35,4042.64,-55.11,-45.4,-1.36,-1.123,0,-57.16,9.71,-47.45,-12.56,-2.85,-0.3099,-0.0705,-9.3,0.41,-0.2295,0.0101,-7.2,2.51,-0.1777,0.0621,-7.77,1.94,-0.1917,0.048,-8.52,1.19,-0.2102,0.0294,-5.25,4.46,-0.1296,0.1103,-17.15,-7.44,-0.4232,-0.184,-21.22,-11.51,-0.5236,-0.2847,-27.91,-18.2,-0.6887,-0.4502,-27.59,-17.88,-0.6808,-0.4423,-30.12,-20.41,-0.7433,-0.5049,-37.09,-27.38,-0.9153,-0.6773,-43.39,-33.68,-1.0707,-0.8331,-46.09,-36.38,-1.1374,-0.8999,-53.44,-43.73,-1.3187,-1.0817,,,,
2023-02-22,4001.83,4002.26,-10.31,-10.74,-0.2576,-0.2683,15.54,-24.93,15.11,-25.36,2.41,1.98,0.0602,0.0495,2.68,2.25,0.067,0.0562,3.14,2.71,0.0785,0.0677,-0.35,-0.78,-0.0087,-0.0195,3.85,3.42,0.0962,0.0855,8.14,7.71,0.2034,0.1926,3.77,3.34,0.0942,0.0835,1.42,0.99,0.0355,0.0247,-12.47,-12.9,-0.3116,-0.3223,-12.53,-12.96,-0.3131,-0.3238,-3.01,-3.44,-0.0752,-0.086,-4.94,-5.37,-0.1234,-0.1342,5.54,5.11,0.1384,0.1277,12.6,12.17,0.3149,0.3041,-3.44,-3.87,-0.086,-0.0967,,,,
2023-02-23,4018.6,4021.28,-6.46,-9.14,-0.1608,-0.2273,9.7,-49.41,7.02,-52.09,2.19,-0.49,0.0545,-0.0122,1.67,-1.01,0.0416,-0.0251,3.57,0.89,0.0888,0.0221,0.43,-2.25,0.0107,-0.056,0.77,-1.91,0.0192,-0.0475,0.4,-2.28,0.01,-0.0567,6.22,3.54,0.1548,0.088,8.05,5.37,0.2003,0.1335,-1.29,-3.97,-0.0321,-0.0987,-4.24,-6.92,-0.1055,-0.1721,-18.41,-21.09,-0.4581,-0.5245,-32.34,-35.02,-0.8048,-0.8709,-45.37,-48.05,-1.129,-1.1949,-37.76,-40.44,-0.9396,-1.0056,-12.25,-14.93,-0.3048,-0.3713,,,,
2023-02-24,3973.2400000000002,3961.92,-2.82,8.5,-0.071,0.2145,5.01,-30.16,16.33,-18.84,-13.93,-2.61,-0.3506,-0.0659,-11.33,-0.01,-0.2852,-0.0003,-9.6,1.72,-0.2416,0.0434,-9.67,1.65,-0.2434,0.0416,-9.41,1.91,-0.2368,0.0482,-20.47,-9.15,-0.5152,-0.2309,-22.95,-11.63,-0.5776,-0.2935,-21.17,-9.85,-0.5328,-0.2486,-26.46,-15.14,-0.666,-0.3821,-26.99,-15.67,-0.6793,-0.3955,-24.84,-13.52,-0.6252,-0.3412,-13.92,-2.6,-0.3503,-0.0656,-10.9,0.42,-0.2743,0.0106,-18.4,-7.08,-0.4631,-0.1787,-12.59,-1.27,-0.3169,-0.0321,,,,
2023-02-27,3992.36,4002.71,-10.13,-20.48,-0.2537,-0.5117,25.69,-18.81,15.34,-29.16,8.98,-1.37,0.2249,-0.0342,9.41,-0.94,0.2357,-0.0235,10.09,-0.26,0.2527,-0.0065,7.07,-3.28,0.1771,-0.0819,9.04,-1.31,0.2264,-0.0327,5.77,-4.58,0.1445,-0.1144,8.51,-1.84,0.2132,-0.046,15.0,4.65,0.3757,0.1162,23.06,12.71,0.5776,0.3175,18.99,8.64,0.4757,0.2159,6.98,-3.37,0.1748,-0.0842,-3.17,-13.52,-0.0794,-0.3378,-3.34,-13.69,-0.0837,-0.342,2.13,-8.22,0.0534,-0.2054,0.04,-10.31,0.001,-0.2576,,,,
2023-02-28,3977.19,3976.88,-7.91,-7.6,-0.1989,-0.1911,20.31,-7.91,20.62,-7.6,-1.83,-1.52,-0.046,-0.0382,-2.5,-2.19,-0.0629,-0.0551,-4.42,-4.11,-0.1111,-0.1033,-3.56,-3.25,-0.0895,-0.0817,2.12,2.43,0.0533,0.0611,5.04,5.35,0.1267,0.1345,1.87,2.18,0.047,0.0548,5.8,6.11,0.1458,0.1536,-0.83,-0.52,-0.0209,-0.0131,-0.77,-0.46,-0.0194,-0.0116,3.67,3.98,0.0923,0.1001,7.41,7.72,0.1863,0.1941,11.25,11.56,0.2829,0.2907,19.44,19.75,0.4888,0.4966,11.34,11.65,0.2851,0.2929,,,,
2023-03-01,3963.34,3959.3,-11.71,-7.67,-0.2955,-0.1937,8.39,-24.29,12.43,-20.25,-0.65,3.39,-0.0164,0.0856,-0.96,3.08,-0.0242,0.0778,-2.84,1.2,-0.0717,0.0303,-3.26,0.78,-0.0823,0.0197,-1.2,2.84,-0.0303,0.0717,0.14,4.18,0.0035,0.1056,6.48,10.52,0.1635,0.2657,0.32,4.36,0.0081,0.1101,-17.04,-13.0,-0.4299,-0.3283,-13.53,-9.49,-0.3414,-0.2397,-2.84,1.2,-0.0717,0.0303,-13.88,-9.84,-0.3502,-0.2485,0.49,4.53,0.0124,0.1144,-10.47,-6.43,-0.2642,-0.1624,-18.5,-14.46,-0.4668,-0.3652,,,,
2023-03-02,3938.6800000000003,3934.05,42.61,47.24,1.0818,1.2008,52.16,-10.52,56.79,-5.89,-6.8,-2.17,-0.1726,-0.0552,-6.22,-1.59,-0.1579,-0.0404,-6.19,-1.56,-0.1572,-0.0397,-7.92,-3.29,-0.2011,-0.0836,-8.51,-3.88,-0.2161,-0.0986,-7.17,-2.54,-0.182,-0.0646,-2.84,1.79,-0.0721,0.0455,0.63,5.26,0.016,0.1337,4.96,9.59,0.1259,0.2438,5.08,9.71,0.129,0.2468,9.51,14.14,0.2415,0.3594,3.69,8.32,0.0937,0.2115,6.24,10.87,0.1584,0.2763,6.52,11.15,0.1655,0.2834,36.78,41.41,0.9338,1.0526,,,,
2023-03-03,3998.02,3996.92,47.3,48.4,1.1831,1.2109,50.27,-2.85,51.37,-1.75,-0.8,0.3,-0.02,0.0075,-0.73,0.37,-0.0183,0.0093,-1.22,-0.12,-0.0305,-0.003,-0.02,1.08,-0.0005,0.027,-0.39,0.71,-0.0098,0.0178,4.0,5.1,0.1,0.1276,6.3,7.4,0.1576,0.1851,8.52,9.62,0.2131,0.2407,13.02,14.12,0.3257,0.3533,17.9,19.0,0.4477,0.4754,14.82,15.92,0.3707,0.3983,18.99,20.09,0.475,0.5026,27.44,28.54,0.6863,0.714,36.32,37.42,0.9084,0.9362,43.03,44.13,1.0763,1.1041,,,,
2023-03-06,4055.15,4053.77,-6.69,-5.31,-0.165,-0.131,23.34,-10.54,24.72,-9.16,-2.07,-0.69,-0.051,-0.017,0.55,1.93,0.0136,0.0476,3.9,5.28,0.0962,0.1302,4.0,5.38,0.0986,0.1327,4.33,5.71,0.1068,0.1409,4.32,5.7,0.1065,0.1406,1.88,3.26,0.0464,0.0804,4.0,5.38,0.0986,0.1327,14.44,15.82,0.3561,0.3903,16.67,18.05,0.4111,0.4453,15.44,16.82,0.3808,0.4149,14.19,15.57,0.3499,0.3841,15.75,17.13,0.3884,0.4226,4.29,5.67,0.1058,0.1399,-0.15,1.23,-0.0037,0.0303,,,,
2023-03-07,4048.26,4045.88,-61.55,-59.17,-1.5204,-1.4625,1.74,-67.95,4.12,-65.57,-2.94,-0.56,-0.0726,-0.0138,-2.3,0.08,-0.0568,0.002,-1.64,0.74,-0.0405,0.0183,-0.21,2.17,-0.0052,0.0536,-0.86,1.52,-0.0212,0.0376,-1.61,0.77,-0.0398,0.019,0.59,2.97,0.0146,0.0734,-14.5,-12.12,-0.3582,-0.2996,-36.17,-33.79,-0.8935,-0.8352,-26.92,-24.54,-0.665,-0.6065,-41.47,-39.09,-1.0244,-0.9662,-42.17,-39.79,-1.0417,-0.9835,-34.11,-31.73,-0.8426,-0.7843,-48.39,-46.01,-1.1953,-1.1372,-60.12,-57.74,-1.4851,-1.4271,,,,
2023-03-08,3987.55,3991.39,4.36,0.52,0.1093,0.013,12.86,-17.79,9.02,-21.63,3.83,-0.01,0.096,-0.0003,4.13,0.29,0.1036,0.0073,1.05,-2.79,0.0263,-0.0699,-0.35,-4.19,-0.0088,-0.105,-1.82,-5.66,-0.0456,-0.1418,-0.97,-4.81,-0.0243,-0.1205,0.81,-3.03,0.0203,-0.0759,-6.74,-10.58,-0.169,-0.2651,-1.61,-5.45,-0.0404,-0.1365,2.77,-1.07,0.0695,-0.0268,1.5,-2.34,0.0376,-0.0586,0.24,-3.6,0.006,-0.0902,-4.74,-8.58,-0.1189,-0.215,-16.97,-20.81,-0.4256,-0.5214,-6.46,-10.3,-0.162,-0.2581,,,,
2023-03-09,3998.6600000000003,4000.12,-79.28,-80.74,-1.9827,-2.0184,19.15,-89.96,17.69,-91.42,0.48,-0.98,0.012,-0.0245,0.95,-0.51,0.0238,-0.0127,4.26,2.8,0.1065,0.07,7.91,6.45,0.1978,0.1612,7.43,5.97,0.1858,0.1492,9.63,8.17,0.2408,0.2042,17.58,16.12,0.4396,0.403,11.46,10.0,0.2866,0.25,6.78,5.32,0.1696,0.133,6.34,4.88,0.1586,0.122,4.05,2.59,0.1013,0.0647,-1.65,-3.11,-0.0413,-0.0777,-4.08,-5.54,-0.102,-0.1385,-31.84,-33.3,-0.7963,-0.8325,-52.3,-53.76,-1.3079,-1.344,,,,
2023-03-10,3912.77,3908.54,-51.09,-46.86,-1.3057,-1.1989,21.28,-66.45,25.51,-62.22,-5.49,-1.26,-0.1403,-0.0322,-0.06,4.17,-0.0015,0.1067,-5.47,-1.24,-0.1398,-0.0317,-13.66,-9.43,-0.3491,-0.2413,-18.72,-14.49,-0.4784,-0.3707,-27.9,-23.67,-0.713,-0.6056,-29.17,-24.94,-0.7455,-0.6381,-8.42,-4.19,-0.2152,-0.1072,-13.8,-9.57,-0.3527,-0.2448,-21.11,-16.88,-0.5395,-0.4319,-1.08,3.15,-0.0276,0.0806,15.59,19.82,0.3984,0.5071,-20.69,-16.46,-0.5288,-0.4211,-51.6,-47.37,-1.3188,-1.212,-51.4,-47.17,-1.3136,-1.2068,,,,
2023-03-13,3835.12,3824.94,20.42,30.6,0.5324,0.8,69.93,-26.26,80.11,-16.08,-12.15,-1.97,-0.3168,-0.0515,-14.52,-4.34,-0.3786,-0.1135,-8.82,1.36,-0.23,0.0356,-21.34,-11.16,-0.5564,-0.2918,-19.02,-8.84,-0.4959,-0.2311,-16.39,-6.21,-0.4274,-0.1624,17.52,27.7,0.4568,0.7242,20.93,31.11,0.5457,0.8133,16.25,26.43,0.4237,0.691,14.54,24.72,0.3791,0.6463,42.76,52.94,1.115,1.3841,65.92,76.1,1.7189,1.9896,46.78,56.96,1.2198,1.4892,31.66,41.84,0.8255,1.0939,57.63,67.81,1.5027,1.7728,,,,
2023-03-14,3894.01,3908.07,25.69,11.63,0.6597,0.2976,43.28,-20.38,29.22,-34.44,15.37,1.31,0.3947,0.0335,15.39,1.33,0.3952,0.034,13.21,-0.85,0.3392,-0.0217,14.91,0.85,0.3829,0.0217,20.86,6.8,0.5357,0.174,19.37,5.31,0.4974,0.1359,19.35,5.29,0.4969,0.1354,18.71,4.65,0.4805,0.119,24.78,10.72,0.6364,0.2743,31.61,17.55,0.8118,0.4491,29.72,15.66,0.7632,0.4007,40.76,26.7,1.0467,0.6832,26.81,12.75,0.6885,0.3262,3.83,-10.23,0.0984,-0.2618,3.4,-10.66,0.0873,-0.2728,,,,
2023-03-15,3876.7400000000002,3863.9900000000002,16.32,29.07,0.421,0.7523,17.52,-38.5,30.27,-25.75,-13.43,-0.68,-0.3464,-0.0176,-14.32,-1.57,-0.3694,-0.0406,-12.49,0.26,-0.3222,0.0067,-13.15,-0.4,-0.3392,-0.0104,-10.41,2.34,-0.2685,0.0606,-4.95,7.8,-0.1277,0.2019,-9.78,2.97,-0.2523,0.0769,-18.98,-6.23,-0.4896,-0.1612,-13.98,-1.23,-0.3606,-0.0318,-16.81,-4.06,-0.4336,-0.1051,-17.37,-4.62,-0.4481,-0.1196,-11.48,1.27,-0.2961,0.0329,-24.83,-12.08,-0.6405,-0.3126,-14.31,-1.56,-0.3691,-0.0404,12.58,25.33,0.3245,0.6555,,,,
2023-03-16,3878.9300000000003,3870.17,80.78,89.54,2.0825,2.3136,85.53,-14.82,94.29,-6.06,-12.37,-3.61,-0.3189,-0.0933,-12.8,-4.04,-0.33,-0.1044,-12.14,-3.38,-0.313,-0.0873,-6.64,2.12,-0.1712,0.0548,0.48,9.24,0.0124,0.2387,-1.31,7.45,-0.0338,0.1925,-4.18,4.58,-0.1078,0.1183,7.93,16.69,0.2044,0.4312,-8.36,0.4,-0.2155,0.0103,-1.26,7.5,-0.0325,0.1938,38.8,47.56,1.0003,1.2289,52.73,61.49,1.3594,1.5888,59.07,67.83,1.5228,1.7526,73.49,82.25,1.8946,2.1252,66.44,75.2,1.7128,1.9431,,,,
2023-03-17,3958.69,3953.09,-42.22,-36.62,-1.0665,-0.9264,0.22,-57.42,5.82,-51.82,-7.32,-1.72,-0.1849,-0.0435,-8.39,-2.79,-0.2119,-0.0706,-9.65,-4.05,-0.2438,-0.1025,-14.96,-9.36,-0.3779,-0.2368,-5.24,0.36,-0.1324,0.0091,-15.29,-9.69,-0.3862,-0.2451,-18.01,-12.41,-0.4549,-0.3139,-8.13,-2.53,-0.2054,-0.064,-16.14,-10.54,-0.4077,-0.2666,-30.73,-25.13,-0.7763,-0.6357,-46.42,-40.82,-1.1726,-1.0326,-48.29,-42.69,-1.2198,-1.0799,-31.4,-25.8,-0.7932,-0.6527,-34.52,-28.92,-0.872,-0.7316,-51.23,-45.63,-1.2941,-1.1543,,,,
2023-03-20,3917.4700000000003,3925.77,33.36,25.06,0.8516,0.6383,39.15,-0.58,30.85,-8.88,4.45,-3.85,0.1136,-0.0981,9.43,1.13,0.2407,0.0288,15.52,7.22,0.3962,0.1839,6.66,-1.64,0.17,-0.0418,8.37,0.07,0.2137,0.0018,7.69,-0.61,0.1963,-0.0155,11.6,3.3,0.2961,0.0841,21.36,13.06,0.5452,0.3327,17.81,9.51,0.4546,0.2422,22.99,14.69,0.5869,0.3742,29.23,20.93,0.7461,0.5331,38.87,30.57,0.9922,0.7787,16.63,8.33,0.4245,0.2122,32.05,23.75,0.8181,0.605,28.4,20.1,0.725,0.512,,,,
2023-03-21,3975.89,3990.82,26.52,11.59,0.667,0.2904,33.19,-4.7,18.26,-19.63,17.45,2.52,0.4389,0.0631,18.32,3.39,0.4608,0.0849,18.32,3.39,0.4608,0.0849,16.33,1.4,0.4107,0.0351,15.32,0.39,0.3853,0.0098,16.96,2.03,0.4266,0.0509,14.08,-0.85,0.3541,-0.0213,20.32,5.39,0.5111,0.1351,7.51,-7.42,0.1889,-0.1859,4.39,-10.54,0.1104,-0.2641,2.29,-12.64,0.0576,-0.3167,9.31,-5.62,0.2342,-0.1408,5.85,-9.08,0.1471,-0.2275,10.33,-4.6,0.2598,-0.1153,10.35,-4.58,0.2603,-0.1148,,,,
2023-03-22,4002.04,4002.1600000000003,-65.52,-65.64,-1.6372,-1.6401,37.45,-65.7,37.33,-65.82,-2.78,-2.9,-0.0695,-0.0725,-3.13,-3.25,-0.0782,-0.0812,-5.25,-5.37,-0.1312,-0.1342,-4.48,-4.6,-0.1119,-0.1149,-3.35,-3.47,-0.0837,-0.0867,-4.54,-4.66,-0.1134,-0.1164,-0.46,-0.58,-0.0115,-0.0145,-0.3,-0.42,-0.0075,-0.0105,-0.88,-1.0,-0.022,-0.025,11.19,11.07,0.2796,0.2766,5.26,5.14,0.1314,0.1284,2.74,2.62,0.0685,0.0655,-4.33,-4.45,-0.1082,-0.1112,-3.48,-3.6,-0.087,-0.09,9.61,9.49,0.2401,0.2371,,,,
2023-03-23,3959.21,3970.62,-11.42,-22.83,-0.2884,-0.575,48.45,-40.16,37.04,-51.57,11.56,0.15,0.292,0.0038,11.12,-0.29,0.2809,-0.0073,10.63,-0.78,0.2685,-0.0196,9.37,-2.04,0.2367,-0.0514,5.83,-5.58,0.1473,-0.1405,15.66,4.25,0.3955,0.107,14.0,2.59,0.3536,0.0652,18.23,6.82,0.4604,0.1718,27.1,15.69,0.6845,0.3952,23.63,12.22,0.5968,0.3078,43.78,32.37,1.1058,0.8152,38.75,27.34,0.9787,0.6886,33.27,21.86,0.8403,0.5505,10.66,-0.75,0.2692,-0.0189,-11.73,-23.14,-0.2963,-0.5828,,,,
2023-03-24,3939.21,3933.2000000000003,32.14,38.15,0.8159,0.9699,33.53,-30.05,39.54,-24.04,-10.5,-4.49,-0.2666,-0.1142,-13.02,-7.01,-0.3305,-0.1782,-15.82,-9.81,-0.4016,-0.2494,-10.96,-4.95,-0.2782,-0.1259,-13.39,-7.38,-0.3399,-0.1876,-21.49,-15.48,-0.5455,-0.3936,-20.76,-14.75,-0.527,-0.375,-6.73,-0.72,-0.1708,-0.0183,-12.04,-6.03,-0.3056,-0.1533,1.61,7.62,0.0409,0.1937,-11.49,-5.48,-0.2917,-0.1393,-16.71,-10.7,-0.4242,-0.272,-0.23,5.78,-0.0058,0.147,13.4,19.41,0.3402,0.4935,17.79,23.8,0.4516,0.6051,,,,
2023-03-27,3982.9300000000003,3995.9100000000003,-5.4,-18.38,-0.1356,-0.46,20.9,-12.44,7.92,-25.42,11.93,-1.05,0.2995,-0.0263,14.07,1.09,0.3533,0.0273,14.53,1.55,0.3648,0.0388,17.55,4.57,0.4406,0.1144,9.05,-3.93,0.2272,-0.0984,17.75,4.77,0.4457,0.1194,20.1,7.12,0.5047,0.1782,11.98,-1.0,0.3008,-0.025,12.71,-0.27,0.3191,-0.0068,-0.9,-13.88,-0.0226,-0.3474,-4.28,-17.26,-0.1075,-0.4319,-0.43,-13.41,-0.0108,-0.3356,-0.19,-13.17,-0.0048,-0.3296,3.9,-9.08,0.0979,-0.2272,7.45,-5.53,0.187,-0.1384,,,,
2023-03-28,3974.13,3970.89,-2.8,0.44,-0.0705,0.0111,5.07,-22.6,8.31,-19.36,-5.86,-2.62,-0.1475,-0.066,-7.99,-4.75,-0.2011,-0.1196,-8.93,-5.69,-0.2247,-0.1433,-3.09,0.15,-0.0778,0.0038,-2.62,0.62,-0.0659,0.0156,-0.86,2.38,-0.0216,0.0599,-2.25,0.99,-0.0566,0.0249,-6.43,-3.19,-0.1618,-0.0803,2.44,5.68,0.0614,0.143,-3.44,-0.2,-0.0866,-0.005,-10.52,-7.28,-0.2647,-0.1833,-1.35,1.89,-0.034,0.0476,-6.34,-3.1,-0.1595,-0.0781,-9.89,-6.65,-0.2489,-0.1675,-17.13,-13.89,-0.431,-0.3498,,,,
2023-03-29,3999.53,4009.63,27.87,17.77,0.6968,0.4432,31.06,0,20.96,-10.1,10.68,0.58,0.267,0.0145,11.48,1.38,0.287,0.0344,10.59,0.49,0.2648,0.0122,10.78,0.68,0.2695,0.017,11.77,1.67,0.2943,0.0416,11.05,0.95,0.2763,0.0237,13.5,3.4,0.3375,0.0848,14.31,4.21,0.3578,0.105,10.47,0.37,0.2618,0.0092,10.31,0.21,0.2578,0.0052,3.12,-6.98,0.078,-0.1741,9.18,-0.92,0.2295,-0.0229,15.55,5.45,0.3888,0.1359,18.09,7.99,0.4523,0.1993,13.33,3.23,0.3333,0.0806,,,,
2023-03-30,4046.7400000000002,4052.02,3.66,-1.62,0.0904,-0.04,11.11,-14.64,5.83,-19.92,6.31,1.03,0.1559,0.0254,7.73,2.45,0.191,0.0605,6.73,1.45,0.1663,0.0358,5.57,0.29,0.1376,0.0072,4.5,-0.78,0.1112,-0.0192,4.87,-0.41,0.1203,-0.0101,6.69,1.41,0.1653,0.0348,9.4,4.12,0.2323,0.1017,-1.77,-7.05,-0.0437,-0.174,7.36,2.08,0.1819,0.0513,2.83,-2.45,0.0699,-0.0605,0.96,-4.32,0.0237,-0.1066,-5.12,-10.4,-0.1265,-0.2567,-9.3,-14.58,-0.2298,-0.3598,-0.5,-5.78,-0.0124,-0.1426,,,,
2023-03-31,4056.1800000000003,4063.25,52.72,45.65,1.2997,1.1235,54.57,0,47.5,-7.07,8.56,1.49,0.211,0.0367,10.33,3.26,0.2547,0.0802,11.54,4.47,0.2845,0.11,12.17,5.1,0.3,0.1255,13.49,6.42,0.3326,0.158,12.61,5.54,0.3109,0.1363,14.83,7.76,0.3656,0.191,16.12,9.05,0.3974,0.2227,13.56,6.49,0.3343,0.1597,16.23,9.16,0.4001,0.2254,19.9,12.83,0.4906,0.3158,25.74,18.67,0.6346,0.4595,33.43,26.36,0.8242,0.6487,27.85,20.78,0.6866,0.5114,29.24,22.17,0.7209,0.5456,,,,
2023-04-03,4102.2,4103.7300000000005,22.05,20.52,0.5375,0.5,25.46,-3.41,23.93,-4.94,4.44,2.91,0.1082,0.0709,3.52,1.99,0.0858,0.0485,6.04,4.51,0.1472,0.1099,8.01,6.48,0.1953,0.1579,10.78,9.25,0.2628,0.2254,9.63,8.1,0.2348,0.1974,15.76,14.23,0.3842,0.3468,17.5,15.97,0.4266,0.3892,20.34,18.81,0.4958,0.4584,22.81,21.28,0.556,0.5186,3.41,1.88,0.0831,0.0458,2.61,1.08,0.0636,0.0263,7.69,6.16,0.1875,0.1501,4.62,3.09,0.1126,0.0753,8.06,6.53,0.1965,0.1591,,,,
2023-04-04,4128.03,4128.9400000000005,-27.39,-28.3,-0.6635,-0.6854,5.1,-41.16,4.19,-42.07,0.47,-0.44,0.0114,-0.0107,-0.94,-1.85,-0.0228,-0.0448,-1.18,-2.09,-0.0286,-0.0506,-0.26,-1.17,-0.0063,-0.0283,-5.19,-6.1,-0.1257,-0.1477,-7.96,-8.87,-0.1928,-0.2148,-5.1,-6.01,-0.1235,-0.1456,4.02,3.11,0.0974,0.0753,2.13,1.22,0.0516,0.0295,-8.23,-9.14,-0.1994,-0.2214,-17.84,-18.75,-0.4322,-0.4541,-25.33,-26.24,-0.6136,-0.6355,-29.9,-30.81,-0.7243,-0.7462,-23.07,-23.98,-0.5589,-0.5808,-35.06,-35.97,-0.8493,-0.8712,,,,
2023-04-05,4094.5,4094.86,-4.28,-4.64,-0.1045,-0.1133,5.19,-21.94,4.83,-22.3,1.35,0.99,0.033,0.0242,1.28,0.92,0.0313,0.0225,1.3,0.94,0.0317,0.023,-1.41,-1.77,-0.0344,-0.0432,-2.32,-2.68,-0.0567,-0.0654,-0.5,-0.86,-0.0122,-0.021,1.61,1.25,0.0393,0.0305,4.28,3.92,0.1045,0.0957,-4.89,-5.25,-0.1194,-0.1282,-7.07,-7.43,-0.1727,-0.1814,-19.06,-19.42,-0.4655,-0.4743,-13.74,-14.1,-0.3356,-0.3443,-20.6,-20.96,-0.5031,-0.5119,-11.17,-11.53,-0.2728,-0.2816,-9.32,-9.68,-0.2276,-0.2364,,,,
2023-04-06,4081.15,4081.07,23.65,23.73,0.5795,0.5815,26.17,-11.31,26.25,-11.23,-3.12,-3.04,-0.0764,-0.0745,-5.88,-5.8,-0.1441,-0.1421,-5.7,-5.62,-0.1397,-0.1377,-6.91,-6.83,-0.1693,-0.1674,-8.55,-8.47,-0.2095,-0.2075,-8.34,-8.26,-0.2044,-0.2024,-7.54,-7.46,-0.1848,-0.1828,-4.9,-4.82,-0.1201,-0.1181,1.82,1.9,0.0446,0.0466,0.53,0.61,0.013,0.0149,-4.74,-4.66,-0.1161,-0.1142,2.96,3.04,0.0725,0.0745,17.84,17.92,0.4371,0.4391,22.42,22.5,0.5494,0.5513,25.07,25.15,0.6143,0.6163,,,,
2023-04-10,4085.2000000000003,4079.4900000000002,23.46,29.17,0.5743,0.715,23.46,-12.65,29.17,-6.94,-9.64,-3.93,-0.236,-0.0963,-11.24,-5.53,-0.2751,-0.1356,-9.3,-3.59,-0.2277,-0.088,-12.0,-6.29,-0.2937,-0.1542,-8.63,-2.92,-0.2113,-0.0716,-4.71,1.0,-0.1153,0.0245,-8.65,-2.94,-0.2117,-0.0721,-11.36,-5.65,-0.2781,-0.1385,-1.82,3.89,-0.0446,0.0954,-6.11,-0.4,-0.1496,-0.0098,-4.53,1.18,-0.1109,0.0289,2.36,8.07,0.0578,0.1978,-2.47,3.24,-0.0605,0.0794,14.75,20.46,0.3611,0.5015,15.69,21.4,0.3841,0.5246,,,,
2023-04-11,4110.29,4110.93,-1.16,-1.8,-0.0282,-0.0438,13.97,-7.68,13.33,-8.32,-0.89,-1.53,-0.0217,-0.0372,-1.52,-2.16,-0.037,-0.0525,2.47,1.83,0.0601,0.0445,3.8,3.16,0.0925,0.0769,-0.08,-0.72,-0.0019,-0.0175,1.2,0.56,0.0292,0.0136,0.8,0.16,0.0195,0.0039,-2.16,-2.8,-0.0526,-0.0681,-2.06,-2.7,-0.0501,-0.0657,2.32,1.68,0.0564,0.0409,-2.26,-2.9,-0.055,-0.0705,1.3,0.66,0.0316,0.0161,5.77,5.13,0.1404,0.1248,8.23,7.59,0.2002,0.1846,12.92,12.28,0.3143,0.2987,,,,
2023-04-12,4121.72,4128.6,-29.39,-36.27,-0.7131,-0.8785,12.65,-34.78,5.77,-41.66,9.82,2.94,0.2383,0.0712,11.49,4.61,0.2788,0.1117,12.39,5.51,0.3006,0.1335,8.13,1.25,0.1972,0.0303,7.09,0.21,0.172,0.0051,1.99,-4.89,0.0483,-0.1184,-3.67,-10.55,-0.089,-0.2555,-4.59,-11.47,-0.1114,-0.2778,8.24,1.36,0.1999,0.0329,3.0,-3.88,0.0728,-0.094,-15.76,-22.64,-0.3824,-0.5484,-14.25,-21.13,-0.3457,-0.5118,-2.48,-9.36,-0.0602,-0.2267,3.65,-3.23,0.0886,-0.0782,-15.78,-22.66,-0.3828,-0.5489,,,,
2023-04-13,4100.04,4104.21,45.87,41.7,1.1188,1.016,50.22,-0.64,46.05,-4.81,4.13,-0.04,0.1007,-0.001,5.34,1.17,0.1302,0.0285,4.09,-0.08,0.0998,-0.0019,1.89,-2.28,0.0461,-0.0556,3.64,-0.53,0.0888,-0.0129,3.04,-1.13,0.0741,-0.0275,5.72,1.55,0.1395,0.0378,4.06,-0.11,0.099,-0.0027,17.4,13.23,0.4244,0.3224,19.52,15.35,0.4761,0.374,16.65,12.48,0.4061,0.3041,19.41,15.24,0.4734,0.3713,26.55,22.38,0.6476,0.5453,31.7,27.53,0.7732,0.6708,44.02,39.85,1.0736,0.971,,,,
2023-04-14,4140.11,4142.53,-2.64,-5.06,-0.0638,-0.1221,23.08,-26.91,20.66,-29.33,2.59,0.17,0.0626,0.0041,2.16,-0.26,0.0522,-0.0063,2.41,-0.01,0.0582,-0.0002,6.59,4.17,0.1592,0.1007,10.66,8.24,0.2575,0.1989,16.28,13.86,0.3932,0.3346,20.83,18.41,0.5031,0.4444,14.33,11.91,0.3461,0.2875,4.21,1.79,0.1017,0.0432,-2.83,-5.25,-0.0684,-0.1267,-6.92,-9.34,-0.1671,-0.2255,-11.47,-13.89,-0.277,-0.3353,-17.56,-19.98,-0.4241,-0.4823,-23.93,-26.35,-0.578,-0.6361,-7.07,-9.49,-0.1708,-0.2291,,,,
2023-04-17,4137.17,4136.02,14.23,15.38,0.344,0.3719,14.23,-13.99,15.38,-12.84,-1.62,-0.47,-0.0392,-0.0114,-0.87,0.28,-0.021,0.0068,-0.96,0.19,-0.0232,0.0046,2.23,3.38,0.0539,0.0817,4.87,6.02,0.1177,0.1456,2.14,3.29,0.0517,0.0795,0.53,1.68,0.0128,0.0406,5.72,6.87,0.1383,0.1661,3.04,4.19,0.0735,0.1013,2.66,3.81,0.0643,0.0921,-0.86,0.29,-0.0208,0.007,-7.76,-6.61,-0.1876,-0.1598,-8.29,-7.14,-0.2004,-0.1726,-4.86,-3.71,-0.1175,-0.0897,-8.19,-7.04,-0.198,-0.1702,,,,
2023-04-18,4164.26,4163.79,-9.49,-9.02,-0.2279,-0.2166,5.22,-23.9,5.69,-23.43,-1.36,-0.89,-0.0327,-0.0214,-0.29,0.18,-0.007,0.0043,-0.86,-0.39,-0.0207,-0.0094,0.53,1.0,0.0127,0.024,1.95,2.42,0.0468,0.0581,1.85,2.32,0.0444,0.0557,0.71,1.18,0.017,0.0283,-5.91,-5.44,-0.1419,-0.1307,-9.38,-8.91,-0.2253,-0.214,-21.82,-21.35,-0.524,-0.5128,-16.38,-15.91,-0.3933,-0.3821,-16.61,-16.14,-0.3989,-0.3876,-10.32,-9.85,-0.2478,-0.2366,-15.02,-14.55,-0.3607,-0.3494,-9.66,-9.19,-0.232,-0.2207,,,,
2023-04-19,4139.33,4137.15,15.36,17.54,0.3711,0.424,23.24,-4.84,25.42,-2.66,-3.15,-0.97,-0.0761,-0.0234,-0.93,1.25,-0.0225,0.0302,-2.73,-0.55,-0.066,-0.0133,-2.63,-0.45,-0.0635,-0.0109,-4.39,-2.21,-0.1061,-0.0534,-2.88,-0.7,-0.0696,-0.0169,-2.67,-0.49,-0.0645,-0.0118,-2.61,-0.43,-0.0631,-0.0104,1.83,4.01,0.0442,0.0969,1.92,4.1,0.0464,0.0991,7.05,9.23,0.1703,0.2231,5.08,7.26,0.1227,0.1755,11.9,14.08,0.2875,0.3403,15.65,17.83,0.3781,0.431,18.55,20.73,0.4481,0.5011,,,,
2023-04-20,4130.4800000000005,4124.46,-0.27,5.75,-0.0065,0.1394,18.09,-15.91,24.11,-9.89,-4.91,1.11,-0.1189,0.0269,-4.03,1.99,-0.0976,0.0482,-4.14,1.88,-0.1002,0.0456,-1.05,4.97,-0.0254,0.1205,-0.69,5.33,-0.0167,0.1292,2.3,8.32,0.0557,0.2017,0.32,6.34,0.0077,0.1537,-2.13,3.89,-0.0516,0.0943,5.45,11.47,0.1319,0.2781,4.41,10.43,0.1068,0.2529,8.86,14.88,0.2145,0.3608,3.68,9.7,0.0891,0.2352,7.49,13.51,0.1813,0.3276,17.73,23.75,0.4292,0.5758,5.11,11.13,0.1237,0.2699,,,,
2023-04-21,4132.14,4130.57,1.42,2.99,0.0344,0.0724,5.88,-18.28,7.45,-16.71,1.75,3.32,0.0424,0.0804,0.83,2.4,0.0201,0.0581,0.06,1.63,0.0015,0.0395,-1.42,0.15,-0.0344,0.0036,-0.09,1.48,-0.0022,0.0358,-0.49,1.08,-0.0119,0.0261,-4.95,-3.38,-0.1198,-0.0818,-11.33,-9.76,-0.2742,-0.2363,-6.47,-4.9,-0.1566,-0.1186,-0.06,1.51,-0.0015,0.0366,-12.8,-11.23,-0.3098,-0.2719,-7.43,-5.86,-0.1798,-0.1419,-5.67,-4.1,-0.1372,-0.0993,-4.42,-2.85,-0.107,-0.069,3.68,5.25,0.0891,0.1271,,,,
2023-04-24,4132.07,4134.7,5.24,2.61,0.1268,0.0631,10.34,-14.3,7.71,-16.93,1.61,-1.02,0.039,-0.0247,1.46,-1.17,0.0353,-0.0283,4.43,1.8,0.1072,0.0435,4.12,1.49,0.0997,0.036,7.58,4.95,0.1834,0.1197,9.05,6.42,0.219,0.1553,7.98,5.35,0.1931,0.1294,7.09,4.46,0.1716,0.1079,6.17,3.54,0.1493,0.0856,9.41,6.78,0.2277,0.164,-3.77,-6.4,-0.0912,-0.1548,-6.71,-9.34,-0.1624,-0.2259,-6.1,-8.73,-0.1476,-0.2111,-2.98,-5.61,-0.0721,-0.1357,0.53,-2.1,0.0128,-0.0508,,,,
2023-04-25,4126.43,4119.62,-54.45,-47.64,-1.3195,-1.1564,0,-55.05,6.81,-48.24,-5.83,0.98,-0.1413,0.0238,-6.05,0.76,-0.1466,0.0184,-6.12,0.69,-0.1483,0.0167,-6.26,0.55,-0.1517,0.0134,-4.42,2.39,-0.1071,0.058,-7.32,-0.51,-0.1774,-0.0124,-12.3,-5.49,-0.2981,-0.1333,-7.78,-0.97,-0.1885,-0.0235,-17.97,-11.16,-0.4355,-0.2709,-19.69,-12.88,-0.4772,-0.3127,-16.5,-9.69,-0.3999,-0.2352,-21.01,-14.2,-0.5092,-0.3447,-26.45,-19.64,-0.641,-0.4767,-40.89,-34.08,-0.9909,-0.8273,-43.68,-36.87,-1.0585,-0.895,,,,
2023-04-26,4087.78,4081.87,-31.51,-25.6,-0.7708,-0.6272,1.89,-38.43,7.8,-32.52,-6.15,-0.24,-0.1504,-0.0059,-6.25,-0.34,-0.1529,-0.0083,-8.44,-2.53,-0.2065,-0.062,-7.91,-2.0,-0.1935,-0.049,-8.51,-2.6,-0.2082,-0.0637,-8.29,-2.38,-0.2028,-0.0583,-7.89,-1.98,-0.193,-0.0485,-9.64,-3.73,-0.2358,-0.0914,-17.93,-12.02,-0.4386,-0.2945,-20.69,-14.78,-0.5061,-0.3621,-13.6,-7.69,-0.3327,-0.1884,-3.79,2.12,-0.0927,0.0519,-5.79,0.12,-0.1416,0.0029,-14.17,-8.26,-0.3466,-0.2024,-24.16,-18.25,-0.591,-0.4471,,,,
2023-04-27,4075.29,4078.9100000000003,59.45,55.83,1.4588,1.3687,62.95,0,59.33,-3.62,3.47,-0.15,0.0851,-0.0037,5.91,2.29,0.145,0.0561,4.46,0.84,0.1094,0.0206,9.14,5.52,0.2243,0.1353,10.11,6.49,0.2481,0.1591,5.42,1.8,0.133,0.0441,9.0,5.38,0.2208,0.1319,12.69,9.07,0.3114,0.2224,20.81,17.19,0.5106,0.4214,18.35,14.73,0.4503,0.3611,13.4,9.78,0.3288,0.2398,25.05,21.43,0.6147,0.5254,31.24,27.62,0.7666,0.6771,37.92,34.3,0.9305,0.8409,53.36,49.74,1.3094,1.2194,,,,
2023-04-28,4129.63,4130.63,40.14,39.14,0.972,0.9476,40.33,-2.45,39.33,-3.45,0.62,-0.38,0.015,-0.0092,2.49,1.49,0.0603,0.0361,1.07,0.07,0.0259,0.0017,3.97,2.97,0.0961,0.0719,5.15,4.15,0.1247,0.1005,5.03,4.03,0.1218,0.0976,7.81,6.81,0.1891,0.1649,6.85,5.85,0.1659,0.1416,23.6,22.6,0.5715,0.5471,29.12,28.12,0.7051,0.6808,9.56,8.56,0.2315,0.2072,22.14,21.14,0.5361,0.5118,31.7,30.7,0.7676,0.7432,36.5,35.5,0.8839,0.8594,29.83,28.83,0.7223,0.698,,,,
2023-05-01,4166.79,4168.08,0.54,-0.75,0.013,-0.018,20.13,-2.67,18.84,-3.96,1.21,-0.08,0.029,-0.0019,1.11,-0.18,0.0266,-0.0043,1.38,0.09,0.0331,0.0022,1.67,0.38,0.0401,0.0091,5.74,4.45,0.1378,0.1068,7.9,6.61,0.1896,0.1586,11.0,9.71,0.264,0.233,5.71,4.42,0.137,0.106,10.27,8.98,0.2465,0.2154,5.52,4.23,0.1325,0.1015,15.17,13.88,0.3641,0.333,2.39,1.1,0.0574,0.0264,13.63,12.34,0.3271,0.2961,11.77,10.48,0.2825,0.2514,9.48,8.19,0.2275,0.1965,,,,
2023-05-02,4164.1,4155.45,-45.05,-36.4,-1.0819,-0.876,0,-74.38,8.65,-65.73,-11.39,-2.74,-0.2735,-0.0659,-11.65,-3.0,-0.2798,-0.0722,-11.56,-2.91,-0.2776,-0.07,-10.84,-2.19,-0.2603,-0.0527,-12.46,-3.81,-0.2992,-0.0917,-11.39,-2.74,-0.2735,-0.0659,-13.19,-4.54,-0.3168,-0.1093,-13.99,-5.34,-0.336,-0.1285,-33.54,-24.89,-0.8055,-0.599,-46.28,-37.63,-1.1114,-0.9056,-63.62,-54.97,-1.5278,-1.3228,-69.81,-61.16,-1.6765,-1.4718,-59.46,-50.81,-1.4279,-1.2227,-49.34,-40.69,-1.1849,-0.9792,-49.59,-40.94,-1.1909,-0.9852,,,,
2023-05-03,4122.25,4125.67,-31.01,-34.43,-0.7523,-0.8345,26.05,-33.39,22.63,-36.81,3.08,-0.34,0.0747,-0.0082,5.43,2.01,0.1317,0.0487,3.12,-0.3,0.0757,-0.0073,3.45,0.03,0.0837,0.0007,4.75,1.33,0.1152,0.0322,7.28,3.86,0.1766,0.0936,9.39,5.97,0.2278,0.1447,12.88,9.46,0.3125,0.2293,5.32,1.9,0.1291,0.0461,4.03,0.61,0.0978,0.0148,-2.19,-5.61,-0.0531,-0.136,-5.76,-9.18,-0.1397,-0.2225,6.15,2.73,0.1492,0.0662,13.7,10.28,0.3323,0.2492,14.72,11.3,0.3571,0.2739,,,,
2023-05-04,4082.55,4079.63,-21.79,-18.87,-0.5337,-0.4625,0.06,-34.27,2.98,-31.35,-2.09,0.83,-0.0512,0.0203,-4.11,-1.19,-0.1007,-0.0292,-3.88,-0.96,-0.095,-0.0235,-1.35,1.57,-0.0331,0.0385,-13.39,-10.47,-0.328,-0.2566,-20.99,-18.07,-0.5141,-0.4429,-17.91,-14.99,-0.4387,-0.3674,-15.9,-12.98,-0.3895,-0.3182,-14.12,-11.2,-0.3459,-0.2745,-31.81,-28.89,-0.7792,-0.7082,-21.18,-18.26,-0.5188,-0.4476,-19.74,-16.82,-0.4835,-0.4123,-17.84,-14.92,-0.437,-0.3657,-5.81,-2.89,-0.1423,-0.0708,-22.17,-19.25,-0.543,-0.4719,,,,
2023-05-05,4084.73,4098.41,51.04,37.36,1.2495,0.9116,62.29,0,48.61,-13.68,19.44,5.76,0.4759,0.1405,20.74,7.06,0.5077,0.1723,19.76,6.08,0.4838,0.1484,19.5,5.82,0.4774,0.142,24.65,10.97,0.6035,0.2677,26.77,13.09,0.6554,0.3194,27.56,13.88,0.6747,0.3387,29.78,16.1,0.7291,0.3928,34.9,21.22,0.8544,0.5178,35.19,21.51,0.8615,0.5248,37.74,24.06,0.9239,0.5871,38.17,24.49,0.9345,0.5975,33.17,19.49,0.812,0.4756,41.82,28.14,1.0238,0.6866,52.08,38.4,1.275,0.9369,,,,
2023-05-08,4136.9800000000005,4139.84,0.92,-1.94,0.0222,-0.0469,5.32,-13.17,2.46,-16.03,0.24,-2.62,0.0058,-0.0633,0.36,-2.5,0.0087,-0.0604,-0.67,-3.53,-0.0162,-0.0853,0.67,-2.19,0.0162,-0.0529,1.61,-1.25,0.0389,-0.0302,-1.33,-4.19,-0.0321,-0.1012,-7.24,-10.1,-0.175,-0.244,-2.69,-5.55,-0.065,-0.1341,-7.29,-10.15,-0.1762,-0.2452,-6.1,-8.96,-0.1475,-0.2164,-1.68,-4.54,-0.0406,-0.1097,-6.54,-9.4,-0.1581,-0.2271,-2.45,-5.31,-0.0592,-0.1283,-1.05,-3.91,-0.0254,-0.0944,1.73,-1.13,0.0418,-0.0273,,,,
2023-05-09,4124.25,4120.58,-5.0,-1.33,-0.1212,-0.0323,6.1,-7.6,9.77,-3.93,-4.88,-1.21,-0.1183,-0.0294,-5.67,-2.0,-0.1375,-0.0485,-6.71,-3.04,-0.1627,-0.0738,-5.16,-1.49,-0.1251,-0.0362,-6.62,-2.95,-0.1605,-0.0716,-1.02,2.65,-0.0247,0.0643,-3.42,0.25,-0.0829,0.0061,2.44,6.11,0.0592,0.1483,-4.77,-1.1,-0.1157,-0.0267,-0.89,2.78,-0.0216,0.0675,0.98,4.65,0.0238,0.1128,-1.63,2.04,-0.0395,0.0495,-4.51,-0.84,-0.1094,-0.0204,0.23,3.9,0.0056,0.0946,4.18,7.85,0.1014,0.1905,,,,
2023-05-10,4143.74,4148.8,-6.64,-11.7,-0.1602,-0.282,10.54,-44.82,5.48,-49.88,8.52,3.46,0.2056,0.0834,9.27,4.21,0.2237,0.1015,8.93,3.87,0.2155,0.0933,7.53,2.47,0.1817,0.0595,-6.91,-11.97,-0.1668,-0.2885,-10.07,-15.13,-0.243,-0.3647,-15.99,-21.05,-0.3859,-0.5074,-4.55,-9.61,-0.1098,-0.2316,-1.49,-6.55,-0.036,-0.1579,-10.63,-15.69,-0.2565,-0.3782,-22.51,-27.57,-0.5432,-0.6645,-15.02,-20.08,-0.3625,-0.484,-19.95,-25.01,-0.4814,-0.6028,-41.36,-46.42,-0.9981,-1.1189,-21.92,-26.98,-0.529,-0.6503,,,,
2023-05-11,4132.24,4128.4800000000005,-2.23,1.53,-0.054,0.0371,0.56,-22.95,4.32,-19.19,-8.98,-5.22,-0.2173,-0.1264,-11.44,-7.68,-0.2768,-0.186,-12.87,-9.11,-0.3115,-0.2207,-14.95,-11.19,-0.3618,-0.271,-10.9,-7.14,-0.2638,-0.1729,-10.12,-6.36,-0.2449,-0.1541,-20.0,-16.24,-0.484,-0.3934,-20.4,-16.64,-0.4937,-0.4031,-17.65,-13.89,-0.4271,-0.3364,-15.4,-11.64,-0.3727,-0.2819,-8.59,-4.83,-0.2079,-0.117,-5.52,-1.76,-0.1336,-0.0426,-4.42,-0.66,-0.107,-0.016,-9.71,-5.95,-0.235,-0.1441,-8.58,-4.82,-0.2076,-0.1167,,,,
2023-05-12,4138.54,4141.2300000000005,-14.69,-17.38,-0.355,-0.4197,5.2,-39.42,2.51,-42.11,2.35,-0.34,0.0568,-0.0082,4.14,1.45,0.1,0.035,3.66,0.97,0.0884,0.0234,3.3,0.61,0.0797,0.0147,2.41,-0.28,0.0582,-0.0068,4.14,1.45,0.1,0.035,-2.37,-5.06,-0.0573,-0.1222,-3.39,-6.08,-0.0819,-0.1468,-7.68,-10.37,-0.1856,-0.2504,-12.6,-15.29,-0.3045,-0.3692,-14.63,-17.32,-0.3535,-0.4182,-21.61,-24.3,-0.5222,-0.5868,-29.59,-32.28,-0.715,-0.7795,-26.58,-29.27,-0.6423,-0.7068,-34.77,-37.46,-0.8402,-0.9046,,,,
2023-05-15,4126.65,4127.97,9.86,8.54,0.2389,0.2069,14.6,-16.38,13.28,-17.7,3.17,1.85,0.0768,0.0448,1.5,0.18,0.0363,0.0044,-0.39,-1.71,-0.0095,-0.0414,-3.13,-4.45,-0.0758,-0.1078,-2.58,-3.9,-0.0625,-0.0945,-2.38,-3.7,-0.0577,-0.0896,-8.78,-10.1,-0.2128,-0.2447,-9.29,-10.61,-0.2251,-0.257,-15.17,-16.49,-0.3676,-0.3995,-7.41,-8.73,-0.1796,-0.2115,-4.3,-5.62,-0.1042,-0.1361,0.36,-0.96,0.0087,-0.0233,0.52,-0.8,0.0126,-0.0194,3.8,2.48,0.0921,0.0601,4.27,2.95,0.1035,0.0715,,,,
2023-05-16,4127.95,4126.2,-18.06,-16.31,-0.4375,-0.3953,7.59,-18.06,9.34,-16.31,-1.74,0.01,-0.0422,0.0002,0.61,2.36,0.0148,0.0572,-1.01,0.74,-0.0245,0.0179,0.27,2.02,0.0065,0.049,-3.34,-1.59,-0.0809,-0.0385,7.0,8.75,0.1696,0.2121,-6.14,-4.39,-0.1487,-0.1064,-4.61,-2.86,-0.1117,-0.0693,-11.87,-10.12,-0.2876,-0.2453,-0.81,0.94,-0.0196,0.0228,-5.64,-3.89,-0.1366,-0.0943,-1.79,-0.04,-0.0434,-0.001,-1.14,0.61,-0.0276,0.0148,-5.23,-3.48,-0.1267,-0.0843,-8.44,-6.69,-0.2045,-0.1621,,,,
2023-05-17,4122.85,4129.55,35.9,29.2,0.8708,0.7071,41.82,-9.23,35.12,-15.93,6.13,-0.57,0.1487,-0.0138,4.86,-1.84,0.1179,-0.0446,5.74,-0.96,0.1392,-0.0232,6.01,-0.69,0.1458,-0.0167,3.37,-3.33,0.0817,-0.0806,3.09,-3.61,0.0749,-0.0874,-5.75,-12.45,-0.1395,-0.3015,-7.01,-13.71,-0.17,-0.332,-3.06,-9.76,-0.0742,-0.2363,1.48,-5.22,0.0359,-0.1264,3.74,-2.96,0.0907,-0.0717,5.63,-1.07,0.1366,-0.0259,13.03,6.33,0.316,0.1533,36.43,29.73,0.8836,0.7199,36.28,29.58,0.88,0.7163,,,,
2023-05-18,4157.68,4156.14,40.16,41.7,0.9659,1.0033,44.52,-4.18,46.06,-2.64,-2.86,-1.32,-0.0688,-0.0318,-3.09,-1.55,-0.0743,-0.0373,-2.52,-0.98,-0.0606,-0.0236,-3.22,-1.68,-0.0774,-0.0404,1.04,2.58,0.025,0.0621,-0.77,0.77,-0.0185,0.0185,-1.93,-0.39,-0.0464,-0.0094,-0.99,0.55,-0.0238,0.0132,5.66,7.2,0.1361,0.1732,19.29,20.83,0.464,0.5012,22.51,24.05,0.5414,0.5787,19.97,21.51,0.4803,0.5175,10.52,12.06,0.253,0.2902,11.57,13.11,0.2783,0.3154,15.22,16.76,0.3661,0.4033,,,,
2023-05-19,4204.15,4206.79,-12.18,-14.82,-0.2897,-0.3523,8.76,-23.95,6.12,-26.59,0.36,-2.28,0.0086,-0.0542,2.39,-0.25,0.0568,-0.0059,2.8,0.16,0.0666,0.0038,3.55,0.91,0.0844,0.0216,5.59,2.95,0.133,0.0701,6.06,3.42,0.1441,0.0813,4.52,1.88,0.1075,0.0447,5.78,3.14,0.1375,0.0746,5.26,2.62,0.1251,0.0623,7.74,5.1,0.1841,0.1212,5.73,3.09,0.1363,0.0735,-13.72,-16.36,-0.3263,-0.3889,-21.02,-23.66,-0.5,-0.5624,-9.81,-12.45,-0.2333,-0.296,-19.97,-22.61,-0.475,-0.5375,,,,
2023-05-22,4190.78,4193.55,1.92,-0.85,0.0458,-0.0203,18.44,-11.1,15.67,-13.87,2.57,-0.2,0.0613,-0.0048,2.35,-0.42,0.0561,-0.01,7.46,4.69,0.178,0.1118,10.46,7.69,0.2496,0.1834,16.1,13.33,0.3842,0.3179,10.62,7.85,0.2534,0.1872,11.34,8.57,0.2706,0.2044,4.68,1.91,0.1117,0.0455,3.33,0.56,0.0795,0.0134,5.2,2.43,0.1241,0.0579,3.77,1.0,0.09,0.0238,7.92,5.15,0.189,0.1228,4.72,1.95,0.1126,0.0465,6.26,3.49,0.1494,0.0832,11.1,8.33,0.2649,0.1986,,,,
2023-05-23,4176.8,4173.28,-30.83,-27.31,-0.7381,-0.6544,8.88,-34.26,12.4,-30.74,-1.85,1.67,-0.0443,0.04,2.02,5.54,0.0484,0.1327,1.79,5.31,0.0429,0.1272,0.27,3.79,0.0065,0.0908,0.97,4.49,0.0232,0.1076,4.09,7.61,0.0979,0.1824,6.74,10.26,0.1614,0.2458,5.35,8.87,0.1281,0.2125,0.42,3.94,0.0101,0.0944,5.6,9.12,0.1341,0.2185,3.65,7.17,0.0874,0.1718,7.33,10.85,0.1755,0.26,1.41,4.93,0.0338,0.1181,-17.41,-13.89,-0.4168,-0.3328,-28.01,-24.49,-0.6706,-0.5868,,,,
2023-05-24,4132.96,4127.55,-17.83,-12.42,-0.4314,-0.3009,0,-28.98,5.41,-23.57,-9.07,-3.66,-0.2195,-0.0887,-9.55,-4.14,-0.2311,-0.1003,-7.47,-2.06,-0.1807,-0.0499,-7.31,-1.9,-0.1769,-0.046,-10.22,-4.81,-0.2473,-0.1165,-11.41,-6.0,-0.2761,-0.1454,-13.12,-7.71,-0.3174,-0.1868,-15.72,-10.31,-0.3804,-0.2498,-20.43,-15.02,-0.4943,-0.3639,-18.01,-12.6,-0.4358,-0.3053,-24.69,-19.28,-0.5974,-0.4671,-14.95,-9.54,-0.3617,-0.2311,-28.34,-22.93,-0.6857,-0.5555,-22.5,-17.09,-0.5444,-0.414,-25.62,-20.21,-0.6199,-0.4896,,,,
2023-05-25,4155.71,4145.29,-4.44,5.98,-0.1068,0.1443,10.03,-25.98,20.45,-15.56,-13.94,-3.52,-0.3354,-0.0849,-17.5,-7.08,-0.4211,-0.1708,-17.27,-6.85,-0.4156,-0.1652,-16.36,-5.94,-0.3937,-0.1433,-19.84,-9.42,-0.4774,-0.2272,-15.97,-5.55,-0.3843,-0.1339,-24.19,-13.77,-0.5821,-0.3322,-13.96,-3.54,-0.3359,-0.0854,-20.93,-10.51,-0.5036,-0.2535,-19.97,-9.55,-0.4805,-0.2304,-12.35,-1.93,-0.2972,-0.0466,-14.54,-4.12,-0.3499,-0.0994,-9.78,0.64,-0.2353,0.0154,-2.3,8.12,-0.0553,0.1959,-0.3,10.12,-0.0072,0.2441,,,,
2023-05-26,4156.16,4160.4800000000005,48.85,44.53,1.1754,1.0703,56.71,0,52.39,-4.32,4.85,0.53,0.1167,0.0127,6.46,2.14,0.1554,0.0514,9.9,5.58,0.2382,0.1341,7.13,2.81,0.1716,0.0675,15.35,11.03,0.3693,0.2651,21.65,17.33,0.5209,0.4165,17.89,13.57,0.4304,0.3262,23.71,19.39,0.5705,0.4661,28.52,24.2,0.6862,0.5817,41.39,37.07,0.9959,0.891,45.69,41.37,1.0993,0.9944,36.59,32.27,0.8804,0.7756,45.92,41.6,1.1049,0.9999,44.85,40.53,1.0791,0.9742,47.27,42.95,1.1373,1.0323,,,,
2023-05-30,4226.71,4227.35,-21.24,-21.88,-0.5025,-0.5176,4.39,-34.53,3.75,-35.17,-2.59,-3.23,-0.0613,-0.0764,1.89,1.25,0.0447,0.0296,3.91,3.27,0.0925,0.0774,-0.12,-0.76,-0.0028,-0.018,-0.57,-1.21,-0.0135,-0.0286,-5.13,-5.77,-0.1214,-0.1365,-1.67,-2.31,-0.0395,-0.0546,-10.58,-11.22,-0.2503,-0.2654,-11.77,-12.41,-0.2785,-0.2936,-15.35,-15.99,-0.3632,-0.3783,-14.53,-15.17,-0.3438,-0.3589,-17.74,-18.38,-0.4197,-0.4348,-21.26,-21.9,-0.503,-0.5181,-30.29,-30.93,-0.7166,-0.7317,-20.02,-20.66,-0.4737,-0.4887,,,,
2023-05-31,4190.74,4187.77,-8.98,-6.01,-0.2143,-0.1435,4.7,-24.59,7.67,-21.62,-0.97,2.0,-0.0231,0.0478,0.38,3.35,0.0091,0.08,-3.38,-0.41,-0.0807,-0.0098,-5.6,-2.63,-0.1336,-0.0628,-1.1,1.87,-0.0262,0.0447,2.45,5.42,0.0585,0.1294,-1.23,1.74,-0.0294,0.0415,-6.66,-3.69,-0.1589,-0.0881,-12.37,-9.4,-0.2952,-0.2245,-19.46,-16.49,-0.4644,-0.3938,-19.93,-16.96,-0.4756,-0.405,-23.66,-20.69,-0.5646,-0.4941,-19.42,-16.45,-0.4634,-0.3928,-8.88,-5.91,-0.2119,-0.1411,-1.77,1.2,-0.0422,0.0287,,,,
2023-06-01,4183.03,4183.03,37.75,37.75,0.9025,0.9025,49.4,-11.39,49.4,-11.39,-3.73,-3.73,-0.0892,-0.0892,-5.44,-5.44,-0.13,-0.13,-5.19,-5.19,-0.1241,-0.1241,-7.63,-7.63,-0.1824,-0.1824,-5.43,-5.43,-0.1298,-0.1298,-7.74,-7.74,-0.185,-0.185,-8.92,-8.92,-0.2132,-0.2132,-3.9,-3.9,-0.0932,-0.0932,6.01,6.01,0.1437,0.1437,1.1,1.1,0.0263,0.0263,14.51,14.51,0.3469,0.3469,22.06,22.06,0.5274,0.5274,38.11,38.11,0.9111,0.9111,33.95,33.95,0.8116,0.8116,40.31,40.31,0.9637,0.9637,,,,
2023-06-02,4241.01,4254.22,40.66,27.45,0.9587,0.6452,49.66,0,36.45,-13.21,13.74,0.53,0.324,0.0125,16.09,2.88,0.3794,0.0677,17.74,4.53,0.4183,0.1065,19.59,6.38,0.4619,0.15,23.32,10.11,0.5499,0.2376,21.19,7.98,0.4996,0.1876,16.34,3.13,0.3853,0.0736,6.63,-6.58,0.1563,-0.1547,19.67,6.46,0.4638,0.1518,17.83,4.62,0.4204,0.1086,31.93,18.72,0.7529,0.44,38.73,25.52,0.9132,0.5999,37.52,24.31,0.8847,0.5714,44.37,31.16,1.0462,0.7324,41.61,28.4,0.9811,0.6676,,,,
2023-06-05,4282.99,4286.96,-8.95,-12.92,-0.209,-0.3014,16.29,-16.17,12.32,-20.14,4.5,0.53,0.1051,0.0124,4.63,0.66,0.1081,0.0154,5.08,1.11,0.1186,0.0259,6.31,2.34,0.1473,0.0546,8.17,4.2,0.1908,0.098,10.86,6.89,0.2536,0.1607,5.87,1.9,0.1371,0.0443,3.92,-0.05,0.0915,-0.0012,-3.4,-7.37,-0.0794,-0.1719,-1.39,-5.36,-0.0325,-0.125,6.2,2.23,0.1448,0.052,10.01,6.04,0.2337,0.1409,12.52,8.55,0.2923,0.1994,4.28,0.31,0.0999,0.0072,-2.34,-6.31,-0.0546,-0.1472,,,,
2023-06-06,4271.34,4267.22,12.25,16.37,0.2868,0.3836,16.99,-8.25,21.11,-4.13,-5.26,-1.14,-0.1231,-0.0267,-7.27,-3.15,-0.1702,-0.0738,-6.84,-2.72,-0.1601,-0.0637,-7.69,-3.57,-0.18,-0.0837,-5.66,-1.54,-0.1325,-0.0361,-4.93,-0.81,-0.1154,-0.019,-1.47,2.65,-0.0344,0.0621,-2.04,2.08,-0.0478,0.0487,1.35,5.47,0.0316,0.1282,6.52,10.64,0.1526,0.2493,12.03,16.15,0.2816,0.3785,8.55,12.67,0.2002,0.2969,8.42,12.54,0.1971,0.2939,3.8,7.92,0.089,0.1856,6.0,10.12,0.1405,0.2372,,,,
2023-06-07,4285.47,4288.49,-17.93,-20.95,-0.4184,-0.4885,13.72,-21.51,10.7,-24.53,3.3,0.28,0.077,0.0065,4.81,1.79,0.1122,0.0417,5.74,2.72,0.1339,0.0634,5.76,2.74,0.1344,0.0639,11.79,8.77,0.2751,0.2045,10.7,7.68,0.2497,0.1791,12.25,9.23,0.2858,0.2152,10.71,7.69,0.2499,0.1793,0.72,-2.3,0.0168,-0.0536,3.08,0.06,0.0719,0.0014,-7.02,-10.04,-0.1638,-0.2341,-2.41,-5.43,-0.0562,-0.1266,-13.2,-16.22,-0.308,-0.3782,-17.91,-20.93,-0.4179,-0.4881,-12.71,-15.73,-0.2966,-0.3668,,,,
2023-06-08,4268.6900000000005,4268.15,24.97,25.51,0.585,0.5977,29.32,-7.62,29.86,-7.08,1.16,1.7,0.0272,0.0398,1.93,2.47,0.0452,0.0579,4.05,4.59,0.0949,0.1075,2.35,2.89,0.0551,0.0677,0.11,0.65,0.0026,0.0152,-3.2,-2.66,-0.075,-0.0623,-4.83,-4.29,-0.1131,-0.1005,-2.45,-1.91,-0.0574,-0.0448,6.8,7.34,0.1593,0.172,8.7,9.24,0.2038,0.2165,13.38,13.92,0.3134,0.3261,16.14,16.68,0.3781,0.3908,24.09,24.63,0.5643,0.5771,17.71,18.25,0.4149,0.4276,21.57,22.11,0.5053,0.518,,,,
2023-06-09,4304.88,4302.95,-5.44,-3.51,-0.1264,-0.0816,17.74,-13.18,19.67,-11.25,-0.83,1.1,-0.0193,0.0256,-0.13,1.8,-0.003,0.0418,-1.25,0.68,-0.029,0.0158,-1.09,0.84,-0.0253,0.0195,4.51,6.44,0.1048,0.1497,6.81,8.74,0.1582,0.2031,7.08,9.01,0.1645,0.2094,9.09,11.02,0.2112,0.2561,15.72,17.65,0.3652,0.4102,16.96,18.89,0.394,0.439,10.04,11.97,0.2332,0.2782,-5.23,-3.3,-0.1215,-0.0767,-8.01,-6.08,-0.1861,-0.1413,-0.28,1.65,-0.0065,0.0383,0.99,2.92,0.023,0.0679,,,,
2023-06-12,4308.32,4309.6,31.14,29.86,0.7228,0.6929,31.81,-3.95,30.53,-5.23,1.06,-0.22,0.0246,-0.0051,1.82,0.54,0.0422,0.0125,2.37,1.09,0.055,0.0253,0.86,-0.42,0.02,-0.0097,4.15,2.87,0.0963,0.0666,-0.19,-1.47,-0.0044,-0.0341,1.16,-0.12,0.0269,-0.0028,2.5,1.22,0.058,0.0283,0.54,-0.74,0.0125,-0.0172,-1.14,-2.42,-0.0265,-0.0562,-0.33,-1.61,-0.0077,-0.0374,2.42,1.14,0.0562,0.0265,6.18,4.9,0.1434,0.1137,7.61,6.33,0.1766,0.1469,11.89,10.61,0.276,0.2462,,,,
2023-06-13,4352.61,4356.78,16.62,12.45,0.3818,0.2858,22.76,-3.3,18.59,-7.47,2.06,-2.11,0.0473,-0.0484,4.97,0.8,0.1142,0.0184,7.37,3.2,0.1693,0.0734,11.04,6.87,0.2536,0.1577,13.38,9.21,0.3074,0.2114,12.87,8.7,0.2957,0.1997,7.54,3.37,0.1732,0.0774,5.65,1.48,0.1298,0.034,1.76,-2.41,0.0404,-0.0553,6.18,2.01,0.142,0.0461,9.62,5.45,0.221,0.1251,17.55,13.38,0.4032,0.3071,16.56,12.39,0.3805,0.2844,19.96,15.79,0.4586,0.3624,7.68,3.51,0.1764,0.0806,,,,
2023-06-14,4366.29,4367.4800000000005,6.28,5.09,0.1438,0.1165,25.53,-28.44,24.34,-29.63,2.03,0.84,0.0465,0.0192,0.22,-0.97,0.005,-0.0222,3.0,1.81,0.0687,0.0414,2.01,0.82,0.046,0.0188,5.7,4.51,0.1305,0.1033,8.81,7.62,0.2018,0.1745,10.52,9.33,0.2409,0.2136,9.03,7.84,0.2068,0.1795,14.7,13.51,0.3367,0.3093,13.31,12.12,0.3048,0.2775,13.03,11.84,0.2984,0.2711,22.0,20.81,0.5039,0.4765,16.56,15.37,0.3793,0.3519,6.14,4.95,0.1406,0.1133,-18.66,-19.85,-0.4274,-0.4545,,,,
2023-06-15,4365.33,4365.7,61.07,60.7,1.399,1.3904,73.87,-2.73,73.5,-3.1,-0.36,-0.73,-0.0082,-0.0167,-0.61,-0.98,-0.014,-0.0224,-2.07,-2.44,-0.0474,-0.0559,0.58,0.21,0.0133,0.0048,8.75,8.38,0.2004,0.192,11.84,11.47,0.2712,0.2627,19.51,19.14,0.4469,0.4384,21.65,21.28,0.496,0.4874,25.96,25.59,0.5947,0.5862,28.61,28.24,0.6554,0.6469,31.03,30.66,0.7108,0.7023,40.57,40.2,0.9294,0.9208,45.08,44.71,1.0327,1.0241,45.31,44.94,1.038,1.0294,55.35,54.98,1.2679,1.2594,,,,
2023-06-16,4440.95,4444.33,-31.18,-34.56,-0.7021,-0.7776,7.52,-33.51,4.14,-36.89,3.31,-0.07,0.0745,-0.0016,0.82,-2.56,0.0185,-0.0576,2.59,-0.79,0.0583,-0.0178,-0.97,-4.35,-0.0218,-0.0979,-6.43,-9.81,-0.1448,-0.2207,-11.49,-14.87,-0.2587,-0.3346,-11.35,-14.73,-0.2556,-0.3314,-6.5,-9.88,-0.1464,-0.2223,-9.15,-12.53,-0.206,-0.2819,-1.36,-4.74,-0.0306,-0.1067,-10.83,-14.21,-0.2439,-0.3197,-13.93,-17.31,-0.3137,-0.3895,-6.34,-9.72,-0.1428,-0.2187,-10.02,-13.4,-0.2256,-0.3015,-14.79,-18.17,-0.333,-0.4088,,,,
2023-06-20,4396.11,4390.29,-7.06,-1.24,-0.1606,-0.0282,4.04,-28.92,9.86,-23.1,-4.49,1.33,-0.1021,0.0303,-2.84,2.98,-0.0646,0.0679,-1.49,4.33,-0.0339,0.0986,-0.35,5.47,-0.008,0.1246,-1.35,4.47,-0.0307,0.1018,-0.71,5.11,-0.0162,0.1164,0.16,5.98,0.0036,0.1362,-8.31,-2.49,-0.189,-0.0567,-13.14,-7.32,-0.2989,-0.1667,-28.12,-22.3,-0.6397,-0.5079,-18.24,-12.42,-0.4149,-0.2829,-18.71,-12.89,-0.4256,-0.2936,-7.43,-1.61,-0.169,-0.0367,1.98,7.8,0.045,0.1777,0.69,6.51,0.0157,0.1483,,,,
2023-06-21,4380.01,4373.06,-14.36,-7.41,-0.3279,-0.1694,6.21,-19.87,13.16,-12.92,-6.25,0.7,-0.1427,0.016,-6.13,0.82,-0.14,0.0188,-6.84,0.11,-0.1562,0.0025,-7.11,-0.16,-0.1623,-0.0037,-6.83,0.12,-0.1559,0.0027,-8.95,-2.0,-0.2043,-0.0457,-8.54,-1.59,-0.195,-0.0364,-13.37,-6.42,-0.3053,-0.1468,-6.06,0.89,-0.1384,0.0204,-8.55,-1.6,-0.1952,-0.0366,-10.19,-3.24,-0.2326,-0.0741,-11.37,-4.42,-0.2596,-0.1011,-4.14,2.81,-0.0945,0.0643,-12.71,-5.76,-0.2902,-0.1317,3.28,10.23,0.0749,0.2339,,,,
2023-06-22,4355.4,4353.59,26.14,27.95,0.6002,0.642,26.85,-3.58,28.66,-1.77,-2.04,-0.23,-0.0468,-0.0053,-1.54,0.27,-0.0354,0.0062,-1.04,0.77,-0.0239,0.0177,-0.93,0.88,-0.0214,0.0202,0.56,2.37,0.0129,0.0544,3.05,4.86,0.07,0.1116,3.43,5.24,0.0788,0.1204,9.4,11.21,0.2158,0.2575,20.43,22.24,0.4691,0.5108,15.47,17.28,0.3552,0.3969,6.98,8.79,0.1603,0.2019,8.85,10.66,0.2032,0.2449,13.72,15.53,0.315,0.3567,11.07,12.88,0.2542,0.2958,20.59,22.4,0.4727,0.5145,,,,
2023-06-23,4354.17,4345.77,-5.94,2.46,-0.1364,0.0566,12.38,-12.83,20.78,-4.43,-10.53,-2.13,-0.2418,-0.049,-8.39,0.01,-0.1927,0.0002,-8.24,0.16,-0.1892,0.0037,-3.67,4.73,-0.0843,0.1088,-5.09,3.31,-0.1169,0.0762,-9.45,-1.05,-0.217,-0.0242,-8.34,0.06,-0.1915,0.0014,-4.02,4.38,-0.0923,0.1008,-1.11,7.29,-0.0255,0.1677,1.25,9.65,0.0287,0.2221,-3.05,5.35,-0.07,0.1231,-6.93,1.47,-0.1592,0.0338,7.69,16.09,0.1766,0.3702,11.19,19.59,0.257,0.4508,0.55,8.95,0.0126,0.2059,,,,
2023-06-26,4344.84,4345.01,-15.26,-15.43,-0.3512,-0.3551,17.22,-16.76,17.05,-16.93,-0.5,-0.67,-0.0115,-0.0154,-1.36,-1.53,-0.0313,-0.0352,2.26,2.09,0.052,0.0481,5.5,5.33,0.1266,0.1227,8.62,8.45,0.1984,0.1945,13.48,13.31,0.3103,0.3063,13.08,12.91,0.301,0.2971,13.36,13.19,0.3075,0.3036,16.0,15.83,0.3683,0.3643,10.26,10.09,0.2361,0.2322,5.95,5.78,0.1369,0.133,-1.02,-1.19,-0.0235,-0.0274,-4.67,-4.84,-0.1075,-0.1114,-2.5,-2.67,-0.0575,-0.0614,-6.65,-6.82,-0.1531,-0.157,,,,
2023-06-27,4337.36,4342.32,40.76,35.8,0.9397,0.8244,47.06,-2.36,42.1,-7.32,4.11,-0.85,0.0948,-0.0196,2.33,-2.63,0.0537,-0.0606,3.47,-1.49,0.08,-0.0343,8.73,3.77,0.2013,0.0868,7.67,2.71,0.1768,0.0624,7.4,2.44,0.1706,0.0562,5.3,0.34,0.1222,0.0078,6.28,1.32,0.1448,0.0304,5.35,0.39,0.1233,0.009,7.41,2.45,0.1708,0.0564,12.98,8.02,0.2993,0.1847,17.29,12.33,0.3986,0.2839,24.95,19.99,0.5752,0.4604,36.12,31.16,0.8328,0.7176,43.7,38.74,1.0075,0.8921,,,,
2023-06-28,4367.4800000000005,4366.49,9.79,10.78,0.2242,0.2469,22.87,-7.26,23.86,-6.27,-3.49,-2.5,-0.0799,-0.0573,-4.48,-3.49,-0.1026,-0.0799,-3.75,-2.76,-0.0859,-0.0632,-2.28,-1.29,-0.0522,-0.0295,-0.35,0.64,-0.008,0.0147,-4.52,-3.53,-0.1035,-0.0808,-6.17,-5.18,-0.1413,-0.1186,-1.45,-0.46,-0.0332,-0.0105,-2.87,-1.88,-0.0657,-0.0431,5.45,6.44,0.1248,0.1475,8.82,9.81,0.2019,0.2247,9.69,10.68,0.2219,0.2446,12.86,13.85,0.2944,0.3172,7.58,8.57,0.1736,0.1963,7.62,8.61,0.1745,0.1972,,,,
2023-06-29,4374.9400000000005,4374.39,21.92,22.47,0.501,0.5137,23.45,-2.97,24.0,-2.42,-2.64,-2.09,-0.0603,-0.0478,-0.17,0.38,-0.0039,0.0087,2.15,2.7,0.0491,0.0617,3.72,4.27,0.085,0.0976,10.43,10.98,0.2384,0.251,3.81,4.36,0.0871,0.0997,9.54,10.09,0.2181,0.2307,9.21,9.76,0.2105,0.2231,8.6,9.15,0.1966,0.2092,5.2,5.75,0.1189,0.1314,5.16,5.71,0.1179,0.1305,17.22,17.77,0.3936,0.4062,21.09,21.64,0.4821,0.4947,17.66,18.21,0.4037,0.4163,13.18,13.73,0.3013,0.3139,,,,
2023-06-30,4422.4400000000005,4427.55,27.37,22.26,0.6189,0.5028,36.04,0,30.93,-5.11,6.84,1.73,0.1547,0.0391,8.71,3.6,0.197,0.0813,10.56,5.45,0.2388,0.1231,9.58,4.47,0.2166,0.101,12.48,7.37,0.2822,0.1665,15.49,10.38,0.3503,0.2344,16.04,10.93,0.3627,0.2469,18.12,13.01,0.4097,0.2938,23.65,18.54,0.5348,0.4187,24.35,19.24,0.5506,0.4346,19.26,14.15,0.4355,0.3196,17.28,12.17,0.3907,0.2749,24.87,19.76,0.5624,0.4463,30.17,25.06,0.6822,0.566,32.52,27.41,0.7353,0.6191,,,,
2023-07-03,4450.4800000000005,4443.79,5.11,11.8,0.1148,0.2655,5.98,-8.19,12.67,-1.5,-6.85,-0.16,-0.1539,-0.0036,-5.55,1.14,-0.1247,0.0257,-3.64,3.05,-0.0818,0.0686,-2.37,4.32,-0.0533,0.0972,-4.41,2.28,-0.0991,0.0513,0.14,6.83,0.0031,0.1537,-1.48,5.21,-0.0333,0.1172,1.54,8.23,0.0346,0.1852,0.4,7.09,0.009,0.1595,1.01,7.7,0.0227,0.1733,-1.52,5.17,-0.0342,0.1163,1.4,8.09,0.0315,0.1821,3.81,10.5,0.0856,0.2363,,,,,,,,,,,,
2023-07-05,4442.04,4438.26,4.61,8.39,0.1038,0.189,12.02,-5.43,15.8,-1.65,-4.17,-0.39,-0.0939,-0.0088,-2.99,0.79,-0.0673,0.0178,-2.12,1.66,-0.0477,0.0374,-2.26,1.52,-0.0509,0.0342,0.89,4.67,0.02,0.1052,5.24,9.02,0.118,0.2032,4.28,8.06,0.0964,0.1816,5.18,8.96,0.1166,0.2019,7.18,10.96,0.1616,0.2469,9.12,12.9,0.2053,0.2907,11.25,15.03,0.2533,0.3386,9.74,13.52,0.2193,0.3046,6.24,10.02,0.1405,0.2258,4.91,8.69,0.1105,0.1958,1.53,5.31,0.0344,0.1196,,,,
2023-07-06,4422.62,4408.900000000001,-11.21,2.51,-0.2535,0.0569,0,-37.57,13.72,-23.85,-14.81,-1.09,-0.3349,-0.0247,-17.8,-4.08,-0.4025,-0.0925,-20.98,-7.26,-0.4744,-0.1647,-21.27,-7.55,-0.4809,-0.1712,-17.68,-3.96,-0.3998,-0.0898,-20.52,-6.8,-0.464,-0.1542,-20.91,-7.19,-0.4728,-0.1631,-26.46,-12.74,-0.5983,-0.289,-27.66,-13.94,-0.6254,-0.3162,-29.89,-16.17,-0.6758,-0.3668,-34.73,-21.01,-0.7853,-0.4765,-33.34,-19.62,-0.7539,-0.445,-19.16,-5.44,-0.4332,-0.1234,-16.22,-2.5,-0.3668,-0.0567,-13.05,0.67,-0.2951,0.0152,,,,
2023-07-07,4404.54,4399.22,-5.78,-0.46,-0.1312,-0.0105,35.85,-7.14,41.17,-1.82,-0.99,4.33,-0.0225,0.0984,4.37,9.69,0.0992,0.2203,4.95,10.27,0.1124,0.2335,1.68,7.0,0.0381,0.1591,1.47,6.79,0.0334,0.1543,2.25,7.57,0.0511,0.1721,9.39,14.71,0.2132,0.3344,11.29,16.61,0.2563,0.3776,6.52,11.84,0.148,0.2691,4.45,9.77,0.101,0.2221,8.23,13.55,0.1869,0.308,9.86,15.18,0.2239,0.3451,20.53,25.85,0.4661,0.5876,35.68,41.0,0.8101,0.932,27.32,32.64,0.6203,0.7419,,,,
2023-07-10,4394.2300000000005,4400.12,15.69,9.8,0.3571,0.2227,18.37,-4.31,12.48,-10.2,8.67,2.78,0.1973,0.0632,10.46,4.57,0.238,0.1039,10.21,4.32,0.2324,0.0982,10.94,5.05,0.249,0.1148,11.63,5.74,0.2647,0.1305,11.78,5.89,0.2681,0.1339,7.4,1.51,0.1684,0.0343,12.18,6.29,0.2772,0.143,15.81,9.92,0.3598,0.2254,12.19,6.3,0.2774,0.1432,6.22,0.33,0.1415,0.0075,9.51,3.62,0.2164,0.0823,3.54,-2.35,0.0806,-0.0534,13.12,7.23,0.2986,0.1643,12.99,7.1,0.2956,0.1614,,,,
2023-07-11,4415.55,4417.04,23.73,22.24,0.5374,0.5035,28.09,-7.09,26.6,-8.58,3.37,1.88,0.0763,0.0426,3.33,1.84,0.0754,0.0417,4.78,3.29,0.1083,0.0745,6.25,4.76,0.1415,0.1078,4.11,2.62,0.0931,0.0593,0.48,-1.01,0.0109,-0.0229,-0.27,-1.76,-0.0061,-0.0398,0.32,-1.17,0.0072,-0.0265,-5.96,-7.45,-0.135,-0.1687,0.91,-0.58,0.0206,-0.0131,5.61,4.12,0.1271,0.0933,3.02,1.53,0.0684,0.0346,6.22,4.73,0.1409,0.1071,7.27,5.78,0.1646,0.1309,5.62,4.13,0.1273,0.0935,,,,
2023-07-12,4467.6900000000005,4476.29,4.97,-3.63,0.1112,-0.0811,20.65,-4.46,12.05,-13.06,9.46,0.86,0.2117,0.0192,9.84,1.24,0.2202,0.0277,10.85,2.25,0.2429,0.0503,12.4,3.8,0.2775,0.0849,7.64,-0.96,0.171,-0.0214,10.93,2.33,0.2446,0.0521,14.92,6.32,0.334,0.1412,13.45,4.85,0.3011,0.1083,18.02,9.42,0.4033,0.2104,19.0,10.4,0.4253,0.2323,16.64,8.04,0.3725,0.1796,12.51,3.91,0.28,0.0873,0.96,-7.64,0.0215,-0.1707,9.41,0.81,0.2106,0.0181,12.08,3.48,0.2704,0.0777,,,,
2023-07-13,4491.5,4489.900000000001,18.39,19.99,0.4094,0.4452,25.88,-2.14,27.48,-0.54,2.34,3.94,0.0521,0.0878,3.4,5.0,0.0757,0.1114,4.38,5.98,0.0975,0.1332,5.85,7.45,0.1302,0.1659,5.17,6.77,0.1151,0.1508,5.22,6.82,0.1162,0.1519,5.19,6.79,0.1156,0.1512,6.17,7.77,0.1374,0.1731,4.56,6.16,0.1015,0.1372,1.99,3.59,0.0443,0.08,6.22,7.82,0.1385,0.1742,3.09,4.69,0.0688,0.1045,8.72,10.32,0.1941,0.2298,9.6,11.2,0.2137,0.2494,10.24,11.84,0.228,0.2637,,,,
2023-07-14,4514.61,4519.51,-8.57,-13.47,-0.1898,-0.298,13.15,-15.05,8.25,-19.95,6.02,1.12,0.1333,0.0248,7.26,2.36,0.1608,0.0522,6.72,1.82,0.1489,0.0403,7.22,2.32,0.1599,0.0513,9.39,4.49,0.208,0.0993,6.07,1.17,0.1345,0.0259,9.35,4.45,0.2071,0.0985,6.53,1.63,0.1446,0.0361,10.5,5.6,0.2326,0.1239,5.92,1.02,0.1311,0.0226,1.21,-3.69,0.0268,-0.0816,4.9,0.0,0.1085,0.0,-3.91,-8.81,-0.0866,-0.1949,-2.15,-7.05,-0.0476,-0.156,-4.74,-9.64,-0.105,-0.2133,,,,
2023-07-17,4508.86,4510.01,13.43,12.28,0.2979,0.2723,23.99,-3.96,22.84,-5.11,-0.8,-1.95,-0.0177,-0.0432,1.42,0.27,0.0315,0.006,0.91,-0.24,0.0202,-0.0053,-2.1,-3.25,-0.0466,-0.0721,-0.47,-1.62,-0.0104,-0.0359,-2.55,-3.7,-0.0566,-0.082,-1.31,-2.46,-0.0291,-0.0545,2.04,0.89,0.0452,0.0197,4.24,3.09,0.094,0.0685,3.53,2.38,0.0783,0.0528,4.59,3.44,0.1018,0.0763,8.21,7.06,0.1821,0.1565,7.57,6.42,0.1679,0.1424,10.03,8.88,0.2225,0.1969,15.11,13.96,0.3351,0.3095,,,,
2023-07-18,4521.78,4516.2300000000005,33.86,39.41,0.7488,0.8726,40.52,-7.19,46.07,-1.64,-4.38,1.17,-0.0969,0.0259,-5.76,-0.21,-0.1274,-0.0046,-5.98,-0.43,-0.1322,-0.0095,-1.77,3.78,-0.0391,0.0837,0.14,5.69,0.0031,0.126,4.12,9.67,0.0911,0.2141,3.56,9.11,0.0787,0.2017,8.26,13.81,0.1827,0.3058,8.67,14.22,0.1917,0.3149,6.69,12.24,0.148,0.271,15.43,20.98,0.3412,0.4645,14.83,20.38,0.328,0.4513,21.6,27.15,0.4777,0.6012,23.5,29.05,0.5197,0.6432,35.48,41.03,0.7846,0.9085,,,,
2023-07-19,4563.87,4568.59,1.78,-2.94,0.039,-0.0644,14.56,-6.39,9.84,-11.11,7.24,2.52,0.1586,0.0552,8.38,3.66,0.1836,0.0801,7.88,3.16,0.1727,0.0692,6.42,1.7,0.1407,0.0372,10.57,5.85,0.2316,0.128,9.03,4.31,0.1979,0.0943,8.54,3.82,0.1871,0.0836,9.43,4.71,0.2066,0.1031,8.56,3.84,0.1876,0.0841,8.64,3.92,0.1893,0.0858,4.0,-0.72,0.0876,-0.0158,8.96,4.24,0.1963,0.0928,1.18,-3.54,0.0259,-0.0775,1.88,-2.84,0.0412,-0.0622,-0.96,-5.68,-0.021,-0.1243,,,,
2023-07-20,4554.38,4555.76,-19.1,-20.48,-0.4194,-0.4495,10.36,-26.82,8.98,-28.2,4.18,2.8,0.0918,0.0615,4.9,3.52,0.1076,0.0773,6.54,5.16,0.1436,0.1133,7.13,5.75,0.1566,0.1262,6.52,5.14,0.1432,0.1128,7.68,6.3,0.1686,0.1383,9.32,7.94,0.2046,0.1743,5.64,4.26,0.1238,0.0935,-0.2,-1.58,-0.0044,-0.0347,-8.38,-9.76,-0.184,-0.2142,-4.43,-5.81,-0.0973,-0.1275,-3.13,-4.51,-0.0687,-0.099,-3.4,-4.78,-0.0747,-0.1049,-4.75,-6.13,-0.1043,-0.1346,-17.94,-19.32,-0.3939,-0.4241,,,,
2023-07-21,4550.16,4549.16,-13.48,-12.48,-0.2963,-0.2743,4.84,-14.37,5.84,-13.37,-0.15,0.85,-0.0033,0.0187,0.43,1.43,0.0095,0.0314,0.97,1.97,0.0213,0.0433,2.2,3.2,0.0483,0.0703,0.35,1.35,0.0077,0.0297,-0.46,0.54,-0.0101,0.0119,-7.32,-6.32,-0.1609,-0.1389,-8.41,-7.41,-0.1848,-0.1629,-2.95,-1.95,-0.0648,-0.0429,-11.77,-10.77,-0.2587,-0.2367,-3.76,-2.76,-0.0826,-0.0607,0.47,1.47,0.0103,0.0323,-4.91,-3.91,-0.1079,-0.0859,1.01,2.01,0.0222,0.0442,-3.29,-2.29,-0.0723,-0.0503,,,,
2023-07-24,4543.39,4550.81,11.67,4.25,0.2569,0.0934,20.02,-2.1,12.6,-9.52,10.7,3.28,0.2355,0.0721,9.11,1.69,0.2005,0.0371,11.1,3.68,0.2443,0.0809,13.2,5.78,0.2905,0.127,12.28,4.86,0.2703,0.1068,12.16,4.74,0.2676,0.1042,7.46,0.04,0.1642,0.0009,3.63,-3.79,0.0799,-0.0833,7.65,0.23,0.1684,0.0051,12.67,5.25,0.2789,0.1154,11.84,4.42,0.2606,0.0971,12.64,5.22,0.2782,0.1147,15.9,8.48,0.35,0.1863,14.28,6.86,0.3143,0.1507,14.8,7.38,0.3257,0.1622,,,,
2023-07-25,4555.1900000000005,4553.2,13.13,15.12,0.2882,0.3321,25.43,-2.77,27.42,-0.78,-1.4,0.59,-0.0307,0.013,-1.35,0.64,-0.0296,0.0141,0.59,2.58,0.013,0.0567,2.31,4.3,0.0507,0.0944,2.84,4.83,0.0623,0.1061,5.2,7.19,0.1142,0.1579,5.71,7.7,0.1254,0.1691,6.51,8.5,0.1429,0.1867,7.1,9.09,0.1559,0.1996,5.21,7.2,0.1144,0.1581,4.45,6.44,0.0977,0.1414,8.64,10.63,0.1897,0.2335,12.12,14.11,0.2661,0.3099,18.89,20.88,0.4147,0.4586,23.97,25.96,0.5262,0.5701,,,,
2023-07-26,4558.96,4562.59,8.59,4.96,0.1884,0.1087,23.51,-11.38,19.88,-15.01,2.28,-1.35,0.05,-0.0296,1.58,-2.05,0.0347,-0.0449,-1.77,-5.4,-0.0388,-0.1184,0.86,-2.77,0.0189,-0.0607,0.07,-3.56,0.0015,-0.078,2.47,-1.16,0.0542,-0.0254,2.11,-1.52,0.0463,-0.0333,2.5,-1.13,0.0548,-0.0248,1.63,-2.0,0.0358,-0.0438,0.97,-2.66,0.0213,-0.0583,-5.55,-9.18,-0.1217,-0.2012,-2.54,-6.17,-0.0557,-0.1352,1.06,-2.57,0.0233,-0.0563,-3.58,-7.21,-0.0785,-0.158,-2.48,-6.11,-0.0544,-0.1339,,,,
2023-07-27,4598.26,4599.46,-60.44,-61.64,-1.3144,-1.3402,8.81,-69.7,7.61,-70.9,2.88,1.68,0.0626,0.0365,4.22,3.02,0.0918,0.0657,6.08,4.88,0.1322,0.1061,5.94,4.74,0.1292,0.1031,7.67,6.47,0.1668,0.1407,7.87,6.67,0.1712,0.145,4.76,3.56,0.1035,0.0774,2.84,1.64,0.0618,0.0357,-0.89,-2.09,-0.0194,-0.0454,-8.54,-9.74,-0.1857,-0.2118,-9.73,-10.93,-0.2116,-0.2376,-5.67,-6.87,-0.1233,-0.1494,-0.89,-2.09,-0.0194,-0.0454,-22.15,-23.35,-0.4817,-0.5077,-43.15,-44.35,-0.9384,-0.9642,,,,
2023-07-28,4565.75,4571.43,15.98,10.3,0.35,0.2253,24.41,-1.74,18.73,-7.42,5.56,-0.12,0.1218,-0.0026,5.71,0.03,0.1251,0.0007,5.61,-0.07,0.1229,-0.0015,2.6,-3.08,0.0569,-0.0674,8.31,2.63,0.182,0.0575,6.43,0.75,0.1408,0.0164,13.04,7.36,0.2856,0.161,9.11,3.43,0.1995,0.075,14.8,9.12,0.3242,0.1995,12.9,7.22,0.2825,0.1579,15.01,9.33,0.3288,0.2041,21.53,15.85,0.4716,0.3467,23.1,17.42,0.5059,0.3811,10.03,4.35,0.2197,0.0952,14.85,9.17,0.3252,0.2006,,,,
2023-07-31,4584.82,4586.650000000001,4.66,2.83,0.1016,0.0617,9.4,-11.68,7.57,-13.51,2.05,0.22,0.0447,0.0048,5.55,3.72,0.1211,0.0811,4.1,2.27,0.0894,0.0495,4.21,2.38,0.0918,0.0519,6.39,4.56,0.1394,0.0994,9.23,7.4,0.2013,0.1613,6.93,5.1,0.1512,0.1112,-4.14,-5.97,-0.0903,-0.1302,1.1,-0.73,0.024,-0.0159,4.73,2.9,0.1032,0.0632,3.21,1.38,0.07,0.0301,0.76,-1.07,0.0166,-0.0233,-0.82,-2.65,-0.0179,-0.0578,-5.28,-7.11,-0.1152,-0.155,-5.39,-7.22,-0.1176,-0.1574,,,,
2023-08-01,4578.83,4574.51,-2.22,2.1,-0.0485,0.0459,5.79,-11.3,10.11,-6.98,-4.77,-0.45,-0.1042,-0.0098,-2.56,1.76,-0.0559,0.0385,-3.39,0.93,-0.074,0.0203,0.91,5.23,0.0199,0.1143,1.62,5.94,0.0354,0.1298,0.2,4.52,0.0044,0.0988,0.29,4.61,0.0063,0.1008,3.4,7.72,0.0743,0.1688,-7.24,-2.92,-0.1581,-0.0638,-6.75,-2.43,-0.1474,-0.0531,-2.79,1.53,-0.0609,0.0334,-4.61,-0.29,-0.1007,-0.0063,-10.04,-5.72,-0.2193,-0.125,-3.64,0.68,-0.0795,0.0149,-0.36,3.96,-0.0079,0.0866,,,,
2023-08-02,4550.93,4545.4800000000005,-37.17,-31.72,-0.8168,-0.6978,0,-45.18,5.45,-39.73,-10.73,-5.28,-0.2358,-0.1162,-10.54,-5.09,-0.2316,-0.112,-10.68,-5.23,-0.2347,-0.1151,-13.93,-8.48,-0.3061,-0.1866,-10.98,-5.53,-0.2413,-0.1217,-7.75,-2.3,-0.1703,-0.0506,-9.89,-4.44,-0.2173,-0.0977,-11.11,-5.66,-0.2441,-0.1245,-19.94,-14.49,-0.4382,-0.3188,-17.18,-11.73,-0.3775,-0.2581,-30.79,-25.34,-0.6766,-0.5575,-27.77,-22.32,-0.6102,-0.491,-37.71,-32.26,-0.8286,-0.7097,-27.76,-22.31,-0.61,-0.4908,-31.42,-25.97,-0.6904,-0.5713,,,,
2023-08-03,4494.27,4493.51,6.92,7.68,0.154,0.1709,25.22,-8.73,25.98,-7.97,-2.8,-2.04,-0.0623,-0.0454,-3.35,-2.59,-0.0745,-0.0576,-6.46,-5.7,-0.1437,-0.1268,0.5,1.26,0.0111,0.028,-2.7,-1.94,-0.0601,-0.0432,-3.91,-3.15,-0.087,-0.0701,3.88,4.64,0.0863,0.1033,6.44,7.2,0.1433,0.1602,0.7,1.46,0.0156,0.0325,-7.59,-6.83,-0.1689,-0.152,3.07,3.83,0.0683,0.0852,12.16,12.92,0.2706,0.2875,15.18,15.94,0.3378,0.3547,22.86,23.62,0.5086,0.5256,15.73,16.49,0.35,0.367,,,,
2023-08-04,4513.96,4516.0,-35.41,-37.45,-0.7845,-0.8293,26.38,-39.41,24.34,-41.45,6.77,4.73,0.15,0.1047,7.94,5.9,0.1759,0.1306,10.34,8.3,0.2291,0.1838,13.02,10.98,0.2884,0.2431,14.19,12.15,0.3144,0.269,11.98,9.94,0.2654,0.2201,10.84,8.8,0.2401,0.1949,0.43,-1.61,0.0095,-0.0357,-9.53,-11.57,-0.2111,-0.2562,3.19,1.15,0.0707,0.0255,10.54,8.5,0.2335,0.1882,13.53,11.49,0.2997,0.2544,22.43,20.39,0.4969,0.4515,15.05,13.01,0.3334,0.2881,-17.8,-19.84,-0.3943,-0.4393,,,,
2023-08-07,4491.58,4503.21,26.73,15.1,0.5951,0.3353,28.26,-0.43,16.63,-12.06,11.27,-0.36,0.2509,-0.008,10.96,-0.67,0.244,-0.0149,12.59,0.96,0.2803,0.0213,13.96,2.33,0.3108,0.0517,12.49,0.86,0.2781,0.0191,6.38,-5.25,0.142,-0.1166,4.61,-7.02,0.1026,-0.1559,2.05,-9.58,0.0456,-0.2127,10.9,-0.73,0.2427,-0.0162,12.65,1.02,0.2816,0.0227,9.39,-2.24,0.2091,-0.0497,6.11,-5.52,0.136,-0.1226,15.06,3.43,0.3353,0.0762,15.5,3.87,0.3451,0.0859,18.32,6.69,0.4079,0.1486,,,,
2023-08-08,4498.03,4492.72,1.37,6.68,0.0305,0.1487,5.28,-33.64,10.59,-28.33,-9.53,-4.22,-0.2119,-0.0939,-8.03,-2.72,-0.1785,-0.0605,-9.39,-4.08,-0.2088,-0.0908,-10.64,-5.33,-0.2365,-0.1186,-11.19,-5.88,-0.2488,-0.1309,-19.52,-14.21,-0.434,-0.3163,-24.78,-19.47,-0.5509,-0.4334,-22.23,-16.92,-0.4942,-0.3766,-30.02,-24.71,-0.6674,-0.55,-26.63,-21.32,-0.592,-0.4745,-30.97,-25.66,-0.6885,-0.5711,-24.25,-18.94,-0.5391,-0.4216,-21.27,-15.96,-0.4729,-0.3552,-15.99,-10.68,-0.3555,-0.2377,-9.51,-4.2,-0.2114,-0.0935,,,,
2023-08-09,4501.57,4499.45,-33.66,-31.54,-0.7477,-0.701,0.87,-40.24,2.99,-38.12,-2.25,-0.13,-0.05,-0.0029,-3.44,-1.32,-0.0764,-0.0293,-1.87,0.25,-0.0415,0.0056,-2.94,-0.82,-0.0653,-0.0182,-4.4,-2.28,-0.0977,-0.0507,-6.1,-3.98,-0.1355,-0.0885,-8.77,-6.65,-0.1948,-0.1478,-4.81,-2.69,-0.1069,-0.0598,-6.84,-4.72,-0.1519,-0.1049,-5.2,-3.08,-0.1155,-0.0685,-17.32,-15.2,-0.3848,-0.3378,-32.22,-30.1,-0.7158,-0.669,-30.28,-28.16,-0.6727,-0.6259,-14.22,-12.1,-0.3159,-0.2689,-2.96,-0.84,-0.0658,-0.0187,,,,
2023-08-10,4487.16,4492.29,-18.11,-23.24,-0.4036,-0.5173,40.21,-29.24,35.08,-34.37,12.41,7.28,0.2766,0.1621,11.92,6.79,0.2656,0.1511,11.82,6.69,0.2634,0.1489,18.64,13.51,0.4154,0.3007,21.6,16.47,0.4814,0.3666,24.68,19.55,0.55,0.4352,27.64,22.51,0.616,0.5011,38.12,32.99,0.8495,0.7344,35.77,30.64,0.7972,0.6821,34.75,29.62,0.7744,0.6594,14.96,9.83,0.3334,0.2188,11.8,6.67,0.263,0.1485,-7.68,-12.81,-0.1712,-0.2852,-17.66,-22.79,-0.3936,-0.5073,-10.14,-15.27,-0.226,-0.3399,,,,
2023-08-11,4450.6900000000005,4448.43,13.62,15.88,0.306,0.357,25.54,-6.71,27.8,-4.45,-5.57,-3.31,-0.1251,-0.0744,-5.21,-2.95,-0.1171,-0.0663,-1.99,0.27,-0.0447,0.0061,2.11,4.37,0.0474,0.0982,-1.91,0.35,-0.0429,0.0079,-3.9,-1.64,-0.0876,-0.0369,-1.79,0.47,-0.0402,0.0106,6.39,8.65,0.1436,0.1945,15.8,18.06,0.355,0.406,20.19,22.45,0.4536,0.5047,13.25,15.51,0.2977,0.3487,6.67,8.93,0.1499,0.2007,11.39,13.65,0.2559,0.3068,13.28,15.54,0.2984,0.3493,17.95,20.21,0.4033,0.4543,,,,
2023-08-14,4458.13,4455.9800000000005,31.86,34.01,0.7146,0.7632,31.86,-4.69,34.01,-2.54,-3.25,-1.1,-0.0729,-0.0247,-2.98,-0.83,-0.0668,-0.0186,-1.93,0.22,-0.0433,0.0049,-1.37,0.78,-0.0307,0.0175,2.55,4.7,0.0572,0.1055,3.13,5.28,0.0702,0.1185,-0.98,1.17,-0.022,0.0263,1.39,3.54,0.0312,0.0794,12.05,14.2,0.2703,0.3187,11.42,13.57,0.2562,0.3045,23.36,25.51,0.524,0.5725,23.18,25.33,0.5199,0.5684,17.5,19.65,0.3925,0.441,26.13,28.28,0.5861,0.6347,18.93,21.08,0.4246,0.4731,,,,
2023-08-15,4478.87,4472.63,-40.75,-34.51,-0.9098,-0.7716,0,-46.68,6.24,-40.44,-7.79,-1.55,-0.1739,-0.0347,-4.36,1.88,-0.0973,0.042,-5.99,0.25,-0.1337,0.0056,-8.67,-2.43,-0.1936,-0.0543,-8.02,-1.78,-0.1791,-0.0398,-15.96,-9.72,-0.3563,-0.2173,-16.7,-10.46,-0.3729,-0.2339,-19.08,-12.84,-0.426,-0.2871,-28.86,-22.62,-0.6444,-0.5057,-32.39,-26.15,-0.7232,-0.5847,-28.11,-21.87,-0.6276,-0.489,-21.69,-15.45,-0.4843,-0.3454,-24.32,-18.08,-0.543,-0.4042,-26.59,-20.35,-0.5937,-0.455,-29.7,-23.46,-0.6631,-0.5245,,,,
2023-08-16,4433.79,4434.72,-29.55,-30.48,-0.6665,-0.6873,16.16,-30.24,15.23,-31.17,1.42,0.49,0.032,0.011,-0.18,-1.11,-0.0041,-0.025,1.01,0.08,0.0228,0.0018,1.02,0.09,0.023,0.002,9.55,8.62,0.2154,0.1944,11.11,10.18,0.2506,0.2296,13.48,12.55,0.304,0.283,7.19,6.26,0.1622,0.1412,11.78,10.85,0.2657,0.2447,9.14,8.21,0.2061,0.1851,13.9,12.97,0.3135,0.2925,8.21,7.28,0.1852,0.1642,-8.23,-9.16,-0.1856,-0.2066,-13.82,-14.75,-0.3117,-0.3326,2.61,1.68,0.0589,0.0379,,,,
2023-08-17,4416.32,4420.2300000000005,-46.58,-50.49,-1.0547,-1.1422,4.85,-51.49,0.94,-55.4,0.92,-2.99,0.0208,-0.0676,2.26,-1.65,0.0512,-0.0373,1.24,-2.67,0.0281,-0.0604,0.57,-3.34,0.0129,-0.0756,-2.16,-6.07,-0.0489,-0.1373,-4.74,-8.65,-0.1073,-0.1957,-3.56,-7.47,-0.0806,-0.169,-3.23,-7.14,-0.0731,-0.1615,-4.59,-8.5,-0.1039,-0.1923,-6.79,-10.7,-0.1537,-0.2421,-11.36,-15.27,-0.2572,-0.3455,-15.71,-19.62,-0.3557,-0.4439,-5.1,-9.01,-0.1155,-0.2038,-17.94,-21.85,-0.4062,-0.4943,-26.61,-30.52,-0.6025,-0.6905,,,,
2023-08-18,4344.88,4340.89,25.72,29.71,0.592,0.6844,36.94,-9.57,40.93,-5.58,-0.27,3.72,-0.0062,0.0857,1.24,5.23,0.0285,0.1205,3.52,7.51,0.081,0.173,1.68,5.67,0.0387,0.1306,6.93,10.92,0.1595,0.2516,4.66,8.65,0.1073,0.1993,11.84,15.83,0.2725,0.3647,2.86,6.85,0.0658,0.1578,1.63,5.62,0.0375,0.1295,1.67,5.66,0.0384,0.1304,16.0,19.99,0.3682,0.4605,14.39,18.38,0.3312,0.4234,18.28,22.27,0.4207,0.513,17.61,21.6,0.4053,0.4976,21.57,25.56,0.4964,0.5888,,,,
2023-08-21,4380.28,4380.71,19.85,19.42,0.4532,0.4433,27.27,-19.98,26.84,-20.41,0.8,0.37,0.0183,0.0084,3.27,2.84,0.0747,0.0648,4.05,3.62,0.0925,0.0826,9.59,9.16,0.2189,0.2091,10.66,10.23,0.2434,0.2335,5.95,5.52,0.1358,0.126,3.94,3.51,0.0899,0.0801,11.44,11.01,0.2612,0.2513,3.6,3.17,0.0822,0.0724,-7.47,-7.9,-0.1705,-0.1803,-6.11,-6.54,-0.1395,-0.1493,-11.51,-11.94,-0.2628,-0.2726,-3.83,-4.26,-0.0874,-0.0972,5.32,4.89,0.1215,0.1116,11.46,11.03,0.2616,0.2518,,,,
2023-08-22,4415.33,4416.11,-27.46,-28.24,-0.6219,-0.6395,3.26,-32.56,2.48,-33.34,0.87,0.09,0.0197,0.002,-1.13,-1.91,-0.0256,-0.0433,-0.89,-1.67,-0.0202,-0.0378,-0.73,-1.51,-0.0165,-0.0342,-6.9,-7.68,-0.1563,-0.1739,-4.11,-4.89,-0.0931,-0.1107,-7.25,-8.03,-0.1642,-0.1818,-11.07,-11.85,-0.2507,-0.2683,-5.54,-6.32,-0.1255,-0.1431,-14.21,-14.99,-0.3218,-0.3394,-10.94,-11.72,-0.2478,-0.2654,-15.65,-16.43,-0.3544,-0.372,-21.66,-22.44,-0.4906,-0.5081,-27.27,-28.05,-0.6176,-0.6352,-22.26,-23.04,-0.5042,-0.5217,,,,
2023-08-23,4396.4400000000005,4401.6,40.1,34.94,0.9121,0.7938,46.74,0,41.58,-5.16,6.01,0.85,0.1367,0.0193,4.52,-0.64,0.1028,-0.0145,3.74,-1.42,0.0851,-0.0323,5.12,-0.04,0.1165,-0.0009,4.11,-1.05,0.0935,-0.0239,10.13,4.97,0.2304,0.1129,10.39,5.23,0.2363,0.1188,14.38,9.22,0.3271,0.2095,20.97,15.81,0.477,0.3592,19.77,14.61,0.4497,0.3319,28.73,23.57,0.6535,0.5355,32.86,27.7,0.7474,0.6293,31.78,26.62,0.7229,0.6048,44.88,39.72,1.0208,0.9024,38.96,33.8,0.8862,0.7679,,,,
2023-08-24,4455.16,4451.9400000000005,-79.17,-75.95,-1.777,-1.706,3.14,-79.61,6.36,-76.39,-5.25,-2.03,-0.1178,-0.0456,-7.23,-4.01,-0.1623,-0.0901,-8.61,-5.39,-0.1933,-0.1211,-8.95,-5.73,-0.2009,-0.1287,-9.41,-6.19,-0.2112,-0.139,-13.57,-10.35,-0.3046,-0.2325,-13.47,-10.25,-0.3023,-0.2302,1.68,4.9,0.0377,0.1101,-17.54,-14.32,-0.3937,-0.3217,-28.94,-25.72,-0.6496,-0.5777,-43.78,-40.56,-0.9827,-0.9111,-45.51,-42.29,-1.0215,-0.9499,-46.9,-43.68,-1.0527,-0.9811,-57.72,-54.5,-1.2956,-1.2242,-55.43,-52.21,-1.2442,-1.1727,,,,
2023-08-25,4389.38,4394.62,15.94,10.7,0.3631,0.2435,29.08,-33.09,23.84,-38.33,5.48,0.24,0.1248,0.0055,9.26,4.02,0.211,0.0915,10.36,5.12,0.236,0.1165,8.0,2.76,0.1823,0.0628,6.9,1.66,0.1572,0.0378,8.5,3.26,0.1936,0.0742,6.84,1.6,0.1558,0.0364,5.16,-0.08,0.1176,-0.0018,21.41,16.17,0.4878,0.3679,-7.65,-12.89,-0.1743,-0.2933,-28.83,-34.07,-0.6568,-0.7753,-8.0,-13.24,-0.1823,-0.3013,3.78,-1.46,0.0861,-0.0332,-4.15,-9.39,-0.0945,-0.2137,19.63,14.39,0.4472,0.3274,,,,
2023-08-28,4426.03,4425.92,7.17,7.28,0.162,0.1645,13.53,-11.05,13.64,-10.94,1.14,1.25,0.0258,0.0282,3.43,3.54,0.0775,0.08,7.88,7.99,0.178,0.1805,12.34,12.45,0.2788,0.2813,6.26,6.37,0.1414,0.1439,6.87,6.98,0.1552,0.1577,4.37,4.48,0.0987,0.1012,6.27,6.38,0.1417,0.1442,7.51,7.62,0.1697,0.1722,11.31,11.42,0.2555,0.258,-0.59,-0.48,-0.0133,-0.0108,-3.23,-3.12,-0.073,-0.0705,-7.63,-7.52,-0.1724,-0.1699,8.03,8.14,0.1814,0.1839,-7.56,-7.45,-0.1708,-0.1683,,,,
2023-08-29,4432.75,4434.34,64.93,63.34,1.4648,1.4284,67.39,-1.07,65.8,-2.66,0.88,-0.71,0.0199,-0.016,1.36,-0.23,0.0307,-0.0052,2.54,0.95,0.0573,0.0214,3.73,2.14,0.0841,0.0483,4.39,2.8,0.099,0.0631,12.76,11.17,0.2879,0.2519,12.12,10.53,0.2734,0.2375,20.76,19.17,0.4683,0.4323,28.48,26.89,0.6425,0.6064,36.3,34.71,0.8189,0.7828,31.63,30.04,0.7136,0.6774,43.43,41.84,0.9798,0.9435,56.77,55.18,1.2807,1.2444,56.79,55.2,1.2811,1.2448,57.1,55.51,1.2881,1.2518,,,,
2023-08-30,4500.34,4502.2300000000005,14.8,12.91,0.3289,0.2867,21.31,-6.75,19.42,-8.64,3.9,2.01,0.0867,0.0446,7.23,5.34,0.1607,0.1186,4.45,2.56,0.0989,0.0569,4.46,2.57,0.0991,0.0571,2.57,0.68,0.0571,0.0151,5.67,3.78,0.126,0.084,9.63,7.74,0.214,0.1719,18.53,16.64,0.4117,0.3696,18.3,16.41,0.4066,0.3645,-1.27,-3.16,-0.0282,-0.0702,10.9,9.01,0.2422,0.2001,10.07,8.18,0.2238,0.1817,19.17,17.28,0.426,0.3838,15.78,13.89,0.3506,0.3085,7.22,5.33,0.1604,0.1184,,,,
2023-08-31,4517.01,4522.7,-8.73,-14.42,-0.1933,-0.3188,15.25,-8.89,9.56,-14.58,7.24,1.55,0.1603,0.0343,6.32,0.63,0.1399,0.0139,9.16,3.47,0.2028,0.0767,6.96,1.27,0.1541,0.0281,6.34,0.65,0.1404,0.0144,9.29,3.6,0.2057,0.0796,4.92,-0.77,0.1089,-0.017,11.39,5.7,0.2522,0.126,11.8,6.11,0.2612,0.1351,13.07,7.38,0.2894,0.1632,10.54,4.85,0.2333,0.1072,7.44,1.75,0.1647,0.0387,0.66,-5.03,0.0146,-0.1112,5.28,-0.41,0.1169,-0.0091,6.07,0.38,0.1344,0.0084,,,,
2023-09-01,4530.6,4535.86,-15.65,-20.91,-0.3454,-0.461,10.65,-29.25,5.39,-34.51,6.66,1.4,0.147,0.0309,5.09,-0.17,0.1123,-0.0037,8.35,3.09,0.1843,0.0681,1.99,-3.27,0.0439,-0.0721,-7.18,-12.44,-0.1585,-0.2743,-8.35,-13.61,-0.1843,-0.3001,-13.2,-18.46,-0.2914,-0.407,-11.57,-16.83,-0.2554,-0.371,1.8,-3.46,0.0397,-0.0763,-4.31,-9.57,-0.0951,-0.211,-16.87,-22.13,-0.3724,-0.4879,-18.84,-24.1,-0.4158,-0.5313,-19.34,-24.6,-0.4269,-0.5423,-21.6,-26.86,-0.4768,-0.5922,-24.75,-30.01,-0.5463,-0.6616,,,,
2023-09-05,4510.06,4510.82,-13.38,-14.14,-0.2967,-0.3135,4.23,-14.05,3.47,-14.81,0.86,0.1,0.0191,0.0022,0.19,-0.57,0.0042,-0.0126,0.43,-0.33,0.0095,-0.0073,-2.11,-2.87,-0.0468,-0.0636,-4.3,-5.06,-0.0953,-0.1122,-7.01,-7.77,-0.1554,-0.1723,-11.4,-12.16,-0.2528,-0.2696,-9.86,-10.62,-0.2186,-0.2354,-12.38,-13.14,-0.2745,-0.2913,-7.29,-8.05,-0.1616,-0.1785,-2.94,-3.7,-0.0652,-0.082,-3.53,-4.29,-0.0783,-0.0951,-1.35,-2.11,-0.0299,-0.0468,-10.94,-11.7,-0.2426,-0.2594,-2.41,-3.17,-0.0534,-0.0703,,,,
2023-09-06,4490.35,4483.39,-24.89,-17.93,-0.5543,-0.3999,0,-47.97,6.96,-41.01,-7.9,-0.94,-0.1759,-0.021,-8.88,-1.92,-0.1978,-0.0428,-9.95,-2.99,-0.2216,-0.0667,-10.88,-3.92,-0.2423,-0.0874,-10.41,-3.45,-0.2318,-0.077,-2.66,4.3,-0.0592,0.0959,-7.41,-0.45,-0.165,-0.01,-13.89,-6.93,-0.3093,-0.1546,-18.76,-11.8,-0.4178,-0.2632,-23.47,-16.51,-0.5227,-0.3682,-30.68,-23.72,-0.6832,-0.5291,-28.46,-21.5,-0.6338,-0.4795,-38.78,-31.82,-0.8636,-0.7097,-36.49,-29.53,-0.8126,-0.6587,-28.97,-22.01,-0.6452,-0.4909,,,,
2023-09-07,4434.55,4434.46,16.99,17.08,0.3831,0.3852,23.26,-4.09,23.35,-4.0,-2.7,-2.61,-0.0609,-0.0589,-1.14,-1.05,-0.0257,-0.0237,1.24,1.33,0.028,0.03,6.23,6.32,0.1405,0.1425,6.25,6.34,0.1409,0.143,7.75,7.84,0.1748,0.1768,8.05,8.14,0.1815,0.1836,2.88,2.97,0.0649,0.067,3.0,3.09,0.0677,0.0697,0.79,0.88,0.0178,0.0198,10.09,10.18,0.2275,0.2296,10.29,10.38,0.232,0.2341,19.94,20.03,0.4497,0.4517,18.59,18.68,0.4192,0.4212,13.95,14.04,0.3146,0.3166,,,,
2023-09-08,4451.3,4455.46,6.69,2.53,0.1503,0.0568,22.23,-2.92,18.07,-7.08,6.75,2.59,0.1516,0.0581,9.27,5.11,0.2083,0.1147,9.3,5.14,0.2089,0.1154,9.67,5.51,0.2172,0.1237,10.16,6.0,0.2282,0.1347,10.24,6.08,0.23,0.1365,11.86,7.7,0.2664,0.1728,10.98,6.82,0.2467,0.1531,17.85,13.69,0.401,0.3073,21.9,17.74,0.492,0.3982,11.22,7.06,0.2521,0.1585,17.62,13.46,0.3958,0.3021,13.44,9.28,0.3019,0.2083,10.31,6.15,0.2316,0.138,4.41,0.25,0.0991,0.0056,,,,
2023-09-11,4480.9800000000005,4486.6,7.12,1.5,0.1589,0.0334,9.79,-13.09,4.17,-18.71,5.74,0.12,0.1281,0.0027,7.81,2.19,0.1743,0.0488,8.56,2.94,0.191,0.0655,8.48,2.86,0.1892,0.0637,-0.19,-5.81,-0.0042,-0.1295,-2.25,-7.87,-0.0502,-0.1754,-6.3,-11.92,-0.1406,-0.2657,-6.86,-12.48,-0.1531,-0.2782,-8.79,-14.41,-0.1962,-0.3212,-2.89,-8.51,-0.0645,-0.1897,-9.92,-15.54,-0.2214,-0.3464,-6.93,-12.55,-0.1547,-0.2797,-1.99,-7.61,-0.0444,-0.1696,4.85,-0.77,0.1082,-0.0172,6.06,0.44,0.1352,0.0098,,,,
2023-09-12,4473.27,4470.900000000001,-11.33,-8.96,-0.2533,-0.2004,13.84,-16.44,16.21,-14.07,-1.32,1.05,-0.0295,0.0235,2.7,5.07,0.0604,0.1134,2.92,5.29,0.0653,0.1183,4.01,6.38,0.0896,0.1427,7.49,9.86,0.1674,0.2205,3.84,6.21,0.0858,0.1389,1.53,3.9,0.0342,0.0872,4.57,6.94,0.1022,0.1552,4.13,6.5,0.0923,0.1454,-5.44,-3.07,-0.1216,-0.0687,-6.04,-3.67,-0.135,-0.0821,-2.11,0.26,-0.0472,0.0058,2.12,4.49,0.0474,0.1004,13.26,15.63,0.2964,0.3496,-2.61,-0.24,-0.0583,-0.0054,,,,
2023-09-13,4462.650000000001,4466.3,4.7,1.05,0.1053,0.0235,16.74,-9.13,13.09,-12.78,9.15,5.5,0.205,0.1231,10.07,6.42,0.2257,0.1437,6.84,3.19,0.1533,0.0714,9.77,6.12,0.2189,0.137,8.96,5.31,0.2008,0.1189,7.72,4.07,0.173,0.0911,5.5,1.85,0.1232,0.0414,7.3,3.65,0.1636,0.0817,-6.51,-10.16,-0.1459,-0.2275,3.45,-0.2,0.0773,-0.0045,11.33,7.68,0.2539,0.172,15.6,11.95,0.3496,0.2676,15.06,11.41,0.3375,0.2555,13.49,9.84,0.3023,0.2203,9.74,6.09,0.2183,0.1364,,,,
2023-09-14,4487.78,4489.0,17.51,16.29,0.3902,0.3629,24.21,-9.09,22.99,-10.31,-1.88,-3.1,-0.0419,-0.0691,1.66,0.44,0.037,0.0098,2.45,1.23,0.0546,0.0274,1.48,0.26,0.033,0.0058,2.85,1.63,0.0635,0.0363,0.32,-0.9,0.0071,-0.02,-1.46,-2.68,-0.0325,-0.0597,2.13,0.91,0.0475,0.0203,-4.27,-5.49,-0.0951,-0.1223,-0.43,-1.65,-0.0096,-0.0368,9.79,8.57,0.2181,0.1909,10.0,8.78,0.2228,0.1956,15.24,14.02,0.3396,0.3123,18.95,17.73,0.4223,0.395,13.51,12.29,0.301,0.2738,,,,
2023-09-15,4497.9800000000005,4489.95,-47.63,-39.6,-1.0589,-0.882,0,-50.77,8.03,-42.74,-9.01,-0.98,-0.2003,-0.0218,-12.89,-4.86,-0.2866,-0.1082,-11.72,-3.69,-0.2606,-0.0822,-8.53,-0.5,-0.1896,-0.0111,-12.28,-4.25,-0.273,-0.0947,-15.51,-7.48,-0.3448,-0.1666,-17.24,-9.21,-0.3833,-0.2051,-13.41,-5.38,-0.2981,-0.1198,-22.85,-14.82,-0.508,-0.3301,-21.46,-13.43,-0.4771,-0.2991,-35.27,-27.24,-0.7841,-0.6067,-31.67,-23.64,-0.7041,-0.5265,-30.85,-22.82,-0.6859,-0.5082,-50.0,-41.97,-1.1116,-0.9348,-48.5,-40.47,-1.0783,-0.9013,,,,
2023-09-18,4445.13,4447.62,8.45,5.96,0.1901,0.134,21.23,-3.02,18.74,-5.51,1.47,-1.02,0.0331,-0.0229,0.99,-1.5,0.0223,-0.0337,3.71,1.22,0.0835,0.0274,5.83,3.34,0.1312,0.0751,4.6,2.11,0.1035,0.0474,-1.03,-3.52,-0.0232,-0.0791,1.08,-1.41,0.0243,-0.0317,2.16,-0.33,0.0486,-0.0074,6.68,4.19,0.1503,0.0942,6.5,4.01,0.1462,0.0902,8.01,5.52,0.1802,0.1241,13.28,10.79,0.2988,0.2426,20.27,17.78,0.456,0.3998,17.28,14.79,0.3887,0.3325,12.65,10.16,0.2846,0.2284,,,,
2023-09-19,4445.41,4443.1900000000005,-1.72,0.5,-0.0387,0.0113,4.44,-28.8,6.66,-26.58,-2.04,0.18,-0.0459,0.0041,-2.34,-0.12,-0.0526,-0.0027,-2.98,-0.76,-0.067,-0.0171,-0.28,1.94,-0.0063,0.0437,0.11,2.33,0.0025,0.0524,2.51,4.73,0.0565,0.1065,-2.4,-0.18,-0.054,-0.0041,-7.91,-5.69,-0.1779,-0.1281,-13.52,-11.3,-0.3041,-0.2543,-13.14,-10.92,-0.2956,-0.2458,-20.88,-18.66,-0.4697,-0.42,-20.72,-18.5,-0.4661,-0.4164,-23.6,-21.38,-0.5309,-0.4812,-15.17,-12.95,-0.3413,-0.2915,-6.76,-4.54,-0.1521,-0.1022,,,,
2023-09-20,4452.81,4452.84,-50.88,-50.91,-1.1426,-1.1433,8.22,-51.43,8.19,-51.46,-1.08,-1.11,-0.0243,-0.0249,0.11,0.08,0.0025,0.0018,1.06,1.03,0.0238,0.0231,1.78,1.75,0.04,0.0393,3.72,3.69,0.0835,0.0829,4.98,4.95,0.1118,0.1112,2.88,2.85,0.0647,0.064,4.76,4.73,0.1069,0.1062,0.07,0.04,0.0016,0.0009,1.37,1.34,0.0308,0.0301,0.02,-0.01,0.0004,-0.0002,-3.27,-3.3,-0.0734,-0.0741,2.17,2.14,0.0487,0.0481,-0.27,-0.3,-0.0061,-0.0067,-12.31,-12.34,-0.2765,-0.2771,,,,
2023-09-21,4374.36,4375.6,-44.95,-46.19,-1.0276,-1.0556,1.34,-45.19,0.1,-46.43,-0.23,-1.47,-0.0053,-0.0336,-1.91,-3.15,-0.0437,-0.072,-7.44,-8.68,-0.1701,-0.1984,-3.84,-5.08,-0.0878,-0.1161,-8.59,-9.83,-0.1964,-0.2247,-8.65,-9.89,-0.1977,-0.226,-11.51,-12.75,-0.2631,-0.2914,-17.4,-18.64,-0.3978,-0.426,-8.71,-9.95,-0.1991,-0.2274,-11.49,-12.73,-0.2627,-0.2909,-16.71,-17.95,-0.382,-0.4102,-18.87,-20.11,-0.4314,-0.4596,-21.18,-22.42,-0.4842,-0.5124,-10.69,-11.93,-0.2444,-0.2726,-24.24,-25.48,-0.5541,-0.5823,,,,
2023-09-22,4341.74,4338.9,-22.49,-19.65,-0.518,-0.4529,15.66,-25.25,18.5,-22.41,-1.59,1.25,-0.0366,0.0288,0.02,2.86,0.0005,0.0659,0.93,3.77,0.0214,0.0869,-3.64,-0.8,-0.0838,-0.0184,-4.74,-1.9,-0.1092,-0.0438,-1.83,1.01,-0.0421,0.0233,-3.17,-0.33,-0.073,-0.0076,-3.03,-0.19,-0.0698,-0.0044,-2.79,0.05,-0.0643,0.0012,5.02,7.86,0.1156,0.1812,9.58,12.42,0.2206,0.2862,13.51,16.35,0.3112,0.3768,6.71,9.55,0.1545,0.2201,-4.78,-1.94,-0.1101,-0.0447,-15.81,-12.97,-0.3641,-0.2989,,,,
2023-09-25,4310.62,4309.07,26.69,28.24,0.6192,0.6554,27.89,-7.92,29.44,-6.37,-4.44,-2.89,-0.103,-0.0671,-5.45,-3.9,-0.1264,-0.0905,-6.91,-5.36,-0.1603,-0.1244,-3.75,-2.2,-0.087,-0.0511,1.74,3.29,0.0404,0.0764,1.69,3.24,0.0392,0.0752,5.6,7.15,0.1299,0.1659,12.54,14.09,0.2909,0.327,9.45,11.0,0.2192,0.2553,1.11,2.66,0.0258,0.0617,-1.64,-0.09,-0.038,-0.0021,16.35,17.9,0.3793,0.4154,24.79,26.34,0.5751,0.6113,14.37,15.92,0.3334,0.3695,14.5,16.05,0.3364,0.3725,,,,
2023-09-26,4312.88,4309.2300000000005,-39.21,-35.56,-0.9091,-0.8252,0.13,-46.9,3.78,-43.25,-6.6,-2.95,-0.153,-0.0685,-5.42,-1.77,-0.1257,-0.0411,-4.48,-0.83,-0.1039,-0.0193,-3.7,-0.05,-0.0858,-0.0012,-3.58,0.07,-0.083,0.0016,-2.41,1.24,-0.0559,0.0288,-9.98,-6.33,-0.2314,-0.1469,-9.44,-5.79,-0.2189,-0.1344,-23.48,-19.83,-0.5444,-0.4602,-18.27,-14.62,-0.4236,-0.3393,-16.62,-12.97,-0.3854,-0.301,-29.15,-25.5,-0.6759,-0.5918,-22.16,-18.51,-0.5138,-0.4295,-26.46,-22.81,-0.6135,-0.5293,-38.76,-35.11,-0.8987,-0.8148,,,,
2023-09-27,4282.63,4288.8,-7.91,-14.08,-0.1847,-0.3283,9.44,-44.0,3.27,-50.17,7.14,0.97,0.1667,0.0226,6.48,0.31,0.1513,0.0072,6.22,0.05,0.1452,0.0012,4.44,-1.73,0.1037,-0.0403,0.97,-5.2,0.0226,-0.1212,5.35,-0.82,0.1249,-0.0191,2.08,-4.09,0.0486,-0.0954,1.65,-4.52,0.0385,-0.1054,-7.26,-13.43,-0.1695,-0.3131,-0.28,-6.45,-0.0065,-0.1504,-14.27,-20.44,-0.3332,-0.4766,-7.62,-13.79,-0.1779,-0.3215,-22.77,-28.94,-0.5317,-0.6748,-38.09,-44.26,-0.8894,-1.032,-19.91,-26.08,-0.4649,-0.6081,,,,
2023-09-28,4269.65,4266.51,29.61,32.75,0.6935,0.7676,47.62,-5.27,50.76,-2.13,0.73,3.87,0.0171,0.0907,0.01,3.15,0.0002,0.0738,3.05,6.19,0.0714,0.1451,5.72,8.86,0.134,0.2077,1.11,4.25,0.026,0.0996,0.59,3.73,0.0138,0.0874,0.94,4.08,0.022,0.0956,16.98,20.12,0.3977,0.4716,13.21,16.35,0.3094,0.3832,3.61,6.75,0.0846,0.1582,17.67,20.81,0.4139,0.4878,30.38,33.52,0.7115,0.7857,46.87,50.01,1.0977,1.1722,27.2,30.34,0.6371,0.7111,33.28,36.42,0.7795,0.8536,,,,
2023-09-29,4328.18,4329.02,-39.05,-39.89,-0.9022,-0.9215,4.97,-53.32,4.13,-54.16,0.65,-0.19,0.015,-0.0044,-1.27,-2.11,-0.0293,-0.0487,-1.38,-2.22,-0.0319,-0.0513,-0.87,-1.71,-0.0201,-0.0395,-3.35,-4.19,-0.0774,-0.0968,-2.71,-3.55,-0.0626,-0.082,-5.13,-5.97,-0.1185,-0.1379,4.33,3.49,0.1,0.0806,-3.42,-4.26,-0.079,-0.0984,-8.5,-9.34,-0.1964,-0.2158,-7.56,-8.4,-0.1747,-0.194,-11.92,-12.76,-0.2754,-0.2948,-18.23,-19.07,-0.4212,-0.4405,-37.82,-38.66,-0.8738,-0.893,-49.76,-50.6,-1.1497,-1.1689,,,,
2023-10-02,4284.52,4277.89,3.72,10.35,0.0868,0.2419,16.06,-24.31,22.69,-17.68,-1.11,5.52,-0.0259,0.129,0.17,6.8,0.004,0.159,0.56,7.19,0.0131,0.1681,4.75,11.38,0.1109,0.266,4.31,10.94,0.1006,0.2557,2.16,8.79,0.0504,0.2055,-1.0,5.63,-0.0233,0.1316,5.57,12.2,0.13,0.2852,2.55,9.18,0.0595,0.2146,-4.59,2.04,-0.1071,0.0477,-4.03,2.6,-0.0941,0.0608,14.11,20.74,0.3293,0.4848,-14.88,-8.25,-0.3473,-0.1929,-11.69,-5.06,-0.2728,-0.1183,-18.99,-12.36,-0.4432,-0.2889,,,,
2023-10-03,4269.75,4268.0,-39.46,-37.71,-0.9242,-0.8836,11.4,-53.3,13.15,-51.55,-4.09,-2.34,-0.0958,-0.0548,-1.61,0.14,-0.0377,0.0033,-3.04,-1.29,-0.0712,-0.0302,-3.04,-1.29,-0.0712,-0.0302,-2.39,-0.64,-0.056,-0.015,0.9,2.65,0.0211,0.0621,8.17,9.92,0.1913,0.2324,-4.54,-2.79,-0.1063,-0.0654,-24.89,-23.14,-0.5829,-0.5422,-28.44,-26.69,-0.6661,-0.6254,-36.97,-35.22,-0.8659,-0.8252,-38.08,-36.33,-0.8919,-0.8512,-30.95,-29.2,-0.7249,-0.6842,-37.67,-35.92,-0.8823,-0.8416,-49.45,-47.7,-1.1581,-1.1176,,,,
2023-10-04,4233.83,4238.87,29.79,24.75,0.7036,0.5839,34.67,-13.35,29.63,-18.39,4.81,-0.23,0.1136,-0.0054,6.04,1.0,0.1427,0.0236,6.78,1.74,0.1601,0.041,6.47,1.43,0.1528,0.0337,8.34,3.3,0.197,0.0779,4.63,-0.41,0.1094,-0.0097,4.15,-0.89,0.098,-0.021,1.58,-3.46,0.0373,-0.0816,-2.64,-7.68,-0.0624,-0.1812,-8.51,-13.55,-0.201,-0.3197,-11.85,-16.89,-0.2799,-0.3985,7.61,2.57,0.1797,0.0606,20.23,15.19,0.4778,0.3584,6.22,1.18,0.1469,0.0278,6.95,1.91,0.1642,0.0451,,,,
2023-10-05,4259.31,4257.66,-1.06,0.59,-0.0249,0.0139,7.82,-33.4,9.47,-31.75,2.41,4.06,0.0566,0.0954,0.79,2.44,0.0185,0.0573,2.94,4.59,0.069,0.1078,6.23,7.88,0.1463,0.1851,-4.7,-3.05,-0.1103,-0.0716,-7.36,-5.71,-0.1728,-0.1341,-7.07,-5.42,-0.166,-0.1273,-8.3,-6.65,-0.1949,-0.1562,-14.86,-13.21,-0.3489,-0.3103,-12.49,-10.84,-0.2932,-0.2546,-28.54,-26.89,-0.6701,-0.6316,-26.06,-24.41,-0.6118,-0.5733,-12.01,-10.36,-0.282,-0.2433,-17.95,-16.3,-0.4214,-0.3828,-2.05,-0.4,-0.0481,-0.0094,,,,
2023-10-06,4234.79,4235.41,73.1,72.48,1.7262,1.7113,89.31,-15.24,88.69,-15.86,3.48,2.86,0.0822,0.0675,5.8,5.18,0.137,0.1223,6.49,5.87,0.1533,0.1386,1.07,0.45,0.0253,0.0106,-9.61,-10.23,-0.2269,-0.2415,1.0,0.38,0.0236,0.009,-5.22,-5.84,-0.1233,-0.1379,-3.98,-4.6,-0.094,-0.1086,-2.74,-3.36,-0.0647,-0.0793,12.54,11.92,0.2961,0.2814,17.77,17.15,0.4196,0.4049,39.48,38.86,0.9323,0.9175,60.83,60.21,1.4364,1.4216,72.99,72.37,1.7236,1.7087,81.91,81.29,1.9342,1.9193,,,,
2023-10-09,4289.02,4290.36,46.83,45.49,1.0919,1.0603,52.71,-5.23,51.37,-6.57,2.77,1.43,0.0646,0.0333,0.79,-0.55,0.0184,-0.0128,0.54,-0.8,0.0126,-0.0186,-0.45,-1.79,-0.0105,-0.0417,3.92,2.58,0.0914,0.0601,10.75,9.41,0.2506,0.2193,10.48,9.14,0.2443,0.213,14.11,12.77,0.329,0.2976,8.15,6.81,0.19,0.1587,6.53,5.19,0.1522,0.121,-1.66,-3.0,-0.0387,-0.0699,13.03,11.69,0.3038,0.2725,17.4,16.06,0.4057,0.3743,25.15,23.81,0.5864,0.555,49.12,47.78,1.1452,1.1137,,,,
2023-10-10,4339.75,4340.88,18.88,17.75,0.435,0.4089,45.71,-0.11,44.58,-1.24,3.98,2.85,0.0917,0.0657,4.97,3.84,0.1145,0.0885,6.02,4.89,0.1387,0.1126,4.19,3.06,0.0965,0.0705,0.94,-0.19,0.0217,-0.0044,3.53,2.4,0.0813,0.0553,6.55,5.42,0.1509,0.1249,13.96,12.83,0.3217,0.2956,21.72,20.59,0.5005,0.4743,24.68,23.55,0.5687,0.5425,25.76,24.63,0.5936,0.5674,37.24,36.11,0.8581,0.8319,43.73,42.6,1.0077,0.9814,27.45,26.32,0.6325,0.6063,22.16,21.03,0.5106,0.4845,,,,
2023-10-11,4366.59,4373.87,10.21,2.93,0.2338,0.067,12.05,-21.25,4.77,-28.53,8.98,1.7,0.2057,0.0389,10.04,2.76,0.2299,0.0631,8.34,1.06,0.191,0.0242,8.87,1.59,0.2031,0.0364,8.63,1.35,0.1976,0.0309,6.45,-0.83,0.1477,-0.019,5.94,-1.34,0.136,-0.0306,-0.82,-8.1,-0.0188,-0.1852,-5.23,-12.51,-0.1198,-0.286,-4.84,-12.12,-0.1108,-0.2771,2.14,-5.14,0.049,-0.1175,-6.44,-13.72,-0.1475,-0.3137,-14.31,-21.59,-0.3277,-0.4936,-18.05,-25.33,-0.4134,-0.5791,-6.75,-14.03,-0.1546,-0.3208,,,,
2023-10-12,4380.9400000000005,4380.18,-31.49,-30.73,-0.7188,-0.7016,4.91,-55.51,5.67,-54.75,-3.23,-2.47,-0.0737,-0.0564,-1.67,-0.91,-0.0381,-0.0208,-3.63,-2.87,-0.0829,-0.0655,-2.14,-1.38,-0.0488,-0.0315,-5.32,-4.56,-0.1214,-0.1041,-9.13,-8.37,-0.2084,-0.1911,-8.41,-7.65,-0.192,-0.1747,-13.29,-12.53,-0.3034,-0.2861,-7.13,-6.37,-0.1628,-0.1454,-9.16,-8.4,-0.2091,-0.1918,-8.68,-7.92,-0.1981,-0.1808,-7.36,-6.6,-0.168,-0.1507,3.83,4.59,0.0874,0.1048,-33.81,-33.05,-0.7718,-0.7545,-43.97,-43.21,-1.0037,-0.9865,,,,
2023-10-13,4360.49,4369.75,-32.15,-41.41,-0.7373,-0.9477,16.61,-48.52,7.35,-57.78,6.86,-2.4,0.1573,-0.0549,8.97,-0.29,0.2057,-0.0066,8.79,-0.47,0.2016,-0.0108,9.31,0.05,0.2135,0.0011,15.5,6.24,0.3555,0.1428,7.87,-1.39,0.1805,-0.0318,13.65,4.39,0.313,0.1005,4.2,-5.06,0.0963,-0.1158,-1.73,-10.99,-0.0397,-0.2515,-4.97,-14.23,-0.114,-0.3256,-20.84,-30.1,-0.4779,-0.6888,-28.58,-37.84,-0.6554,-0.866,-18.75,-28.01,-0.43,-0.641,-47.11,-56.37,-1.0804,-1.29,-31.39,-40.65,-0.7199,-0.9303,,,,
2023-10-16,4342.37,4346.92,29.56,25.01,0.6807,0.5753,40.96,0,36.41,-4.55,11.0,6.45,0.2533,0.1484,11.07,6.52,0.2549,0.15,14.18,9.63,0.3265,0.2215,15.6,11.05,0.3593,0.2542,12.14,7.59,0.2796,0.1746,8.77,4.22,0.202,0.0971,12.4,7.85,0.2856,0.1806,12.83,8.28,0.2955,0.1905,20.47,15.92,0.4714,0.3662,33.27,28.72,0.7662,0.6607,40.48,35.93,0.9322,0.8266,35.83,31.28,0.8251,0.7196,32.15,27.6,0.7404,0.6349,26.45,21.9,0.6091,0.5038,30.4,25.85,0.7001,0.5947,,,,
2023-10-17,4345.2300000000005,4342.14,27.75,30.84,0.6386,0.7102,48.34,-7.69,51.43,-4.6,-2.27,0.82,-0.0522,0.0189,-0.59,2.5,-0.0136,0.0576,-2.06,1.03,-0.0474,0.0237,-3.09,0.0,-0.0711,0.0,-0.19,2.9,-0.0044,0.0668,-3.88,-0.79,-0.0893,-0.0182,-2.7,0.39,-0.0621,0.009,-4.01,-0.92,-0.0923,-0.0212,13.74,16.83,0.3162,0.3876,14.25,17.34,0.3279,0.3993,19.99,23.08,0.46,0.5315,27.26,30.35,0.6274,0.699,47.3,50.39,1.0885,1.1605,29.87,32.96,0.6874,0.7591,19.04,22.13,0.4382,0.5097,,,,
2023-10-18,4357.35,4355.4,-43.75,-41.8,-1.0041,-0.9597,6.85,-53.51,8.8,-51.56,-4.92,-2.97,-0.1129,-0.0682,-4.25,-2.3,-0.0975,-0.0528,-2.54,-0.59,-0.0583,-0.0135,-0.68,1.27,-0.0156,0.0292,-6.59,-4.64,-0.1512,-0.1065,-6.5,-4.55,-0.1492,-0.1045,-7.26,-5.31,-0.1666,-0.1219,-6.93,-4.98,-0.159,-0.1143,-6.7,-4.75,-0.1538,-0.1091,-9.74,-7.79,-0.2235,-0.1789,-18.38,-16.43,-0.4218,-0.3772,-16.17,-14.22,-0.3711,-0.3265,-24.27,-22.32,-0.557,-0.5125,-16.53,-14.58,-0.3794,-0.3348,-19.79,-17.84,-0.4542,-0.4096,,,,
2023-10-19,4321.36,4324.07,-43.78,-46.49,-1.0131,-1.0751,18.18,-51.67,15.47,-54.38,2.77,0.06,0.0641,0.0014,4.56,1.85,0.1055,0.0428,0.81,-1.9,0.0187,-0.0439,-0.44,-3.15,-0.0102,-0.0728,-3.54,-6.25,-0.0819,-0.1445,-3.91,-6.62,-0.0905,-0.1531,-3.16,-5.87,-0.0731,-0.1358,-3.1,-5.81,-0.0717,-0.1344,-0.63,-3.34,-0.0146,-0.0772,-19.97,-22.68,-0.4621,-0.5245,-17.65,-20.36,-0.4084,-0.4709,-14.72,-17.43,-0.3406,-0.4031,-7.13,-9.84,-0.165,-0.2276,3.5,0.79,0.081,0.0183,-25.01,-27.72,-0.5788,-0.6411,,,,
2023-10-20,4273.85,4270.37,-50.27,-46.79,-1.1762,-1.0957,2.71,-50.82,6.19,-47.34,-5.33,-1.85,-0.1247,-0.0433,-6.26,-2.78,-0.1465,-0.0651,-6.12,-2.64,-0.1432,-0.0618,-2.91,0.57,-0.0681,0.0133,-1.85,1.63,-0.0433,0.0382,-5.12,-1.64,-0.1198,-0.0384,-3.25,0.23,-0.076,0.0054,-12.14,-8.66,-0.2841,-0.2028,-23.78,-20.3,-0.5564,-0.4754,-29.51,-26.03,-0.6905,-0.6095,-35.41,-31.93,-0.8285,-0.7477,-40.96,-37.48,-0.9584,-0.8777,-30.63,-27.15,-0.7167,-0.6358,-21.24,-17.76,-0.497,-0.4159,-37.42,-33.94,-0.8756,-0.7948,,,,
2023-10-23,4210.4,4209.43,7.21,8.18,0.1712,0.1943,45.44,-21.18,46.41,-20.21,-5.67,-4.7,-0.1347,-0.1117,-5.35,-4.38,-0.1271,-0.1041,-6.27,-5.3,-0.1489,-0.1259,-9.6,-8.63,-0.228,-0.205,-14.28,-13.31,-0.3392,-0.3162,-13.95,-12.98,-0.3313,-0.3084,-3.87,-2.9,-0.0919,-0.0689,6.6,7.57,0.1568,0.1798,8.5,9.47,0.2019,0.225,9.61,10.58,0.2282,0.2513,14.22,15.19,0.3377,0.3609,26.68,27.65,0.6337,0.6569,29.23,30.2,0.6942,0.7174,29.02,29.99,0.6892,0.7124,26.99,27.96,0.641,0.6642,,,,
2023-10-24,4235.79,4239.7,11.83,7.92,0.2793,0.1868,23.59,-16.36,19.68,-20.27,4.36,0.45,0.1029,0.0106,4.79,0.88,0.1131,0.0208,8.05,4.14,0.19,0.0976,10.42,6.51,0.246,0.1535,12.98,9.07,0.3064,0.2139,2.77,-1.14,0.0654,-0.0269,2.55,-1.36,0.0602,-0.0321,13.17,9.26,0.3109,0.2184,10.88,6.97,0.2569,0.1644,17.13,13.22,0.4044,0.3118,13.44,9.53,0.3173,0.2248,4.77,0.86,0.1126,0.0203,-8.64,-12.55,-0.204,-0.296,1.01,-2.9,0.0238,-0.0684,7.69,3.78,0.1815,0.0892,,,,
2023-10-25,4232.42,4226.37,-45.44,-39.39,-1.0736,-0.932,0,-51.0,6.05,-44.95,-8.49,-2.44,-0.2006,-0.0577,-9.38,-3.33,-0.2216,-0.0788,-8.66,-2.61,-0.2046,-0.0618,-11.61,-5.56,-0.2743,-0.1316,-13.56,-7.51,-0.3204,-0.1777,-23.85,-17.8,-0.5635,-0.4212,-24.19,-18.14,-0.5715,-0.4292,-27.83,-21.78,-0.6575,-0.5153,-26.92,-20.87,-0.636,-0.4938,-26.53,-20.48,-0.6268,-0.4846,-15.54,-9.49,-0.3672,-0.2245,-11.26,-5.21,-0.266,-0.1233,-27.4,-21.35,-0.6474,-0.5052,-43.41,-37.36,-1.0257,-0.884,-41.82,-35.77,-0.9881,-0.8464,,,,
2023-10-26,4175.99,4173.52,-39.67,-37.2,-0.95,-0.8913,7.61,-48.09,10.08,-45.62,2.71,5.18,0.0649,0.1241,3.94,6.41,0.0943,0.1536,7.58,10.05,0.1815,0.2408,2.41,4.88,0.0577,0.1169,-3.65,-1.18,-0.0874,-0.0283,3.91,6.38,0.0936,0.1529,-8.68,-6.21,-0.2079,-0.1488,-15.81,-13.34,-0.3786,-0.3196,-14.51,-12.04,-0.3475,-0.2885,-10.29,-7.82,-0.2464,-0.1874,-0.78,1.69,-0.0187,0.0405,-20.73,-18.26,-0.4964,-0.4375,-35.55,-33.08,-0.8513,-0.7926,-46.65,-44.18,-1.1171,-1.0586,-24.13,-21.66,-0.5778,-0.519,,,,
2023-10-27,4152.93,4152.53,-34.63,-34.23,-0.8339,-0.8243,3.77,-49.15,4.17,-48.75,0.72,1.12,0.0173,0.027,1.17,1.57,0.0282,0.0378,0.22,0.62,0.0053,0.0149,-3.49,-3.09,-0.084,-0.0744,-8.29,-7.89,-0.1996,-0.19,-7.02,-6.62,-0.169,-0.1594,-13.56,-13.16,-0.3265,-0.3169,-13.93,-13.53,-0.3354,-0.3258,-6.44,-6.04,-0.1551,-0.1455,-11.86,-11.46,-0.2856,-0.276,-8.84,-8.44,-0.2129,-0.2032,-3.02,-2.62,-0.0727,-0.0631,-17.22,-16.82,-0.4146,-0.4051,-37.16,-36.76,-0.8948,-0.8852,-44.93,-44.53,-1.0819,-1.0724,,,,
2023-10-30,4139.39,4146.74,27.12,19.77,0.6552,0.4768,38.08,-6.45,30.73,-13.8,9.59,2.24,0.2317,0.054,12.73,5.38,0.3075,0.1297,13.77,6.42,0.3327,0.1548,13.0,5.65,0.3141,0.1363,16.81,9.46,0.4061,0.2281,21.12,13.77,0.5102,0.3321,23.6,16.25,0.5701,0.3919,18.15,10.8,0.4385,0.2604,8.48,1.13,0.2049,0.0273,-0.89,-8.24,-0.0215,-0.1987,5.51,-1.84,0.1331,-0.0444,1.94,-5.41,0.0469,-0.1305,6.19,-1.16,0.1495,-0.028,24.47,17.12,0.5911,0.4129,25.29,17.94,0.611,0.4326,,,,
2023-10-31,4171.33,4169.08,22.02,24.27,0.5279,0.5821,24.22,-18.21,26.47,-15.96,-4.08,-1.83,-0.0978,-0.0439,-3.56,-1.31,-0.0853,-0.0314,-3.76,-1.51,-0.0901,-0.0362,-9.31,-7.06,-0.2232,-0.1693,-12.31,-10.06,-0.2951,-0.2413,-10.9,-8.65,-0.2613,-0.2075,-13.33,-11.08,-0.3196,-0.2658,-15.06,-12.81,-0.361,-0.3073,-0.58,1.67,-0.0139,0.0401,-2.17,0.08,-0.052,0.0019,4.66,6.91,0.1117,0.1657,-3.93,-1.68,-0.0942,-0.0403,0.48,2.73,0.0115,0.0655,10.85,13.1,0.2601,0.3142,10.61,12.86,0.2544,0.3085,,,,
2023-11-01,4201.27,4200.9,36.34,36.71,0.865,0.8739,44.37,-3.53,44.74,-3.16,-3.29,-2.92,-0.0783,-0.0695,0.17,0.54,0.004,0.0129,-2.32,-1.95,-0.0552,-0.0464,-0.69,-0.32,-0.0164,-0.0076,0.47,0.84,0.0112,0.02,0.43,0.8,0.0102,0.019,6.52,6.89,0.1552,0.164,6.63,7.0,0.1578,0.1666,11.08,11.45,0.2637,0.2726,21.97,22.34,0.5229,0.5318,20.93,21.3,0.4982,0.507,12.7,13.07,0.3023,0.3111,10.94,11.31,0.2604,0.2692,7.15,7.52,0.1702,0.179,16.85,17.22,0.4011,0.4099,,,,
2023-11-02,4268.26,4277.02,49.7,40.94,1.1644,0.9572,51.46,0,42.7,-8.76,12.3,3.54,0.2882,0.0828,16.41,7.65,0.3845,0.1789,18.15,9.39,0.4252,0.2195,18.99,10.23,0.4449,0.2392,21.37,12.61,0.5007,0.2948,13.09,4.33,0.3067,0.1012,16.41,7.65,0.3845,0.1789,19.52,10.76,0.4573,0.2516,12.38,3.62,0.29,0.0846,25.73,16.97,0.6028,0.3968,34.11,25.35,0.7992,0.5927,29.97,21.21,0.7022,0.4959,30.21,21.45,0.7078,0.5015,41.24,32.48,0.9662,0.7594,43.1,34.34,1.0098,0.8029,,,,
2023-11-03,4334.2300000000005,4340.31,23.88,17.8,0.551,0.4101,39.39,0,33.31,-6.08,11.7,5.62,0.2699,0.1295,11.54,5.46,0.2663,0.1258,11.13,5.05,0.2568,0.1164,10.85,4.77,0.2503,0.1099,11.78,5.7,0.2718,0.1313,19.22,13.14,0.4434,0.3027,20.56,14.48,0.4744,0.3336,24.05,17.97,0.5549,0.414,15.93,9.85,0.3675,0.2269,15.69,9.61,0.362,0.2214,19.08,13.0,0.4402,0.2995,20.0,13.92,0.4614,0.3207,33.37,27.29,0.7699,0.6288,28.83,22.75,0.6652,0.5242,33.02,26.94,0.7618,0.6207,,,,
2023-11-06,4364.27,4371.78,2.46,-5.05,0.0564,-0.1155,7.94,-16.74,0.43,-24.25,6.97,-0.54,0.1597,-0.0124,4.16,-3.35,0.0953,-0.0766,5.05,-2.46,0.1157,-0.0563,2.33,-5.18,0.0534,-0.1185,2.04,-5.47,0.0467,-0.1251,-0.7,-8.21,-0.016,-0.1878,-0.88,-8.39,-0.0202,-0.1919,2.61,-4.9,0.0598,-0.1121,-4.18,-11.69,-0.0958,-0.2674,-1.45,-8.96,-0.0332,-0.205,0.46,-7.05,0.0105,-0.1613,-0.02,-7.53,-0.0005,-0.1722,-3.45,-10.96,-0.0791,-0.2507,-12.81,-20.32,-0.2935,-0.4648,-11.37,-18.88,-0.2605,-0.4319,,,,
2023-11-07,4366.21,4366.55,12.6,12.26,0.2886,0.2808,20.05,-10.8,19.71,-11.14,-2.62,-2.96,-0.06,-0.0678,-3.4,-3.74,-0.0779,-0.0857,-6.84,-7.18,-0.1567,-0.1644,-7.12,-7.46,-0.1631,-0.1708,-9.49,-9.83,-0.2174,-0.2251,-6.87,-7.21,-0.1573,-0.1651,-3.44,-3.78,-0.0788,-0.0866,3.53,3.19,0.0808,0.0731,-0.24,-0.58,-0.0055,-0.0133,9.02,8.68,0.2066,0.1988,15.45,15.11,0.3539,0.346,15.73,15.39,0.3603,0.3525,3.49,3.15,0.0799,0.0721,15.89,15.55,0.3639,0.3561,18.27,17.93,0.4184,0.4106,,,,
2023-11-08,4384.37,4386.58,-1.39,-3.6,-0.0317,-0.0821,6.83,-24.61,4.62,-26.82,2.75,0.54,0.0627,0.0123,4.2,1.99,0.0958,0.0454,2.59,0.38,0.0591,0.0087,3.14,0.93,0.0716,0.0212,1.54,-0.67,0.0351,-0.0153,2.32,0.11,0.0529,0.0025,4.59,2.38,0.1047,0.0543,1.82,-0.39,0.0415,-0.0089,-3.08,-5.29,-0.0702,-0.1206,-4.41,-6.62,-0.1006,-0.1509,-6.74,-8.95,-0.1537,-0.204,-9.6,-11.81,-0.219,-0.2692,-20.01,-22.22,-0.4564,-0.5065,-9.46,-11.67,-0.2158,-0.266,-3.14,-5.35,-0.0716,-0.122,,,,
2023-11-09,4391.41,4390.64,-43.98,-43.21,-1.0015,-0.9841,1.99,-47.47,2.76,-46.7,-2.34,-1.57,-0.0533,-0.0358,-3.15,-2.38,-0.0717,-0.0542,-3.56,-2.79,-0.0811,-0.0635,-6.14,-5.37,-0.1398,-0.1223,-8.36,-7.59,-0.1904,-0.1729,-8.53,-7.76,-0.1942,-0.1767,-9.89,-9.12,-0.2252,-0.2077,-5.21,-4.44,-0.1186,-0.1011,-13.07,-12.3,-0.2976,-0.2801,-17.77,-17.0,-0.4047,-0.3872,-11.67,-10.9,-0.2657,-0.2483,-7.76,-6.99,-0.1767,-0.1592,-9.33,-8.56,-0.2125,-0.195,-20.95,-20.18,-0.4771,-0.4596,-32.9,-32.13,-0.7492,-0.7318,,,,
2023-11-10,4364.15,4363.95,51.74,51.94,1.1856,1.1902,53.88,-10.81,54.08,-10.61,0.41,0.61,0.0094,0.014,-2.13,-1.93,-0.0488,-0.0442,-3.58,-3.38,-0.082,-0.0775,-4.95,-4.75,-0.1134,-0.1088,1.3,1.5,0.0298,0.0344,4.67,4.87,0.107,0.1116,2.89,3.09,0.0662,0.0708,0.76,0.96,0.0174,0.022,-4.78,-4.58,-0.1095,-0.105,-7.16,-6.96,-0.1641,-0.1595,1.98,2.18,0.0454,0.05,10.16,10.36,0.2328,0.2374,18.97,19.17,0.4347,0.4393,37.18,37.38,0.8519,0.8566,42.91,43.11,0.9832,0.9879,,,,
2023-11-13,4406.66,4404.04,4.46,7.08,0.1012,0.1608,15.1,-12.84,17.72,-10.22,-3.37,-0.75,-0.0765,-0.017,-4.04,-1.42,-0.0917,-0.0322,-6.99,-4.37,-0.1586,-0.0992,-9.42,-6.8,-0.2138,-0.1544,-10.56,-7.94,-0.2396,-0.1803,-10.81,-8.19,-0.2453,-0.186,-8.7,-6.08,-0.1974,-0.1381,-11.34,-8.72,-0.2573,-0.198,-9.64,-7.02,-0.2188,-0.1594,-6.74,-4.12,-0.153,-0.0936,0.3,2.92,0.0068,0.0663,5.92,8.54,0.1343,0.1939,9.11,11.73,0.2067,0.2663,2.3,4.92,0.0522,0.1117,11.59,14.21,0.263,0.3227,,,,
2023-11-14,4458.97,4471.9400000000005,36.86,23.89,0.8266,0.5342,49.7,0,36.73,-12.97,13.45,0.48,0.3016,0.0107,16.72,3.75,0.375,0.0839,13.02,0.05,0.292,0.0011,17.28,4.31,0.3875,0.0964,17.99,5.02,0.4035,0.1123,23.45,10.48,0.5259,0.2344,23.73,10.76,0.5322,0.2406,31.4,18.43,0.7042,0.4121,30.72,17.75,0.6889,0.3969,37.64,24.67,0.8441,0.5517,40.12,27.15,0.8998,0.6071,43.15,30.18,0.9677,0.6749,31.52,18.55,0.7069,0.4148,38.33,25.36,0.8596,0.5671,36.04,23.07,0.8083,0.5159,,,,
2023-11-15,4505.3,4508.9400000000005,-1.68,-5.32,-0.0373,-0.118,15.87,-9.99,12.23,-13.63,5.83,2.19,0.1294,0.0486,6.4,2.76,0.1421,0.0612,5.69,2.05,0.1263,0.0455,7.82,4.18,0.1736,0.0927,5.12,1.48,0.1136,0.0328,2.62,-1.02,0.0582,-0.0226,1.4,-2.24,0.0311,-0.0497,2.84,-0.8,0.063,-0.0177,5.9,2.26,0.131,0.0501,10.76,7.12,0.2388,0.1579,14.34,10.7,0.3183,0.2373,9.99,6.35,0.2217,0.1408,3.79,0.15,0.0841,0.0033,-1.43,-5.07,-0.0317,-0.1124,6.41,2.77,0.1423,0.0614,,,,
2023-11-16,4497.08,4499.59,11.35,8.84,0.2524,0.1965,14.91,-9.25,12.4,-11.76,2.57,0.06,0.0571,0.0013,1.18,-1.33,0.0262,-0.0296,3.05,0.54,0.0678,0.012,3.51,1.0,0.0781,0.0222,3.4,0.89,0.0756,0.0198,7.99,5.48,0.1777,0.1218,9.05,6.54,0.2012,0.1453,14.2,11.69,0.3158,0.2598,7.08,4.57,0.1574,0.1016,9.84,7.33,0.2188,0.1629,-2.15,-4.66,-0.0478,-0.1036,-8.45,-10.96,-0.1879,-0.2436,2.35,-0.16,0.0523,-0.0036,3.5,0.99,0.0778,0.022,-0.72,-3.23,-0.016,-0.0718,,,,
2023-11-17,4509.55,4511.51,4.36,2.4,0.0967,0.0532,10.57,-9.89,8.61,-11.85,0.57,-1.39,0.0126,-0.0308,-1.49,-3.45,-0.033,-0.0765,-1.83,-3.79,-0.0406,-0.084,-1.75,-3.71,-0.0388,-0.0822,-6.69,-8.65,-0.1484,-0.1917,-4.22,-6.18,-0.0936,-0.137,-4.66,-6.62,-0.1033,-0.1467,-3.77,-5.73,-0.0836,-0.127,-1.87,-3.83,-0.0415,-0.0849,-2.39,-4.35,-0.053,-0.0964,-2.49,-4.45,-0.0552,-0.0986,-5.26,-7.22,-0.1166,-0.16,-1.33,-3.29,-0.0295,-0.0729,5.77,3.81,0.128,0.0845,5.31,3.35,0.1178,0.0743,,,,
2023-11-20,4511.7,4513.28,36.46,34.88,0.8081,0.7728,45.41,-1.34,43.83,-2.92,5.09,3.51,0.1128,0.0778,4.46,2.88,0.0989,0.0638,4.32,2.74,0.0958,0.0607,7.36,5.78,0.1631,0.1281,8.05,6.47,0.1784,0.1434,9.09,7.51,0.2015,0.1664,10.5,8.92,0.2327,0.1976,14.22,12.64,0.3152,0.2801,14.41,12.83,0.3194,0.2843,13.83,12.25,0.3065,0.2714,21.13,19.55,0.4683,0.4332,20.54,18.96,0.4553,0.4201,22.36,20.78,0.4956,0.4604,32.3,30.72,0.7159,0.6807,34.77,33.19,0.7707,0.7354,,,,
2023-11-21,4538.77,4536.05,-0.07,2.65,-0.0015,0.0584,3.37,-13.26,6.09,-10.54,-2.98,-0.26,-0.0657,-0.0057,-2.4,0.32,-0.0529,0.0071,-2.1,0.62,-0.0463,0.0137,-2.37,0.35,-0.0522,0.0077,-2.01,0.71,-0.0443,0.0157,-4.59,-1.87,-0.1011,-0.0412,-2.36,0.36,-0.052,0.0079,-3.32,-0.6,-0.0731,-0.0132,-3.28,-0.56,-0.0723,-0.0123,-12.32,-9.6,-0.2714,-0.2116,-6.0,-3.28,-0.1322,-0.0723,-8.26,-5.54,-0.182,-0.1221,-0.98,1.74,-0.0216,0.0384,-4.2,-1.48,-0.0925,-0.0326,-1.08,1.64,-0.0238,0.0362,,,,
2023-11-22,4553.04,4557.83,3.19,-1.6,0.0701,-0.0351,15.39,-7.99,10.6,-12.78,5.5,0.71,0.1208,0.0156,7.44,2.65,0.1634,0.0581,7.79,3.0,0.1711,0.0658,10.92,6.13,0.2398,0.1345,13.22,8.43,0.2904,0.185,13.62,8.83,0.2991,0.1937,9.99,5.2,0.2194,0.1141,-3.02,-7.81,-0.0663,-0.1714,-3.24,-8.03,-0.0712,-0.1762,5.25,0.46,0.1153,0.0101,-1.3,-6.09,-0.0286,-0.1336,4.32,-0.47,0.0949,-0.0103,6.52,1.73,0.1432,0.038,8.76,3.97,0.1924,0.0871,6.11,1.32,0.1342,0.029,,,,
2023-11-24,4555.84,4553.82,3.5,5.52,0.0768,0.1212,4.47,-3.04,6.49,-1.02,1.08,3.1,0.0237,0.0681,2.94,4.96,0.0645,0.1089,3.39,5.41,0.0744,0.1188,1.09,3.11,0.0239,0.0683,-0.8,1.22,-0.0176,0.0268,-1.8,0.22,-0.0395,0.0048,-0.07,1.95,-0.0015,0.0428,3.98,6.0,0.0874,0.1318,0.35,2.37,0.0077,0.052,0.75,2.77,0.0165,0.0608,1.58,3.6,0.0347,0.0791,1.2,3.22,0.0263,0.0707,-0.89,1.13,-0.0195,0.0248,,,,,,,,,,,,
2023-11-27,4554.86,4557.97,-4.0,-7.11,-0.0878,-0.156,5.66,-8.54,2.55,-11.65,1.6,-1.51,0.0351,-0.0331,-2.54,-5.65,-0.0558,-0.124,-3.64,-6.75,-0.0799,-0.1481,-7.01,-10.12,-0.1539,-0.222,-5.7,-8.81,-0.1251,-0.1933,-5.78,-8.89,-0.1269,-0.195,-6.88,-9.99,-0.151,-0.2192,-3.43,-6.54,-0.0753,-0.1435,0.07,-3.04,0.0015,-0.0667,-1.58,-4.69,-0.0347,-0.1029,-2.59,-5.7,-0.0569,-0.1251,-0.64,-3.75,-0.0141,-0.0823,0.65,-2.46,0.0143,-0.054,2.88,-0.23,0.0632,-0.005,-0.06,-3.17,-0.0013,-0.0695,,,,
2023-11-28,4545.55,4545.84,8.74,8.45,0.1923,0.1859,22.59,-5.04,22.3,-5.33,-0.78,-1.07,-0.0172,-0.0235,-1.06,-1.35,-0.0233,-0.0297,0.39,0.1,0.0086,0.0022,0.79,0.5,0.0174,0.011,-1.35,-1.64,-0.0297,-0.0361,-2.2,-2.49,-0.0484,-0.0548,-2.62,-2.91,-0.0576,-0.064,-2.53,-2.82,-0.0557,-0.062,0.9,0.61,0.0198,0.0134,1.74,1.45,0.0383,0.0319,10.59,10.3,0.233,0.2266,16.55,16.26,0.3641,0.3577,8.94,8.65,0.1967,0.1903,5.17,4.88,0.1137,0.1074,1.89,1.6,0.0416,0.0352,,,,
2023-11-29,4571.84,4575.78,-21.19,-25.13,-0.4635,-0.5492,15.8,-24.69,11.86,-28.63,6.39,2.45,0.1398,0.0535,10.0,6.06,0.2187,0.1324,10.16,6.22,0.2222,0.1359,12.3,8.36,0.269,0.1827,10.9,6.96,0.2384,0.1521,10.3,6.36,0.2253,0.139,11.19,7.25,0.2448,0.1584,14.17,10.23,0.3099,0.2236,-1.35,-5.29,-0.0295,-0.1156,-3.19,-7.13,-0.0698,-0.1558,-1.45,-5.39,-0.0317,-0.1178,-13.95,-17.89,-0.3051,-0.391,-5.21,-9.15,-0.114,-0.2,-5.12,-9.06,-0.112,-0.198,-9.83,-13.77,-0.215,-0.3009,,,,
2023-11-30,4554.87,4557.150000000001,14.17,11.89,0.3111,0.2609,15.02,-17.63,12.74,-19.91,4.68,2.4,0.1027,0.0527,3.59,1.31,0.0788,0.0287,1.18,-1.1,0.0259,-0.0241,-1.86,-4.14,-0.0408,-0.0908,-5.05,-7.33,-0.1109,-0.1608,-7.88,-10.16,-0.173,-0.2229,-4.93,-7.21,-0.1082,-0.1582,-3.97,-6.25,-0.0872,-0.1371,-0.25,-2.53,-0.0055,-0.0555,-3.21,-5.49,-0.0705,-0.1205,-2.3,-4.58,-0.0505,-0.1005,-9.05,-11.33,-0.1987,-0.2486,-13.27,-15.55,-0.2913,-0.3412,-16.3,-18.58,-0.3579,-0.4077,-9.79,-12.07,-0.2149,-0.2649,,,,
2023-12-01,4559.43,4559.56,34.29,34.16,0.7521,0.7492,39.96,-4.72,39.83,-4.85,-0.37,-0.5,-0.0081,-0.011,-3.31,-3.44,-0.0726,-0.0754,-2.94,-3.07,-0.0645,-0.0673,-3.09,-3.22,-0.0678,-0.0706,2.66,2.53,0.0583,0.0555,4.73,4.6,0.1037,0.1009,2.66,2.53,0.0583,0.0555,4.73,4.6,0.1037,0.1009,3.88,3.75,0.0851,0.0822,-2.25,-2.38,-0.0493,-0.0522,2.22,2.09,0.0487,0.0458,12.88,12.75,0.2825,0.2796,32.82,32.69,0.7198,0.717,28.83,28.7,0.6323,0.6294,31.14,31.01,0.683,0.6801,,,,
2023-12-04,4564.37,4559.25,5.06,10.18,0.1109,0.2233,8.0,-17.65,13.12,-12.53,-4.7,0.42,-0.103,0.0092,-2.42,2.7,-0.053,0.0592,0.37,5.49,0.0081,0.1204,-0.19,4.93,-0.0042,0.1081,1.9,7.02,0.0416,0.154,5.55,10.67,0.1216,0.234,3.49,8.61,0.0765,0.1888,0.17,5.29,0.0037,0.116,-3.98,1.14,-0.0872,0.025,-13.14,-8.02,-0.2879,-0.1759,-16.62,-11.5,-0.3641,-0.2522,-10.62,-5.5,-0.2327,-0.1206,1.23,6.35,0.0269,0.1393,-3.23,1.89,-0.0708,0.0415,-1.99,3.13,-0.0436,0.0687,,,,
2023-12-05,4557.25,4557.27,10.7,10.68,0.2348,0.2344,21.31,-5.57,21.29,-5.59,-1.98,-2.0,-0.0434,-0.0439,-0.02,-0.04,-0.0004,-0.0009,-1.11,-1.13,-0.0244,-0.0248,-2.37,-2.39,-0.052,-0.0524,-5.17,-5.19,-0.1134,-0.1139,-4.85,-4.87,-0.1064,-0.1069,0.34,0.32,0.0075,0.007,9.26,9.24,0.2032,0.2028,6.33,6.31,0.1389,0.1385,10.59,10.57,0.2324,0.2319,19.41,19.39,0.4259,0.4255,10.14,10.12,0.2225,0.2221,8.16,8.14,0.1791,0.1786,7.53,7.51,0.1652,0.1648,9.18,9.16,0.2014,0.201,,,,
2023-12-06,4586.2300000000005,4588.28,-35.89,-37.94,-0.7826,-0.8269,4.51,-39.73,2.46,-41.78,3.6,1.55,0.0785,0.0338,2.9,0.85,0.0632,0.0185,2.48,0.43,0.0541,0.0094,-1.7,-3.75,-0.0371,-0.0817,-3.75,-5.8,-0.0818,-0.1264,-4.48,-6.53,-0.0977,-0.1423,-2.41,-4.46,-0.0525,-0.0972,-4.38,-6.43,-0.0955,-0.1401,0.16,-1.89,0.0035,-0.0412,-11.02,-13.07,-0.2403,-0.2849,-10.43,-12.48,-0.2274,-0.272,-15.44,-17.49,-0.3367,-0.3812,-21.71,-23.76,-0.4734,-0.5178,-19.68,-21.73,-0.4291,-0.4736,-23.34,-25.39,-0.5089,-0.5534,,,,
2023-12-07,4568.84,4572.66,16.33,12.51,0.3574,0.2736,22.08,-3.62,18.26,-7.44,4.82,1.0,0.1055,0.0219,4.6,0.78,0.1007,0.0171,3.1,-0.72,0.0679,-0.0157,2.14,-1.68,0.0468,-0.0367,3.78,-0.04,0.0827,-0.0009,2.59,-1.23,0.0567,-0.0269,-2.45,-6.27,-0.0536,-0.1371,-0.15,-3.97,-0.0033,-0.0868,9.26,5.44,0.2027,0.119,14.27,10.45,0.3123,0.2285,12.91,9.09,0.2826,0.1988,5.73,1.91,0.1254,0.0418,16.23,12.41,0.3552,0.2714,15.38,11.56,0.3366,0.2528,18.67,14.85,0.4086,0.3248,,,,
2023-12-08,4576.2,4579.87,27.29,23.62,0.5963,0.5157,33.03,-2.14,29.36,-5.81,-0.02,-3.69,-0.0004,-0.0806,2.83,-0.84,0.0618,-0.0183,4.61,0.94,0.1007,0.0205,4.95,1.28,0.1082,0.0279,6.19,2.52,0.1353,0.055,9.95,6.28,0.2174,0.1371,12.59,8.92,0.2751,0.1948,17.54,13.87,0.3833,0.3028,25.83,22.16,0.5644,0.4839,24.38,20.71,0.5328,0.4522,24.02,20.35,0.5249,0.4443,13.52,9.85,0.2954,0.2151,14.62,10.95,0.3195,0.2391,19.45,15.78,0.425,0.3446,26.07,22.4,0.5697,0.4891,,,,
2023-12-11,4593.39,4597.9800000000005,29.5,24.91,0.6422,0.5418,30.32,0,25.73,-4.59,4.78,0.19,0.1041,0.0041,3.72,-0.87,0.081,-0.0189,7.22,2.63,0.1572,0.0572,3.73,-0.86,0.0812,-0.0187,10.62,6.03,0.2312,0.1311,11.5,6.91,0.2504,0.1503,11.14,6.55,0.2425,0.1425,13.37,8.78,0.2911,0.191,13.22,8.63,0.2878,0.1877,10.35,5.76,0.2253,0.1253,17.82,13.23,0.3879,0.2877,14.0,9.41,0.3048,0.2047,14.97,10.38,0.3259,0.2258,23.88,19.29,0.5199,0.4195,26.71,22.12,0.5815,0.4811,,,,
2023-12-12,4618.3,4616.8,25.29,26.79,0.5476,0.5803,25.29,-10.21,26.79,-8.71,-3.33,-1.83,-0.0721,-0.0396,-4.41,-2.91,-0.0955,-0.063,-4.89,-3.39,-0.1059,-0.0734,-8.22,-6.72,-0.178,-0.1456,-8.44,-6.94,-0.1828,-0.1503,-6.54,-5.04,-0.1416,-0.1092,-3.37,-1.87,-0.073,-0.0405,-2.17,-0.67,-0.047,-0.0145,2.8,4.3,0.0606,0.0931,5.2,6.7,0.1126,0.1451,10.24,11.74,0.2217,0.2543,10.19,11.69,0.2206,0.2532,12.5,14.0,0.2707,0.3032,12.44,13.94,0.2694,0.3019,16.76,18.26,0.3629,0.3955,,,,
2023-12-13,4646.2,4646.84,60.15,59.51,1.2946,1.2807,63.49,-2.97,62.85,-3.61,1.14,0.5,0.0245,0.0108,-0.3,-0.94,-0.0065,-0.0202,0.18,-0.46,0.0039,-0.0099,2.93,2.29,0.0631,0.0493,2.72,2.08,0.0585,0.0448,-0.37,-1.01,-0.008,-0.0217,-0.26,-0.9,-0.0056,-0.0194,0.41,-0.23,0.0088,-0.0049,2.81,2.17,0.0605,0.0467,4.62,3.98,0.0994,0.0856,8.02,7.38,0.1726,0.1588,5.68,5.04,0.1223,0.1085,0.73,0.09,0.0157,0.0019,-2.91,-3.55,-0.0626,-0.0764,31.6,30.96,0.6801,0.6663,,,,
2023-12-14,4721.04,4729.62,-1.63,-10.21,-0.0345,-0.2159,17.53,-26.7,8.95,-35.28,13.48,4.9,0.2855,0.1036,14.67,6.09,0.3107,0.1288,14.13,5.55,0.2993,0.1173,11.26,2.68,0.2385,0.0567,8.35,-0.23,0.1769,-0.0049,14.7,6.12,0.3114,0.1294,8.77,0.19,0.1858,0.004,10.6,2.02,0.2245,0.0427,2.96,-5.62,0.0627,-0.1188,1.74,-6.84,0.0369,-0.1446,5.36,-3.22,0.1135,-0.0681,0.56,-8.02,0.0119,-0.1696,11.73,3.15,0.2485,0.0666,-11.08,-19.66,-0.2347,-0.4157,-8.9,-17.48,-0.1885,-0.3696,,,,
2023-12-15,4714.2300000000005,4710.400000000001,0.8,4.63,0.017,0.0983,11.3,-9.54,15.13,-5.71,-3.9,-0.07,-0.0827,-0.0015,-2.44,1.39,-0.0518,0.0295,-1.17,2.66,-0.0248,0.0565,-3.58,0.25,-0.0759,0.0053,-1.1,2.73,-0.0233,0.058,1.26,5.09,0.0267,0.1081,-2.67,1.16,-0.0566,0.0246,-0.1,3.73,-0.0021,0.0792,2.47,6.3,0.0524,0.1337,6.48,10.31,0.1375,0.2189,9.94,13.77,0.2109,0.2923,9.56,13.39,0.2028,0.2843,7.75,11.58,0.1644,0.2458,4.83,8.66,0.1025,0.1838,-6.55,-2.72,-0.1389,-0.0577,,,,
2023-12-18,4725.58,4731.24,14.96,9.3,0.3166,0.1966,23.94,0,18.28,-5.66,6.13,0.47,0.1297,0.0099,6.13,0.47,0.1297,0.0099,6.59,0.93,0.1395,0.0197,7.46,1.8,0.1579,0.038,8.22,2.56,0.1739,0.0541,7.25,1.59,0.1534,0.0336,7.91,2.25,0.1674,0.0476,10.27,4.61,0.2173,0.0974,9.49,3.83,0.2008,0.081,13.16,7.5,0.2785,0.1585,6.28,0.62,0.1329,0.0131,15.96,10.3,0.3377,0.2177,20.35,14.69,0.4306,0.3105,20.13,14.47,0.426,0.3058,17.26,11.6,0.3652,0.2452,,,,
2023-12-19,4743.72,4747.86,24.72,20.58,0.5211,0.4335,24.97,0,20.83,-4.14,5.07,0.93,0.1069,0.0196,5.23,1.09,0.1103,0.023,4.71,0.57,0.0993,0.012,4.93,0.79,0.1039,0.0166,5.63,1.49,0.1187,0.0314,7.03,2.89,0.1482,0.0609,8.37,4.23,0.1764,0.0891,7.68,3.54,0.1619,0.0746,13.03,8.89,0.2747,0.1872,14.8,10.66,0.312,0.2245,16.99,12.85,0.3582,0.2706,18.65,14.51,0.3932,0.3056,15.4,11.26,0.3246,0.2372,16.62,12.48,0.3504,0.2629,18.76,14.62,0.3955,0.3079,,,,
2023-12-20,4764.7300000000005,4758.76,-66.49,-60.52,-1.3955,-1.2718,13.28,-66.91,19.25,-60.94,-4.88,1.09,-0.1024,0.0229,-5.6,0.37,-0.1175,0.0078,-5.86,0.11,-0.123,0.0023,-4.64,1.33,-0.0974,0.0279,-2.25,3.72,-0.0472,0.0782,-0.94,5.03,-0.0197,0.1057,0.33,6.3,0.0069,0.1324,2.88,8.85,0.0604,0.186,6.07,12.04,0.1274,0.253,7.76,13.73,0.1629,0.2885,7.47,13.44,0.1568,0.2824,7.21,13.18,0.1513,0.277,9.26,15.23,0.1943,0.32,10.9,16.87,0.2288,0.3545,-0.58,5.39,-0.0122,0.1133,,,,
2023-12-21,4724.29,4737.58,23.24,9.95,0.4919,0.21,24.42,-15.94,11.13,-29.23,14.77,1.48,0.3126,0.0312,13.63,0.34,0.2885,0.0072,13.06,-0.23,0.2764,-0.0049,14.98,1.69,0.3171,0.0357,12.97,-0.32,0.2745,-0.0068,12.1,-1.19,0.2561,-0.0251,13.03,-0.26,0.2758,-0.0055,9.15,-4.14,0.1937,-0.0874,7.39,-5.9,0.1564,-0.1245,8.44,-4.85,0.1787,-0.1024,7.2,-6.09,0.1524,-0.1285,9.72,-3.57,0.2057,-0.0754,-6.63,-19.92,-0.1403,-0.4205,-3.09,-16.38,-0.0654,-0.3457,-0.15,-13.44,-0.0032,-0.2837,,,,
2023-12-22,4753.92,4759.51,1.24,-4.35,0.0261,-0.0914,19.02,-17.15,13.43,-22.74,7.93,2.34,0.1668,0.0492,8.16,2.57,0.1716,0.054,9.24,3.65,0.1944,0.0767,7.46,1.87,0.1569,0.0393,12.78,7.19,0.2688,0.1511,15.6,10.01,0.3282,0.2103,17.68,12.09,0.3719,0.254,14.13,8.54,0.2972,0.1794,13.12,7.53,0.276,0.1582,16.33,10.74,0.3435,0.2257,5.17,-0.42,0.1088,-0.0088,10.91,5.32,0.2295,0.1118,7.03,1.44,0.1479,0.0303,12.03,6.44,0.2531,0.1353,-14.91,-20.5,-0.3136,-0.4307,,,,
2023-12-26,4758.86,4762.32,16.08,12.62,0.3379,0.265,25.86,-0.41,22.4,-3.87,2.95,-0.51,0.062,-0.0107,3.25,-0.21,0.0683,-0.0044,5.61,2.15,0.1179,0.0451,6.48,3.02,0.1362,0.0634,6.64,3.18,0.1395,0.0668,7.92,4.46,0.1664,0.0937,5.3,1.84,0.1114,0.0386,7.27,3.81,0.1528,0.08,10.05,6.59,0.2112,0.1384,10.19,6.73,0.2141,0.1413,9.3,5.84,0.1954,0.1226,8.84,5.38,0.1858,0.113,11.86,8.4,0.2492,0.1764,14.29,10.83,0.3003,0.2274,15.86,12.4,0.3333,0.2604,,,,
2023-12-27,4773.45,4774.26,9.05,8.24,0.1896,0.1726,11.94,-4.55,11.13,-5.36,-0.27,-1.08,-0.0057,-0.0226,1.68,0.87,0.0352,0.0182,3.83,3.02,0.0802,0.0633,4.48,3.67,0.0939,0.0769,4.3,3.49,0.0901,0.0731,4.62,3.81,0.0968,0.0798,5.47,4.66,0.1146,0.0976,6.83,6.02,0.1431,0.1261,1.02,0.21,0.0214,0.0044,2.34,1.53,0.049,0.032,-2.08,-2.89,-0.0436,-0.0605,0.21,-0.6,0.0044,-0.0126,4.38,3.57,0.0918,0.0748,9.21,8.4,0.1929,0.1759,3.12,2.31,0.0654,0.0484,,,,
2023-12-28,4786.4400000000005,4788.54,-2.32,-4.42,-0.0485,-0.0923,6.86,-5.46,4.76,-7.56,3.12,1.02,0.0652,0.0213,4.07,1.97,0.085,0.0411,3.27,1.17,0.0683,0.0244,3.12,1.02,0.0652,0.0213,4.55,2.45,0.0951,0.0512,1.5,-0.6,0.0313,-0.0125,2.54,0.44,0.0531,0.0092,3.53,1.43,0.0738,0.0299,2.66,0.56,0.0556,0.0117,4.77,2.67,0.0997,0.0558,2.65,0.55,0.0554,0.0115,0.05,-2.05,0.001,-0.0428,1.79,-0.31,0.0374,-0.0065,3.15,1.05,0.0658,0.0219,5.75,3.65,0.1201,0.0762,,,,
2023-12-29,4782.88,4784.83,-10.71,-12.66,-0.2239,-0.2646,5.55,-30.89,3.6,-32.84,1.59,-0.36,0.0332,-0.0075,0.97,-0.98,0.0203,-0.0205,2.34,0.39,0.0489,0.0082,2.69,0.74,0.0562,0.0155,3.24,1.29,0.0677,0.027,3.54,1.59,0.074,0.0332,3.93,1.98,0.0822,0.0414,3.06,1.11,0.064,0.0232,1.73,-0.22,0.0362,-0.0046,1.98,0.03,0.0414,0.0006,-9.51,-11.46,-0.1988,-0.2395,-22.39,-24.34,-0.4681,-0.5087,-28.6,-30.55,-0.598,-0.6385,-18.86,-20.81,-0.3943,-0.4349,-12.34,-14.29,-0.258,-0.2987,,,,
2024-01-02,4745.2,4742.78,-2.16,0.26,-0.0455,0.0055,9.13,-22.53,11.55,-20.11,-1.92,0.5,-0.0405,0.0105,-0.53,1.89,-0.0112,0.0399,-1.12,1.3,-0.0236,0.0274,-1.91,0.51,-0.0403,0.0108,-9.26,-6.84,-0.1951,-0.1442,-10.29,-7.87,-0.2169,-0.1659,-11.22,-8.8,-0.2364,-0.1855,-2.03,0.39,-0.0428,0.0082,-7.08,-4.66,-0.1492,-0.0983,-12.17,-9.75,-0.2565,-0.2056,-9.24,-6.82,-0.1947,-0.1438,-3.4,-0.98,-0.0717,-0.0207,2.38,4.8,0.0502,0.1012,-0.46,1.96,-0.0097,0.0413,-7.68,-5.26,-0.1618,-0.1109,,,,
2024-01-03,4725.07,4722.02,-20.92,-17.87,-0.4427,-0.3784,4.22,-25.36,7.27,-22.31,-3.7,-0.65,-0.0783,-0.0138,-6.07,-3.02,-0.1285,-0.064,-6.65,-3.6,-0.1407,-0.0762,-4.85,-1.8,-0.1026,-0.0381,-5.94,-2.89,-0.1257,-0.0612,-6.99,-3.94,-0.1479,-0.0834,-5.7,-2.65,-0.1206,-0.0561,-4.47,-1.42,-0.0946,-0.0301,-14.31,-11.26,-0.3029,-0.2385,-11.86,-8.81,-0.251,-0.1866,-9.75,-6.7,-0.2063,-0.1419,-10.3,-7.25,-0.218,-0.1535,-11.33,-8.28,-0.2398,-0.1753,-3.96,-0.91,-0.0838,-0.0193,3.82,6.87,0.0808,0.1455,,,,
2024-01-04,4697.42,4700.78,-7.72,-11.08,-0.1643,-0.2357,29.36,-9.89,26.0,-13.25,4.94,1.58,0.1052,0.0336,8.44,5.08,0.1797,0.1081,6.28,2.92,0.1337,0.0621,8.22,4.86,0.175,0.1034,6.09,2.73,0.1296,0.0581,10.36,7.0,0.2205,0.1489,8.03,4.67,0.1709,0.0993,11.15,7.79,0.2374,0.1657,19.67,16.31,0.4187,0.347,16.68,13.32,0.3551,0.2834,19.28,15.92,0.4104,0.3387,25.14,21.78,0.5352,0.4633,13.45,10.09,0.2863,0.2146,13.94,10.58,0.2968,0.2251,3.96,0.6,0.0843,0.0128,,,,
2024-01-05,4690.57,4691.38,6.09,5.28,0.1298,0.1125,30.92,-8.46,30.11,-9.27,-1.27,-2.08,-0.0271,-0.0443,-0.01,-0.82,-0.0002,-0.0175,3.19,2.38,0.068,0.0507,8.62,7.81,0.1838,0.1665,4.66,3.85,0.0993,0.0821,10.35,9.54,0.2207,0.2034,11.41,10.6,0.2433,0.2259,14.65,13.84,0.3123,0.295,21.01,20.2,0.4479,0.4306,19.92,19.11,0.4247,0.4073,28.59,27.78,0.6095,0.5921,20.28,19.47,0.4324,0.415,-0.3,-1.11,-0.0064,-0.0237,8.77,7.96,0.187,0.1697,9.58,8.77,0.2042,0.1869,,,,
2024-01-08,4703.7,4703.03,59.04,59.71,1.2552,1.2696,60.84,-3.88,61.51,-3.21,1.21,1.88,0.0257,0.04,2.18,2.85,0.0463,0.0606,2.08,2.75,0.0442,0.0585,5.53,6.2,0.1176,0.1318,5.0,5.67,0.1063,0.1206,6.1,6.77,0.1297,0.1439,6.45,7.12,0.1371,0.1514,10.17,10.84,0.2162,0.2305,9.89,10.56,0.2103,0.2245,15.41,16.08,0.3276,0.3419,16.89,17.56,0.3591,0.3734,17.88,18.55,0.3801,0.3944,20.68,21.35,0.4397,0.454,27.99,28.66,0.5951,0.6094,44.78,45.45,0.952,0.9664,,,,
2024-01-09,4741.93,4736.12,13.94,19.75,0.294,0.417,23.54,-11.58,29.35,-5.77,-6.71,-0.9,-0.1415,-0.019,-6.15,-0.34,-0.1297,-0.0072,-5.78,0.03,-0.1219,0.0006,-4.89,0.92,-0.1031,0.0194,-4.5,1.31,-0.0949,0.0277,-10.45,-4.64,-0.2204,-0.098,-8.15,-2.34,-0.1719,-0.0494,-3.06,2.75,-0.0645,0.0581,2.28,8.09,0.0481,0.1708,0.11,5.92,0.0023,0.125,-1.13,4.68,-0.0238,0.0988,8.06,13.87,0.17,0.2929,17.33,23.14,0.3655,0.4886,8.08,13.89,0.1704,0.2933,12.14,17.95,0.256,0.379,,,,
2024-01-10,4759.9400000000005,4761.34,22.21,20.81,0.4666,0.4371,30.86,-3.74,29.46,-5.14,4.2,2.8,0.0882,0.0588,5.43,4.03,0.1141,0.0846,5.84,4.44,0.1227,0.0933,7.35,5.95,0.1544,0.125,6.77,5.37,0.1422,0.1128,8.17,6.77,0.1716,0.1422,4.81,3.41,0.1011,0.0716,3.68,2.28,0.0773,0.0479,2.79,1.39,0.0586,0.0292,4.56,3.16,0.0958,0.0664,9.17,7.77,0.1926,0.1632,5.07,3.67,0.1065,0.0771,9.11,7.71,0.1914,0.1619,10.46,9.06,0.2198,0.1903,23.15,21.75,0.4864,0.4568,,,,
2024-01-11,4792.13,4795.89,-11.84,-15.6,-0.2471,-0.3253,6.37,-52.55,2.61,-56.31,0.83,-2.93,0.0173,-0.0611,-4.43,-8.19,-0.0924,-0.1708,0.14,-3.62,0.0029,-0.0755,5.04,1.28,0.1052,0.0267,2.27,-1.49,0.0474,-0.0311,-8.98,-12.74,-0.1874,-0.2656,-15.52,-19.28,-0.3239,-0.402,-13.66,-17.42,-0.2851,-0.3632,-36.89,-40.65,-0.7698,-0.8476,-22.82,-26.58,-0.4762,-0.5542,-34.92,-38.68,-0.7287,-0.8065,-45.69,-49.45,-0.9534,-1.0311,-43.17,-46.93,-0.9009,-0.9785,-26.2,-29.96,-0.5467,-0.6247,-13.3,-17.06,-0.2775,-0.3557,,,,
2024-01-12,4791.18,4795.47,-8.04,-12.33,-0.1678,-0.2571,11.22,-22.2,6.93,-26.49,5.32,1.03,0.111,0.0215,3.37,-0.92,0.0703,-0.0192,4.78,0.49,0.0998,0.0102,4.77,0.48,0.0996,0.01,9.69,5.4,0.2022,0.1126,9.84,5.55,0.2054,0.1157,8.22,3.93,0.1716,0.082,-6.8,-11.09,-0.1419,-0.2313,-6.73,-11.02,-0.1405,-0.2298,-6.7,-10.99,-0.1398,-0.2292,-17.48,-21.77,-0.3648,-0.454,-7.12,-11.41,-0.1486,-0.2379,-14.98,-19.27,-0.3127,-0.4018,-8.19,-12.48,-0.1709,-0.2602,-6.22,-10.51,-0.1298,-0.2192,,,,
2024-01-16,4772.35,4770.7300000000005,-7.17,-5.55,-0.1502,-0.1163,9.99,-25.23,11.61,-23.61,-4.2,-2.58,-0.088,-0.0541,-5.47,-3.85,-0.1146,-0.0807,-6.85,-5.23,-0.1435,-0.1096,-3.77,-2.15,-0.079,-0.0451,-12.48,-10.86,-0.2615,-0.2276,-14.83,-13.21,-0.3107,-0.2769,-18.67,-17.05,-0.3912,-0.3574,-11.2,-9.58,-0.2347,-0.2008,-5.82,-4.2,-0.122,-0.088,6.16,7.78,0.1291,0.1631,-4.37,-2.75,-0.0916,-0.0576,5.7,7.32,0.1194,0.1534,-13.82,-12.2,-0.2896,-0.2557,-5.31,-3.69,-0.1113,-0.0773,-21.78,-20.16,-0.4564,-0.4226,,,,
2024-01-17,4739.13,4732.900000000001,-0.13,6.1,-0.0027,0.1289,5.1,-24.31,11.33,-18.08,-7.38,-1.15,-0.1557,-0.0243,-9.56,-3.33,-0.2017,-0.0704,-10.83,-4.6,-0.2285,-0.0972,-10.61,-4.38,-0.2239,-0.0925,-8.94,-2.71,-0.1886,-0.0573,-9.98,-3.75,-0.2106,-0.0792,-11.32,-5.09,-0.2389,-0.1075,-12.84,-6.61,-0.2709,-0.1397,-3.64,2.59,-0.0768,0.0547,-7.25,-1.02,-0.153,-0.0216,-0.73,5.5,-0.0154,0.1162,1.31,7.54,0.0276,0.1593,-8.58,-2.35,-0.181,-0.0497,-17.17,-10.94,-0.3623,-0.2311,-9.33,-3.1,-0.1969,-0.0655,,,,
2024-01-18,4760.1,4755.41,20.43,25.12,0.4292,0.5282,25.69,-19.53,30.38,-14.84,-3.92,0.77,-0.0824,0.0162,-1.88,2.81,-0.0395,0.0591,-1.12,3.57,-0.0235,0.0751,-1.51,3.18,-0.0317,0.0669,-0.69,4.0,-0.0145,0.0841,-6.43,-1.74,-0.1351,-0.0366,-9.04,-4.35,-0.1899,-0.0915,-4.49,0.2,-0.0943,0.0042,-3.91,0.78,-0.0821,0.0164,-0.34,4.35,-0.0071,0.0915,-5.48,-0.79,-0.1151,-0.0166,2.91,7.6,0.0611,0.1598,-10.14,-5.45,-0.213,-0.1146,-15.43,-10.74,-0.3242,-0.2258,14.58,19.27,0.3063,0.4052,,,,
2024-01-19,4796.28,4792.37,42.68,46.59,0.8899,0.9722,45.79,-10.41,49.7,-6.5,-5.72,-1.81,-0.1193,-0.0378,-4.05,-0.14,-0.0844,-0.0029,-3.78,0.13,-0.0788,0.0027,-6.39,-2.48,-0.1332,-0.0517,-9.67,-5.76,-0.2016,-0.1202,-9.27,-5.36,-0.1933,-0.1118,-7.22,-3.31,-0.1505,-0.0691,0.71,4.62,0.0148,0.0964,-6.06,-2.15,-0.1263,-0.0449,-4.13,-0.22,-0.0861,-0.0046,0.91,4.82,0.019,0.1006,6.84,10.75,0.1426,0.2243,12.94,16.85,0.2698,0.3516,29.9,33.81,0.6234,0.7055,37.7,41.61,0.786,0.8683,,,,
2024-01-22,4853.42,4855.18,-2.8,-4.56,-0.0577,-0.0939,14.99,-9.37,13.23,-11.13,3.79,2.03,0.0781,0.0418,5.21,3.45,0.1073,0.0711,8.36,6.6,0.1722,0.1359,10.48,8.72,0.2159,0.1796,9.88,8.12,0.2036,0.1672,7.85,6.09,0.1617,0.1254,11.26,9.5,0.232,0.1957,13.82,12.06,0.2847,0.2484,12.52,10.76,0.258,0.2216,3.37,1.61,0.0694,0.0332,-4.11,-5.87,-0.0847,-0.1209,2.85,1.09,0.0587,0.0225,2.43,0.67,0.0501,0.0138,-7.89,-9.65,-0.1626,-0.1988,-1.88,-3.64,-0.0387,-0.075,,,,
2024-01-23,4856.8,4858.07,7.27,6.0,0.1497,0.1235,9.68,-12.43,8.41,-13.7,-0.91,-2.18,-0.0187,-0.0449,-4.08,-5.35,-0.084,-0.1101,-2.78,-4.05,-0.0572,-0.0834,-4.02,-5.29,-0.0828,-0.1089,-1.73,-3.0,-0.0356,-0.0618,-2.26,-3.53,-0.0465,-0.0727,-1.63,-2.9,-0.0336,-0.0597,0.12,-1.15,0.0025,-0.0237,0.31,-0.96,0.0064,-0.0198,-3.63,-4.9,-0.0747,-0.1009,-7.46,-8.73,-0.1536,-0.1797,-11.34,-12.61,-0.2335,-0.2596,-8.09,-9.36,-0.1666,-0.1927,-3.57,-4.84,-0.0735,-0.0996,-4.02,-5.29,-0.0828,-0.1089,,,,
2024-01-24,4888.56,4891.3,-19.53,-22.27,-0.3995,-0.4553,15.12,-22.62,12.38,-25.36,0.88,-1.86,0.018,-0.038,2.01,-0.73,0.0411,-0.0149,1.72,-1.02,0.0352,-0.0209,1.3,-1.44,0.0266,-0.0294,1.47,-1.27,0.0301,-0.026,-1.23,-3.97,-0.0252,-0.0812,-1.28,-4.02,-0.0262,-0.0822,-2.36,-5.1,-0.0483,-0.1043,0.73,-2.01,0.0149,-0.0411,1.69,-1.05,0.0346,-0.0215,8.41,5.67,0.172,0.1159,6.99,4.25,0.143,0.0869,12.02,9.28,0.2459,0.1897,5.6,2.86,0.1146,0.0585,-8.68,-11.42,-0.1776,-0.2335,,,,
2024-01-25,4886.66,4884.81,8.39,10.24,0.1717,0.2096,11.49,-17.32,13.34,-15.47,0.37,2.22,0.0076,0.0454,1.15,3.0,0.0235,0.0614,2.55,4.4,0.0522,0.0901,3.83,5.68,0.0784,0.1163,2.36,4.21,0.0483,0.0862,-3.07,-1.22,-0.0628,-0.025,2.53,4.38,0.0518,0.0897,0.65,2.5,0.0133,0.0512,5.5,7.35,0.1126,0.1505,9.53,11.38,0.195,0.233,-1.18,0.67,-0.0241,0.0137,6.06,7.91,0.124,0.1619,-6.1,-4.25,-0.1248,-0.087,-8.96,-7.11,-0.1834,-0.1456,-8.92,-7.07,-0.1825,-0.1447,,,,
2024-01-26,4888.91,4892.93,1.16,-2.86,0.0237,-0.0585,17.78,-7.44,13.76,-11.46,5.03,1.01,0.1029,0.0206,8.85,4.83,0.181,0.0987,8.53,4.51,0.1745,0.0922,7.57,3.55,0.1548,0.0726,4.97,0.95,0.1017,0.0194,3.03,-0.99,0.062,-0.0202,3.23,-0.79,0.0661,-0.0161,2.04,-1.98,0.0417,-0.0405,1.05,-2.97,0.0215,-0.0607,8.18,4.16,0.1673,0.085,17.13,13.11,0.3504,0.2679,13.6,9.58,0.2782,0.1958,8.57,4.55,0.1753,0.093,0.71,-3.31,0.0145,-0.0676,-1.86,-5.88,-0.038,-0.1202,,,,
2024-01-29,4892.95,4891.33,35.15,36.77,0.7184,0.7517,36.36,-5.55,37.98,-3.93,-1.63,-0.01,-0.0333,-0.0002,-0.93,0.69,-0.019,0.0141,0.36,1.98,0.0074,0.0405,2.74,4.36,0.056,0.0891,1.78,3.4,0.0364,0.0695,2.54,4.16,0.0519,0.085,2.71,4.33,0.0554,0.0885,2.86,4.48,0.0585,0.0916,4.76,6.38,0.0973,0.1304,1.28,2.9,0.0262,0.0593,-5.38,-3.76,-0.11,-0.0769,1.12,2.74,0.0229,0.056,6.07,7.69,0.1241,0.1572,6.88,8.5,0.1406,0.1738,10.45,12.07,0.2136,0.2468,,,,
2024-01-30,4925.89,4924.89,-1.27,-0.27,-0.0258,-0.0055,5.2,-9.62,6.2,-8.62,-1.21,-0.21,-0.0246,-0.0043,-2.08,-1.08,-0.0422,-0.0219,-0.65,0.35,-0.0132,0.0071,1.21,2.21,0.0246,0.0449,-0.44,0.56,-0.0089,0.0114,0.34,1.34,0.0069,0.0272,2.09,3.09,0.0424,0.0627,-2.01,-1.01,-0.0408,-0.0205,-1.77,-0.77,-0.0359,-0.0156,-3.14,-2.14,-0.0637,-0.0435,-3.75,-2.75,-0.0761,-0.0558,0.02,1.02,0.0004,0.0207,-6.59,-5.59,-0.1338,-0.1135,-0.93,0.07,-0.0189,0.0014,1.75,2.75,0.0355,0.0558,,,,
2024-01-31,4899.1900000000005,4902.84,-53.7,-57.35,-1.0961,-1.1697,7.56,-53.7,3.91,-57.35,1.8,-1.85,0.0367,-0.0377,2.13,-1.52,0.0435,-0.031,5.09,1.44,0.1039,0.0294,7.36,3.71,0.1502,0.0757,-0.13,-3.78,-0.0027,-0.0771,-3.87,-7.52,-0.079,-0.1534,-5.69,-9.34,-0.1161,-0.1905,-6.99,-10.64,-0.1427,-0.217,-10.45,-14.1,-0.2133,-0.2876,-11.53,-15.18,-0.2353,-0.3096,-15.57,-19.22,-0.3178,-0.392,-14.56,-18.21,-0.2972,-0.3714,-11.2,-14.85,-0.2286,-0.3029,-12.0,-15.65,-0.2449,-0.3192,-24.28,-27.93,-0.4956,-0.5697,,,,
2024-02-01,4861.11,4867.62,44.84,38.33,0.9224,0.7874,45.45,-7.59,38.94,-14.1,7.88,1.37,0.1621,0.0281,5.83,-0.68,0.1199,-0.014,7.57,1.06,0.1557,0.0218,8.5,1.99,0.1749,0.0409,8.36,1.85,0.172,0.038,9.85,3.34,0.2026,0.0686,6.57,0.06,0.1352,0.0012,-1.72,-8.23,-0.0354,-0.1691,12.72,6.21,0.2617,0.1276,14.48,7.97,0.2979,0.1637,-4.39,-10.9,-0.0903,-0.2239,1.97,-4.54,0.0405,-0.0933,18.16,11.65,0.3736,0.2393,25.8,19.29,0.5307,0.3963,28.16,21.65,0.5793,0.4448,,,,
2024-02-02,4916.06,4915.400000000001,41.98,42.64,0.8539,0.8675,59.23,-8.07,59.89,-7.41,-2.86,-2.2,-0.0582,-0.0448,-7.77,-7.11,-0.1581,-0.1446,-4.02,-3.36,-0.0818,-0.0684,-2.64,-1.98,-0.0537,-0.0403,-4.18,-3.52,-0.085,-0.0716,5.27,5.93,0.1072,0.1206,0.47,1.13,0.0096,0.023,5.07,5.73,0.1031,0.1166,6.32,6.98,0.1286,0.142,7.91,8.57,0.1609,0.1744,21.99,22.65,0.4473,0.4608,29.94,30.6,0.609,0.6225,42.26,42.92,0.8596,0.8732,35.8,36.46,0.7282,0.7418,49.13,49.79,0.9994,1.0129,,,,
2024-02-05,4957.1900000000005,4949.87,-14.98,-7.66,-0.3022,-0.1548,0,-39.1,7.32,-31.78,-9.75,-2.43,-0.1967,-0.0491,-10.44,-3.12,-0.2106,-0.063,-7.13,0.19,-0.1438,0.0038,-8.48,-1.16,-0.1711,-0.0234,-12.4,-5.08,-0.2501,-0.1026,-9.52,-2.2,-0.192,-0.0444,-11.12,-3.8,-0.2243,-0.0768,-14.51,-7.19,-0.2927,-0.1453,-25.2,-17.88,-0.5084,-0.3612,-28.06,-20.74,-0.566,-0.419,-33.78,-26.46,-0.6814,-0.5346,-26.22,-18.9,-0.5289,-0.3818,-12.86,-5.54,-0.2594,-0.1119,-15.85,-8.53,-0.3197,-0.1723,-7.72,-0.4,-0.1557,-0.0081,,,,
2024-02-06,4950.16,4953.87,4.08,0.37,0.0824,0.0075,7.61,-15.28,3.9,-18.99,2.95,-0.76,0.0596,-0.0153,-0.99,-4.7,-0.02,-0.0949,0.72,-2.99,0.0145,-0.0604,-0.47,-4.18,-0.0095,-0.0844,3.57,-0.14,0.0721,-0.0028,7.06,3.35,0.1426,0.0676,0.15,-3.56,0.003,-0.0719,-7.59,-11.3,-0.1533,-0.2281,-11.03,-14.74,-0.2228,-0.2975,-10.01,-13.72,-0.2022,-0.277,-7.52,-11.23,-0.1519,-0.2267,-2.81,-6.52,-0.0568,-0.1316,-7.72,-11.43,-0.156,-0.2307,-6.56,-10.27,-0.1325,-0.2073,-9.07,-12.78,-0.1832,-0.258,,,,
2024-02-07,4973.05,4977.66,21.89,17.28,0.4402,0.3472,26.84,-4.0,22.23,-8.61,3.98,-0.63,0.08,-0.0127,3.78,-0.83,0.076,-0.0167,1.27,-3.34,0.0255,-0.0671,3.14,-1.47,0.0631,-0.0295,0.6,-4.01,0.0121,-0.0806,-3.02,-7.63,-0.0607,-0.1533,2.75,-1.86,0.0553,-0.0374,0.31,-4.3,0.0062,-0.0864,10.33,5.72,0.2077,0.1149,19.93,15.32,0.4008,0.3078,11.25,6.64,0.2262,0.1334,13.81,9.2,0.2777,0.1848,12.76,8.15,0.2566,0.1637,24.72,20.11,0.4971,0.404,21.96,17.35,0.4416,0.3486,,,,
2024-02-08,4995.16,4991.35,3.36,7.17,0.0673,0.1436,5.24,-8.07,9.05,-4.26,-2.12,1.69,-0.0424,0.0339,-1.18,2.63,-0.0236,0.0527,-1.58,2.23,-0.0316,0.0447,0.22,4.03,0.0044,0.0807,-1.47,2.34,-0.0294,0.0469,-3.35,0.46,-0.0671,0.0092,-2.9,0.91,-0.0581,0.0182,-0.64,3.17,-0.0128,0.0635,-1.94,1.87,-0.0388,0.0375,-4.04,-0.23,-0.0809,-0.0046,-0.01,3.8,-0.0002,0.0761,-6.86,-3.05,-0.1373,-0.0611,-0.65,3.16,-0.013,0.0633,-0.86,2.95,-0.0172,0.0591,-2.37,1.44,-0.0474,0.0288,,,,
2024-02-09,5004.17,5000.87,21.72,25.02,0.434,0.5003,25.89,-3.83,29.19,-0.53,-1.96,1.34,-0.0392,0.0268,-0.22,3.08,-0.0044,0.0616,0.57,3.87,0.0114,0.0774,1.38,4.68,0.0276,0.0936,-0.38,2.92,-0.0076,0.0584,1.68,4.98,0.0336,0.0996,0.34,3.64,0.0068,0.0728,4.71,8.01,0.0941,0.1602,4.97,8.27,0.0993,0.1654,5.72,9.02,0.1143,0.1804,8.7,12.0,0.1739,0.24,7.27,10.57,0.1453,0.2114,10.83,14.13,0.2164,0.2826,17.55,20.85,0.3507,0.4169,21.05,24.35,0.4206,0.4869,,,,
2024-02-12,5026.83,5025.62,-4.34,-3.13,-0.0863,-0.0623,21.56,-10.0,22.77,-8.79,-0.12,1.09,-0.0024,0.0217,0.25,1.46,0.005,0.0291,-0.5,0.71,-0.0099,0.0141,0.38,1.59,0.0076,0.0316,0.34,1.55,0.0068,0.0308,-1.05,0.16,-0.0209,0.0032,-0.08,1.13,-0.0016,0.0225,0.08,1.29,0.0016,0.0257,-2.29,-1.08,-0.0456,-0.0215,1.05,2.26,0.0209,0.045,7.47,8.68,0.1486,0.1727,15.93,17.14,0.3169,0.3411,16.33,17.54,0.3249,0.349,11.95,13.16,0.2377,0.2619,-3.44,-2.23,-0.0684,-0.0444,,,,
2024-02-13,4967.9400000000005,4953.4800000000005,-14.24,0.22,-0.2866,0.0044,3.36,-47.63,17.82,-33.17,-13.62,0.84,-0.2742,0.017,-10.62,3.84,-0.2138,0.0775,-9.23,5.23,-0.1858,0.1056,-5.39,9.07,-0.1085,0.1831,-10.63,3.83,-0.214,0.0773,-11.38,3.08,-0.2291,0.0622,-15.62,-1.16,-0.3144,-0.0234,-16.85,-2.39,-0.3392,-0.0482,-20.55,-6.09,-0.4137,-0.1229,-4.79,9.67,-0.0964,0.1952,-7.44,7.02,-0.1498,0.1417,-0.3,14.16,-0.006,0.2859,-8.89,5.57,-0.1789,0.1124,-14.21,0.25,-0.286,0.005,-31.91,-17.45,-0.6423,-0.3523,,,,
2024-02-14,4976.4400000000005,4981.75,23.88,18.57,0.4799,0.3728,26.08,-19.99,20.77,-25.3,6.7,1.39,0.1346,0.0279,4.47,-0.84,0.0898,-0.0169,3.04,-2.27,0.0611,-0.0456,1.1,-4.21,0.0221,-0.0845,-3.6,-8.91,-0.0723,-0.1789,4.25,-1.06,0.0854,-0.0213,1.38,-3.93,0.0277,-0.0789,5.42,0.11,0.1089,0.0022,3.32,-1.99,0.0667,-0.0399,12.94,7.63,0.26,0.1532,-9.16,-14.47,-0.1841,-0.2905,-2.1,-7.41,-0.0422,-0.1487,-4.18,-9.49,-0.084,-0.1905,-4.72,-10.03,-0.0948,-0.2013,2.93,-2.38,0.0589,-0.0478,,,,
2024-02-15,5003.14,5005.77,26.53,23.9,0.5303,0.4774,29.58,-3.7,26.95,-6.33,2.89,0.26,0.0578,0.0052,4.63,2.0,0.0925,0.04,6.97,4.34,0.1393,0.0867,7.54,4.91,0.1507,0.0981,7.47,4.84,0.1493,0.0967,6.71,4.08,0.1341,0.0815,9.73,7.1,0.1945,0.1418,6.34,3.71,0.1267,0.0741,10.6,7.97,0.2119,0.1592,5.39,2.76,0.1077,0.0551,6.55,3.92,0.1309,0.0783,2.58,-0.05,0.0516,-0.001,12.66,10.03,0.253,0.2004,23.95,21.32,0.4787,0.4259,23.73,21.1,0.4743,0.4215,,,,
2024-02-16,5031.13,5027.21,-25.98,-22.06,-0.5164,-0.4388,7.57,-31.61,11.49,-27.69,-5.85,-1.93,-0.1163,-0.0384,-9.43,-5.51,-0.1874,-0.1096,-8.98,-5.06,-0.1785,-0.1007,-10.18,-6.26,-0.2023,-0.1245,-11.84,-7.92,-0.2353,-0.1575,-11.16,-7.24,-0.2218,-0.144,-14.71,-10.79,-0.2924,-0.2146,-25.46,-21.54,-0.506,-0.4285,-17.68,-13.76,-0.3514,-0.2737,-19.84,-15.92,-0.3943,-0.3167,-9.92,-6.0,-0.1972,-0.1194,-0.17,3.75,-0.0034,0.0746,1.59,5.51,0.0316,0.1096,-3.99,-0.07,-0.0793,-0.0014,5.85,9.77,0.1163,0.1943,,,,
2024-02-20,4989.32,4988.85,-13.33,-12.86,-0.2672,-0.2578,4.39,-34.3,4.86,-33.83,0.92,1.39,0.0184,0.0279,2.77,3.24,0.0555,0.0649,4.35,4.82,0.0872,0.0966,1.53,2.0,0.0307,0.0401,-12.66,-12.19,-0.2537,-0.2443,-12.54,-12.07,-0.2513,-0.2419,-13.49,-13.02,-0.2704,-0.261,-13.91,-13.44,-0.2788,-0.2694,-20.2,-19.73,-0.4049,-0.3955,-20.92,-20.45,-0.4193,-0.4099,-6.67,-6.2,-0.1337,-0.1243,-10.95,-10.48,-0.2195,-0.2101,-28.51,-28.04,-0.5714,-0.5621,-28.17,-27.7,-0.5646,-0.5552,-19.99,-19.52,-0.4007,-0.3913,,,,
2024-02-21,4963.03,4963.71,18.88,18.2,0.3804,0.3667,20.18,-17.03,19.5,-17.71,-0.39,-1.07,-0.0079,-0.0216,-2.03,-2.71,-0.0409,-0.0546,-3.57,-4.25,-0.0719,-0.0856,-1.6,-2.28,-0.0322,-0.0459,0.46,-0.22,0.0093,-0.0044,-1.21,-1.89,-0.0244,-0.0381,-3.48,-4.16,-0.0701,-0.0838,-0.01,-0.69,-0.0002,-0.0139,5.1,4.42,0.1028,0.089,-1.86,-2.54,-0.0375,-0.0512,0.45,-0.23,0.0091,-0.0046,4.62,3.94,0.0931,0.0794,-2.1,-2.78,-0.0423,-0.056,0.42,-0.26,0.0085,-0.0052,-6.5,-7.18,-0.131,-0.1446,,,,
2024-02-22,5038.83,5044.7300000000005,47.36,41.46,0.9399,0.8218,55.56,0,49.66,-5.9,2.79,-3.11,0.0554,-0.0616,5.42,-0.48,0.1076,-0.0095,3.0,-2.9,0.0595,-0.0575,2.29,-3.61,0.0454,-0.0716,8.94,3.04,0.1774,0.0603,15.14,9.24,0.3005,0.1832,24.64,18.74,0.489,0.3715,21.12,15.22,0.4191,0.3017,19.82,13.92,0.3933,0.2759,24.75,18.85,0.4912,0.3737,17.55,11.65,0.3483,0.2309,26.77,20.87,0.5313,0.4137,31.6,25.7,0.6271,0.5094,39.09,33.19,0.7758,0.6579,54.48,48.58,1.0812,0.963,,,,
2024-02-23,5100.92,5103.75,-11.61,-14.44,-0.2276,-0.2829,10.14,-19.46,7.31,-22.29,6.31,3.48,0.1237,0.0682,6.7,3.87,0.1313,0.0758,4.47,1.64,0.0876,0.0321,6.69,3.86,0.1312,0.0756,6.91,4.08,0.1355,0.0799,9.0,6.17,0.1764,0.1209,5.41,2.58,0.1061,0.0506,2.85,0.02,0.0559,0.0004,7.07,4.24,0.1386,0.0831,0.36,-2.47,0.0071,-0.0484,-6.04,-8.87,-0.1184,-0.1738,-10.28,-13.11,-0.2015,-0.2569,-11.92,-14.75,-0.2337,-0.289,-2.62,-5.45,-0.0514,-0.1068,-12.51,-15.34,-0.2452,-0.3006,,,,
2024-02-26,5093.0,5093.95,-23.91,-24.86,-0.4695,-0.488,4.66,-24.09,3.71,-25.04,3.2,2.25,0.0628,0.0442,2.31,1.36,0.0454,0.0267,1.57,0.62,0.0308,0.0122,3.93,2.98,0.0772,0.0585,1.17,0.22,0.023,0.0043,-0.5,-1.45,-0.0098,-0.0285,-1.66,-2.61,-0.0326,-0.0512,-2.26,-3.21,-0.0444,-0.063,-3.54,-4.49,-0.0695,-0.0881,-5.46,-6.41,-0.1072,-0.1258,-8.15,-9.1,-0.16,-0.1786,-8.76,-9.71,-0.172,-0.1906,-4.84,-5.79,-0.095,-0.1137,-16.51,-17.46,-0.3242,-0.3428,-10.24,-11.19,-0.2011,-0.2197,,,,
2024-02-27,5074.6,5074.62,4.88,4.86,0.0962,0.0958,6.09,-17.31,6.07,-17.33,-1.22,-1.24,-0.024,-0.0244,0.24,0.22,0.0047,0.0043,-2.04,-2.06,-0.0402,-0.0406,-4.02,-4.04,-0.0792,-0.0796,-8.86,-8.88,-0.1746,-0.175,-7.92,-7.94,-0.1561,-0.1565,-7.27,-7.29,-0.1433,-0.1437,-2.5,-2.52,-0.0493,-0.0497,-5.49,-5.51,-0.1082,-0.1086,-2.86,-2.88,-0.0564,-0.0568,-3.94,-3.96,-0.0776,-0.078,-7.33,-7.35,-0.1444,-0.1448,-8.87,-8.89,-0.1748,-0.1752,-12.46,-12.48,-0.2455,-0.2459,-0.48,-0.5,-0.0095,-0.0099,,,,
2024-02-28,5067.2,5064.39,3.07,5.88,0.0606,0.1161,10.17,-8.85,12.98,-6.04,-5.87,-3.06,-0.1158,-0.0604,-7.04,-4.23,-0.1389,-0.0835,-8.39,-5.58,-0.1656,-0.1102,-2.47,0.34,-0.0487,0.0067,-2.43,0.38,-0.048,0.0075,-2.48,0.33,-0.0489,0.0065,-5.29,-2.48,-0.1044,-0.049,-4.77,-1.96,-0.0941,-0.0387,-0.43,2.38,-0.0085,0.047,-1.4,1.41,-0.0276,0.0278,8.71,11.52,0.1719,0.2275,6.95,9.76,0.1372,0.1927,1.63,4.44,0.0322,0.0877,7.45,10.26,0.147,0.2026,-1.72,1.09,-0.0339,0.0215,,,,
2024-02-29,5085.36,5091.08,12.18,6.46,0.2395,0.1269,19.63,-23.47,13.91,-29.19,6.99,1.27,0.1375,0.0249,8.9,3.18,0.175,0.0625,9.23,3.51,0.1815,0.0689,10.17,4.45,0.2,0.0874,7.73,2.01,0.152,0.0395,6.68,0.96,0.1314,0.0189,6.21,0.49,0.1221,0.0096,9.21,3.49,0.1811,0.0686,-4.82,-10.54,-0.0948,-0.207,0.7,-5.02,0.0138,-0.0986,-2.61,-8.33,-0.0513,-0.1636,-7.33,-13.05,-0.1441,-0.2563,-11.01,-16.73,-0.2165,-0.3286,0.1,-5.62,0.002,-0.1104,-0.53,-6.25,-0.0104,-0.1228,,,,
2024-03-01,5098.51,5102.4400000000005,38.53,34.6,0.7557,0.6781,41.82,-4.35,37.89,-8.28,4.9,0.97,0.0961,0.019,4.27,0.34,0.0837,0.0067,3.88,-0.05,0.0761,-0.001,3.61,-0.32,0.0708,-0.0063,-0.86,-4.79,-0.0169,-0.0939,-0.12,-4.05,-0.0024,-0.0794,-2.54,-6.47,-0.0498,-0.1268,2.61,-1.32,0.0512,-0.0259,10.69,6.76,0.2097,0.1325,11.39,7.46,0.2234,0.1462,16.96,13.03,0.3326,0.2554,17.73,13.8,0.3477,0.2705,25.54,21.61,0.5009,0.4235,31.42,27.49,0.6163,0.5388,40.92,36.99,0.8026,0.7249,,,,
2024-03-04,5130.99,5130.96,0.05,0.08,0.001,0.0016,18.68,-3.81,18.71,-3.78,-0.41,-0.38,-0.008,-0.0074,-1.86,-1.83,-0.0363,-0.0357,-1.83,-1.8,-0.0357,-0.0351,0.24,0.27,0.0047,0.0053,0.36,0.39,0.007,0.0076,1.28,1.31,0.0249,0.0255,-0.49,-0.46,-0.0095,-0.009,1.22,1.25,0.0238,0.0244,-1.38,-1.35,-0.0269,-0.0263,2.26,2.29,0.044,0.0446,3.39,3.42,0.0661,0.0667,1.36,1.39,0.0265,0.0271,8.49,8.52,0.1655,0.1661,3.65,3.68,0.0711,0.0717,6.71,6.74,0.1308,0.1314,,,,
2024-03-05,5110.52,5109.68,-31.66,-30.82,-0.6195,-0.6032,4.02,-53.7,4.86,-52.86,-1.27,-0.43,-0.0249,-0.0084,-1.9,-1.06,-0.0372,-0.0207,-3.92,-3.08,-0.0767,-0.0603,-5.02,-4.18,-0.0982,-0.0818,-2.68,-1.84,-0.0524,-0.036,-4.49,-3.65,-0.0879,-0.0714,-6.25,-5.41,-0.1223,-0.1059,-0.27,0.57,-0.0053,0.0112,-11.05,-10.21,-0.2162,-0.1998,-21.73,-20.89,-0.4252,-0.4088,-21.91,-21.07,-0.4287,-0.4124,-19.86,-19.02,-0.3886,-0.3722,-19.2,-18.36,-0.3757,-0.3593,-25.9,-25.06,-0.5068,-0.4904,-34.44,-33.6,-0.6739,-0.6576,,,,
2024-03-06,5108.03,5113.34,-2.3,-7.61,-0.045,-0.1488,19.94,-15.81,14.63,-21.12,6.68,1.37,0.1308,0.0268,5.85,0.54,0.1145,0.0106,7.58,2.27,0.1484,0.0444,2.37,-2.94,0.0464,-0.0575,0.3,-5.01,0.0059,-0.098,2.14,-3.17,0.0419,-0.062,-2.69,-8.0,-0.0527,-0.1565,-1.98,-7.29,-0.0388,-0.1426,-6.29,-11.6,-0.1231,-0.2269,-8.09,-13.4,-0.1584,-0.2621,5.67,0.36,0.111,0.007,12.09,6.78,0.2367,0.1326,17.81,12.5,0.3487,0.2445,17.49,12.18,0.3424,0.2382,0.66,-4.65,0.0129,-0.0909,,,,
2024-03-07,5132.38,5135.2,25.9,23.08,0.5046,0.4494,33.24,-4.17,30.42,-6.99,4.55,1.73,0.0887,0.0337,4.32,1.5,0.0842,0.0292,4.19,1.37,0.0816,0.0267,8.63,5.81,0.1681,0.1131,7.5,4.68,0.1461,0.0911,-1.38,-4.2,-0.0269,-0.0818,1.86,-0.96,0.0362,-0.0187,6.07,3.25,0.1183,0.0633,13.42,10.6,0.2615,0.2064,13.83,11.01,0.2695,0.2144,17.11,14.29,0.3334,0.2783,16.23,13.41,0.3162,0.2611,18.02,15.2,0.3511,0.296,24.34,21.52,0.4742,0.4191,27.27,24.45,0.5313,0.4761,,,,
2024-03-08,5164.46,5163.6900000000005,-40.09,-39.32,-0.7763,-0.7615,24.8,-46.96,25.57,-46.19,1.99,2.76,0.0385,0.0535,1.48,2.25,0.0287,0.0436,3.99,4.76,0.0773,0.0922,1.57,2.34,0.0304,0.0453,6.31,7.08,0.1222,0.1371,11.76,12.53,0.2277,0.2427,14.0,14.77,0.2711,0.286,20.9,21.67,0.4047,0.4197,23.52,24.29,0.4554,0.4704,21.39,22.16,0.4142,0.4292,15.33,16.1,0.2968,0.3118,-10.98,-10.21,-0.2126,-0.1977,-11.99,-11.22,-0.2322,-0.2173,-34.12,-33.35,-0.6607,-0.6459,-21.68,-20.91,-0.4198,-0.4049,,,,
2024-03-11,5111.96,5113.04,6.5,5.42,0.1272,0.106,12.7,-20.82,11.62,-21.9,-1.75,-2.83,-0.0342,-0.0553,-1.35,-2.43,-0.0264,-0.0475,-4.92,-6.0,-0.0962,-0.1173,-1.54,-2.62,-0.0301,-0.0512,-1.04,-2.12,-0.0203,-0.0415,1.56,0.48,0.0305,0.0094,-0.6,-1.68,-0.0117,-0.0329,-11.42,-12.5,-0.2234,-0.2445,-18.24,-19.32,-0.3568,-0.3779,-11.52,-12.6,-0.2254,-0.2464,0.92,-0.16,0.018,-0.0031,-13.09,-14.17,-0.2561,-0.2771,0.88,-0.2,0.0172,-0.0039,7.47,6.39,0.1461,0.125,6.3,5.22,0.1232,0.1021,,,,
2024-03-12,5134.3,5141.72,40.64,33.22,0.7915,0.6461,45.57,-19.82,38.15,-27.24,7.25,-0.17,0.1412,-0.0033,7.57,0.15,0.1474,0.0029,6.83,-0.59,0.133,-0.0115,-4.18,-11.6,-0.0814,-0.2256,-10.31,-17.73,-0.2008,-0.3448,-17.11,-24.53,-0.3332,-0.4771,-11.89,-19.31,-0.2316,-0.3756,7.17,-0.25,0.1396,-0.0049,10.68,3.26,0.208,0.0634,26.5,19.08,0.5161,0.3711,30.77,23.35,0.5993,0.4541,31.58,24.16,0.6151,0.4699,22.63,15.21,0.4408,0.2958,22.78,15.36,0.4437,0.2987,36.28,28.86,0.7066,0.5613,,,,
2024-03-13,5173.49,5175.25,-7.88,-9.64,-0.1523,-0.1863,5.65,-21.61,3.89,-23.37,0.08,-1.68,0.0015,-0.0325,-0.3,-2.06,-0.0058,-0.0398,1.11,-0.65,0.0215,-0.0126,0.48,-1.28,0.0093,-0.0247,-3.7,-5.46,-0.0715,-0.1055,-5.17,-6.93,-0.0999,-0.1339,-5.9,-7.66,-0.114,-0.148,-8.34,-10.1,-0.1612,-0.1952,-4.38,-6.14,-0.0847,-0.1186,-2.11,-3.87,-0.0408,-0.0748,-5.93,-7.69,-0.1146,-0.1486,-7.18,-8.94,-0.1388,-0.1727,-3.78,-5.54,-0.0731,-0.107,5.61,3.85,0.1084,0.0744,1.93,0.17,0.0373,0.0033,,,,
2024-03-14,5175.14,5173.42,-23.71,-21.99,-0.4582,-0.4251,1.71,-51.84,3.43,-50.12,-1.88,-0.16,-0.0363,-0.0031,-4.49,-2.77,-0.0868,-0.0535,-6.05,-4.33,-0.1169,-0.0837,-2.71,-0.99,-0.0524,-0.0191,-0.28,1.44,-0.0054,0.0278,-5.01,-3.29,-0.0968,-0.0636,-26.21,-24.49,-0.5065,-0.4734,-34.95,-33.23,-0.6753,-0.6423,-19.1,-17.38,-0.3691,-0.3359,-15.94,-14.22,-0.308,-0.2749,-20.94,-19.22,-0.4046,-0.3715,-27.43,-25.71,-0.53,-0.497,-23.05,-21.33,-0.4454,-0.4123,-40.91,-39.19,-0.7905,-0.7575,-23.71,-21.99,-0.4582,-0.4251,,,,
2024-03-15,5123.31,5123.3,-5.89,-5.88,-0.115,-0.1148,13.55,-18.96,13.56,-18.95,1.29,1.3,0.0252,0.0254,5.06,5.07,0.0988,0.099,1.78,1.79,0.0347,0.0349,2.6,2.61,0.0507,0.0509,5.8,5.81,0.1132,0.1134,-0.94,-0.93,-0.0183,-0.0182,-2.8,-2.79,-0.0547,-0.0545,-3.45,-3.44,-0.0673,-0.0671,1.75,1.76,0.0342,0.0344,2.28,2.29,0.0445,0.0447,8.48,8.49,0.1655,0.1657,3.42,3.43,0.0668,0.0669,-10.67,-10.66,-0.2083,-0.2081,-9.71,-9.7,-0.1895,-0.1893,-7.17,-7.16,-0.1399,-0.1398,,,,
2024-03-18,5154.77,5160.68,-5.35,-11.26,-0.1038,-0.2182,20.83,-9.3,14.92,-15.21,10.54,4.63,0.2045,0.0897,12.04,6.13,0.2336,0.1188,11.98,6.07,0.2324,0.1176,14.41,8.5,0.2795,0.1647,10.72,4.81,0.208,0.0932,12.32,6.41,0.239,0.1242,8.78,2.87,0.1703,0.0556,4.89,-1.02,0.0949,-0.0198,13.28,7.37,0.2576,0.1428,18.29,12.38,0.3548,0.2399,16.96,11.05,0.329,0.2141,11.06,5.15,0.2146,0.0998,6.21,0.3,0.1205,0.0058,7.57,1.66,0.1469,0.0322,8.23,2.32,0.1597,0.045,,,,
2024-03-19,5139.09,5138.09,38.92,39.92,0.7573,0.7769,41.22,-7.5,42.22,-6.5,-4.4,-3.4,-0.0856,-0.0662,-2.4,-1.4,-0.0467,-0.0272,-0.48,0.52,-0.0093,0.0101,-1.92,-0.92,-0.0374,-0.0179,-6.87,-5.87,-0.1337,-0.1142,-2.16,-1.16,-0.042,-0.0226,-4.94,-3.94,-0.0961,-0.0767,-0.52,0.48,-0.0101,0.0093,-0.96,0.04,-0.0187,0.0008,-4.14,-3.14,-0.0806,-0.0611,4.34,5.34,0.0845,0.1039,10.11,11.11,0.1967,0.2162,23.9,24.9,0.4651,0.4846,32.39,33.39,0.6303,0.6499,32.51,33.51,0.6326,0.6522,,,,
2024-03-20,5181.6900000000005,5178.68,41.6,44.61,0.8028,0.8614,44.5,-10.14,47.51,-7.13,-4.43,-1.42,-0.0855,-0.0274,-4.01,-1.0,-0.0774,-0.0193,-2.75,0.26,-0.0531,0.005,-6.37,-3.36,-0.1229,-0.0649,-7.13,-4.12,-0.1376,-0.0796,-7.7,-4.69,-0.1486,-0.0906,-7.78,-4.77,-0.1501,-0.0921,-5.77,-2.76,-0.1114,-0.0533,-3.73,-0.72,-0.072,-0.0139,2.77,5.78,0.0535,0.1116,-1.78,1.23,-0.0344,0.0238,0.13,3.14,0.0025,0.0606,-5.47,-2.46,-0.1056,-0.0475,-7.21,-4.2,-0.1391,-0.0811,13.33,16.34,0.2573,0.3155,,,,
2024-03-21,5253.43,5251.82,-12.41,-10.8,-0.2362,-0.2056,7.67,-12.77,9.28,-11.16,-2.78,-1.17,-0.0529,-0.0223,-2.56,-0.95,-0.0487,-0.0181,-3.09,-1.48,-0.0588,-0.0282,-1.87,-0.26,-0.0356,-0.005,3.63,5.24,0.0691,0.0998,3.03,4.64,0.0577,0.0884,-4.15,-2.54,-0.079,-0.0484,0.1,1.71,0.0019,0.0326,3.12,4.73,0.0594,0.0901,0.13,1.74,0.0025,0.0331,3.93,5.54,0.0748,0.1055,1.9,3.51,0.0362,0.0668,7.12,8.73,0.1355,0.1662,0.15,1.76,0.0029,0.0335,-3.4,-1.79,-0.0647,-0.0341,,,,
2024-03-22,5242.4800000000005,5240.79,-8.21,-6.52,-0.1566,-0.1244,3.61,-12.61,5.3,-10.92,0.93,2.62,0.0177,0.05,-2.26,-0.57,-0.0431,-0.0109,-3.41,-1.72,-0.065,-0.0328,-1.15,0.54,-0.0219,0.0103,0.82,2.51,0.0156,0.0479,-5.31,-3.62,-0.1013,-0.0691,-6.63,-4.94,-0.1265,-0.0943,-2.45,-0.76,-0.0467,-0.0145,-4.94,-3.25,-0.0942,-0.062,-4.07,-2.38,-0.0776,-0.0454,-11.72,-10.03,-0.2236,-0.1914,-4.68,-2.99,-0.0893,-0.0571,-8.71,-7.02,-0.1661,-0.1339,-0.69,1.0,-0.0132,0.0191,2.45,4.14,0.0467,0.079,,,,
2024-03-25,5219.52,5219.7,-0.46,-0.64,-0.0088,-0.0123,9.57,-3.43,9.39,-3.61,1.02,0.84,0.0195,0.0161,3.11,2.93,0.0596,0.0561,2.53,2.35,0.0485,0.045,3.72,3.54,0.0713,0.0678,-1.76,-1.94,-0.0337,-0.0372,-2.35,-2.53,-0.045,-0.0485,1.97,1.79,0.0377,0.0343,3.02,2.84,0.0579,0.0544,8.06,7.88,0.1544,0.151,5.95,5.77,0.114,0.1105,7.44,7.26,0.1425,0.1391,5.13,4.95,0.0983,0.0948,4.65,4.47,0.0891,0.0856,5.23,5.05,0.1002,0.0967,8.59,8.41,0.1646,0.1611,,,,
2024-03-26,5228.85,5229.53,-24.67,-25.35,-0.4718,-0.4847,6.31,-25.43,5.63,-26.11,1.65,0.97,0.0316,0.0185,3.64,2.96,0.0696,0.0566,4.0,3.32,0.0765,0.0635,1.79,1.11,0.0342,0.0212,0.48,-0.2,0.0092,-0.0038,1.7,1.02,0.0325,0.0195,3.02,2.34,0.0578,0.0447,4.55,3.87,0.087,0.074,3.26,2.58,0.0623,0.0493,0.52,-0.16,0.0099,-0.0031,4.71,4.03,0.0901,0.0771,3.82,3.14,0.0731,0.06,1.9,1.22,0.0363,0.0233,0.01,-0.67,0.0002,-0.0128,0.28,-0.4,0.0054,-0.0076,,,,
2024-03-27,5226.31,5234.7,22.82,14.43,0.4366,0.2757,22.88,-12.39,14.49,-20.78,7.05,-1.34,0.1349,-0.0256,6.16,-2.23,0.1179,-0.0426,6.43,-1.96,0.123,-0.0374,6.74,-1.65,0.129,-0.0315,6.46,-1.93,0.1236,-0.0369,7.57,-0.82,0.1448,-0.0157,9.13,0.74,0.1747,0.0141,1.69,-6.7,0.0323,-0.128,-4.03,-12.42,-0.0771,-0.2373,-6.89,-15.28,-0.1318,-0.2919,-8.23,-16.62,-0.1575,-0.3175,-9.82,-18.21,-0.1879,-0.3479,-5.79,-14.18,-0.1108,-0.2709,-3.97,-12.36,-0.076,-0.2361,1.54,-6.85,0.0295,-0.1309,,,,
2024-03-28,5248.03,5248.68,7.57,6.92,0.1442,0.1318,16.82,-2.21,16.17,-2.86,-0.75,-1.4,-0.0143,-0.0267,-0.68,-1.33,-0.013,-0.0253,-0.82,-1.47,-0.0156,-0.028,-0.38,-1.03,-0.0072,-0.0196,2.04,1.39,0.0389,0.0265,5.41,4.76,0.1031,0.0907,5.16,4.51,0.0983,0.0859,4.81,4.16,0.0917,0.0793,2.65,2.0,0.0505,0.0381,2.63,1.98,0.0501,0.0377,5.99,5.34,0.1141,0.1017,7.0,6.35,0.1334,0.121,3.6,2.95,0.0686,0.0562,1.21,0.56,0.0231,0.0107,5.5,4.85,0.1048,0.0924,,,,
2024-04-01,5257.97,5256.1,-14.56,-12.69,-0.2769,-0.2414,5.98,-28.77,7.85,-26.9,-2.06,-0.19,-0.0392,-0.0036,0.4,2.27,0.0076,0.0432,1.22,3.09,0.0232,0.0588,3.33,5.2,0.0633,0.0989,3.8,5.67,0.0723,0.1079,5.33,7.2,0.1014,0.137,2.12,3.99,0.0403,0.0759,1.82,3.69,0.0346,0.0702,-0.86,1.01,-0.0164,0.0192,-8.59,-6.72,-0.1634,-0.1279,-15.44,-13.57,-0.2936,-0.2582,-18.84,-16.97,-0.3583,-0.3229,-17.9,-16.03,-0.3404,-0.305,-22.36,-20.49,-0.4253,-0.3898,-19.44,-17.57,-0.3697,-0.3343,,,,
2024-04-02,5204.29,5202.4800000000005,1.58,3.39,0.0304,0.0652,4.05,-20.24,5.86,-18.43,-3.43,-1.62,-0.0659,-0.0311,-5.4,-3.59,-0.1038,-0.069,-7.48,-5.67,-0.1437,-0.109,-7.84,-6.03,-0.1506,-0.1159,-12.89,-11.08,-0.2477,-0.213,-11.91,-10.1,-0.2288,-0.1941,-14.06,-12.25,-0.2702,-0.2355,-11.32,-9.51,-0.2175,-0.1828,-18.87,-17.06,-0.3626,-0.3279,-14.29,-12.48,-0.2746,-0.2399,-15.17,-13.36,-0.2915,-0.2568,-8.97,-7.16,-0.1724,-0.1376,-11.59,-9.78,-0.2227,-0.188,-9.69,-7.88,-0.1862,-0.1515,-5.96,-4.15,-0.1145,-0.0798,,,,
2024-04-03,5194.37,5197.22,18.81,15.96,0.3621,0.3071,34.38,0,31.53,-2.85,5.71,2.86,0.1099,0.055,8.06,5.21,0.1552,0.1002,7.22,4.37,0.139,0.0841,7.93,5.08,0.1527,0.0977,10.29,7.44,0.1981,0.1432,10.85,8.0,0.2089,0.1539,9.41,6.56,0.1812,0.1262,18.26,15.41,0.3515,0.2965,28.26,25.41,0.5441,0.4889,29.63,26.78,0.5704,0.5153,32.27,29.42,0.6212,0.5661,33.43,30.58,0.6436,0.5884,30.15,27.3,0.5804,0.5253,30.69,27.84,0.5908,0.5357,26.05,23.2,0.5015,0.4464,,,,
2024-04-04,5244.05,5251.14,-96.97,-104.06,-1.8491,-1.9817,12.54,-97.99,5.45,-105.08,6.67,-0.42,0.1272,-0.008,7.03,-0.06,0.1341,-0.0011,7.5,0.41,0.143,0.0078,9.74,2.65,0.1857,0.0505,5.51,-1.58,0.1051,-0.0301,5.74,-1.35,0.1095,-0.0257,4.01,-3.08,0.0765,-0.0587,3.91,-3.18,0.0746,-0.0606,3.12,-3.97,0.0595,-0.0756,3.29,-3.8,0.0627,-0.0724,1.95,-5.14,0.0372,-0.0979,2.04,-5.05,0.0389,-0.0962,9.14,2.05,0.1743,0.039,5.45,-1.64,0.1039,-0.0312,-53.99,-61.08,-1.0295,-1.1632,,,,
2024-04-05,5158.95,5159.58,45.85,45.22,0.8887,0.8764,63.23,-1.74,62.6,-2.37,5.3,4.67,0.1027,0.0905,7.39,6.76,0.1432,0.131,5.98,5.35,0.1159,0.1037,7.53,6.9,0.146,0.1337,3.36,2.73,0.0651,0.0529,11.46,10.83,0.2221,0.2099,14.39,13.76,0.2789,0.2667,19.22,18.59,0.3726,0.3603,21.72,21.09,0.421,0.4088,13.01,12.38,0.2522,0.2399,38.99,38.36,0.7558,0.7435,36.95,36.32,0.7162,0.7039,54.74,54.11,1.0611,1.0487,52.55,51.92,1.0186,1.0063,40.08,39.45,0.7769,0.7646,,,,
2024-04-08,5211.37,5208.68,-7.75,-5.06,-0.1487,-0.0971,8.2,-14.02,10.89,-11.33,-0.97,1.72,-0.0186,0.033,-2.07,0.62,-0.0397,0.0119,-2.61,0.08,-0.0501,0.0015,-6.36,-3.67,-0.122,-0.0705,-11.74,-9.05,-0.2253,-0.1737,-4.33,-1.64,-0.0831,-0.0315,-8.77,-6.08,-0.1683,-0.1167,-5.53,-2.84,-0.1061,-0.0545,-5.46,-2.77,-0.1048,-0.0532,4.35,7.04,0.0835,0.1352,7.4,10.09,0.142,0.1937,-0.44,2.25,-0.0084,0.0432,-6.8,-4.11,-0.1305,-0.0789,-2.03,0.66,-0.039,0.0127,-2.4,0.29,-0.0461,0.0056,,,,
2024-04-09,5217.03,5220.82,-6.97,-10.76,-0.1336,-0.2061,7.78,-56.25,3.99,-60.04,4.6,0.81,0.0882,0.0155,6.67,2.88,0.1279,0.0552,2.53,-1.26,0.0485,-0.0241,1.37,-2.42,0.0263,-0.0464,4.88,1.09,0.0935,0.0209,-0.4,-4.19,-0.0077,-0.0803,-9.52,-13.31,-0.1825,-0.2549,-10.53,-14.32,-0.2018,-0.2743,-8.57,-12.36,-0.1643,-0.2367,-32.36,-36.15,-0.6203,-0.6924,-44.19,-47.98,-0.847,-0.919,-39.41,-43.2,-0.7554,-0.8275,-26.9,-30.69,-0.5156,-0.5878,-28.52,-32.31,-0.5467,-0.6189,-34.66,-38.45,-0.6644,-0.7365,,,,
2024-04-10,5167.88,5151.92,-8.05,7.91,-0.1558,0.1535,10.55,-29.18,26.51,-13.22,-19.2,-3.24,-0.3715,-0.0629,-14.33,1.63,-0.2773,0.0316,-16.74,-0.78,-0.3239,-0.0151,-12.95,3.01,-0.2506,0.0584,-18.42,-2.46,-0.3564,-0.0477,-18.22,-2.26,-0.3526,-0.0439,-18.12,-2.16,-0.3506,-0.0419,-13.67,2.29,-0.2645,0.0444,-12.4,3.56,-0.2399,0.0691,-2.5,13.46,-0.0484,0.2613,-7.75,8.21,-0.15,0.1594,-7.94,8.02,-0.1536,0.1557,-17.67,-1.71,-0.3419,-0.0332,-9.51,6.45,-0.184,0.1252,-17.6,-1.64,-0.3406,-0.0318,,,,
2024-04-11,5172.95,5172.63,25.22,25.54,0.4875,0.4938,38.83,-34.18,39.15,-33.86,-4.04,-3.72,-0.0781,-0.0719,-3.28,-2.96,-0.0634,-0.0572,-4.49,-4.17,-0.0868,-0.0806,-2.11,-1.79,-0.0408,-0.0346,-11.7,-11.38,-0.2262,-0.22,-8.74,-8.42,-0.169,-0.1628,-11.17,-10.85,-0.2159,-0.2098,-13.97,-13.65,-0.2701,-0.2639,-31.83,-31.51,-0.6153,-0.6092,-28.37,-28.05,-0.5484,-0.5423,-23.15,-22.83,-0.4475,-0.4414,-20.76,-20.44,-0.4013,-0.3952,-6.77,-6.45,-0.1309,-0.1247,20.25,20.57,0.3915,0.3977,34.97,35.29,0.676,0.6822,,,,
2024-04-12,5171.51,5162.46,-47.91,-38.86,-0.9264,-0.7527,3.52,-63.57,12.57,-54.52,-6.75,2.3,-0.1305,0.0446,-2.55,6.5,-0.0493,0.1259,-3.53,5.52,-0.0683,0.1069,-4.56,4.49,-0.0882,0.087,-3.28,5.77,-0.0634,0.1118,-0.65,8.4,-0.0126,0.1627,1.32,10.37,0.0255,0.2009,-4.88,4.17,-0.0944,0.0808,-17.95,-8.9,-0.3471,-0.1724,-15.28,-6.23,-0.2955,-0.1207,-29.42,-20.37,-0.5689,-0.3946,-20.16,-11.11,-0.3898,-0.2152,-35.52,-26.47,-0.6868,-0.5127,-59.76,-50.71,-1.1556,-0.9823,-50.73,-41.68,-0.981,-0.8074,,,,
2024-04-15,5149.67,5161.2300000000005,-88.05,-99.61,-1.7098,-1.93,18.76,-97.2,7.2,-108.76,12.69,1.13,0.2464,0.0219,13.99,2.43,0.2717,0.0471,11.39,-0.17,0.2212,-0.0033,9.95,-1.61,0.1932,-0.0312,18.26,6.7,0.3546,0.1298,15.61,4.05,0.3031,0.0785,14.79,3.23,0.2872,0.0626,15.03,3.47,0.2919,0.0672,-2.85,-14.41,-0.0553,-0.2792,-6.98,-18.54,-0.1355,-0.3592,-23.68,-35.24,-0.4598,-0.6828,-16.93,-28.49,-0.3288,-0.552,-31.92,-43.48,-0.6198,-0.8424,-75.29,-86.85,-1.462,-1.6827,-80.0,-91.56,-1.5535,-1.774,,,,
2024-04-16,5064.59,5062.52,-14.0,-11.93,-0.2764,-0.2357,15.25,-24.76,17.32,-22.69,-3.05,-0.98,-0.0602,-0.0194,0.81,2.88,0.016,0.0569,-0.82,1.25,-0.0162,0.0247,-3.36,-1.29,-0.0663,-0.0255,-8.71,-6.64,-0.172,-0.1312,-12.15,-10.08,-0.2399,-0.1991,-11.34,-9.27,-0.2239,-0.1831,-6.74,-4.67,-0.1331,-0.0922,3.28,5.35,0.0648,0.1057,-15.05,-12.98,-0.2972,-0.2564,-18.12,-16.05,-0.3578,-0.317,-8.7,-6.63,-0.1718,-0.131,-1.04,1.03,-0.0205,0.0203,-18.63,-16.56,-0.3678,-0.3271,-16.19,-14.12,-0.3197,-0.2789,,,,
2024-04-17,5068.97,5072.47,-47.55,-51.05,-0.9381,-1.0064,8.99,-61.72,5.49,-65.22,6.03,2.53,0.119,0.0499,6.92,3.42,0.1365,0.0674,7.77,4.27,0.1533,0.0842,3.12,-0.38,0.0616,-0.0075,2.18,-1.32,0.043,-0.026,7.16,3.66,0.1413,0.0722,2.85,-0.65,0.0562,-0.0128,-4.12,-7.62,-0.0813,-0.1502,-14.42,-17.92,-0.2845,-0.3533,-9.97,-13.47,-0.1967,-0.2656,-21.04,-24.54,-0.4151,-0.4838,-38.26,-41.76,-0.7548,-0.8233,-49.9,-53.4,-0.9844,-1.0527,-34.31,-37.81,-0.6769,-0.7454,-34.62,-38.12,-0.683,-0.7515,,,,
2024-04-18,5031.52,5035.63,-21.33,-25.44,-0.4239,-0.5052,25.14,-29.63,21.03,-33.74,0.44,-3.67,0.0087,-0.0729,-0.93,-5.04,-0.0185,-0.1001,-3.53,-7.64,-0.0702,-0.1517,-9.98,-14.09,-0.1983,-0.2798,-15.07,-19.18,-0.2995,-0.3809,-12.84,-16.95,-0.2552,-0.3366,-5.03,-9.14,-0.1,-0.1815,-5.6,-9.71,-0.1113,-0.1928,1.06,-3.05,0.0211,-0.0606,6.89,2.78,0.1369,0.0552,18.24,14.13,0.3625,0.2806,15.29,11.18,0.3039,0.222,9.22,5.11,0.1832,0.1015,-13.99,-18.1,-0.278,-0.3594,-21.68,-25.79,-0.4309,-0.5122,,,,
2024-04-19,5005.4400000000005,5004.49,-38.24,-37.29,-0.764,-0.7451,13.58,-51.88,14.53,-50.93,0.31,1.26,0.0062,0.0252,3.1,4.05,0.0619,0.0809,5.32,6.27,0.1063,0.1253,1.91,2.86,0.0382,0.0571,-0.42,0.53,-0.0084,0.0106,9.58,10.53,0.1914,0.2104,0.89,1.84,0.0178,0.0368,8.21,9.16,0.164,0.183,-4.85,-3.9,-0.0969,-0.0779,-5.17,-4.22,-0.1033,-0.0843,-8.27,-7.32,-0.1652,-0.1463,-10.67,-9.72,-0.2132,-0.1942,-35.53,-34.58,-0.7098,-0.691,-20.32,-19.37,-0.406,-0.3871,-32.71,-31.76,-0.6535,-0.6346,,,,
2024-04-22,4987.33,4992.2300000000005,24.15,19.25,0.4842,0.3856,51.51,-17.93,46.61,-22.83,-0.23,-5.13,-0.0046,-0.1028,2.26,-2.64,0.0453,-0.0529,5.99,1.09,0.1201,0.0218,-0.36,-5.26,-0.0072,-0.1054,-2.29,-7.19,-0.0459,-0.144,0.92,-3.98,0.0184,-0.0797,6.54,1.64,0.1311,0.0329,5.87,0.97,0.1177,0.0194,3.61,-1.29,0.0724,-0.0258,-7.25,-12.15,-0.1454,-0.2434,-11.85,-16.75,-0.2376,-0.3355,-7.0,-11.9,-0.1404,-0.2384,3.41,-1.49,0.0684,-0.0298,28.92,24.02,0.5799,0.4811,49.82,44.92,0.9989,0.8998,,,,
2024-04-23,5028.85,5030.01,40.56,39.4,0.8065,0.7833,47.27,-0.89,46.11,-2.05,3.83,2.67,0.0762,0.0531,5.21,4.05,0.1036,0.0805,2.85,1.69,0.0567,0.0336,1.24,0.08,0.0247,0.0016,4.36,3.2,0.0867,0.0636,18.37,17.21,0.3653,0.3421,11.92,10.76,0.237,0.2139,17.15,15.99,0.341,0.3179,20.13,18.97,0.4003,0.3771,33.68,32.52,0.6697,0.6465,38.46,37.3,0.7648,0.7415,34.48,33.32,0.6856,0.6624,40.21,39.05,0.7996,0.7763,40.01,38.85,0.7956,0.7724,45.41,44.25,0.903,0.8797,,,,
2024-04-24,5084.86,5080.97,-12.65,-8.76,-0.2488,-0.1724,4.62,-37.84,8.51,-33.95,-4.93,-1.04,-0.097,-0.0205,-8.01,-4.12,-0.1575,-0.0811,-8.74,-4.85,-0.1719,-0.0955,-2.25,1.64,-0.0442,0.0323,-0.42,3.47,-0.0083,0.0683,0.37,4.26,0.0073,0.0838,3.47,7.36,0.0682,0.1449,-4.42,-0.53,-0.0869,-0.0104,-8.04,-4.15,-0.1581,-0.0817,-6.05,-2.16,-0.119,-0.0425,-17.7,-13.81,-0.3481,-0.2718,-21.97,-18.08,-0.4321,-0.3558,-33.1,-29.21,-0.651,-0.5749,-15.67,-11.78,-0.3082,-0.2318,-19.58,-15.69,-0.3851,-0.3088,,,,
2024-04-25,5019.88,5006.9800000000005,29.45,42.35,0.5867,0.8458,37.87,-29.3,50.77,-16.4,-16.2,-3.3,-0.3227,-0.0659,-19.85,-6.95,-0.3954,-0.1388,-19.41,-6.51,-0.3867,-0.13,-16.0,-3.1,-0.3187,-0.0619,-19.11,-6.21,-0.3807,-0.124,-11.96,0.94,-0.2383,0.0188,-17.4,-4.5,-0.3466,-0.0899,-25.32,-12.42,-0.5044,-0.2481,-14.82,-1.92,-0.2952,-0.0383,-8.53,4.37,-0.1699,0.0873,-17.27,-4.37,-0.344,-0.0873,-8.78,4.12,-0.1749,0.0823,6.96,19.86,0.1386,0.3966,13.48,26.38,0.2685,0.5269,20.8,33.7,0.4144,0.6731,,,,
2024-04-26,5084.650000000001,5078.18,14.04,20.51,0.2761,0.4039,29.97,-11.51,36.44,-5.04,-9.9,-3.43,-0.1947,-0.0675,-11.14,-4.67,-0.2191,-0.092,-4.77,1.7,-0.0938,0.0335,-2.34,4.13,-0.046,0.0813,-0.69,5.78,-0.0136,0.1138,1.67,8.14,0.0328,0.1603,9.27,15.74,0.1823,0.31,10.29,16.76,0.2024,0.33,18.13,24.6,0.3566,0.4844,9.88,16.35,0.1943,0.322,19.85,26.32,0.3904,0.5183,12.14,18.61,0.2388,0.3665,19.44,25.91,0.3823,0.5102,26.36,32.83,0.5184,0.6465,20.08,26.55,0.3949,0.5228,,,,
2024-04-29,5114.13,5116.27,2.71,0.57,0.053,0.0111,9.36,-25.48,7.22,-27.62,6.79,4.65,0.1328,0.0909,8.26,6.12,0.1615,0.1196,7.75,5.61,0.1515,0.1097,5.64,3.5,0.1103,0.0684,-1.15,-3.29,-0.0225,-0.0643,-5.61,-7.75,-0.1097,-0.1515,-3.67,-5.81,-0.0718,-0.1136,-0.05,-2.19,-0.001,-0.0428,4.12,1.98,0.0806,0.0387,4.48,2.34,0.0876,0.0457,0.09,-2.05,0.0018,-0.0401,-4.41,-6.55,-0.0862,-0.128,1.24,-0.9,0.0242,-0.0176,3.63,1.49,0.071,0.0291,-3.06,-5.2,-0.0598,-0.1016,,,,
2024-04-30,5103.78,5099.77,-67.53,-63.52,-1.3231,-1.2455,7.05,-68.47,11.06,-64.46,-5.16,-1.15,-0.1011,-0.0226,-4.47,-0.46,-0.0876,-0.009,-3.22,0.79,-0.0631,0.0155,-2.52,1.49,-0.0494,0.0292,1.78,5.79,0.0349,0.1135,4.49,8.5,0.088,0.1667,1.79,5.8,0.0351,0.1137,3.48,7.49,0.0682,0.1469,4.59,8.6,0.0899,0.1686,-5.53,-1.52,-0.1084,-0.0298,-3.21,0.8,-0.0629,0.0157,-20.74,-16.73,-0.4064,-0.3281,-25.27,-21.26,-0.4951,-0.4169,-37.18,-33.17,-0.7285,-0.6504,-36.1,-32.09,-0.7073,-0.6292,,,,
2024-05-01,5029.03,5031.56,-11.46,-13.99,-0.2279,-0.278,67.09,-15.58,64.56,-18.11,-1.82,-4.35,-0.0362,-0.0865,0.61,-1.92,0.0121,-0.0382,0.47,-2.06,0.0093,-0.0409,3.19,0.66,0.0634,0.0131,-3.47,-6.0,-0.069,-0.1192,-4.08,-6.61,-0.0811,-0.1314,-5.5,-8.03,-0.1094,-0.1596,-10.29,-12.82,-0.2046,-0.2548,-7.68,-10.21,-0.1527,-0.2029,-5.58,-8.11,-0.111,-0.1612,-1.75,-4.28,-0.0348,-0.0851,-6.08,-8.61,-0.1209,-0.1711,-4.49,-7.02,-0.0893,-0.1395,-6.69,-9.22,-0.133,-0.1832,15.35,12.82,0.3052,0.2548,,,,
2024-05-02,5049.32,5055.46,16.04,9.9,0.3177,0.1958,23.89,-38.27,17.75,-44.41,3.26,-2.88,0.0646,-0.057,4.99,-1.15,0.0988,-0.0227,3.25,-2.89,0.0644,-0.0572,-5.48,-11.62,-0.1085,-0.2299,-8.78,-14.92,-0.1739,-0.2951,-8.4,-14.54,-0.1664,-0.2876,-15.25,-21.39,-0.302,-0.4231,-15.98,-22.12,-0.3165,-0.4375,-22.59,-28.73,-0.4474,-0.5683,-13.92,-20.06,-0.2757,-0.3968,-11.01,-17.15,-0.218,-0.3392,-13.24,-19.38,-0.2622,-0.3833,-15.55,-21.69,-0.308,-0.429,7.75,1.61,0.1535,0.0318,10.93,4.79,0.2165,0.0947,,,,
2024-05-03,5122.78,5126.38,4.99,1.39,0.0974,0.0271,16.34,-21.56,12.74,-25.16,1.81,-1.79,0.0353,-0.0349,-1.6,-5.2,-0.0312,-0.1014,-3.7,-7.3,-0.0722,-0.1424,-7.4,-11.0,-0.1445,-0.2146,-0.23,-3.83,-0.0045,-0.0747,3.78,0.18,0.0738,0.0035,6.45,2.85,0.1259,0.0556,1.0,-2.6,0.0195,-0.0507,-9.63,-13.23,-0.188,-0.2581,-9.0,-12.6,-0.1757,-0.2458,-13.59,-17.19,-0.2653,-0.3353,-9.41,-13.01,-0.1837,-0.2538,2.3,-1.3,0.0449,-0.0254,3.84,0.24,0.075,0.0047,10.0,6.4,0.1952,0.1248,,,,
2024-05-06,5142.42,5149.1900000000005,38.28,31.51,0.7444,0.6119,38.43,0,31.66,-6.77,7.8,1.03,0.1517,0.02,6.97,0.2,0.1355,0.0039,8.55,1.78,0.1663,0.0346,9.09,2.32,0.1768,0.0451,13.19,6.42,0.2565,0.1247,14.91,8.14,0.2899,0.1581,13.75,6.98,0.2674,0.1356,14.01,7.24,0.2724,0.1406,17.18,10.41,0.3341,0.2022,15.76,8.99,0.3065,0.1746,14.93,8.16,0.2903,0.1585,13.89,7.12,0.2701,0.1383,13.52,6.75,0.2629,0.1311,18.57,11.8,0.3611,0.2292,27.69,20.92,0.5385,0.4063,,,,
2024-05-07,5187.2,5188.650000000001,0.32,-1.13,0.0062,-0.0218,13.03,-8.24,11.58,-9.69,6.09,4.64,0.1174,0.0894,5.07,3.62,0.0977,0.0698,4.84,3.39,0.0933,0.0653,4.91,3.46,0.0947,0.0667,3.13,1.68,0.0603,0.0324,3.56,2.11,0.0686,0.0407,-0.9,-2.35,-0.0174,-0.0453,0.22,-1.23,0.0042,-0.0237,3.73,2.28,0.0719,0.0439,0.56,-0.89,0.0108,-0.0172,9.55,8.1,0.1841,0.1561,8.1,6.65,0.1562,0.1282,9.25,7.8,0.1783,0.1503,12.05,10.6,0.2323,0.2043,-3.71,-5.16,-0.0715,-0.0994,,,,
2024-05-08,5168.9800000000005,5168.96,18.63,18.65,0.3604,0.3608,22.97,-3.12,22.99,-3.1,1.68,1.7,0.0325,0.0329,-0.51,-0.49,-0.0099,-0.0095,-1.62,-1.6,-0.0313,-0.031,1.15,1.17,0.0222,0.0226,3.47,3.49,0.0671,0.0675,5.7,5.72,0.1103,0.1107,9.28,9.3,0.1795,0.1799,12.45,12.47,0.2409,0.2412,8.1,8.12,0.1567,0.1571,15.32,15.34,0.2964,0.2968,20.53,20.55,0.3972,0.3976,15.28,15.3,0.2956,0.296,14.17,14.19,0.2741,0.2745,9.93,9.95,0.1921,0.1925,18.07,18.09,0.3496,0.35,,,,
2024-05-09,5189.03,5192.06,25.55,22.52,0.4924,0.4337,26.27,-8.62,23.24,-11.65,0.93,-2.1,0.0179,-0.0404,1.79,-1.24,0.0345,-0.0239,0.52,-2.51,0.01,-0.0483,1.08,-1.95,0.0208,-0.0376,-3.51,-6.54,-0.0676,-0.126,-5.86,-8.89,-0.1129,-0.1712,-2.94,-5.97,-0.0567,-0.115,1.3,-1.73,0.0251,-0.0333,3.67,0.64,0.0707,0.0123,7.98,4.95,0.1538,0.0953,16.33,13.3,0.3147,0.2562,18.41,15.38,0.3548,0.2962,12.53,9.5,0.2415,0.183,18.84,15.81,0.3631,0.3045,19.3,16.27,0.3719,0.3134,,,,
2024-05-10,5225.49,5227.150000000001,-3.45,-5.11,-0.066,-0.0978,14.17,-15.81,12.51,-17.47,4.61,2.95,0.0882,0.0564,4.98,3.32,0.0953,0.0635,5.7,4.04,0.1091,0.0773,5.72,4.06,0.1095,0.0777,11.09,9.43,0.2122,0.1804,10.12,8.46,0.1937,0.1618,12.33,10.67,0.236,0.2041,7.84,6.18,0.15,0.1182,2.58,0.92,0.0494,0.0176,-6.92,-8.58,-0.1324,-0.1641,-8.77,-10.43,-0.1678,-0.1995,-7.1,-8.76,-0.1359,-0.1676,-8.47,-10.13,-0.1621,-0.1938,-10.47,-12.13,-0.2004,-0.2321,-7.98,-9.64,-0.1527,-0.1844,,,,
2024-05-13,5233.08,5236.22,-11.34,-14.48,-0.2167,-0.2765,4.18,-21.92,1.04,-25.06,3.69,0.55,0.0705,0.0105,2.06,-1.08,0.0394,-0.0206,0.93,-2.21,0.0178,-0.0422,-0.05,-3.19,-0.001,-0.0609,-6.37,-9.51,-0.1217,-0.1816,-7.04,-10.18,-0.1345,-0.1944,-5.41,-8.55,-0.1034,-0.1633,-3.11,-6.25,-0.0594,-0.1194,-4.33,-7.47,-0.0827,-0.1427,-5.3,-8.44,-0.1013,-0.1612,-7.85,-10.99,-0.15,-0.2099,-13.18,-16.32,-0.2519,-0.3117,-7.46,-10.6,-0.1426,-0.2024,-11.46,-14.6,-0.219,-0.2788,-12.26,-15.4,-0.2343,-0.2941,,,,
2024-05-14,5221.1,5223.49,24.53,22.14,0.4698,0.4239,29.27,-3.12,26.88,-5.51,3.51,1.12,0.0672,0.0214,3.03,0.64,0.058,0.0123,1.4,-0.99,0.0268,-0.019,0.88,-1.51,0.0169,-0.0289,4.3,1.91,0.0824,0.0366,6.92,4.53,0.1325,0.0867,6.28,3.89,0.1203,0.0745,4.36,1.97,0.0835,0.0377,6.89,4.5,0.132,0.0861,13.43,11.04,0.2572,0.2114,8.76,6.37,0.1678,0.1219,9.06,6.67,0.1735,0.1277,0.03,-2.36,0.0006,-0.0452,2.02,-0.37,0.0387,-0.0071,12.92,10.53,0.2475,0.2016,,,,
2024-05-15,5263.26,5270.9400000000005,45.41,37.73,0.8628,0.7158,48.5,0,40.82,-7.68,8.18,0.5,0.1554,0.0095,11.69,4.01,0.2221,0.0761,12.86,5.18,0.2443,0.0983,14.16,6.48,0.269,0.1229,14.84,7.16,0.282,0.1358,10.56,2.88,0.2006,0.0546,2.04,-5.64,0.0388,-0.107,7.39,-0.29,0.1404,-0.0055,9.02,1.34,0.1714,0.0254,13.0,5.32,0.247,0.1009,20.83,13.15,0.3958,0.2495,29.23,21.55,0.5554,0.4088,28.87,21.19,0.5485,0.402,35.67,27.99,0.6777,0.531,38.09,30.41,0.7237,0.5769,,,,
2024-05-16,5310.07,5312.46,-12.2,-14.59,-0.2298,-0.2746,15.42,-13.88,13.03,-16.27,2.17,-0.22,0.0409,-0.0041,2.26,-0.13,0.0426,-0.0024,2.5,0.11,0.0471,0.0021,1.83,-0.56,0.0345,-0.0105,1.13,-1.26,0.0213,-0.0237,1.46,-0.93,0.0275,-0.0175,3.04,0.65,0.0572,0.0122,3.25,0.86,0.0612,0.0162,5.25,2.86,0.0989,0.0538,7.76,5.37,0.1461,0.1011,14.91,12.52,0.2808,0.2357,11.84,9.45,0.223,0.1779,4.04,1.65,0.0761,0.0311,-0.34,-2.73,-0.0064,-0.0514,-3.85,-6.24,-0.0725,-0.1175,,,,
2024-05-17,5303.1,5303.57,0.79,0.32,0.0149,0.006,2.35,-19.51,1.88,-19.98,-1.77,-2.24,-0.0334,-0.0422,-2.59,-3.06,-0.0488,-0.0577,-3.45,-3.92,-0.0651,-0.0739,-4.43,-4.9,-0.0835,-0.0924,-5.16,-5.63,-0.0973,-0.1062,-7.72,-8.19,-0.1456,-0.1544,-6.17,-6.64,-0.1163,-0.1252,-4.86,-5.33,-0.0916,-0.1005,-6.09,-6.56,-0.1148,-0.1237,-2.08,-2.55,-0.0392,-0.0481,-3.21,-3.68,-0.0605,-0.0694,-5.59,-6.06,-0.1054,-0.1143,-6.74,-7.21,-0.1271,-0.1359,-5.63,-6.1,-0.1062,-0.115,-12.11,-12.58,-0.2284,-0.2372,,,,
2024-05-20,5305.35,5305.12,3.77,4.0,0.0711,0.0754,19.97,-2.95,20.2,-2.72,2.0,2.23,0.0377,0.042,2.92,3.15,0.055,0.0594,2.76,2.99,0.052,0.0564,6.06,6.29,0.1142,0.1186,5.64,5.87,0.1063,0.1106,8.22,8.45,0.1549,0.1593,12.97,13.2,0.2445,0.2488,14.6,14.83,0.2752,0.2795,14.73,14.96,0.2776,0.282,16.54,16.77,0.3118,0.3161,16.5,16.73,0.311,0.3154,18.23,18.46,0.3436,0.348,12.46,12.69,0.2349,0.2392,7.66,7.89,0.1444,0.1487,6.42,6.65,0.121,0.1254,,,,
2024-05-21,5298.6900000000005,5299.09,23.28,22.88,0.4394,0.4318,25.63,-0.82,25.23,-1.22,0.17,-0.23,0.0032,-0.0043,3.08,2.68,0.0581,0.0506,3.87,3.47,0.073,0.0655,3.06,2.66,0.0578,0.0502,4.66,4.26,0.0879,0.0804,5.61,5.21,0.1059,0.0983,6.74,6.34,0.1272,0.1196,7.46,7.06,0.1408,0.1332,9.68,9.28,0.1827,0.1751,11.51,11.11,0.2172,0.2097,14.24,13.84,0.2687,0.2612,14.85,14.45,0.2803,0.2727,12.99,12.59,0.2452,0.2376,12.31,11.91,0.2323,0.2248,15.47,15.07,0.292,0.2844,,,,
2024-05-22,5319.28,5318.0,-12.69,-11.41,-0.2386,-0.2146,3.9,-33.27,5.18,-31.99,-3.24,-1.96,-0.0609,-0.0369,-1.73,-0.45,-0.0325,-0.0085,-1.64,-0.36,-0.0308,-0.0068,-1.41,-0.13,-0.0265,-0.0024,-1.7,-0.42,-0.032,-0.0079,0.82,2.1,0.0154,0.0395,1.38,2.66,0.0259,0.05,2.18,3.46,0.041,0.0651,2.85,4.13,0.0536,0.0777,0.99,2.27,0.0186,0.0427,1.45,2.73,0.0273,0.0513,-0.22,1.06,-0.0041,0.0199,0.49,1.77,0.0092,0.0333,-1.04,0.24,-0.0196,0.0045,-29.6,-28.32,-0.5565,-0.5325,,,,
2024-05-23,5340.26,5337.27,-71.93,-68.94,-1.3469,-1.2917,1.62,-83.33,4.61,-80.34,-7.22,-4.23,-0.1352,-0.0793,-8.04,-5.05,-0.1506,-0.0946,-10.18,-7.19,-0.1906,-0.1347,-8.46,-5.47,-0.1584,-0.1025,-13.4,-10.41,-0.2509,-0.195,-16.02,-13.03,-0.3,-0.2441,-25.57,-22.58,-0.4788,-0.4231,-26.9,-23.91,-0.5037,-0.448,-21.73,-18.74,-0.4069,-0.3511,-30.06,-27.07,-0.5629,-0.5072,-36.86,-33.87,-0.6902,-0.6346,-24.67,-21.68,-0.462,-0.4062,-18.38,-15.39,-0.3442,-0.2883,-36.54,-33.55,-0.6842,-0.6286,-75.08,-72.09,-1.4059,-1.3507,,,,
2024-05-24,5281.45,5285.67,23.25,19.03,0.4402,0.36,30.2,-3.06,25.98,-7.28,5.58,1.36,0.1057,0.0257,4.78,0.56,0.0905,0.0106,4.17,-0.05,0.079,-0.0009,7.01,2.79,0.1327,0.0528,3.39,-0.83,0.0642,-0.0157,7.48,3.26,0.1416,0.0617,-1.13,-5.35,-0.0214,-0.1012,10.01,5.79,0.1895,0.1095,7.99,3.77,0.1513,0.0713,13.7,9.48,0.2594,0.1794,18.15,13.93,0.3437,0.2635,26.16,21.94,0.4953,0.4151,25.49,21.27,0.4826,0.4024,23.91,19.69,0.4527,0.3725,21.53,17.31,0.4077,0.3275,,,,
2024-05-28,5315.91,5312.75,-8.8,-5.64,-0.1655,-0.1062,0,-35.02,3.16,-31.86,-0.35,2.81,-0.0066,0.0529,-2.73,0.43,-0.0514,0.0081,-3.42,-0.26,-0.0643,-0.0049,-2.23,0.93,-0.0419,0.0175,-3.99,-0.83,-0.0751,-0.0156,-10.77,-7.61,-0.2026,-0.1432,-10.36,-7.2,-0.1949,-0.1355,-15.0,-11.84,-0.2822,-0.2229,-12.72,-9.56,-0.2393,-0.1799,-9.51,-6.35,-0.1789,-0.1195,-8.25,-5.09,-0.1552,-0.0958,-7.52,-4.36,-0.1415,-0.0821,-8.17,-5.01,-0.1537,-0.0943,-11.37,-8.21,-0.2139,-0.1545,-25.01,-21.85,-0.4705,-0.4113,,,,
2024-05-29,5278.7300000000005,5266.79,-12.95,-1.01,-0.2453,-0.0192,3.54,-16.03,15.48,-4.09,-12.58,-0.64,-0.2383,-0.0122,-13.26,-1.32,-0.2512,-0.0251,-15.07,-3.13,-0.2855,-0.0594,-14.44,-2.5,-0.2736,-0.0475,-13.2,-1.26,-0.2501,-0.0239,-12.67,-0.73,-0.24,-0.0139,-8.42,3.52,-0.1595,0.0668,-7.04,4.9,-0.1334,0.093,-4.22,7.72,-0.0799,0.1466,-1.07,10.87,-0.0203,0.2064,-0.7,11.24,-0.0133,0.2134,-5.9,6.04,-0.1118,0.1147,-2.75,9.19,-0.0521,0.1745,-1.04,10.9,-0.0197,0.207,-3.55,8.39,-0.0673,0.1593,,,,
2024-05-30,5259.77,5253.49,-23.6,-17.32,-0.4487,-0.3297,0.44,-37.67,6.72,-31.39,-4.85,1.43,-0.0922,0.0272,-2.3,3.98,-0.0437,0.0758,-3.9,2.38,-0.0741,0.0453,-9.76,-3.48,-0.1856,-0.0662,-6.14,0.14,-0.1167,0.0027,-8.41,-2.13,-0.1599,-0.0405,-8.88,-2.6,-0.1688,-0.0495,-5.66,0.62,-0.1076,0.0118,-16.72,-10.44,-0.3179,-0.1987,-10.99,-4.71,-0.2089,-0.0897,-8.02,-1.74,-0.1525,-0.0331,-6.1,0.18,-0.116,0.0034,-2.53,3.75,-0.0481,0.0714,-11.07,-4.79,-0.2105,-0.0912,-30.36,-24.08,-0.5772,-0.4584,,,,
2024-05-31,5243.21,5245.25,36.8,34.76,0.7019,0.6627,37.12,-51.53,35.08,-53.57,2.09,0.05,0.0399,0.001,0.13,-1.91,0.0025,-0.0364,-1.44,-3.48,-0.0275,-0.0663,3.22,1.18,0.0614,0.0225,11.46,9.42,0.2186,0.1796,7.32,5.28,0.1396,0.1007,0.08,-1.96,0.0015,-0.0374,-7.85,-9.89,-0.1497,-0.1886,-16.14,-18.18,-0.3078,-0.3466,-27.91,-29.95,-0.5323,-0.571,-27.77,-29.81,-0.5296,-0.5683,-36.93,-38.97,-0.7043,-0.743,-45.73,-47.77,-0.8722,-0.9107,-26.98,-29.02,-0.5146,-0.5533,-27.13,-29.17,-0.5174,-0.5561,,,,
2024-06-03,5297.150000000001,5296.46,-14.33,-13.64,-0.2705,-0.2575,4.96,-62.83,5.65,-62.14,-0.87,-0.18,-0.0164,-0.0034,-0.69,0.0,-0.013,0.0,-0.84,-0.15,-0.0159,-0.0028,-0.84,-0.15,-0.0159,-0.0028,-0.64,0.05,-0.0121,0.0009,3.98,4.67,0.0751,0.0882,0.53,1.22,0.01,0.023,-2.98,-2.29,-0.0563,-0.0432,-4.42,-3.73,-0.0834,-0.0704,-6.3,-5.61,-0.1189,-0.1059,-31.48,-30.79,-0.5943,-0.5813,-23.46,-22.77,-0.4429,-0.4299,-47.85,-47.16,-0.9033,-0.8904,-42.12,-41.43,-0.7951,-0.7822,-35.09,-34.4,-0.6624,-0.6495,,,,
2024-06-04,5278.24,5273.6,12.5,17.14,0.2368,0.325,20.56,-20.61,25.2,-15.97,-7.04,-2.4,-0.1334,-0.0455,-7.28,-2.64,-0.1379,-0.0501,-10.09,-5.45,-0.1912,-0.1033,-11.53,-6.89,-0.2184,-0.1307,-9.52,-4.88,-0.1804,-0.0925,-4.16,0.48,-0.0788,0.0091,-4.03,0.61,-0.0764,0.0116,1.02,5.66,0.0193,0.1073,-7.67,-3.03,-0.1453,-0.0575,-0.76,3.88,-0.0144,0.0736,-11.2,-6.56,-0.2122,-0.1244,-12.88,-8.24,-0.244,-0.1563,-11.54,-6.9,-0.2186,-0.1308,-0.43,4.21,-0.0081,0.0798,15.49,20.13,0.2935,0.3817,,,,
2024-06-05,5314.4800000000005,5312.34,39.16,41.3,0.7369,0.7774,39.16,-16.84,41.3,-14.7,-1.2,0.94,-0.0226,0.0177,-1.91,0.23,-0.0359,0.0043,-3.86,-1.72,-0.0726,-0.0324,-3.74,-1.6,-0.0704,-0.0301,-6.1,-3.96,-0.1148,-0.0745,-3.65,-1.51,-0.0687,-0.0284,-9.33,-7.19,-0.1756,-0.1353,-8.7,-6.56,-0.1637,-0.1235,-12.4,-10.26,-0.2333,-0.1931,-2.21,-0.07,-0.0416,-0.0013,4.41,6.55,0.083,0.1233,13.07,15.21,0.2459,0.2863,15.17,17.31,0.2854,0.3258,21.05,23.19,0.3961,0.4365,28.41,30.55,0.5346,0.5751,,,,
2024-06-06,5357.8,5357.29,-4.89,-4.38,-0.0913,-0.0818,4.55,-22.44,5.06,-21.93,-0.56,-0.05,-0.0105,-0.0009,0.56,1.07,0.0105,0.02,-0.92,-0.41,-0.0172,-0.0077,0.45,0.96,0.0084,0.0179,1.55,2.06,0.0289,0.0385,1.85,2.36,0.0345,0.0441,1.52,2.03,0.0284,0.0379,-4.97,-4.46,-0.0928,-0.0833,-2.71,-2.2,-0.0506,-0.0411,-0.26,0.25,-0.0049,0.0047,-6.3,-5.79,-0.1176,-0.1081,-7.14,-6.63,-0.1333,-0.1238,-14.63,-14.12,-0.2731,-0.2636,-8.66,-8.15,-0.1616,-0.1521,-15.52,-15.01,-0.2897,-0.2802,,,,
2024-06-07,5343.81,5335.59,2.49,10.71,0.0466,0.2007,31.27,-12.48,39.49,-4.26,-6.89,1.33,-0.1289,0.0249,-7.7,0.52,-0.1441,0.0097,-8.3,-0.08,-0.1553,-0.0015,-7.22,1.0,-0.1351,0.0187,-6.23,1.99,-0.1166,0.0373,-0.44,7.78,-0.0082,0.1458,2.96,11.18,0.0554,0.2095,5.42,13.64,0.1014,0.2556,5.19,13.41,0.0971,0.2513,8.97,17.19,0.1679,0.3222,11.38,19.6,0.213,0.3673,15.66,23.88,0.293,0.4476,24.16,32.38,0.4521,0.6069,25.22,33.44,0.4719,0.6267,10.28,18.5,0.1924,0.3467,,,,
2024-06-10,5341.22,5337.51,19.44,23.15,0.364,0.4337,24.57,-9.7,28.28,-5.99,-6.44,-2.73,-0.1206,-0.0511,-4.93,-1.22,-0.0923,-0.0229,-7.24,-3.53,-0.1355,-0.0661,-5.25,-1.54,-0.0983,-0.0289,-8.16,-4.45,-0.1528,-0.0834,-7.06,-3.35,-0.1322,-0.0628,-6.73,-3.02,-0.126,-0.0566,-4.56,-0.85,-0.0854,-0.0159,-2.43,1.28,-0.0455,0.024,0.96,4.67,0.018,0.0875,3.5,7.21,0.0655,0.1351,10.95,14.66,0.205,0.2747,13.2,16.91,0.2471,0.3168,7.23,10.94,0.1354,0.205,9.54,13.25,0.1786,0.2482,,,,
2024-06-11,5353.0,5345.59,22.81,30.22,0.4261,0.5653,22.95,-25.75,30.36,-18.34,-11.83,-4.42,-0.221,-0.0827,-11.47,-4.06,-0.2143,-0.076,-10.28,-2.87,-0.192,-0.0537,-12.41,-5.0,-0.2318,-0.0935,-12.0,-4.59,-0.2242,-0.0859,-15.23,-7.82,-0.2845,-0.1463,-23.53,-16.12,-0.4396,-0.3016,-17.06,-9.65,-0.3187,-0.1805,-13.6,-6.19,-0.2541,-0.1158,-10.11,-2.7,-0.1889,-0.0505,0.12,7.53,0.0022,0.1409,-0.72,6.69,-0.0135,0.1251,-8.47,-1.06,-0.1582,-0.0198,-3.04,4.37,-0.0568,0.0817,14.93,22.34,0.2789,0.4179,,,,
2024-06-12,5409.13,5421.35,12.01,-0.21,0.222,-0.0039,38.12,0,25.9,-12.22,16.02,3.8,0.2962,0.0701,13.46,1.24,0.2488,0.0229,12.53,0.31,0.2316,0.0057,11.61,-0.61,0.2146,-0.0113,15.92,3.7,0.2943,0.0682,23.3,11.08,0.4308,0.2044,26.35,14.13,0.4871,0.2606,24.79,12.57,0.4583,0.2319,31.86,19.64,0.589,0.3623,35.67,23.45,0.6594,0.4325,28.28,16.06,0.5228,0.2962,28.23,16.01,0.5219,0.2953,23.12,10.9,0.4274,0.2011,23.7,11.48,0.4381,0.2118,25.55,13.33,0.4723,0.2459,,,,
2024-06-13,5441.93,5436.38,-9.12,-3.57,-0.1676,-0.0657,0,-39.42,5.55,-33.87,-6.33,-0.78,-0.1163,-0.0143,-6.88,-1.33,-0.1264,-0.0245,-8.67,-3.12,-0.1593,-0.0574,-11.54,-5.99,-0.2121,-0.1102,-5.99,-0.44,-0.1101,-0.0081,-10.73,-5.18,-0.1972,-0.0953,-10.08,-4.53,-0.1852,-0.0833,-12.57,-7.02,-0.231,-0.1291,-21.55,-16.0,-0.396,-0.2943,-22.95,-17.4,-0.4217,-0.3201,-29.1,-23.55,-0.5347,-0.4332,-22.79,-17.24,-0.4188,-0.3171,-36.99,-31.44,-0.6797,-0.5783,-18.83,-13.28,-0.346,-0.2443,-14.04,-8.49,-0.258,-0.1562,,,,
2024-06-14,5424.08,5413.63,8.27,18.72,0.1525,0.3458,8.31,-20.33,18.76,-9.88,-9.84,0.61,-0.1814,0.0113,-12.07,-1.62,-0.2225,-0.0299,-9.04,1.41,-0.1667,0.026,-7.23,3.22,-0.1333,0.0595,-3.83,6.62,-0.0706,0.1223,-3.52,6.93,-0.0649,0.128,-5.03,5.42,-0.0927,0.1001,-9.16,1.29,-0.1689,0.0238,-16.2,-5.75,-0.2987,-0.1062,-10.65,-0.2,-0.1963,-0.0037,-7.02,3.43,-0.1294,0.0634,-4.13,6.32,-0.0761,0.1167,-7.29,3.16,-0.1344,0.0584,3.1,13.55,0.0572,0.2503,-1.07,9.38,-0.0197,0.1733,,,,
2024-06-17,5431.11,5424.28,42.56,49.39,0.7836,0.9105,57.39,-10.71,64.22,-3.88,-5.38,1.45,-0.0991,0.0267,-7.02,-0.19,-0.1293,-0.0035,-6.44,0.39,-0.1186,0.0072,-3.6,3.23,-0.0663,0.0595,-5.71,1.12,-0.1051,0.0206,-2.72,4.11,-0.0501,0.0758,-8.6,-1.77,-0.1583,-0.0326,-5.77,1.06,-0.1062,0.0195,-0.27,6.56,-0.005,0.1209,-2.95,3.88,-0.0543,0.0715,4.77,11.6,0.0878,0.2139,11.23,18.06,0.2068,0.3329,25.82,32.65,0.4754,0.6019,37.39,44.22,0.6884,0.8152,54.3,61.13,0.9998,1.127,,,,
2024-06-18,5476.150000000001,5477.14,10.66,9.67,0.1947,0.1766,14.23,-4.83,13.24,-5.82,0.76,-0.23,0.0139,-0.0042,2.29,1.3,0.0418,0.0237,3.05,2.06,0.0557,0.0376,7.42,6.43,0.1355,0.1174,7.81,6.82,0.1426,0.1245,6.82,5.83,0.1245,0.1064,7.13,6.14,0.1302,0.1121,4.76,3.77,0.0869,0.0688,6.08,5.09,0.111,0.0929,3.5,2.51,0.0639,0.0458,-0.33,-1.32,-0.006,-0.0241,-1.46,-2.45,-0.0267,-0.0447,1.08,0.09,0.0197,0.0016,7.93,6.94,0.1448,0.1267,6.94,5.95,0.1267,0.1086,,,,
2024-06-20,5499.99,5496.78,-27.53,-24.32,-0.5005,-0.4424,5.54,-44.43,8.75,-41.22,-7.05,-3.84,-0.1282,-0.0699,-5.53,-2.32,-0.1005,-0.0422,-5.86,-2.65,-0.1065,-0.0482,-4.83,-1.62,-0.0878,-0.0295,-1.47,1.74,-0.0267,0.0317,4.19,7.4,0.0762,0.1346,4.07,7.28,0.074,0.1324,1.69,4.9,0.0307,0.0891,-10.01,-6.8,-0.182,-0.1237,-4.18,-0.97,-0.076,-0.0176,-2.02,1.19,-0.0367,0.0216,-7.74,-4.53,-0.1407,-0.0824,-31.13,-27.92,-0.566,-0.5079,-34.11,-30.9,-0.6202,-0.5621,-15.89,-12.68,-0.2889,-0.2307,,,,
2024-06-21,5466.77,5464.86,0.88,2.79,0.0161,0.0511,11.54,-14.74,13.45,-12.83,1.69,3.6,0.0309,0.0659,4.08,5.99,0.0746,0.1096,-0.33,1.58,-0.006,0.0289,3.29,5.2,0.0602,0.0952,-1.53,0.38,-0.028,0.007,-11.76,-9.85,-0.2151,-0.1802,-8.92,-7.01,-0.1632,-0.1283,-2.49,-0.58,-0.0455,-0.0106,1.54,3.45,0.0282,0.0631,-4.43,-2.52,-0.081,-0.0461,4.21,6.12,0.077,0.112,-2.31,-0.4,-0.0423,-0.0073,6.32,8.23,0.1156,0.1506,-4.3,-2.39,-0.0787,-0.0437,0.08,1.99,0.0015,0.0364,,,,
2024-06-24,5459.58,5461.95,-10.65,-13.02,-0.1951,-0.2384,31.08,-11.99,28.71,-14.36,3.67,1.3,0.0672,0.0238,3.47,1.1,0.0636,0.0201,4.22,1.85,0.0773,0.0339,3.09,0.72,0.0566,0.0132,5.08,2.71,0.093,0.0496,1.72,-0.65,0.0315,-0.0119,4.59,2.22,0.0841,0.0406,20.44,18.07,0.3744,0.3308,24.45,22.08,0.4478,0.4043,18.41,16.04,0.3372,0.2937,19.81,17.44,0.3628,0.3193,21.55,19.18,0.3947,0.3512,22.41,20.04,0.4105,0.3669,2.68,0.31,0.0491,0.0057,-1.92,-4.29,-0.0352,-0.0785,,,,
2024-06-25,5460.7300000000005,5460.25,9.71,10.19,0.1778,0.1866,12.15,-14.17,12.63,-13.69,-4.94,-4.46,-0.0905,-0.0817,-5.64,-5.16,-0.1033,-0.0945,-5.73,-5.25,-0.1049,-0.0961,-6.19,-5.71,-0.1134,-0.1046,-3.95,-3.47,-0.0723,-0.0636,-2.14,-1.66,-0.0392,-0.0304,-2.01,-1.53,-0.0368,-0.028,-4.56,-4.08,-0.0835,-0.0747,0.62,1.1,0.0114,0.0201,-0.25,0.23,-0.0046,0.0042,-2.57,-2.09,-0.0471,-0.0383,2.28,2.76,0.0418,0.0505,-6.24,-5.76,-0.1143,-0.1055,-3.76,-3.28,-0.0689,-0.0601,8.54,9.02,0.1564,0.1652,,,,
2024-06-26,5460.71,5457.61,17.9,21.0,0.3278,0.3848,22.43,-8.84,25.53,-5.74,-6.31,-3.21,-0.1156,-0.0588,-4.97,-1.87,-0.091,-0.0343,-5.61,-2.51,-0.1027,-0.046,-2.98,0.12,-0.0546,0.0022,-1.78,1.32,-0.0326,0.0242,-2.1,1.0,-0.0385,0.0183,2.3,5.4,0.0421,0.0989,-0.29,2.81,-0.0053,0.0515,5.95,9.05,0.109,0.1658,1.77,4.87,0.0324,0.0892,1.84,4.94,0.0337,0.0905,-0.48,2.62,-0.0088,0.048,11.06,14.16,0.2025,0.2595,5.14,8.24,0.0941,0.151,8.31,11.41,0.1522,0.2091,,,,
2024-06-27,5473.59,5477.45,8.51,4.65,0.1555,0.0849,17.22,-6.05,13.36,-9.91,3.22,-0.64,0.0588,-0.0117,3.87,0.01,0.0707,0.0002,7.92,4.06,0.1447,0.0741,9.49,5.63,0.1734,0.1028,12.97,9.11,0.237,0.1663,15.21,11.35,0.2779,0.2072,7.94,4.08,0.1451,0.0745,10.89,7.03,0.199,0.1283,15.06,11.2,0.2751,0.2045,12.74,8.88,0.2328,0.1621,4.9,1.04,0.0895,0.019,-2.49,-6.35,-0.0455,-0.1159,7.0,3.14,0.1279,0.0573,9.87,6.01,0.1803,0.1097,-4.83,-8.69,-0.0882,-0.1587,,,,
2024-06-28,5488.4800000000005,5487.54,-29.32,-28.38,-0.5342,-0.5172,35.16,-37.36,36.1,-36.42,-0.51,0.43,-0.0093,0.0078,2.75,3.69,0.0501,0.0672,5.11,6.05,0.0931,0.1102,8.13,9.07,0.1481,0.1653,11.33,12.27,0.2064,0.2236,12.86,13.8,0.2343,0.2515,14.25,15.19,0.2596,0.2768,16.4,17.34,0.2988,0.316,33.31,34.25,0.6069,0.6241,29.95,30.89,0.5457,0.5629,15.9,16.84,0.2897,0.3069,9.55,10.49,0.174,0.1912,1.8,2.74,0.0328,0.0499,-7.37,-6.43,-0.1343,-0.1172,-14.2,-13.26,-0.2587,-0.2416,,,,
2024-07-01,5471.08,5474.81,3.42,-0.31,0.0625,-0.0057,8.47,-24.55,4.74,-28.28,6.94,3.21,0.1268,0.0586,4.04,0.31,0.0738,0.0057,5.37,1.64,0.0982,0.03,4.68,0.95,0.0855,0.0174,0.7,-3.03,0.0128,-0.0553,-1.55,-5.28,-0.0283,-0.0964,-10.21,-13.94,-0.1866,-0.2546,2.55,-1.18,0.0466,-0.0216,-21.93,-25.66,-0.4008,-0.4687,-10.18,-13.91,-0.1861,-0.2541,-18.92,-22.65,-0.3458,-0.4137,-9.13,-12.86,-0.1669,-0.2349,2.02,-1.71,0.0369,-0.0312,-0.55,-4.28,-0.0101,-0.0782,-4.12,-7.85,-0.0753,-0.1434,,,,
2024-07-02,5461.84,5459.58,47.44,49.7,0.8686,0.9103,47.72,-3.41,49.98,-1.15,-0.53,1.73,-0.0097,0.0317,2.69,4.95,0.0493,0.0907,4.74,7.0,0.0868,0.1282,3.85,6.11,0.0705,0.1119,11.88,14.14,0.2175,0.259,12.53,14.79,0.2294,0.2709,7.74,10.0,0.1417,0.1832,9.58,11.84,0.1754,0.2169,5.99,8.25,0.1097,0.1511,14.15,16.41,0.2591,0.3006,16.13,18.39,0.2953,0.3368,21.09,23.35,0.3861,0.4277,16.56,18.82,0.3032,0.3447,24.5,26.76,0.4486,0.4901,36.22,38.48,0.6631,0.7048,,,,
2024-07-03,5507.4400000000005,5510.89,29.58,26.13,0.5371,0.4742,31.83,-0.02,28.38,-3.47,6.4,2.95,0.1162,0.0535,6.53,3.08,0.1186,0.0559,6.57,3.12,0.1193,0.0566,5.32,1.87,0.0966,0.0339,5.95,2.5,0.108,0.0454,6.27,2.82,0.1138,0.0512,7.19,3.74,0.1306,0.0679,6.47,3.02,0.1175,0.0548,11.35,7.9,0.2061,0.1434,5.49,2.04,0.0997,0.037,9.81,6.36,0.1781,0.1154,12.62,9.17,0.2291,0.1664,23.45,20.0,0.4258,0.3629,,,,,,,,,,,,
2024-07-05,5537.91,5538.41,28.78,28.28,0.5197,0.5106,32.42,-6.28,31.92,-6.78,1.43,0.93,0.0258,0.0168,-0.5,-1.0,-0.009,-0.0181,-0.76,-1.26,-0.0137,-0.0228,1.58,1.08,0.0285,0.0195,4.79,4.29,0.0865,0.0775,-0.11,-0.61,-0.002,-0.011,1.14,0.64,0.0206,0.0116,9.58,9.08,0.173,0.1639,0.46,-0.04,0.0083,-0.0007,3.35,2.85,0.0605,0.0515,5.01,4.51,0.0905,0.0814,13.18,12.68,0.238,0.2289,17.15,16.65,0.3097,0.3006,20.98,20.48,0.3788,0.3698,22.63,22.13,0.4086,0.3996,,,,
2024-07-08,5572.75,5574.52,-0.62,-2.39,-0.0111,-0.0429,10.36,-10.24,8.59,-12.01,1.89,0.12,0.0339,0.0022,6.74,4.97,0.1209,0.0892,7.01,5.24,0.1258,0.094,3.51,1.74,0.063,0.0312,5.03,3.26,0.0903,0.0585,5.68,3.91,0.1019,0.0701,9.76,7.99,0.1751,0.1433,3.95,2.18,0.0709,0.0391,5.18,3.41,0.093,0.0612,1.88,0.11,0.0337,0.002,-1.44,-3.21,-0.0258,-0.0576,0.89,-0.88,0.016,-0.0158,-7.43,-9.2,-0.1333,-0.165,-3.04,-4.81,-0.0546,-0.0863,-2.35,-4.12,-0.0422,-0.0739,,,,
2024-07-09,5584.24,5582.56,-6.72,-5.04,-0.1203,-0.0903,6.51,-9.67,8.19,-7.99,-3.27,-1.59,-0.0586,-0.0285,-0.19,1.49,-0.0034,0.0267,-0.28,1.4,-0.005,0.0251,0.03,1.71,0.0005,0.0306,-1.28,0.4,-0.0229,0.0072,0.45,2.13,0.0081,0.0382,0.59,2.27,0.0106,0.0407,2.81,4.49,0.0503,0.0804,0.26,1.94,0.0047,0.0348,-5.13,-3.45,-0.0919,-0.0618,-0.36,1.32,-0.0064,0.0236,-4.79,-3.11,-0.0858,-0.0557,2.17,3.85,0.0389,0.069,-3.62,-1.94,-0.0648,-0.0348,-7.68,-6.0,-0.1375,-0.1075,,,,
2024-07-10,5591.26,5591.03,41.72,41.95,0.7462,0.7503,44.13,-4.82,44.36,-4.59,-0.17,0.06,-0.003,0.0011,-1.8,-1.57,-0.0322,-0.0281,-1.34,-1.11,-0.024,-0.0199,-3.4,-3.17,-0.0608,-0.0567,-1.11,-0.88,-0.0199,-0.0157,0.32,0.55,0.0057,0.0098,0.56,0.79,0.01,0.0141,0.77,1.0,0.0138,0.0179,5.23,5.46,0.0935,0.0977,1.14,1.37,0.0204,0.0245,-2.28,-2.05,-0.0408,-0.0367,6.99,7.22,0.125,0.1291,15.57,15.8,0.2785,0.2826,22.05,22.28,0.3944,0.3985,23.1,23.33,0.4131,0.4173,,,,
2024-07-11,5635.21,5635.64,-49.7,-50.13,-0.882,-0.8895,7.24,-58.68,6.81,-59.11,1.14,0.71,0.0202,0.0126,-0.89,-1.32,-0.0158,-0.0234,-1.83,-2.26,-0.0325,-0.0401,-1.36,-1.79,-0.0241,-0.0318,-2.79,-3.22,-0.0495,-0.0571,1.8,1.37,0.0319,0.0243,0.16,-0.27,0.0028,-0.0048,2.64,2.21,0.0468,0.0392,-9.97,-10.4,-0.1769,-0.1845,-13.97,-14.4,-0.2479,-0.2555,-31.07,-31.5,-0.5514,-0.5589,-45.01,-45.44,-0.7987,-0.8063,-44.4,-44.83,-0.7879,-0.7955,-47.88,-48.31,-0.8497,-0.8572,-54.11,-54.54,-0.9602,-0.9678,,,,
2024-07-12,5590.76,5593.93,25.17,22.0,0.4502,0.3933,64.8,-0.32,61.63,-3.49,4.32,1.15,0.0773,0.0206,3.46,0.29,0.0619,0.0052,3.25,0.08,0.0581,0.0014,2.62,-0.55,0.0469,-0.0098,6.96,3.79,0.1245,0.0678,6.06,2.89,0.1084,0.0517,10.5,7.33,0.1878,0.131,21.54,18.37,0.3853,0.3284,24.33,21.16,0.4352,0.3783,26.54,23.37,0.4747,0.4178,38.86,35.69,0.6951,0.638,44.89,41.72,0.8029,0.7458,35.83,32.66,0.6409,0.5838,51.66,48.49,0.924,0.8668,57.42,54.25,1.0271,0.9698,,,,
2024-07-15,5638.16,5639.39,-5.6,-6.83,-0.0993,-0.1211,28.78,-23.41,27.55,-24.64,1.89,0.66,0.0335,0.0117,1.99,0.76,0.0353,0.0135,2.77,1.54,0.0491,0.0273,3.12,1.89,0.0553,0.0335,6.82,5.59,0.121,0.0991,-3.05,-4.28,-0.0541,-0.0759,-3.05,-4.28,-0.0541,-0.0759,1.94,0.71,0.0344,0.0126,5.44,4.21,0.0965,0.0747,9.79,8.56,0.1736,0.1518,19.11,17.88,0.3389,0.3171,17.79,16.56,0.3155,0.2936,7.98,6.75,0.1415,0.1197,-4.21,-5.44,-0.0747,-0.0965,-1.36,-2.59,-0.0241,-0.0459,,,,
2024-07-16,5644.09,5646.97,23.47,20.59,0.4158,0.3646,25.58,-5.07,22.7,-7.95,4.29,1.41,0.076,0.025,4.63,1.75,0.082,0.031,3.71,0.83,0.0657,0.0147,3.59,0.71,0.0636,0.0126,9.07,6.19,0.1607,0.1096,7.1,4.22,0.1258,0.0747,7.54,4.66,0.1336,0.0825,4.75,1.87,0.0842,0.0331,-3.03,-5.91,-0.0537,-0.1047,1.36,-1.52,0.0241,-0.0269,5.57,2.69,0.0987,0.0476,7.16,4.28,0.1269,0.0758,-0.69,-3.57,-0.0122,-0.0632,2.55,-0.33,0.0452,-0.0058,8.06,5.18,0.1428,0.0917,,,,
2024-07-17,5610.07,5609.96,-21.88,-21.77,-0.39,-0.3881,12.42,-25.26,12.53,-25.15,1.96,2.07,0.0349,0.0369,1.42,1.53,0.0253,0.0273,3.12,3.23,0.0556,0.0576,7.68,7.79,0.1369,0.1389,6.21,6.32,0.1107,0.1127,3.76,3.87,0.067,0.069,7.0,7.11,0.1248,0.1267,1.72,1.83,0.0307,0.0326,-2.31,-2.2,-0.0412,-0.0392,-5.45,-5.34,-0.0971,-0.0952,-10.17,-10.06,-0.1813,-0.1793,-7.8,-7.69,-0.139,-0.1371,-18.08,-17.97,-0.3223,-0.3203,-16.4,-16.29,-0.2923,-0.2904,-11.51,-11.4,-0.2052,-0.2032,,,,
2024-07-18,5608.56,5601.38,-63.31,-56.13,-1.1288,-1.0021,5.49,-85.75,12.67,-78.57,-8.84,-1.66,-0.1576,-0.0296,-8.01,-0.83,-0.1428,-0.0148,-7.57,-0.39,-0.135,-0.007,-6.41,0.77,-0.1143,0.0137,-4.4,2.78,-0.0785,0.0496,-12.32,-5.14,-0.2197,-0.0918,-7.57,-0.39,-0.135,-0.007,-3.32,3.86,-0.0592,0.0689,3.19,10.37,0.0569,0.1851,-5.2,1.98,-0.0927,0.0353,-22.45,-15.27,-0.4003,-0.2726,-51.05,-43.87,-0.9102,-0.7832,-62.08,-54.9,-1.1069,-0.9801,-45.12,-37.94,-0.8045,-0.6773,-66.67,-59.49,-1.1887,-1.0621,,,,
2024-07-19,5543.37,5544.2,-37.64,-38.47,-0.679,-0.6939,14.13,-46.33,13.3,-47.16,-4.06,-4.89,-0.0732,-0.0882,-4.26,-5.09,-0.0768,-0.0918,-4.17,-5.0,-0.0752,-0.0902,-1.42,-2.25,-0.0256,-0.0406,10.43,9.6,0.1882,0.1732,1.0,0.17,0.018,0.0031,4.53,3.7,0.0817,0.0667,0.6,-0.23,0.0108,-0.0041,-0.19,-1.02,-0.0034,-0.0184,-10.99,-11.82,-0.1983,-0.2132,-8.09,-8.92,-0.1459,-0.1609,-30.49,-31.32,-0.55,-0.5649,-25.0,-25.83,-0.451,-0.4659,-42.22,-43.05,-0.7616,-0.7765,-39.2,-40.03,-0.7072,-0.722,,,,
2024-07-22,5544.54,5541.1900000000005,19.42,22.77,0.3503,0.4109,25.82,-15.5,29.17,-12.15,-3.81,-0.46,-0.0687,-0.0083,-2.86,0.49,-0.0516,0.0088,-2.97,0.38,-0.0536,0.0069,1.83,5.18,0.033,0.0935,10.05,13.4,0.1813,0.2418,11.99,15.34,0.2162,0.2768,16.17,19.52,0.2916,0.3523,-3.13,0.22,-0.0565,0.004,-0.07,3.28,-0.0013,0.0592,2.98,6.33,0.0537,0.1142,11.82,15.17,0.2132,0.2738,-10.7,-7.35,-0.193,-0.1326,-5.79,-2.44,-0.1044,-0.044,15.54,18.89,0.2803,0.3409,20.87,24.22,0.3764,0.4371,,,,
2024-07-23,5565.3,5564.6900000000005,-9.03,-8.42,-0.1623,-0.1513,20.04,-14.4,20.65,-13.79,-2.92,-2.31,-0.0525,-0.0415,-5.42,-4.81,-0.0974,-0.0864,-3.42,-2.81,-0.0615,-0.0505,-2.26,-1.65,-0.0406,-0.0297,4.95,5.56,0.0889,0.0999,5.61,6.22,0.1008,0.1118,9.12,9.73,0.1639,0.1749,10.93,11.54,0.1964,0.2074,12.68,13.29,0.2278,0.2388,11.88,12.49,0.2135,0.2245,4.69,5.3,0.0843,0.0952,17.31,17.92,0.311,0.322,0.63,1.24,0.0113,0.0223,-1.42,-0.81,-0.0255,-0.0146,2.4,3.01,0.0431,0.0541,,,,
2024-07-24,5505.84,5506.25,-77.46,-77.87,-1.4069,-1.4142,2.2,-85.86,1.79,-86.27,0.29,-0.12,0.0053,-0.0022,-0.8,-1.21,-0.0145,-0.022,-4.75,-5.16,-0.0863,-0.0937,-9.52,-9.93,-0.1729,-0.1803,-8.51,-8.92,-0.1546,-0.162,-7.11,-7.52,-0.1291,-0.1366,-11.64,-12.05,-0.2114,-0.2188,-23.0,-23.41,-0.4177,-0.4252,-32.74,-33.15,-0.5946,-0.602,-27.86,-28.27,-0.506,-0.5134,-33.3,-33.71,-0.6048,-0.6122,-40.15,-40.56,-0.7292,-0.7366,-46.65,-47.06,-0.8473,-0.8547,-47.08,-47.49,-0.8551,-0.8625,-54.31,-54.72,-0.9864,-0.9938,,,,
2024-07-25,5428.7,5429.85,-29.38,-30.53,-0.5412,-0.5623,62.89,-37.75,61.74,-38.9,-1.33,-2.48,-0.0245,-0.0457,-1.4,-2.55,-0.0258,-0.047,-4.78,-5.93,-0.0881,-0.1092,-9.17,-10.32,-0.1689,-0.1901,-3.58,-4.73,-0.0659,-0.0871,-2.95,-4.1,-0.0543,-0.0755,-3.57,-4.72,-0.0658,-0.0869,-19.49,-20.64,-0.359,-0.3801,-27.96,-29.11,-0.515,-0.5361,-5.2,-6.35,-0.0958,-0.1169,14.98,13.83,0.2759,0.2547,18.76,17.61,0.3456,0.3243,47.07,45.92,0.8671,0.8457,36.69,35.54,0.6759,0.6545,20.63,19.48,0.38,0.3588,,,,
2024-07-26,5433.67,5433.88,25.84,25.63,0.4756,0.4717,54.65,-2.97,54.44,-3.18,-2.13,-2.34,-0.0392,-0.0431,5.64,5.43,0.1038,0.0999,4.72,4.51,0.0869,0.083,6.27,6.06,0.1154,0.1115,8.14,7.93,0.1498,0.1459,14.44,14.23,0.2658,0.2619,7.93,7.72,0.1459,0.1421,17.69,17.48,0.3256,0.3217,10.85,10.64,0.1997,0.1958,13.99,13.78,0.2575,0.2536,17.66,17.45,0.325,0.3211,16.52,16.31,0.304,0.3002,41.72,41.51,0.7678,0.7639,53.7,53.49,0.9883,0.9844,28.85,28.64,0.5309,0.5271,,,,
2024-07-29,5476.55,5471.76,-12.87,-8.08,-0.235,-0.1477,11.19,-32.11,15.98,-27.32,-8.72,-3.93,-0.1592,-0.0718,-5.95,-1.16,-0.1086,-0.0212,-7.24,-2.45,-0.1322,-0.0448,-8.35,-3.56,-0.1525,-0.0651,-4.52,0.27,-0.0825,0.0049,5.73,10.52,0.1046,0.1923,-5.84,-1.05,-0.1066,-0.0192,10.25,15.04,0.1872,0.2749,-7.14,-2.35,-0.1304,-0.0429,-7.74,-2.95,-0.1413,-0.0539,-19.79,-15.0,-0.3614,-0.2741,-23.84,-19.05,-0.4353,-0.3482,3.88,8.67,0.0708,0.1584,-8.51,-3.72,-0.1554,-0.068,-11.14,-6.35,-0.2034,-0.1161,,,,
2024-07-30,5478.7300000000005,5474.78,-43.34,-39.39,-0.7911,-0.7195,10.73,-77.03,14.68,-73.08,2.36,6.31,0.0431,0.1153,1.87,5.82,0.0341,0.1063,2.62,6.57,0.0478,0.12,5.22,9.17,0.0953,0.1675,7.63,11.58,0.1393,0.2115,0.44,4.39,0.008,0.0802,0.66,4.61,0.012,0.0842,-2.03,1.92,-0.0371,0.0351,-5.44,-1.49,-0.0993,-0.0272,-13.27,-9.32,-0.2422,-0.1702,-26.3,-22.35,-0.48,-0.4082,-38.52,-34.57,-0.7031,-0.6314,-57.69,-53.74,-1.053,-0.9816,-59.39,-55.44,-1.084,-1.0126,-43.43,-39.48,-0.7927,-0.7211,,,,
2024-07-31,5505.59,5505.2300000000005,15.36,15.72,0.279,0.2855,45.92,-11.84,46.28,-11.48,-3.77,-3.41,-0.0685,-0.0619,-4.25,-3.89,-0.0772,-0.0707,-3.81,-3.45,-0.0692,-0.0627,-5.56,-5.2,-0.101,-0.0945,1.39,1.75,0.0252,0.0318,-9.21,-8.85,-0.1673,-0.1608,-6.84,-6.48,-0.1242,-0.1177,0.66,1.02,0.012,0.0185,10.37,10.73,0.1884,0.1949,16.75,17.11,0.3042,0.3108,16.98,17.34,0.3084,0.315,23.38,23.74,0.4247,0.4312,15.5,15.86,0.2815,0.2881,8.31,8.67,0.1509,0.1575,26.1,26.46,0.4741,0.4806,,,,
2024-08-01,5537.84,5544.2300000000005,-91.07,-97.46,-1.6445,-1.7579,28.32,-127.42,21.93,-133.81,8.47,2.08,0.1529,0.0375,9.62,3.23,0.1737,0.0583,10.7,4.31,0.1932,0.0777,10.71,4.32,0.1934,0.0779,16.55,10.16,0.2989,0.1833,25.53,19.14,0.461,0.3452,18.05,11.66,0.3259,0.2103,14.18,7.79,0.2561,0.1405,-2.58,-8.97,-0.0466,-0.1618,-20.24,-26.63,-0.3655,-0.4803,-50.04,-56.43,-0.9036,-1.0178,-61.6,-67.99,-1.1123,-1.2263,-73.47,-79.86,-1.3267,-1.4404,-100.49,-106.88,-1.8146,-1.9278,-122.39,-128.78,-2.2101,-2.3228,,,,
2024-08-02,5376.63,5370.45,-31.11,-24.93,-0.5786,-0.4642,7.26,-74.6,13.44,-68.42,-9.75,-3.57,-0.1813,-0.0665,-9.77,-3.59,-0.1817,-0.0668,-17.4,-11.22,-0.3236,-0.2089,-21.23,-15.05,-0.3949,-0.2802,5.05,11.23,0.0939,0.2091,3.47,9.65,0.0645,0.1797,0.77,6.95,0.0143,0.1294,-19.63,-13.45,-0.3651,-0.2504,-57.41,-51.23,-1.0678,-0.9539,-50.49,-44.31,-0.9391,-0.8251,-72.52,-66.34,-1.3488,-1.2353,-63.02,-56.84,-1.1721,-1.0584,-34.08,-27.9,-0.6339,-0.5195,-55.46,-49.28,-1.0315,-0.9176,-41.21,-35.03,-0.7665,-0.6523,,,,
2024-08-05,5151.14,5121.08,37.27,67.33,0.7235,1.3148,99.75,-31.88,129.81,-1.82,-24.72,5.34,-0.4799,0.1043,-28.0,2.06,-0.5436,0.0402,-11.58,18.48,-0.2248,0.3609,-19.22,10.84,-0.3731,0.2117,1.84,31.9,0.0357,0.6229,19.65,49.71,0.3815,0.9707,35.74,65.8,0.6938,1.2849,59.75,89.81,1.1599,1.7537,34.92,64.98,0.6779,1.2689,12.5,42.56,0.2427,0.8311,25.29,55.35,0.491,1.0808,66.47,96.53,1.2904,1.885,94.06,124.12,1.826,2.4237,61.81,91.87,1.1999,1.794,56.43,86.49,1.0955,1.6889,,,,
2024-08-06,5206.42,5208.02,30.89,29.29,0.5933,0.5624,105.92,-12.86,104.32,-14.46,0.7,-0.9,0.0134,-0.0173,10.9,9.3,0.2094,0.1786,8.52,6.92,0.1636,0.1329,2.22,0.62,0.0426,0.0119,-2.2,-3.8,-0.0423,-0.073,-10.62,-12.22,-0.204,-0.2346,4.88,3.28,0.0937,0.063,23.58,21.98,0.4529,0.422,34.19,32.59,0.6567,0.6258,32.05,30.45,0.6156,0.5847,61.21,59.61,1.1757,1.1446,36.29,34.69,0.697,0.6661,68.22,66.62,1.3103,1.2792,88.84,87.24,1.7064,1.6751,95.54,93.94,1.835,1.8038,,,,
2024-08-07,5293.13,5301.9800000000005,-91.92,-100.77,-1.7366,-1.9006,37.51,-97.59,28.66,-106.44,10.14,1.29,0.1916,0.0243,8.01,-0.84,0.1513,-0.0158,8.04,-0.81,0.1519,-0.0153,13.14,4.29,0.2482,0.0809,17.38,8.53,0.3284,0.1609,24.25,15.4,0.4581,0.2905,26.11,17.26,0.4933,0.3255,36.21,27.36,0.6841,0.516,27.31,18.46,0.516,0.3482,10.41,1.56,0.1967,0.0294,28.24,19.39,0.5335,0.3657,18.64,9.79,0.3522,0.1846,-1.84,-10.69,-0.0348,-0.2016,-38.63,-47.48,-0.7298,-0.8955,-73.33,-82.18,-1.3854,-1.55,,,,
2024-08-08,5252.57,5255.17,66.02,63.42,1.2569,1.2068,75.46,-18.72,72.86,-21.32,0.73,-1.87,0.0139,-0.0356,-2.03,-4.63,-0.0386,-0.0881,-1.3,-3.9,-0.0247,-0.0742,2.93,0.33,0.0558,0.0063,-4.9,-7.5,-0.0933,-0.1427,-4.57,-7.17,-0.087,-0.1364,-15.52,-18.12,-0.2955,-0.3448,15.83,13.23,0.3014,0.2518,25.88,23.28,0.4927,0.443,40.7,38.1,0.7749,0.725,41.12,38.52,0.7829,0.733,43.1,40.5,0.8206,0.7707,41.28,38.68,0.7859,0.736,62.88,60.28,1.1971,1.1471,69.3,66.7,1.3194,1.2692,,,,
2024-08-09,5314.66,5314.07,29.31,29.9,0.5515,0.5627,44.01,-13.82,44.6,-13.23,2.57,3.16,0.0484,0.0595,2.33,2.92,0.0438,0.0549,-1.52,-0.93,-0.0286,-0.0175,-1.95,-1.36,-0.0367,-0.0256,1.24,1.83,0.0233,0.0344,-6.2,-5.61,-0.1167,-0.1056,-10.88,-10.29,-0.2047,-0.1936,-10.36,-9.77,-0.1949,-0.1839,13.59,14.18,0.2557,0.2668,3.32,3.91,0.0625,0.0736,18.31,18.9,0.3445,0.3557,9.1,9.69,0.1712,0.1823,4.99,5.58,0.0939,0.105,44.01,44.6,0.8281,0.8393,19.29,19.88,0.363,0.3741,,,,
2024-08-12,5351.88,5359.74,-6.86,-14.72,-0.1282,-0.2746,19.32,-27.51,11.46,-35.37,3.89,-3.97,0.0727,-0.0741,6.21,-1.65,0.116,-0.0308,4.09,-3.77,0.0764,-0.0703,4.04,-3.82,0.0755,-0.0713,-5.44,-13.3,-0.1016,-0.2481,-15.96,-23.82,-0.2982,-0.4444,-17.74,-25.6,-0.3315,-0.4776,-23.32,-31.18,-0.4357,-0.5817,-1.12,-8.98,-0.0209,-0.1675,4.52,-3.34,0.0845,-0.0623,13.61,5.75,0.2543,0.1073,-12.91,-20.77,-0.2412,-0.3875,4.06,-3.8,0.0759,-0.0709,-1.27,-9.13,-0.0237,-0.1703,-12.75,-20.61,-0.2382,-0.3845,,,,
2024-08-13,5376.9800000000005,5382.08,57.18,52.08,1.0634,0.9677,59.52,0,54.42,-5.1,6.4,1.3,0.119,0.0242,8.99,3.89,0.1672,0.0723,11.28,6.18,0.2098,0.1148,8.99,3.89,0.1672,0.0723,10.33,5.23,0.1921,0.0972,17.21,12.11,0.3201,0.225,18.82,13.72,0.35,0.2549,14.07,8.97,0.2617,0.1667,9.21,4.11,0.1713,0.0764,5.77,0.67,0.1073,0.0124,21.4,16.3,0.398,0.3029,25.32,20.22,0.4709,0.3757,31.45,26.35,0.5849,0.4896,46.14,41.04,0.8581,0.7625,46.01,40.91,0.8557,0.7601,,,,
2024-08-14,5442.36,5446.99,10.9,6.27,0.2003,0.1151,20.86,-26.45,16.23,-31.08,4.27,-0.36,0.0785,-0.0066,1.91,-2.72,0.0351,-0.0499,-2.94,-7.57,-0.054,-0.139,-3.31,-7.94,-0.0608,-0.1458,-4.42,-9.05,-0.0812,-0.1661,-8.42,-13.05,-0.1547,-0.2396,-8.61,-13.24,-0.1582,-0.2431,-13.46,-18.09,-0.2473,-0.3321,-16.53,-21.16,-0.3037,-0.3885,-9.05,-13.68,-0.1663,-0.2511,-3.83,-8.46,-0.0704,-0.1553,5.03,0.4,0.0924,0.0073,-1.72,-6.35,-0.0316,-0.1166,4.33,-0.3,0.0796,-0.0055,5.95,1.32,0.1093,0.0242,,,,
2024-08-15,5501.13,5511.12,41.75,31.76,0.7589,0.5763,45.1,0,35.11,-9.99,11.04,1.05,0.2007,0.0191,6.4,-3.59,0.1163,-0.0651,9.03,-0.96,0.1641,-0.0174,10.6,0.61,0.1927,0.0111,7.63,-2.36,0.1387,-0.0428,6.28,-3.71,0.1142,-0.0673,10.0,0.01,0.1818,0.0002,13.03,3.04,0.2369,0.0552,10.49,0.5,0.1907,0.0091,16.79,6.8,0.3052,0.1234,21.0,11.01,0.3817,0.1998,26.32,16.33,0.4784,0.2963,37.18,27.19,0.6759,0.4934,33.15,23.16,0.6026,0.4202,40.89,30.9,0.7433,0.5607,,,,
2024-08-16,5530.5,5526.01,23.72,28.21,0.4289,0.5105,31.48,-5.33,35.97,-0.84,-0.65,3.84,-0.0118,0.0695,1.7,6.19,0.0307,0.112,0.83,5.32,0.015,0.0963,-0.02,4.47,-0.0004,0.0809,4.8,9.29,0.0868,0.1681,0.75,5.24,0.0136,0.0948,7.02,11.51,0.1269,0.2083,10.77,15.26,0.1947,0.2761,13.53,18.02,0.2446,0.3261,12.78,17.27,0.2311,0.3125,4.96,9.45,0.0897,0.171,8.92,13.41,0.1613,0.2427,21.39,25.88,0.3868,0.4683,27.79,32.28,0.5025,0.5841,23.79,28.28,0.4302,0.5118,,,,
2024-08-19,5557.2300000000005,5559.82,50.29,47.7,0.9049,0.8579,50.62,-6.49,48.03,-9.08,2.63,0.04,0.0473,0.0007,5.96,3.37,0.1072,0.0606,6.96,4.37,0.1252,0.0786,6.56,3.97,0.118,0.0714,5.42,2.83,0.0975,0.0509,6.1,3.51,0.1098,0.0631,5.31,2.72,0.0956,0.0489,6.12,3.53,0.1101,0.0635,6.87,4.28,0.1236,0.077,7.83,5.24,0.1409,0.0942,19.74,17.15,0.3552,0.3085,18.62,16.03,0.3351,0.2883,20.52,17.93,0.3692,0.3225,25.84,23.25,0.465,0.4182,31.57,28.98,0.5681,0.5212,,,,
2024-08-20,5602.88,5605.93,-6.47,-9.52,-0.1155,-0.1698,17.63,-17.38,14.58,-20.43,3.08,0.03,0.055,0.0005,4.3,1.25,0.0767,0.0223,4.41,1.36,0.0787,0.0243,6.81,3.76,0.1215,0.0671,7.04,3.99,0.1256,0.0712,9.13,6.08,0.163,0.1085,12.86,9.81,0.2295,0.175,16.01,12.96,0.2857,0.2312,1.13,-1.92,0.0202,-0.0342,-1.4,-4.45,-0.025,-0.0794,-7.64,-10.69,-0.1364,-0.1907,-10.98,-14.03,-0.196,-0.2503,-4.23,-7.28,-0.0755,-0.1299,-10.3,-13.35,-0.1838,-0.2381,2.7,-0.35,0.0482,-0.0062,,,,
2024-08-21,5603.09,5610.41,17.33,10.01,0.3093,0.1784,29.59,-11.52,22.27,-18.84,5.87,-1.45,0.1048,-0.0258,6.48,-0.84,0.1157,-0.015,5.03,-2.29,0.0898,-0.0408,6.87,-0.45,0.1226,-0.008,9.31,1.99,0.1662,0.0355,10.21,2.89,0.1822,0.0515,8.8,1.48,0.1571,0.0264,14.9,7.58,0.2659,0.1351,0.33,-6.99,0.0059,-0.1246,11.57,4.25,0.2065,0.0758,-0.18,-7.5,-0.0032,-0.1337,6.55,-0.77,0.1169,-0.0137,3.53,-3.79,0.063,-0.0676,9.85,2.53,0.1758,0.0451,24.25,16.93,0.4328,0.3018,,,,
2024-08-22,5637.77,5641.62,-36.27,-40.12,-0.6433,-0.7111,5.45,-36.27,1.6,-40.12,1.75,-2.1,0.031,-0.0372,1.48,-2.37,0.0263,-0.042,2.51,-1.34,0.0445,-0.0238,0.99,-2.86,0.0176,-0.0507,2.59,-1.26,0.0459,-0.0223,1.18,-2.67,0.0209,-0.0473,-8.03,-11.88,-0.1424,-0.2106,-3.23,-7.08,-0.0573,-0.1255,-18.89,-22.74,-0.3351,-0.4031,-20.74,-24.59,-0.3679,-0.4359,-20.2,-24.05,-0.3583,-0.4263,-36.27,-40.12,-0.6433,-0.7111,,,,,,,,,,,,,,,,
2024-08-23,5602.49,5604.01,30.82,29.3,0.5501,0.5228,39.33,-17.33,37.81,-18.85,-1.89,-3.41,-0.0337,-0.0608,-1.39,-2.91,-0.0248,-0.0519,-2.27,-3.79,-0.0405,-0.0676,2.85,1.33,0.0509,0.0237,4.74,3.22,0.0846,0.0575,4.43,2.91,0.0791,0.0519,4.18,2.66,0.0746,0.0475,18.31,16.79,0.3268,0.2996,35.28,33.76,0.6297,0.6024,36.1,34.58,0.6444,0.6171,7.95,6.43,0.1419,0.1147,26.05,24.53,0.465,0.4377,-3.37,-4.89,-0.0602,-0.0873,12.7,11.18,0.2267,0.1995,15.99,14.47,0.2854,0.2582,,,,
2024-08-26,5639.66,5644.52,-21.47,-26.33,-0.3807,-0.4665,11.96,-37.32,7.1,-42.18,5.24,0.38,0.0929,0.0067,8.64,3.78,0.1532,0.067,11.38,6.52,0.2018,0.1155,6.72,1.86,0.1192,0.033,8.51,3.65,0.1509,0.0647,4.71,-0.15,0.0835,-0.0027,3.03,-1.83,0.0537,-0.0324,2.44,-2.42,0.0433,-0.0429,-8.85,-13.71,-0.1569,-0.2429,-9.51,-14.37,-0.1686,-0.2546,-17.95,-22.81,-0.3183,-0.4041,-23.64,-28.5,-0.4192,-0.5049,-14.53,-19.39,-0.2576,-0.3435,-18.5,-23.36,-0.328,-0.4139,-25.5,-30.36,-0.4522,-0.5379,,,,
2024-08-27,5602.89,5602.75,23.5,23.64,0.4194,0.4219,28.29,-9.41,28.43,-9.27,0.07,0.21,0.0012,0.0037,-1.39,-1.25,-0.0248,-0.0223,1.64,1.78,0.0293,0.0318,-2.13,-1.99,-0.038,-0.0355,-8.89,-8.75,-0.1587,-0.1562,-6.74,-6.6,-0.1203,-0.1178,2.86,3.0,0.051,0.0535,6.95,7.09,0.124,0.1265,8.15,8.29,0.1455,0.148,20.41,20.55,0.3643,0.3668,26.97,27.11,0.4814,0.4839,14.28,14.42,0.2549,0.2574,14.65,14.79,0.2615,0.264,27.58,27.72,0.4922,0.4948,25.53,25.67,0.4557,0.4582,,,,
2024-08-28,5624.51,5624.76,-32.33,-32.58,-0.5748,-0.5792,2.52,-63.56,2.27,-63.81,1.58,1.33,0.0281,0.0236,-0.14,-0.39,-0.0025,-0.0069,-0.6,-0.85,-0.0107,-0.0151,-3.6,-3.85,-0.064,-0.0684,-2.71,-2.96,-0.0482,-0.0526,-6.35,-6.6,-0.1129,-0.1173,-5.26,-5.51,-0.0935,-0.098,-5.92,-6.17,-0.1053,-0.1097,-6.05,-6.3,-0.1076,-0.112,-1.98,-2.23,-0.0352,-0.0396,-19.66,-19.91,-0.3495,-0.354,-33.36,-33.61,-0.5931,-0.5975,-39.08,-39.33,-0.6948,-0.6992,-34.9,-35.15,-0.6205,-0.6249,-56.13,-56.38,-0.998,-1.0024,,,,
2024-08-29,5607.3,5607.83,-14.74,-15.27,-0.2629,-0.2723,39.65,-23.59,39.12,-24.12,5.13,4.6,0.0915,0.082,6.91,6.38,0.1232,0.1138,8.96,8.43,0.1598,0.1503,12.69,12.16,0.2263,0.2168,8.33,7.8,0.1486,0.1391,2.71,2.18,0.0483,0.0389,1.88,1.35,0.0335,0.0241,19.37,18.84,0.3454,0.336,16.36,15.83,0.2918,0.2823,20.88,20.35,0.3724,0.3629,25.89,25.36,0.4617,0.4522,27.68,27.15,0.4936,0.4841,36.47,35.94,0.6504,0.6409,27.46,26.93,0.4897,0.4802,4.57,4.04,0.0815,0.072,,,,
2024-08-30,5612.74,5618.63,34.22,28.33,0.6097,0.5042,38.63,-30.95,32.74,-36.84,4.86,-1.03,0.0866,-0.0183,7.06,1.17,0.1258,0.0208,8.17,2.28,0.1456,0.0406,7.65,1.76,0.1363,0.0313,12.33,6.44,0.2197,0.1146,14.76,8.87,0.263,0.1579,2.81,-3.08,0.0501,-0.0548,17.96,12.07,0.32,0.2148,12.19,6.3,0.2172,0.1121,10.55,4.66,0.188,0.0829,-2.1,-7.99,-0.0374,-0.1422,-13.38,-19.27,-0.2384,-0.343,-22.75,-28.64,-0.4053,-0.5097,-13.58,-19.47,-0.2419,-0.3465,-5.86,-11.75,-0.1044,-0.2091,,,,
2024-09-03,5623.89,5613.14,-94.78,-84.03,-1.6853,-1.497,0,-119.56,10.75,-108.81,-8.27,2.48,-0.1471,0.0442,-13.49,-2.74,-0.2399,-0.0488,-15.2,-4.45,-0.2703,-0.0793,-16.38,-5.63,-0.2913,-0.1003,-21.44,-10.69,-0.3812,-0.1904,-18.18,-7.43,-0.3233,-0.1324,-27.99,-17.24,-0.4977,-0.3071,-30.36,-19.61,-0.5398,-0.3494,-48.46,-37.71,-0.8617,-0.6718,-47.46,-36.71,-0.8439,-0.654,-62.07,-51.32,-1.1037,-0.9143,-50.07,-39.32,-0.8903,-0.7005,-59.64,-48.89,-1.0605,-0.871,-59.09,-48.34,-1.0507,-0.8612,-84.05,-73.3,-1.4945,-1.3059,,,,
2024-09-04,5506.68,5510.03,12.41,9.06,0.2254,0.1644,46.31,-3.02,42.96,-6.37,1.9,-1.45,0.0345,-0.0263,4.8,1.45,0.0872,0.0263,7.24,3.89,0.1315,0.0706,13.97,10.62,0.2537,0.1927,16.46,13.11,0.2989,0.2379,19.85,16.5,0.3605,0.2995,21.37,18.02,0.3881,0.327,5.01,1.66,0.091,0.0301,22.91,19.56,0.416,0.355,30.36,27.01,0.5513,0.4902,41.6,38.25,0.7554,0.6942,17.45,14.1,0.3169,0.2559,26.59,23.24,0.4829,0.4218,14.41,11.06,0.2617,0.2007,16.58,13.23,0.3011,0.2401,,,,
2024-09-05,5520.08,5522.39,-16.96,-19.27,-0.3072,-0.3489,26.22,-39.54,23.91,-41.85,1.63,-0.68,0.0295,-0.0123,2.69,0.38,0.0487,0.0069,3.44,1.13,0.0623,0.0205,3.32,1.01,0.0601,0.0183,4.42,2.11,0.0801,0.0382,7.45,5.14,0.135,0.0931,2.21,-0.1,0.04,-0.0018,16.35,14.04,0.2962,0.2542,5.35,3.04,0.0969,0.055,23.57,21.26,0.427,0.385,-11.52,-13.83,-0.2087,-0.2504,-31.97,-34.28,-0.5792,-0.6207,-26.19,-28.5,-0.4744,-0.5161,-32.06,-34.37,-0.5808,-0.6224,-11.5,-13.81,-0.2083,-0.2501,,,,
2024-09-06,5507.33,5514.55,-97.68,-104.9,-1.7736,-1.9022,15.14,-104.71,7.92,-111.93,8.67,1.45,0.1574,0.0263,1.5,-5.72,0.0272,-0.1037,4.7,-2.52,0.0853,-0.0457,10.52,3.3,0.191,0.0598,-10.65,-17.87,-0.1934,-0.3241,2.34,-4.88,0.0425,-0.0885,-5.9,-13.12,-0.1071,-0.2379,-23.14,-30.36,-0.4202,-0.5505,-29.85,-37.07,-0.542,-0.6722,-53.22,-60.44,-0.9663,-1.096,-54.52,-61.74,-0.99,-1.1196,-82.57,-89.79,-1.4993,-1.6282,-99.38,-106.6,-1.8045,-1.9331,-92.55,-99.77,-1.6805,-1.8092,-101.49,-108.71,-1.8428,-1.9713,,,,
2024-09-09,5442.07,5448.89,28.98,22.16,0.5325,0.4067,42.13,-7.58,35.31,-14.4,11.14,4.32,0.2047,0.0793,13.04,6.22,0.2396,0.1142,13.63,6.81,0.2505,0.125,13.4,6.58,0.2462,0.1208,12.1,5.28,0.2223,0.0969,9.51,2.69,0.1747,0.0494,16.79,9.97,0.3085,0.183,17.53,10.71,0.3221,0.1966,25.78,18.96,0.4737,0.348,6.48,-0.34,0.1191,-0.0062,-1.49,-8.31,-0.0274,-0.1525,8.51,1.69,0.1564,0.031,34.57,27.75,0.6352,0.5093,36.24,29.42,0.6659,0.5399,13.47,6.65,0.2475,0.122,,,,
2024-09-10,5490.51,5491.76,4.71,3.46,0.0858,0.063,7.4,-48.79,6.15,-50.04,1.58,0.33,0.0288,0.006,4.38,3.13,0.0798,0.057,-0.66,-1.91,-0.012,-0.0348,-2.91,-4.16,-0.053,-0.0757,-2.98,-4.23,-0.0543,-0.077,-0.24,-1.49,-0.0044,-0.0271,-5.95,-7.2,-0.1084,-0.1311,-4.65,-5.9,-0.0847,-0.1074,-27.47,-28.72,-0.5003,-0.523,-13.23,-14.48,-0.241,-0.2637,-17.44,-18.69,-0.3176,-0.3403,-6.03,-7.28,-0.1098,-0.1326,-41.12,-42.37,-0.7489,-0.7715,-18.8,-20.05,-0.3424,-0.3651,-4.48,-5.73,-0.0816,-0.1043,,,,
2024-09-11,5496.42,5486.54,55.39,65.27,1.0077,1.1896,63.99,-89.46,73.87,-79.58,-6.63,3.25,-0.1206,0.0592,-10.66,-0.78,-0.1939,-0.0142,-11.42,-1.54,-0.2078,-0.0281,-22.99,-13.11,-0.4183,-0.2389,-27.59,-17.71,-0.502,-0.3228,-29.9,-20.02,-0.544,-0.3649,-34.26,-24.38,-0.6233,-0.4444,-49.52,-39.64,-0.901,-0.7225,-71.24,-61.36,-1.2961,-1.1184,-82.95,-73.07,-1.5092,-1.3318,-82.0,-72.12,-1.4919,-1.3145,-65.0,-55.12,-1.1826,-1.0046,-19.82,-9.94,-0.3606,-0.1812,1.53,11.41,0.0278,0.208,22.24,32.12,0.4046,0.5854,,,,
2024-09-12,5557.4800000000005,5551.91,39.51,45.08,0.7109,0.812,43.23,-21.98,48.8,-16.41,-3.02,2.55,-0.0543,0.0459,-2.25,3.32,-0.0405,0.0598,0.43,6.0,0.0077,0.1081,-0.91,4.66,-0.0164,0.0839,2.29,7.86,0.0412,0.1416,-2.21,3.36,-0.0398,0.0605,-21.65,-16.08,-0.3896,-0.2896,-12.79,-7.22,-0.2301,-0.13,4.39,9.96,0.079,0.1794,8.54,14.11,0.1537,0.2541,-7.83,-2.26,-0.1409,-0.0407,-0.28,5.29,-0.005,0.0953,3.69,9.26,0.0664,0.1668,28.79,34.36,0.518,0.6189,42.26,47.83,0.7604,0.8615,,,,
2024-09-13,5603.34,5603.7,22.19,21.83,0.396,0.3896,32.93,-1.69,32.57,-2.05,-0.51,-0.87,-0.0091,-0.0155,4.35,3.99,0.0776,0.0712,6.3,5.94,0.1124,0.106,8.09,7.73,0.1444,0.1379,9.31,8.95,0.1662,0.1597,10.77,10.41,0.1922,0.1858,15.06,14.7,0.2688,0.2623,11.22,10.86,0.2002,0.1938,18.75,18.39,0.3346,0.3282,9.03,8.67,0.1612,0.1547,21.57,21.21,0.3849,0.3785,22.27,21.91,0.3974,0.391,19.05,18.69,0.34,0.3335,30.7,30.34,0.5479,0.5414,16.72,16.36,0.2984,0.2919,,,,
2024-09-16,5615.21,5621.29,18.65,12.57,0.3321,0.2236,20.84,-10.68,14.76,-16.76,8.65,2.57,0.154,0.0457,7.63,1.55,0.1359,0.0276,2.49,-3.59,0.0443,-0.0639,-0.58,-6.66,-0.0103,-0.1185,-0.57,-6.65,-0.0102,-0.1183,-0.25,-6.33,-0.0045,-0.1126,9.04,2.96,0.161,0.0527,17.76,11.68,0.3163,0.2078,16.4,10.32,0.2921,0.1836,-0.73,-6.81,-0.013,-0.1211,-6.16,-12.24,-0.1097,-0.2177,-0.71,-6.79,-0.0126,-0.1208,3.91,-2.17,0.0696,-0.0386,6.39,0.31,0.1138,0.0055,15.4,9.32,0.2743,0.1658,,,,
2024-09-17,5655.51,5655.9800000000005,-19.77,-20.24,-0.3496,-0.3579,15.3,-41.46,14.83,-41.93,1.32,0.85,0.0233,0.015,2.91,2.44,0.0515,0.0431,0.59,0.12,0.0104,0.0021,-3.56,-4.03,-0.0629,-0.0713,-1.63,-2.1,-0.0288,-0.0371,3.15,2.68,0.0557,0.0474,-3.67,-4.14,-0.0649,-0.0732,-6.09,-6.56,-0.1077,-0.116,9.23,8.76,0.1632,0.1549,8.18,7.71,0.1446,0.1363,1.82,1.35,0.0322,0.0239,1.09,0.62,0.0193,0.011,-15.85,-16.32,-0.2803,-0.2885,-20.5,-20.97,-0.3625,-0.3708,-26.36,-26.83,-0.4661,-0.4744,,,,
2024-09-18,5641.68,5637.67,-22.79,-18.78,-0.404,-0.3331,48.07,-26.6,52.08,-22.59,-7.0,-2.99,-0.1241,-0.053,-7.36,-3.35,-0.1305,-0.0594,-6.92,-2.91,-0.1227,-0.0516,-8.97,-4.96,-0.159,-0.088,-4.0,0.01,-0.0709,0.0002,-4.03,-0.02,-0.0714,-0.0004,-7.13,-3.12,-0.1264,-0.0553,-6.84,-2.83,-0.1212,-0.0502,-7.03,-3.02,-0.1246,-0.0536,-8.4,-4.39,-0.1489,-0.0779,-7.54,-3.53,-0.1336,-0.0626,-13.1,-9.09,-0.2322,-0.1612,-7.14,-3.13,-0.1266,-0.0555,1.11,5.12,0.0197,0.0908,23.33,27.34,0.4135,0.485,,,,
2024-09-19,5702.63,5710.91,10.58,2.3,0.1855,0.0403,30.94,-16.21,22.66,-24.49,5.74,-2.54,0.1007,-0.0445,6.06,-2.22,0.1063,-0.0389,5.66,-2.62,0.0993,-0.0459,2.89,-5.39,0.0507,-0.0944,2.33,-5.95,0.0409,-0.1042,-5.23,-13.51,-0.0917,-0.2366,-11.84,-20.12,-0.2076,-0.3523,-0.02,-8.3,-0.0004,-0.1453,5.12,-3.16,0.0898,-0.0553,18.02,9.74,0.316,0.1706,-0.88,-9.16,-0.0154,-0.1604,11.97,3.69,0.2099,0.0646,21.88,13.6,0.3837,0.2381,22.49,14.21,0.3944,0.2488,21.82,13.54,0.3826,0.2371,,,,
2024-09-20,5709.64,5703.24,-7.13,-0.73,-0.1249,-0.0128,5.5,-35.15,11.9,-28.75,-7.68,-1.28,-0.1345,-0.0224,-9.2,-2.8,-0.1611,-0.0491,-8.35,-1.95,-0.1462,-0.0342,-4.26,2.14,-0.0746,0.0375,-5.53,0.87,-0.0969,0.0153,-9.53,-3.13,-0.1669,-0.0549,-7.23,-0.83,-0.1266,-0.0146,-18.67,-12.27,-0.327,-0.2151,-21.09,-14.69,-0.3694,-0.2576,-14.61,-8.21,-0.2559,-0.144,-24.58,-18.18,-0.4305,-0.3188,-28.06,-21.66,-0.4914,-0.3798,-7.38,-0.98,-0.1293,-0.0172,-3.83,2.57,-0.0671,0.0451,-23.24,-16.84,-0.407,-0.2953,,,,
2024-09-23,5711.900000000001,5713.650000000001,6.36,4.61,0.1113,0.0807,13.46,-7.68,11.71,-9.43,0.29,-1.46,0.0051,-0.0256,-3.69,-5.44,-0.0646,-0.0952,4.06,2.31,0.0711,0.0404,-1.97,-3.72,-0.0345,-0.0651,-1.08,-2.83,-0.0189,-0.0495,-1.66,-3.41,-0.0291,-0.0597,2.47,0.72,0.0432,0.0126,-0.42,-2.17,-0.0074,-0.038,2.25,0.5,0.0394,0.0088,8.22,6.47,0.1439,0.1132,7.14,5.39,0.125,0.0943,8.86,7.11,0.1551,0.1244,0.31,-1.44,0.0054,-0.0252,-1.3,-3.05,-0.0228,-0.0534,4.42,2.67,0.0774,0.0467,,,,
2024-09-24,5727.66,5725.77,6.86,8.75,0.1198,0.1528,7.66,-28.67,9.55,-26.78,-5.68,-3.79,-0.0992,-0.0662,-3.74,-1.85,-0.0653,-0.0323,-4.36,-2.47,-0.0761,-0.0431,-4.77,-2.88,-0.0833,-0.0503,-7.37,-5.48,-0.1287,-0.0957,-6.08,-4.19,-0.1062,-0.0732,-8.28,-6.39,-0.1446,-0.1116,-21.09,-19.2,-0.3682,-0.3353,-19.07,-17.18,-0.3329,-0.3,-22.78,-20.89,-0.3977,-0.3648,-9.75,-7.86,-0.1702,-0.1373,-4.88,-2.99,-0.0852,-0.0522,0.96,2.85,0.0168,0.0498,2.39,4.28,0.0417,0.0747,-6.75,-4.86,-0.1178,-0.0849,,,,
2024-09-25,5733.650000000001,5738.22,-10.7,-15.27,-0.1866,-0.2661,7.38,-21.59,2.81,-26.16,4.14,-0.43,0.0722,-0.0075,4.17,-0.4,0.0727,-0.007,6.06,1.49,0.1057,0.026,5.66,1.09,0.0987,0.019,3.74,-0.83,0.0652,-0.0145,2.41,-2.16,0.042,-0.0376,-0.72,-5.29,-0.0126,-0.0922,3.11,-1.46,0.0542,-0.0254,4.38,-0.19,0.0764,-0.0033,-0.14,-4.71,-0.0024,-0.0821,0.56,-4.01,0.0098,-0.0699,-3.44,-8.01,-0.06,-0.1396,-5.93,-10.5,-0.1034,-0.183,-13.16,-17.73,-0.2295,-0.309,-10.16,-14.73,-0.1772,-0.2567,,,,
2024-09-26,5762.22,5761.1900000000005,-17.7,-16.67,-0.3072,-0.2893,5.15,-41.21,6.18,-40.18,-0.94,0.09,-0.0163,0.0016,-2.47,-1.44,-0.0429,-0.025,-1.65,-0.62,-0.0286,-0.0108,-5.54,-4.51,-0.0961,-0.0783,-5.21,-4.18,-0.0904,-0.0726,-2.34,-1.31,-0.0406,-0.0227,-4.87,-3.84,-0.0845,-0.0667,-2.2,-1.17,-0.0382,-0.0203,-7.89,-6.86,-0.1369,-0.1191,-13.56,-12.53,-0.2353,-0.2175,-31.09,-30.06,-0.5395,-0.5218,-29.34,-28.31,-0.5092,-0.4914,-28.84,-27.81,-0.5005,-0.4827,-27.85,-26.82,-0.4833,-0.4655,-16.8,-15.77,-0.2916,-0.2737,,,,
2024-09-27,5755.36,5753.87,-18.1,-16.61,-0.3145,-0.2887,8.42,-28.02,9.91,-26.53,-0.56,0.93,-0.0097,0.0162,-0.25,1.24,-0.0043,0.0216,1.16,2.65,0.0202,0.0461,-1.45,0.04,-0.0252,0.0007,-3.27,-1.78,-0.0568,-0.0309,-4.58,-3.09,-0.0796,-0.0537,-4.0,-2.51,-0.0695,-0.0436,-0.62,0.87,-0.0108,0.0151,-0.59,0.9,-0.0103,0.0156,3.24,4.73,0.0563,0.0822,2.2,3.69,0.0382,0.0641,-3.63,-2.14,-0.0631,-0.0372,-11.25,-9.76,-0.1955,-0.1696,-15.39,-13.9,-0.2674,-0.2416,-21.95,-20.46,-0.3814,-0.3556,,,,
2024-09-30,5726.52,5727.09,34.4,33.83,0.6007,0.5907,38.62,-22.99,38.05,-23.56,4.92,4.35,0.0859,0.076,4.45,3.88,0.0777,0.0677,6.62,6.05,0.1156,0.1056,6.3,5.73,0.11,0.1001,6.63,6.06,0.1158,0.1058,4.89,4.32,0.0854,0.0754,6.18,5.61,0.1079,0.098,1.77,1.2,0.0309,0.021,0.52,-0.05,0.0091,-0.0009,4.85,4.28,0.0847,0.0747,8.95,8.38,0.1563,0.1463,12.68,12.11,0.2214,0.2115,14.12,13.55,0.2466,0.2366,6.54,5.97,0.1142,0.1042,-14.79,-15.36,-0.2583,-0.2682,,,,
2024-10-01,5757.7300000000005,5752.33,-49.26,-43.86,-0.8555,-0.7625,0,-76.45,5.4,-71.05,-9.31,-3.91,-0.1617,-0.068,-17.58,-12.18,-0.3053,-0.2117,-20.46,-15.06,-0.3553,-0.2618,-26.85,-21.45,-0.4663,-0.3729,-35.31,-29.91,-0.6133,-0.52,-39.93,-34.53,-0.6935,-0.6003,-45.24,-39.84,-0.7857,-0.6926,-41.29,-35.89,-0.7171,-0.6239,-63.4,-58.0,-1.1011,-1.0083,-66.64,-61.24,-1.1574,-1.0646,-59.1,-53.7,-1.0264,-0.9335,-55.99,-50.59,-0.9724,-0.8795,-48.39,-42.99,-0.8404,-0.7473,-71.53,-66.13,-1.2423,-1.1496,-30.49,-25.09,-0.5295,-0.4362,,,,
2024-10-02,5698.14,5692.39,11.06,16.81,0.1941,0.2953,21.49,-24.14,27.24,-18.39,-7.82,-2.07,-0.1372,-0.0364,-6.21,-0.46,-0.109,-0.0081,-9.56,-3.81,-0.1678,-0.0669,-10.54,-4.79,-0.185,-0.0841,-18.39,-12.64,-0.3227,-0.2221,-21.7,-15.95,-0.3808,-0.2802,-2.91,2.84,-0.0511,0.0499,-4.34,1.41,-0.0762,0.0248,1.63,7.38,0.0286,0.1296,5.8,11.55,0.1018,0.2029,5.78,11.53,0.1014,0.2026,20.53,26.28,0.3603,0.4617,14.1,19.85,0.2474,0.3487,4.43,10.18,0.0777,0.1788,5.97,11.72,0.1048,0.2059,,,,
2024-10-03,5698.1900000000005,5695.38,0.74,3.55,0.013,0.0623,20.59,-20.82,23.4,-18.01,-2.21,0.6,-0.0388,0.0105,-3.49,-0.68,-0.0612,-0.0119,-0.05,2.76,-0.0009,0.0485,3.31,6.12,0.0581,0.1075,-5.06,-2.25,-0.0888,-0.0395,-5.18,-2.37,-0.0909,-0.0416,-5.37,-2.56,-0.0942,-0.0449,8.26,11.07,0.145,0.1944,6.43,9.24,0.1128,0.1622,-10.72,-7.91,-0.1881,-0.1389,-10.35,-7.54,-0.1816,-0.1324,0.9,3.71,0.0158,0.0651,6.55,9.36,0.1149,0.1643,-8.79,-5.98,-0.1543,-0.105,-9.11,-6.3,-0.1599,-0.1106,,,,
2024-10-04,5737.4800000000005,5742.01,12.15,7.62,0.2118,0.1327,15.73,-34.65,11.2,-39.18,0.83,-3.7,0.0145,-0.0644,1.26,-3.27,0.022,-0.0569,0.48,-4.05,0.0084,-0.0705,5.89,1.36,0.1027,0.0237,2.48,-2.05,0.0432,-0.0357,4.35,-0.18,0.0758,-0.0031,1.19,-3.34,0.0207,-0.0582,-16.57,-21.1,-0.2888,-0.3675,-19.29,-23.82,-0.3362,-0.4148,-31.22,-35.75,-0.5441,-0.6226,-15.11,-19.64,-0.2634,-0.342,-32.46,-36.99,-0.5658,-0.6442,-20.83,-25.36,-0.3631,-0.4417,-6.28,-10.81,-0.1095,-0.1883,-9.74,-14.27,-0.1698,-0.2485,,,,
2024-10-07,5737.8,5734.22,-41.49,-37.91,-0.7231,-0.6611,1.54,-50.95,5.12,-47.37,-4.38,-0.8,-0.0763,-0.014,-8.59,-5.01,-0.1497,-0.0874,-5.86,-2.28,-0.1021,-0.0398,-3.46,0.12,-0.0603,0.0021,-3.05,0.53,-0.0532,0.0092,-9.21,-5.63,-0.1605,-0.0982,-7.44,-3.86,-0.1297,-0.0673,-7.46,-3.88,-0.13,-0.0677,-3.95,-0.37,-0.0688,-0.0065,-3.46,0.12,-0.0603,0.0021,-7.48,-3.9,-0.1304,-0.068,-1.62,1.96,-0.0282,0.0342,-8.53,-4.95,-0.1487,-0.0863,-14.07,-10.49,-0.2452,-0.1829,-26.61,-23.03,-0.4638,-0.4016,,,,
2024-10-08,5719.14,5720.88,31.55,29.81,0.5517,0.5211,38.46,-4.58,36.72,-6.32,1.7,-0.04,0.0297,-0.0007,1.76,0.02,0.0308,0.0003,-0.92,-2.66,-0.0161,-0.0465,-1.78,-3.52,-0.0311,-0.0615,-2.25,-3.99,-0.0393,-0.0697,-2.98,-4.72,-0.0521,-0.0825,-0.97,-2.71,-0.017,-0.0474,13.09,11.35,0.2289,0.1984,4.94,3.2,0.0864,0.0559,11.6,9.86,0.2028,0.1724,22.3,20.56,0.3899,0.3594,20.92,19.18,0.3658,0.3353,20.61,18.87,0.3604,0.3298,13.08,11.34,0.2287,0.1982,20.08,18.34,0.3511,0.3206,,,,
2024-10-09,5751.8,5748.74,40.19,43.25,0.6987,0.7523,45.0,-6.78,48.06,-3.72,-4.62,-1.56,-0.0803,-0.0271,-3.99,-0.93,-0.0694,-0.0162,-3.45,-0.39,-0.06,-0.0068,-5.05,-1.99,-0.0878,-0.0346,4.01,7.07,0.0697,0.123,0.16,3.22,0.0028,0.056,2.07,5.13,0.036,0.0892,4.69,7.75,0.0815,0.1348,4.7,7.76,0.0817,0.135,9.42,12.48,0.1638,0.2171,20.59,23.65,0.358,0.4114,27.15,30.21,0.472,0.5255,29.74,32.8,0.5171,0.5706,31.59,34.65,0.5492,0.6027,32.12,35.18,0.5584,0.612,,,,
2024-10-10,5778.36,5774.57,1.91,5.7,0.0331,0.0987,16.67,-13.6,20.46,-9.81,-1.26,2.53,-0.0218,0.0438,0.42,4.21,0.0073,0.0729,-1.73,2.06,-0.0299,0.0357,-2.44,1.35,-0.0422,0.0234,-6.35,-2.56,-0.1099,-0.0443,-3.55,0.24,-0.0614,0.0042,-8.73,-4.94,-0.1511,-0.0855,0.21,4.0,0.0036,0.0693,4.38,8.17,0.0758,0.1415,1.76,5.55,0.0305,0.0961,-5.24,-1.45,-0.0907,-0.0251,2.42,6.21,0.0419,0.1075,9.0,12.79,0.1558,0.2215,5.57,9.36,0.0964,0.1621,-5.97,-2.18,-0.1033,-0.0378,,,,
2024-10-11,5775.09,5779.41,39.82,35.5,0.6895,0.6142,47.04,0,42.72,-4.32,9.58,5.26,0.1659,0.091,11.19,6.87,0.1938,0.1189,13.01,8.69,0.2253,0.1504,10.69,6.37,0.1851,0.1102,11.2,6.88,0.1939,0.119,13.36,9.04,0.2313,0.1564,16.03,11.71,0.2776,0.2026,15.67,11.35,0.2713,0.1964,37.7,33.38,0.6528,0.5776,43.48,39.16,0.7529,0.6776,35.12,30.8,0.6081,0.5329,36.36,32.04,0.6296,0.5544,31.19,26.87,0.5401,0.4649,33.29,28.97,0.5764,0.5013,39.08,34.76,0.6767,0.6014,,,,
2024-10-14,5829.81,5831.61,30.91,29.11,0.5302,0.4992,41.6,-0.24,39.8,-2.04,0.04,-1.76,0.0007,-0.0302,2.92,1.12,0.0501,0.0192,4.92,3.12,0.0844,0.0535,8.45,6.65,0.1449,0.114,8.51,6.71,0.146,0.1151,12.59,10.79,0.216,0.185,18.73,16.93,0.3213,0.2903,23.14,21.34,0.3969,0.3659,19.47,17.67,0.334,0.303,24.6,22.8,0.422,0.391,15.77,13.97,0.2705,0.2396,15.99,14.19,0.2743,0.2433,27.3,25.5,0.4683,0.4373,26.87,25.07,0.4609,0.4299,30.12,28.32,0.5167,0.4856,,,,
2024-10-15,5866.74,5862.26,-48.87,-44.39,-0.833,-0.7572,3.62,-62.26,8.1,-57.78,-2.71,1.77,-0.0462,0.0302,-2.35,2.13,-0.0401,0.0363,-4.29,0.19,-0.0731,0.0032,-1.36,3.12,-0.0232,0.0532,-4.21,0.27,-0.0718,0.0046,-4.14,0.34,-0.0706,0.0058,-3.82,0.66,-0.0651,0.0113,-5.39,-0.91,-0.0919,-0.0155,-9.85,-5.37,-0.1679,-0.0916,-17.02,-12.54,-0.2901,-0.2139,-29.59,-25.11,-0.5044,-0.4283,-24.86,-20.38,-0.4237,-0.3476,-26.99,-22.51,-0.4601,-0.384,-37.91,-33.43,-0.6462,-0.5703,-41.19,-36.71,-0.7021,-0.6262,,,,
2024-10-16,5816.58,5815.49,25.75,26.84,0.4427,0.4615,29.94,-8.24,31.03,-7.15,-4.84,-3.75,-0.0832,-0.0645,-4.2,-3.11,-0.0722,-0.0535,-1.72,-0.63,-0.0296,-0.0108,-2.1,-1.01,-0.0361,-0.0174,-3.02,-1.93,-0.0519,-0.0332,-6.04,-4.95,-0.1038,-0.0851,-7.49,-6.4,-0.1288,-0.1101,-6.07,-4.98,-0.1044,-0.0856,5.09,6.18,0.0875,0.1063,12.21,13.3,0.2099,0.2287,2.68,3.77,0.0461,0.0648,7.42,8.51,0.1276,0.1463,12.01,13.1,0.2065,0.2253,14.87,15.96,0.2556,0.2744,28.27,29.36,0.486,0.5049,,,,
2024-10-17,5875.62,5874.31,-34.14,-32.83,-0.581,-0.5589,2.84,-35.37,4.15,-34.06,-1.44,-0.13,-0.0245,-0.0022,-1.81,-0.5,-0.0308,-0.0085,-6.31,-5.0,-0.1074,-0.0851,-14.64,-13.33,-0.2492,-0.2269,-13.59,-12.28,-0.2313,-0.209,-12.7,-11.39,-0.2161,-0.1939,-10.87,-9.56,-0.185,-0.1627,-15.76,-14.45,-0.2682,-0.246,-20.72,-19.41,-0.3526,-0.3304,-18.19,-16.88,-0.3096,-0.2874,-24.97,-23.66,-0.425,-0.4028,-14.79,-13.48,-0.2517,-0.2295,-16.23,-14.92,-0.2762,-0.254,-14.07,-12.76,-0.2395,-0.2172,-29.39,-28.08,-0.5002,-0.478,,,,
2024-10-18,5859.43,5856.43,5.09,8.09,0.0869,0.1381,12.74,-13.32,15.74,-10.32,-5.38,-2.38,-0.0918,-0.0406,-7.79,-4.79,-0.1329,-0.0818,-9.1,-6.1,-0.1553,-0.1042,-11.73,-8.73,-0.2002,-0.1491,-8.17,-5.17,-0.1394,-0.0883,-3.72,-0.72,-0.0635,-0.0123,-8.27,-5.27,-0.1411,-0.09,-6.81,-3.81,-0.1162,-0.0651,-7.82,-4.82,-0.1335,-0.0823,-5.31,-2.31,-0.0906,-0.0394,-3.98,-0.98,-0.0679,-0.0167,2.75,5.75,0.0469,0.0982,0.75,3.75,0.0128,0.064,4.66,7.66,0.0795,0.1308,10.33,13.33,0.1763,0.2276,,,,
2024-10-21,5857.82,5858.52,-3.04,-3.74,-0.0519,-0.0638,9.1,-33.03,8.4,-33.73,0.52,-0.18,0.0089,-0.0031,0.49,-0.21,0.0084,-0.0036,1.0,0.3,0.0171,0.0051,0.56,-0.14,0.0096,-0.0024,0.86,0.16,0.0147,0.0027,2.13,1.43,0.0364,0.0244,4.32,3.62,0.0737,0.0618,2.13,1.43,0.0364,0.0244,6.68,5.98,0.114,0.1021,-1.39,-2.09,-0.0237,-0.0357,-14.01,-14.71,-0.2392,-0.2511,-32.88,-33.58,-0.5613,-0.5732,-17.04,-17.74,-0.2909,-0.3028,-9.91,-10.61,-0.1692,-0.1811,-13.16,-13.86,-0.2247,-0.2366,,,,
2024-10-22,5832.7,5824.91,18.39,26.18,0.3153,0.4494,30.34,-11.53,38.13,-3.74,-9.69,-1.9,-0.1661,-0.0326,-8.87,-1.08,-0.1521,-0.0185,-6.7,1.09,-0.1149,0.0187,-5.38,2.41,-0.0922,0.0414,-5.22,2.57,-0.0895,0.0441,-1.08,6.71,-0.0185,0.1152,-3.18,4.61,-0.0545,0.0791,-0.92,6.87,-0.0158,0.1179,6.24,14.03,0.107,0.2409,2.57,10.36,0.0441,0.1779,5.87,13.66,0.1006,0.2345,7.38,15.17,0.1265,0.2604,3.86,11.65,0.0662,0.2,13.21,21.0,0.2265,0.3605,21.88,29.67,0.3751,0.5094,,,,
2024-10-23,5834.5,5833.03,-36.91,-35.44,-0.6326,-0.6076,0.35,-72.09,1.82,-70.62,-4.41,-2.94,-0.0756,-0.0504,-5.53,-4.06,-0.0948,-0.0696,-3.59,-2.12,-0.0615,-0.0363,-0.9,0.57,-0.0154,0.0098,-3.0,-1.53,-0.0514,-0.0262,-4.53,-3.06,-0.0776,-0.0525,-3.49,-2.02,-0.0598,-0.0346,-5.12,-3.65,-0.0878,-0.0626,-9.53,-8.06,-0.1633,-0.1382,-8.26,-6.79,-0.1416,-0.1164,-11.94,-10.47,-0.2046,-0.1795,-27.96,-26.49,-0.4792,-0.4541,-35.48,-34.01,-0.6081,-0.5831,-48.07,-46.6,-0.8239,-0.7989,-61.6,-60.13,-1.0558,-1.0309,,,,
2024-10-24,5817.8,5811.34,-8.54,-2.08,-0.1468,-0.0358,0,-32.88,6.46,-26.42,-10.68,-4.22,-0.1836,-0.0726,-9.81,-3.35,-0.1686,-0.0576,-8.06,-1.6,-0.1385,-0.0275,-7.33,-0.87,-0.126,-0.015,-7.28,-0.82,-0.1251,-0.0141,-13.49,-7.03,-0.2319,-0.121,-12.62,-6.16,-0.2169,-0.106,-5.51,0.95,-0.0947,0.0163,-8.1,-1.64,-0.1392,-0.0282,-8.6,-2.14,-0.1478,-0.0368,-11.97,-5.51,-0.2057,-0.0948,-13.25,-6.79,-0.2277,-0.1168,-18.79,-12.33,-0.323,-0.2122,-9.33,-2.87,-0.1604,-0.0494,-10.93,-4.47,-0.1879,-0.0769,,,,
2024-10-25,5826.75,5840.17,-18.75,-32.17,-0.3218,-0.5508,36.07,-26.77,22.65,-40.19,14.34,0.92,0.2461,0.0158,15.93,2.51,0.2734,0.043,14.95,1.53,0.2566,0.0262,15.25,1.83,0.2617,0.0313,14.04,0.62,0.241,0.0106,19.44,6.02,0.3336,0.1031,22.18,8.76,0.3807,0.15,27.57,14.15,0.4732,0.2423,30.04,16.62,0.5156,0.2846,33.52,20.1,0.5753,0.3442,28.01,14.59,0.4807,0.2498,18.13,4.71,0.3112,0.0806,18.88,5.46,0.324,0.0935,-5.04,-18.46,-0.0865,-0.3161,-11.58,-25.0,-0.1987,-0.4281,,,,
2024-10-28,5833.93,5836.64,-9.37,-12.08,-0.1606,-0.207,8.99,-10.85,6.28,-13.56,2.38,-0.33,0.0408,-0.0057,7.71,5.0,0.1322,0.0857,6.35,3.64,0.1088,0.0624,5.72,3.01,0.098,0.0516,1.39,-1.32,0.0238,-0.0226,0.45,-2.26,0.0077,-0.0387,0.08,-2.63,0.0014,-0.0451,0.95,-1.76,0.0163,-0.0302,2.74,0.03,0.047,0.0005,8.52,5.81,0.146,0.0995,-1.38,-4.09,-0.0237,-0.0701,-0.53,-3.24,-0.0091,-0.0555,-1.16,-3.87,-0.0199,-0.0663,-1.48,-4.19,-0.0254,-0.0718,-2.68,-5.39,-0.0459,-0.0923,,,,
2024-10-29,5819.68,5812.56,15.1,22.22,0.2595,0.3823,27.51,-17.51,34.63,-10.39,-10.64,-3.52,-0.1828,-0.0606,-10.92,-3.8,-0.1876,-0.0654,-13.3,-6.18,-0.2285,-0.1063,-14.47,-7.35,-0.2486,-0.1265,-14.63,-7.51,-0.2514,-0.1292,-4.74,2.38,-0.0814,0.0409,-9.02,-1.9,-0.155,-0.0327,-3.11,4.01,-0.0534,0.069,3.99,11.11,0.0686,0.1911,4.1,11.22,0.0705,0.193,12.16,19.28,0.2089,0.3317,9.49,16.61,0.1631,0.2858,12.04,19.16,0.2069,0.3296,18.1,25.22,0.311,0.4339,22.64,29.76,0.389,0.512,,,,
2024-10-30,5832.650000000001,5825.86,-15.74,-8.95,-0.2699,-0.1536,18.29,-21.37,25.08,-14.58,-2.26,4.53,-0.0387,0.0778,-1.02,5.77,-0.0175,0.099,-1.39,5.4,-0.0238,0.0927,-5.19,1.6,-0.089,0.0275,-14.97,-8.18,-0.2567,-0.1404,-16.79,-10.0,-0.2879,-0.1716,-6.55,0.24,-0.1123,0.0041,4.43,11.22,0.076,0.1926,12.49,19.28,0.2141,0.3309,11.82,18.61,0.2027,0.3194,9.04,15.83,0.155,0.2717,12.86,19.65,0.2205,0.3373,10.16,16.95,0.1742,0.2909,-0.41,6.38,-0.007,0.1095,-2.5,4.29,-0.0429,0.0736,,,,
2024-10-31,5775.34,5767.62,-72.06,-64.34,-1.2477,-1.1155,0,-72.06,7.72,-64.34,-11.73,-4.01,-0.2031,-0.0695,-12.39,-4.67,-0.2145,-0.081,-15.23,-7.51,-0.2637,-0.1302,-9.19,-1.47,-0.1591,-0.0255,-4.74,2.98,-0.0821,0.0517,-10.92,-3.2,-0.1891,-0.0555,-26.29,-18.57,-0.4552,-0.322,-23.44,-15.72,-0.4059,-0.2726,-31.24,-23.52,-0.5409,-0.4078,-40.29,-32.57,-0.6976,-0.5647,-48.2,-40.48,-0.8346,-0.7018,-47.85,-40.13,-0.8285,-0.6958,-43.77,-36.05,-0.7579,-0.625,-47.67,-39.95,-0.8254,-0.6927,-52.16,-44.44,-0.9032,-0.7705,,,,
2024-11-01,5723.22,5731.78,5.21,-3.35,0.091,-0.0584,49.3,0,40.74,-8.56,10.53,1.97,0.184,0.0344,12.27,3.71,0.2144,0.0647,12.57,4.01,0.2196,0.07,15.08,6.52,0.2635,0.1138,22.53,13.97,0.3937,0.2437,21.77,13.21,0.3804,0.2305,24.52,15.96,0.4284,0.2784,25.81,17.25,0.451,0.301,39.78,31.22,0.6951,0.5447,47.5,38.94,0.83,0.6794,38.64,30.08,0.6751,0.5248,46.28,37.72,0.8086,0.6581,28.82,20.26,0.5036,0.3535,29.07,20.51,0.5079,0.3578,11.79,3.23,0.206,0.0564,,,,
2024-11-04,5725.150000000001,5728.56,-11.49,-14.9,-0.2007,-0.2601,16.28,-28.64,12.87,-32.05,0.27,-3.14,0.0047,-0.0548,1.39,-2.02,0.0243,-0.0353,-2.02,-5.43,-0.0353,-0.0948,-8.03,-11.44,-0.1403,-0.1997,-7.97,-11.38,-0.1392,-0.1987,4.99,1.58,0.0872,0.0276,-0.52,-3.93,-0.0091,-0.0686,4.21,0.8,0.0735,0.014,7.27,3.86,0.127,0.0674,10.35,6.94,0.1808,0.1211,6.97,3.56,0.1217,0.0621,0.45,-2.96,0.0079,-0.0517,-7.67,-11.08,-0.134,-0.1934,-4.05,-7.46,-0.0707,-0.1302,-4.19,-7.6,-0.0732,-0.1327,,,,
2024-11-05,5722.43,5727.33,60.64,55.74,1.0597,0.9732,61.01,-0.33,56.11,-5.23,10.24,5.34,0.1789,0.0932,11.76,6.86,0.2055,0.1198,14.63,9.73,0.2557,0.1699,14.33,9.43,0.2504,0.1646,19.53,14.63,0.3413,0.2554,16.82,11.92,0.2939,0.2081,22.1,17.2,0.3862,0.3003,34.74,29.84,0.6071,0.521,32.67,27.77,0.5709,0.4849,35.91,31.01,0.6275,0.5414,33.14,28.24,0.5791,0.4931,44.12,39.22,0.771,0.6848,52.61,47.71,0.9194,0.833,47.76,42.86,0.8346,0.7483,48.84,43.94,0.8535,0.7672,,,,
2024-11-06,5864.89,5891.13,62.91,36.67,1.0727,0.6225,71.25,0,45.01,-26.24,29.94,3.7,0.5105,0.0628,30.76,4.52,0.5245,0.0767,39.41,13.17,0.672,0.2236,36.1,9.86,0.6155,0.1674,36.39,10.15,0.6205,0.1723,28.67,2.43,0.4888,0.0412,13.65,-12.59,0.2327,-0.2137,15.85,-10.39,0.2703,-0.1764,24.99,-1.25,0.4261,-0.0212,38.64,12.4,0.6588,0.2105,19.87,-6.37,0.3388,-0.1081,33.82,7.58,0.5767,0.1287,37.76,11.52,0.6438,0.1955,54.77,28.53,0.9339,0.4843,58.28,32.04,0.9937,0.5439,,,,
2024-11-07,5947.21,5949.67,25.91,23.45,0.4357,0.3941,36.63,0,34.17,-2.46,3.22,0.76,0.0541,0.0128,5.79,3.33,0.0974,0.056,3.31,0.85,0.0557,0.0143,3.33,0.87,0.056,0.0146,7.37,4.91,0.1239,0.0825,3.53,1.07,0.0594,0.018,6.3,3.84,0.1059,0.0645,11.54,9.08,0.194,0.1526,12.53,10.07,0.2107,0.1693,14.13,11.67,0.2376,0.1961,20.47,18.01,0.3442,0.3027,17.54,15.08,0.2949,0.2535,22.88,20.42,0.3847,0.3432,16.22,13.76,0.2727,0.2313,19.67,17.21,0.3307,0.2893,,,,
2024-11-08,5976.76,5981.25,19.86,15.37,0.3323,0.257,35.69,0,31.2,-4.49,4.17,-0.32,0.0698,-0.0054,6.04,1.55,0.1011,0.0259,6.56,2.07,0.1098,0.0346,6.21,1.72,0.1039,0.0288,7.23,2.74,0.121,0.0458,4.21,-0.28,0.0704,-0.0047,9.99,5.5,0.1671,0.092,13.94,9.45,0.2332,0.158,6.73,2.24,0.1126,0.0375,14.42,9.93,0.2413,0.166,15.24,10.75,0.255,0.1797,20.92,16.43,0.35,0.2747,16.27,11.78,0.2722,0.1969,22.28,17.79,0.3728,0.2974,32.28,27.79,0.5401,0.4646,,,,
2024-11-11,6008.86,6014.46,-5.28,-10.88,-0.0879,-0.1809,8.45,-22.17,2.85,-27.77,7.23,1.63,0.1203,0.0271,6.06,0.46,0.1009,0.0076,5.66,0.06,0.0942,0.001,3.17,-2.43,0.0528,-0.0404,7.7,2.1,0.1281,0.0349,-1.87,-7.47,-0.0311,-0.1242,0.24,-5.36,0.004,-0.0891,-1.07,-6.67,-0.0178,-0.1109,-1.52,-7.12,-0.0253,-0.1184,-1.35,-6.95,-0.0225,-0.1156,5.36,-0.24,0.0892,-0.004,-0.64,-6.24,-0.0107,-0.1037,-4.68,-10.28,-0.0779,-0.1709,-15.14,-20.74,-0.252,-0.3448,-12.02,-17.62,-0.2,-0.293,,,,
2024-11-12,6003.6,6003.97,-19.42,-19.79,-0.3235,-0.3296,6.32,-43.52,5.95,-43.89,-3.05,-3.42,-0.0508,-0.057,-4.16,-4.53,-0.0693,-0.0755,-2.18,-2.55,-0.0363,-0.0425,3.7,3.33,0.0616,0.0555,4.76,4.39,0.0793,0.0731,2.24,1.87,0.0373,0.0311,1.79,1.42,0.0298,0.0237,2.74,2.37,0.0456,0.0395,-4.53,-4.9,-0.0755,-0.0816,-9.09,-9.46,-0.1514,-0.1576,-14.25,-14.62,-0.2374,-0.2435,-15.64,-16.01,-0.2605,-0.2667,-23.43,-23.8,-0.3903,-0.3964,-27.95,-28.32,-0.4656,-0.4717,-8.41,-8.78,-0.1401,-0.1462,,,,
2024-11-13,5985.75,5990.35,1.22,-3.38,0.0204,-0.0564,22.44,-19.84,17.84,-24.44,2.41,-2.19,0.0403,-0.0366,4.54,-0.06,0.0758,-0.001,5.0,0.4,0.0835,0.0067,3.47,-1.13,0.058,-0.0189,2.37,-2.23,0.0396,-0.0372,4.39,-0.21,0.0733,-0.0035,-1.86,-6.46,-0.0311,-0.1078,-4.09,-8.69,-0.0683,-0.1451,-8.54,-13.14,-0.1427,-0.2194,-6.64,-11.24,-0.1109,-0.1876,2.32,-2.28,0.0388,-0.0381,10.4,5.8,0.1737,0.0968,13.4,8.8,0.2239,0.1469,18.78,14.18,0.3137,0.2367,8.38,3.78,0.14,0.0631,,,,
2024-11-14,5989.68,5991.53,-39.93,-41.78,-0.6666,-0.6973,4.2,-47.4,2.35,-49.25,1.17,-0.68,0.0195,-0.0113,-0.13,-1.98,-0.0022,-0.033,0.71,-1.14,0.0119,-0.019,1.83,-0.02,0.0306,-0.0003,-6.61,-8.46,-0.1104,-0.1412,-14.38,-16.23,-0.2401,-0.2709,-5.59,-7.44,-0.0933,-0.1242,-12.97,-14.82,-0.2165,-0.2473,-12.63,-14.48,-0.2109,-0.2417,-10.71,-12.56,-0.1788,-0.2096,-10.95,-12.8,-0.1828,-0.2136,-9.01,-10.86,-0.1504,-0.1813,-28.02,-29.87,-0.4678,-0.4985,-23.98,-25.83,-0.4004,-0.4311,-23.53,-25.38,-0.3928,-0.4236,,,,
2024-11-15,5912.79,5910.89,-43.04,-41.14,-0.7279,-0.696,2.53,-59.78,4.43,-57.88,0.78,2.68,0.0132,0.0453,-1.91,-0.01,-0.0323,-0.0002,-3.35,-1.45,-0.0567,-0.0245,-7.91,-6.01,-0.1338,-0.1017,-4.06,-2.16,-0.0687,-0.0365,-5.98,-4.08,-0.1011,-0.069,-3.58,-1.68,-0.0605,-0.0284,-14.6,-12.7,-0.2469,-0.2149,-25.17,-23.27,-0.4257,-0.3937,-30.42,-28.52,-0.5145,-0.4825,-36.32,-34.42,-0.6143,-0.5823,-26.16,-24.26,-0.4424,-0.4104,-45.98,-44.08,-0.7776,-0.7457,-46.29,-44.39,-0.7829,-0.751,-58.01,-56.11,-0.9811,-0.9493,,,,
2024-11-18,5874.17,5870.31,20.08,23.94,0.3418,0.4078,33.95,-8.22,37.81,-4.36,-4.91,-1.05,-0.0836,-0.0179,-7.29,-3.43,-0.1241,-0.0584,-6.6,-2.74,-0.1124,-0.0467,-4.22,-0.36,-0.0718,-0.0061,-0.88,2.98,-0.015,0.0508,-1.75,2.11,-0.0298,0.0359,-5.69,-1.83,-0.0969,-0.0312,-3.88,-0.02,-0.0661,-0.0003,8.55,12.41,0.1456,0.2114,15.17,19.03,0.2582,0.3242,20.98,24.84,0.3572,0.4231,28.47,32.33,0.4847,0.5507,21.85,25.71,0.372,0.438,19.57,23.43,0.3332,0.3991,11.2,15.06,0.1907,0.2565,,,,
2024-11-19,5870.05,5862.62,45.8,53.23,0.7802,0.908,53.46,-14.76,60.89,-7.33,-3.6,3.83,-0.0613,0.0653,-5.73,1.7,-0.0976,0.029,-7.47,-0.04,-0.1273,-0.0007,-5.86,1.57,-0.0998,0.0268,-2.23,5.2,-0.038,0.0887,-0.09,7.34,-0.0015,0.1252,-12.35,-4.92,-0.2104,-0.0839,-8.69,-1.26,-0.148,-0.0215,-7.7,-0.27,-0.1312,-0.0046,4.71,12.14,0.0802,0.2071,20.56,27.99,0.3503,0.4774,30.77,38.2,0.5242,0.6516,32.25,39.68,0.5494,0.6768,38.11,45.54,0.6492,0.7768,45.87,53.3,0.7814,0.9091,,,,
2024-11-20,5914.34,5914.33,2.49,2.5,0.0421,0.0423,6.33,-53.78,6.34,-53.77,1.88,1.89,0.0318,0.032,0.5,0.51,0.0085,0.0086,-2.28,-2.27,-0.0386,-0.0384,-8.04,-8.03,-0.1359,-0.1358,-21.2,-21.19,-0.3585,-0.3583,-20.54,-20.53,-0.3473,-0.3471,-21.68,-21.67,-0.3666,-0.3664,-21.96,-21.95,-0.3713,-0.3711,-45.38,-45.37,-0.7673,-0.7671,-43.81,-43.8,-0.7407,-0.7406,-24.4,-24.39,-0.4126,-0.4124,-44.46,-44.45,-0.7517,-0.7516,-29.51,-29.5,-0.499,-0.4988,-26.29,-26.28,-0.4445,-0.4443,-34.87,-34.86,-0.5896,-0.5894,,,,
2024-11-21,5940.58,5941.64,7.9,6.84,0.133,0.1151,22.74,-53.32,21.68,-54.38,5.69,4.63,0.0958,0.0779,-1.65,-2.71,-0.0278,-0.0456,-3.21,-4.27,-0.054,-0.0719,-18.49,-19.55,-0.3112,-0.329,-31.44,-32.5,-0.5292,-0.547,-28.89,-29.95,-0.4863,-0.5041,-14.61,-15.67,-0.2459,-0.2637,-33.88,-34.94,-0.5703,-0.5881,-17.49,-18.55,-0.2944,-0.3122,-53.02,-54.08,-0.8925,-0.9102,-9.02,-10.08,-0.1518,-0.1697,-1.15,-2.21,-0.0194,-0.0372,1.32,0.26,0.0222,0.0044,18.16,17.1,0.3057,0.2878,14.15,13.09,0.2382,0.2203,,,,
2024-11-22,5944.36,5951.43,23.9,16.83,0.4021,0.2828,28.54,0,21.47,-7.07,3.84,-3.23,0.0646,-0.0543,10.06,2.99,0.1692,0.0502,12.11,5.04,0.2037,0.0847,12.59,5.52,0.2118,0.0928,18.14,11.07,0.3052,0.186,26.4,19.33,0.4441,0.3248,18.44,11.37,0.3102,0.191,22.62,15.55,0.3805,0.2613,12.23,5.16,0.2057,0.0867,8.79,1.72,0.1479,0.0289,25.63,18.56,0.4312,0.3119,11.07,4.0,0.1862,0.0672,22.28,15.21,0.3748,0.2556,24.97,17.9,0.4201,0.3008,17.69,10.62,0.2976,0.1784,,,,
2024-11-25,5992.28,6001.97,-5.13,-14.82,-0.0856,-0.2469,28.47,-28.37,18.78,-38.06,9.66,-0.03,0.1612,-0.0005,16.22,6.53,0.2707,0.1088,18.88,9.19,0.3151,0.1531,20.37,10.68,0.3399,0.1779,24.5,14.81,0.4089,0.2468,26.95,17.26,0.4497,0.2876,18.4,8.71,0.3071,0.1451,9.17,-0.52,0.153,-0.0087,1.46,-8.23,0.0244,-0.1371,11.75,2.06,0.1961,0.0343,-1.96,-11.65,-0.0327,-0.1941,1.31,-8.38,0.0219,-0.1396,-19.09,-28.78,-0.3186,-0.4795,-10.3,-19.99,-0.1719,-0.3331,-12.55,-22.24,-0.2094,-0.3705,,,,
2024-11-26,6000.03,6000.25,20.71,20.49,0.3452,0.3415,25.39,-7.76,25.17,-7.98,3.72,3.5,0.062,0.0583,5.35,5.13,0.0892,0.0855,2.81,2.59,0.0468,0.0432,5.32,5.1,0.0887,0.085,0.71,0.49,0.0118,0.0082,2.85,2.63,0.0475,0.0438,6.72,6.5,0.112,0.1083,-0.43,-0.65,-0.0072,-0.0108,-1.13,-1.35,-0.0188,-0.0225,0.21,-0.01,0.0035,-0.0002,4.47,4.25,0.0745,0.0708,8.06,7.84,0.1343,0.1307,5.61,5.39,0.0935,0.0898,10.35,10.13,0.1725,0.1688,6.62,6.4,0.1103,0.1067,,,,
2024-11-27,6014.11,6011.36,-15.39,-12.64,-0.2559,-0.2103,6.05,-29.24,8.8,-26.49,-2.56,0.19,-0.0426,0.0032,-0.77,1.98,-0.0128,0.0329,4.67,7.42,0.0777,0.1234,0.04,2.79,0.0007,0.0464,-0.34,2.41,-0.0057,0.0401,2.55,5.3,0.0424,0.0882,2.83,5.58,0.0471,0.0928,-0.71,2.04,-0.0118,0.0339,-5.95,-3.2,-0.0989,-0.0532,-8.74,-5.99,-0.1453,-0.0996,-15.14,-12.39,-0.2517,-0.2061,-19.51,-16.76,-0.3244,-0.2788,-21.54,-18.79,-0.3582,-0.3126,-16.8,-14.05,-0.2793,-0.2337,-16.0,-13.25,-0.266,-0.2204,,,,
2024-11-29,6003.9800000000005,6005.52,28.4,26.86,0.473,0.4473,40.19,0,38.65,-1.54,4.37,2.83,0.0728,0.0471,6.79,5.25,0.1131,0.0874,6.62,5.08,0.1103,0.0846,6.14,4.6,0.1023,0.0766,9.95,8.41,0.1657,0.14,10.22,8.68,0.1702,0.1445,11.38,9.84,0.1895,0.1638,15.86,14.32,0.2642,0.2384,23.23,21.69,0.3869,0.3612,22.55,21.01,0.3756,0.3498,25.77,24.23,0.4292,0.4035,30.58,29.04,0.5093,0.4836,35.76,34.22,0.5956,0.5698,,,,,,,,,,,,
2024-12-02,6040.11,6045.33,6.77,1.55,0.1121,0.0256,13.47,-4.78,8.25,-10.0,4.16,-1.06,0.0689,-0.0175,4.22,-1.0,0.0699,-0.0165,6.65,1.43,0.1101,0.0237,4.94,-0.28,0.0818,-0.0046,3.18,-2.04,0.0526,-0.0337,1.52,-3.7,0.0252,-0.0612,1.16,-4.06,0.0192,-0.0672,2.17,-3.05,0.0359,-0.0505,1.37,-3.85,0.0227,-0.0637,2.72,-2.5,0.045,-0.0414,-2.9,-8.12,-0.048,-0.1343,4.4,-0.82,0.0728,-0.0136,4.73,-0.49,0.0783,-0.0081,5.04,-0.18,0.0834,-0.003,4.83,-0.39,0.08,-0.0065,,,,
2024-12-03,6042.97,6045.58,6.7,4.09,0.1109,0.0677,9.1,-9.58,6.49,-12.19,2.31,-0.3,0.0382,-0.005,2.89,0.28,0.0478,0.0046,2.81,0.2,0.0465,0.0033,2.94,0.33,0.0487,0.0055,-0.08,-2.69,-0.0013,-0.0445,-0.93,-3.54,-0.0154,-0.0586,-1.96,-4.57,-0.0324,-0.0756,2.27,-0.34,0.0376,-0.0056,1.05,-1.56,0.0174,-0.0258,-7.25,-9.86,-0.12,-0.1631,-3.66,-6.27,-0.0606,-0.1037,2.4,-0.21,0.0397,-0.0035,-2.76,-5.37,-0.0457,-0.0888,3.15,0.54,0.0521,0.0089,4.05,1.44,0.067,0.0238,,,,
2024-12-04,6069.39,6069.37,16.84,16.86,0.2775,0.2778,20.45,-8.33,20.47,-8.31,-0.52,-0.5,-0.0086,-0.0082,1.43,1.45,0.0236,0.0239,2.11,2.13,0.0348,0.0351,0.51,0.53,0.0084,0.0087,-2.3,-2.28,-0.0379,-0.0376,-3.78,-3.76,-0.0623,-0.062,0.9,0.92,0.0148,0.0152,-4.32,-4.3,-0.0712,-0.0708,-7.72,-7.7,-0.1272,-0.1269,-2.17,-2.15,-0.0358,-0.0354,4.19,4.21,0.069,0.0694,4.09,4.11,0.0674,0.0677,3.22,3.24,0.0531,0.0534,-3.21,-3.19,-0.0529,-0.0526,9.18,9.2,0.1513,0.1516,,,,
2024-12-05,6089.03,6087.14,-13.08,-11.19,-0.2148,-0.1838,5.52,-16.13,7.41,-14.24,-1.28,0.61,-0.021,0.01,-2.96,-1.07,-0.0486,-0.0176,-1.48,0.41,-0.0243,0.0067,-1.5,0.39,-0.0246,0.0064,-4.74,-2.85,-0.0778,-0.0468,-1.61,0.28,-0.0264,0.0046,-3.61,-1.72,-0.0593,-0.0283,-0.36,1.53,-0.0059,0.0251,-3.42,-1.53,-0.0562,-0.0251,-8.27,-6.38,-0.1358,-0.1048,-9.32,-7.43,-0.1531,-0.1221,-2.93,-1.04,-0.0481,-0.0171,1.36,3.25,0.0223,0.0534,-7.8,-5.91,-0.1281,-0.0971,-7.13,-5.24,-0.1171,-0.0861,,,,
2024-12-06,6081.38,6086.1,7.38,2.66,0.1214,0.0437,18.59,-1.4,13.87,-6.12,5.41,0.69,0.089,0.0113,9.2,4.48,0.1513,0.0736,11.36,6.64,0.1868,0.1091,9.68,4.96,0.1592,0.0815,9.44,4.72,0.1552,0.0776,11.62,6.9,0.1911,0.1134,15.48,10.76,0.2545,0.1768,15.63,10.91,0.257,0.1793,15.87,11.15,0.261,0.1832,15.49,10.77,0.2547,0.177,14.7,9.98,0.2417,0.164,8.68,3.96,0.1427,0.0651,4.51,-0.21,0.0742,-0.0035,7.58,2.86,0.1246,0.047,-1.21,-5.93,-0.0199,-0.0974,,,,
2024-12-09,6083.01,6080.74,-28.43,-26.16,-0.4674,-0.4302,5.5,-34.38,7.77,-32.11,3.05,5.32,0.0501,0.0875,4.05,6.32,0.0666,0.1039,0.51,2.78,0.0084,0.0457,-0.55,1.72,-0.009,0.0283,-0.78,1.49,-0.0128,0.0245,0.42,2.69,0.0069,0.0442,0.71,2.98,0.0117,0.049,0.22,2.49,0.0036,0.0409,-2.93,-0.66,-0.0482,-0.0109,-8.69,-6.42,-0.1429,-0.1056,-18.73,-16.46,-0.3079,-0.2707,-15.51,-13.24,-0.255,-0.2177,-19.27,-17.0,-0.3168,-0.2796,-17.33,-15.06,-0.2849,-0.2477,-21.73,-19.46,-0.3572,-0.32,,,,
2024-12-10,6057.59,6056.54,-21.27,-20.22,-0.3511,-0.3339,7.81,-27.7,8.86,-26.65,-0.97,0.08,-0.016,0.0013,-1.71,-0.66,-0.0282,-0.0109,-5.45,-4.4,-0.09,-0.0726,-6.23,-5.18,-0.1028,-0.0855,-6.11,-5.06,-0.1009,-0.0835,2.39,3.44,0.0395,0.0568,-0.96,0.09,-0.0158,0.0015,0.93,1.98,0.0154,0.0327,3.61,4.66,0.0596,0.0769,0.76,1.81,0.0125,0.0299,-1.62,-0.57,-0.0267,-0.0094,-3.21,-2.16,-0.053,-0.0357,-3.77,-2.72,-0.0622,-0.0449,-5.99,-4.94,-0.0989,-0.0816,-9.85,-8.8,-0.1626,-0.1453,,,,
2024-12-11,6060.150000000001,6063.79,24.05,20.41,0.3969,0.3366,32.44,0,28.8,-3.64,5.94,2.3,0.098,0.0379,7.03,3.39,0.116,0.0559,7.21,3.57,0.119,0.0589,9.3,5.66,0.1535,0.0933,8.02,4.38,0.1323,0.0722,12.08,8.44,0.1993,0.1392,13.44,9.8,0.2218,0.1616,14.0,10.36,0.231,0.1709,19.68,16.04,0.3247,0.2645,13.91,10.27,0.2295,0.1694,14.63,10.99,0.2414,0.1812,23.23,19.59,0.3833,0.3231,26.87,23.23,0.4434,0.3831,31.89,28.25,0.5262,0.4659,26.79,23.15,0.4421,0.3818,,,,
2024-12-12,6074.29,6074.66,-22.59,-22.96,-0.3719,-0.378,5.39,-22.59,5.02,-22.96,-3.22,-3.59,-0.053,-0.0591,-4.9,-5.27,-0.0807,-0.0868,-6.96,-7.33,-0.1146,-0.1207,-6.65,-7.02,-0.1095,-0.1156,-6.45,-6.82,-0.1062,-0.1123,-3.75,-4.12,-0.0617,-0.0678,-7.2,-7.57,-0.1185,-0.1246,-4.85,-5.22,-0.0798,-0.0859,-12.95,-13.32,-0.2132,-0.2193,-0.1,-0.47,-0.0016,-0.0077,1.88,1.51,0.031,0.0249,1.93,1.56,0.0318,0.0257,-0.4,-0.77,-0.0066,-0.0127,-0.59,-0.96,-0.0097,-0.0158,-14.7,-15.07,-0.242,-0.2481,,,,
2024-12-13,6068.17,6070.95,-17.34,-20.12,-0.2858,-0.3314,10.41,-32.4,7.63,-35.18,1.65,-1.13,0.0272,-0.0186,1.97,-0.81,0.0325,-0.0133,2.34,-0.44,0.0386,-0.0072,2.17,-0.61,0.0358,-0.01,5.16,2.38,0.085,0.0392,9.45,6.67,0.1557,0.1099,7.71,4.93,0.1271,0.0812,-0.01,-2.79,-0.0002,-0.046,-4.47,-7.25,-0.0737,-0.1194,-8.26,-11.04,-0.1361,-0.1818,-26.83,-29.61,-0.4421,-0.4877,-21.62,-24.4,-0.3563,-0.4019,-29.82,-32.6,-0.4914,-0.537,-21.09,-23.87,-0.3476,-0.3932,-15.74,-18.52,-0.2594,-0.3051,,,,
2024-12-16,6063.79,6066.6900000000005,10.69,7.79,0.1763,0.1284,21.4,-4.65,18.5,-7.55,2.67,-0.23,0.044,-0.0038,3.08,0.18,0.0508,0.003,1.22,-1.68,0.0201,-0.0277,0.73,-2.17,0.012,-0.0358,6.07,3.17,0.1001,0.0523,0.85,-2.05,0.014,-0.0338,3.6,0.7,0.0594,0.0115,8.61,5.71,0.142,0.0941,2.9,0.0,0.0478,0.0,8.62,5.72,0.1422,0.0943,12.21,9.31,0.2014,0.1535,11.07,8.17,0.1826,0.1347,12.46,9.56,0.2055,0.1576,20.16,17.26,0.3325,0.2845,16.35,13.45,0.2696,0.2217,,,,
2024-12-17,6052.55,6044.4400000000005,-2.24,5.87,-0.037,0.0971,5.13,-17.36,13.24,-9.25,-6.62,1.49,-0.1094,0.0247,-4.11,4.0,-0.0679,0.0662,-7.27,0.84,-0.1201,0.0139,-5.63,2.48,-0.093,0.041,-7.64,0.47,-0.1262,0.0078,-1.85,6.26,-0.0306,0.1036,-0.86,7.25,-0.0142,0.1199,-5.75,2.36,-0.095,0.039,-14.54,-6.43,-0.2402,-0.1064,-12.19,-4.08,-0.2014,-0.0675,-5.39,2.72,-0.0891,0.045,-2.41,5.7,-0.0398,0.0943,-2.11,6.0,-0.0349,0.0993,-4.27,3.84,-0.0705,0.0635,-10.41,-2.3,-0.172,-0.0381,,,,
2024-12-18,6047.650000000001,6048.1900000000005,-178.43,-178.97,-2.9504,-2.9591,23.02,-179.86,22.48,-180.4,-1.69,-2.23,-0.0279,-0.0369,-1.75,-2.29,-0.0289,-0.0379,-1.45,-1.99,-0.024,-0.0329,-5.33,-5.87,-0.0881,-0.0971,-2.29,-2.83,-0.0379,-0.0468,-2.75,-3.29,-0.0455,-0.0544,0.66,0.12,0.0109,0.002,5.39,4.85,0.0891,0.0802,8.38,7.84,0.1386,0.1296,13.27,12.73,0.2194,0.2105,20.22,19.68,0.3343,0.3254,13.76,13.22,0.2275,0.2186,14.84,14.3,0.2454,0.2364,11.82,11.28,0.1954,0.1865,-47.27,-47.81,-0.7816,-0.7905,,,,
2024-12-19,5912.71,5920.34,-46.64,-54.27,-0.7888,-0.9167,22.81,-46.64,15.18,-54.27,14.09,6.46,0.2383,0.1091,12.26,4.63,0.2073,0.0782,19.03,11.4,0.3218,0.1926,19.41,11.78,0.3283,0.199,10.31,2.68,0.1744,0.0453,3.28,-4.35,0.0555,-0.0735,0.81,-6.82,0.0137,-0.1152,-0.32,-7.95,-0.0054,-0.1343,-4.56,-12.19,-0.0771,-0.2059,-18.31,-25.94,-0.3097,-0.4382,-10.45,-18.08,-0.1767,-0.3054,1.16,-6.47,0.0196,-0.1093,-27.71,-35.34,-0.4687,-0.5969,-13.3,-20.93,-0.2249,-0.3535,-16.39,-24.02,-0.2772,-0.4057,,,,
2024-12-20,5842.0,5836.76,90.8,96.04,1.5543,1.6454,140.06,-9.7,145.3,-4.46,3.51,8.75,0.0601,0.1499,0.11,5.35,0.0019,0.0917,3.61,8.85,0.0618,0.1516,3.38,8.62,0.0579,0.1477,18.06,23.3,0.3091,0.3992,12.71,17.95,0.2176,0.3075,-4.9,0.34,-0.0839,0.0058,6.42,11.66,0.1099,0.1998,28.07,33.31,0.4805,0.5707,60.96,66.2,1.0435,1.1342,68.87,74.11,1.1789,1.2697,107.93,113.17,1.8475,1.9389,137.25,142.49,2.3494,2.4413,106.28,111.52,1.8192,1.9106,119.53,124.77,2.046,2.1377,,,,
2024-12-23,5940.25,5943.37,31.98,28.86,0.5384,0.4856,38.0,-37.68,34.88,-40.8,1.03,-2.09,0.0173,-0.0352,2.33,-0.79,0.0392,-0.0133,3.08,-0.04,0.0518,-0.0007,1.76,-1.36,0.0296,-0.0229,-4.46,-7.58,-0.0751,-0.1275,-7.42,-10.54,-0.1249,-0.1773,-18.33,-21.45,-0.3086,-0.3609,-14.37,-17.49,-0.2419,-0.2943,-22.18,-25.3,-0.3734,-0.4257,-23.28,-26.4,-0.3919,-0.4442,-21.96,-25.08,-0.3697,-0.422,-9.04,-12.16,-0.1522,-0.2046,6.63,3.51,0.1116,0.0591,19.15,16.03,0.3224,0.2697,24.28,21.16,0.4087,0.356,,,,
2024-12-24,5984.63,5983.06,55.41,56.98,0.9259,0.9524,55.47,-3.19,57.04,-1.62,-2.49,-0.92,-0.0416,-0.0154,0.83,2.4,0.0139,0.0401,1.08,2.65,0.018,0.0443,1.25,2.82,0.0209,0.0471,9.81,11.38,0.1639,0.1902,11.49,13.06,0.192,0.2183,9.51,11.08,0.1589,0.1852,13.9,15.47,0.2323,0.2586,22.88,24.45,0.3823,0.4087,24.35,25.92,0.4069,0.4332,32.39,33.96,0.5412,0.5676,32.36,33.93,0.5407,0.5671,40.79,42.36,0.6816,0.708,,,,,,,,,,,,
2024-12-26,6024.97,6023.95,12.12,13.14,0.2012,0.2181,24.78,-17.6,25.8,-16.58,-0.72,0.3,-0.012,0.005,0.25,1.27,0.0041,0.0211,-0.87,0.15,-0.0144,0.0025,-0.69,0.33,-0.0115,0.0055,1.25,2.27,0.0207,0.0377,-0.36,0.66,-0.006,0.011,-5.17,-4.15,-0.0858,-0.0689,0.12,1.14,0.002,0.0189,-2.21,-1.19,-0.0367,-0.0198,4.23,5.25,0.0702,0.0872,7.86,8.88,0.1305,0.1474,11.19,12.21,0.1857,0.2027,16.08,17.1,0.2669,0.2839,16.77,17.79,0.2783,0.2953,11.5,12.52,0.1909,0.2078,,,,
2024-12-27,6006.17,6001.47,-33.92,-29.22,-0.5648,-0.4869,0,-73.22,4.7,-68.52,-7.12,-2.42,-0.1185,-0.0403,-8.06,-3.36,-0.1342,-0.056,-7.73,-3.03,-0.1287,-0.0505,-12.19,-7.49,-0.203,-0.1248,-12.96,-8.26,-0.2158,-0.1376,-13.02,-8.32,-0.2168,-0.1386,-11.02,-6.32,-0.1835,-0.1053,-20.37,-15.67,-0.3392,-0.2611,-45.23,-40.53,-0.7531,-0.6753,-53.44,-48.74,-0.8898,-0.8121,-42.53,-37.83,-0.7081,-0.6303,-41.19,-36.49,-0.6858,-0.608,-64.66,-59.96,-1.0766,-0.9991,-56.38,-51.68,-0.9387,-0.8611,-43.71,-39.01,-0.7278,-0.65,,,,
2024-12-30,5920.67,5899.05,-13.24,8.38,-0.2236,0.1421,20.12,-51.51,41.74,-29.89,-23.47,-1.85,-0.3964,-0.0314,-20.42,1.2,-0.3449,0.0203,-29.35,-7.73,-0.4957,-0.131,-25.5,-3.88,-0.4307,-0.0658,-29.25,-7.63,-0.494,-0.1293,-37.1,-15.48,-0.6266,-0.2624,-32.81,-11.19,-0.5542,-0.1897,-49.35,-27.73,-0.8335,-0.4701,-37.18,-15.56,-0.628,-0.2638,-46.38,-24.76,-0.7834,-0.4197,-26.5,-4.88,-0.4476,-0.0827,-14.87,6.75,-0.2512,0.1144,7.15,28.77,0.1208,0.4877,7.49,29.11,0.1265,0.4935,7.38,29.0,0.1246,0.4916,,,,
2024-12-31,5919.74,5924.34,-35.73,-40.33,-0.6036,-0.6808,10.0,-50.88,5.4,-55.48,2.71,-1.89,0.0458,-0.0319,1.13,-3.47,0.0191,-0.0586,8.28,3.68,0.1399,0.0621,5.42,0.82,0.0916,0.0138,-6.96,-11.56,-0.1176,-0.1951,-2.44,-7.04,-0.0412,-0.1188,-4.42,-9.02,-0.0747,-0.1523,4.99,0.39,0.0843,0.0066,-5.41,-10.01,-0.0914,-0.169,0.34,-4.26,0.0057,-0.0719,-9.79,-14.39,-0.1654,-0.2429,-26.5,-31.1,-0.4477,-0.525,-37.71,-42.31,-0.637,-0.7142,-44.49,-49.09,-0.7516,-0.8286,-46.01,-50.61,-0.7772,-0.8543,,,,
2025-01-02,5903.26,5915.7,-34.42,-46.86,-0.5831,-0.7921,29.48,-73.73,17.04,-86.17,16.26,3.82,0.2754,0.0646,11.46,-0.98,0.1941,-0.0166,1.77,-10.67,0.03,-0.1804,-8.26,-20.7,-0.1399,-0.3499,-13.44,-25.88,-0.2277,-0.4375,-6.42,-18.86,-0.1088,-0.3188,5.13,-7.31,0.0869,-0.1236,27.72,15.28,0.4696,0.2583,-0.72,-13.16,-0.0122,-0.2225,-8.99,-21.43,-0.1523,-0.3623,-14.79,-27.23,-0.2505,-0.4603,-0.65,-13.09,-0.011,-0.2213,-58.08,-70.52,-0.9839,-1.1921,-57.25,-69.69,-0.9698,-1.1781,-52.47,-64.91,-0.8888,-1.0972,,,,
2025-01-03,5891.07,5899.6900000000005,50.81,42.19,0.8625,0.7151,58.27,-2.41,49.65,-11.03,11.59,2.97,0.1967,0.0503,15.11,6.49,0.2565,0.11,17.29,8.67,0.2935,0.147,12.95,4.33,0.2198,0.0734,25.93,17.31,0.4402,0.2934,23.04,14.42,0.3911,0.2444,13.4,4.78,0.2275,0.081,10.74,2.12,0.1823,0.0359,14.04,5.42,0.2383,0.0919,12.78,4.16,0.2169,0.0705,23.31,14.69,0.3957,0.249,31.11,22.49,0.5281,0.3812,34.43,25.81,0.5844,0.4375,46.95,38.33,0.797,0.6497,53.11,44.49,0.9015,0.7541,,,,
2025-01-06,5982.81,5990.42,-6.31,-13.92,-0.1055,-0.2324,38.23,-22.8,30.62,-30.41,4.61,-3.0,0.0771,-0.0501,5.79,-1.82,0.0968,-0.0304,10.41,2.8,0.174,0.0467,6.68,-0.93,0.1117,-0.0155,12.78,5.17,0.2136,0.0863,17.92,10.31,0.2995,0.1721,15.84,8.23,0.2648,0.1374,19.75,12.14,0.3301,0.2027,27.45,19.84,0.4588,0.3312,29.33,21.72,0.4902,0.3626,30.06,22.45,0.5024,0.3748,35.75,28.14,0.5975,0.4698,25.49,17.88,0.4261,0.2985,14.25,6.64,0.2382,0.1108,-4.65,-12.26,-0.0777,-0.2047,,,,
2025-01-07,5993.26,5997.95,-83.72,-88.41,-1.3969,-1.474,7.42,-102.58,2.73,-107.27,5.11,0.42,0.0853,0.007,4.23,-0.46,0.0706,-0.0077,2.56,-2.13,0.0427,-0.0355,-2.65,-7.34,-0.0442,-0.1224,-5.63,-10.32,-0.0939,-0.1721,1.85,-2.84,0.0309,-0.0473,-3.98,-8.67,-0.0664,-0.1445,-19.23,-23.92,-0.3209,-0.3988,-42.67,-47.36,-0.712,-0.7896,-39.62,-44.31,-0.6611,-0.7388,-34.51,-39.2,-0.5758,-0.6536,-45.45,-50.14,-0.7584,-0.836,-61.34,-66.03,-1.0235,-1.1009,-51.45,-56.14,-0.8585,-0.936,-62.34,-67.03,-1.0402,-1.1175,,,,
2025-01-08,5910.66,5902.71,5.89,13.84,0.0997,0.2345,17.23,-35.88,25.18,-27.93,-5.07,2.88,-0.0858,0.0488,-10.65,-2.7,-0.1802,-0.0457,-11.93,-3.98,-0.2018,-0.0674,-7.98,-0.03,-0.135,-0.0005,-12.84,-4.89,-0.2172,-0.0828,-12.08,-4.13,-0.2044,-0.07,-6.99,0.96,-0.1183,0.0163,-10.2,-2.25,-0.1726,-0.0381,-25.05,-17.1,-0.4238,-0.2897,-21.55,-13.6,-0.3646,-0.2304,-5.77,2.18,-0.0976,0.0369,-2.51,5.44,-0.0425,0.0922,-33.18,-25.23,-0.5614,-0.4274,1.34,9.29,0.0227,0.1574,8.32,16.27,0.1408,0.2756,,,,
2025-01-10,5890.35,5874.72,-63.85,-48.22,-1.084,-0.8208,0,-82.57,15.63,-66.94,-21.9,-6.27,-0.3718,-0.1067,-20.89,-5.26,-0.3546,-0.0895,-14.16,1.47,-0.2404,0.025,-17.39,-1.76,-0.2952,-0.03,-31.08,-15.45,-0.5276,-0.263,-21.11,-5.48,-0.3584,-0.0933,-42.51,-26.88,-0.7217,-0.4576,-56.11,-40.48,-0.9526,-0.6891,-71.92,-56.29,-1.221,-0.9582,-53.26,-37.63,-0.9042,-0.6405,-61.0,-45.37,-1.0356,-0.7723,-72.55,-56.92,-1.2317,-0.9689,-68.79,-53.16,-1.1678,-0.9049,-41.2,-25.57,-0.6994,-0.4353,-45.76,-30.13,-0.7769,-0.5129,,,,
2025-01-13,5782.02,5778.12,54.09,57.99,0.9355,1.0036,56.59,-8.71,60.49,-4.81,-5.27,-1.37,-0.0911,-0.0237,-3.89,0.01,-0.0673,0.0002,-2.25,1.65,-0.0389,0.0286,0.53,4.43,0.0092,0.0767,-5.95,-2.05,-0.1029,-0.0355,1.83,5.73,0.0316,0.0992,4.3,8.2,0.0744,0.1419,12.93,16.83,0.2236,0.2913,4.46,8.36,0.0771,0.1447,4.71,8.61,0.0815,0.149,15.53,19.43,0.2686,0.3363,10.65,14.55,0.1842,0.2518,19.11,23.01,0.3305,0.3982,38.93,42.83,0.6733,0.7412,40.34,44.24,0.6977,0.7656,,,,
2025-01-14,5859.27,5861.02,-15.96,-17.71,-0.2724,-0.3022,12.65,-53.85,10.9,-55.6,-1.62,-3.37,-0.0276,-0.0575,-1.3,-3.05,-0.0222,-0.052,1.08,-0.67,0.0184,-0.0114,7.0,5.25,0.1195,0.0896,8.3,6.55,0.1417,0.1118,8.2,6.45,0.1399,0.11,-1.02,-2.77,-0.0174,-0.0473,-14.18,-15.93,-0.242,-0.2718,4.95,3.2,0.0845,0.0546,-6.99,-8.74,-0.1193,-0.1491,-22.2,-23.95,-0.3789,-0.4086,-25.79,-27.54,-0.4402,-0.4699,-44.06,-45.81,-0.752,-0.7816,-18.42,-20.17,-0.3144,-0.3441,-7.7,-9.45,-0.1314,-0.1612,,,,
2025-01-15,5905.21,5923.7300000000005,43.61,25.09,0.7385,0.4236,55.4,0,36.88,-18.52,21.41,2.89,0.3626,0.0488,24.84,6.32,0.4206,0.1067,25.09,6.57,0.4249,0.1109,18.57,0.05,0.3145,0.0008,21.82,3.3,0.3695,0.0557,27.26,8.74,0.4616,0.1475,34.76,16.24,0.5886,0.2742,38.45,19.93,0.6511,0.3364,40.52,22.0,0.6862,0.3714,39.92,21.4,0.676,0.3613,33.27,14.75,0.5634,0.249,20.51,1.99,0.3473,0.0336,27.39,8.87,0.4638,0.1497,39.37,20.85,0.6667,0.352,47.81,29.29,0.8096,0.4945,,,,
2025-01-16,5963.61,5957.41,-26.23,-20.03,-0.4398,-0.3362,1.08,-32.89,7.28,-26.69,-7.99,-1.79,-0.134,-0.03,-7.36,-1.16,-0.1234,-0.0195,-9.1,-2.9,-0.1526,-0.0487,-3.92,2.28,-0.0657,0.0383,-1.11,5.09,-0.0186,0.0854,-12.21,-6.01,-0.2047,-0.1009,-16.61,-10.41,-0.2785,-0.1747,-25.82,-19.62,-0.433,-0.3293,-18.65,-12.45,-0.3127,-0.209,-19.35,-13.15,-0.3245,-0.2207,-8.5,-2.3,-0.1425,-0.0386,-8.25,-2.05,-0.1383,-0.0344,-4.74,1.46,-0.0795,0.0245,-21.65,-15.45,-0.363,-0.2593,-19.1,-12.9,-0.3203,-0.2165,,,,
2025-01-17,5995.400000000001,5990.14,1.67,6.93,0.0279,0.1157,19.56,-16.96,24.82,-11.7,-3.73,1.53,-0.0622,0.0255,-3.44,1.82,-0.0574,0.0304,-7.08,-1.82,-0.1181,-0.0304,-5.68,-0.42,-0.0947,-0.007,-10.67,-5.41,-0.178,-0.0903,-7.97,-2.71,-0.1329,-0.0452,-5.45,-0.19,-0.0909,-0.0032,-6.88,-1.62,-0.1148,-0.027,-3.14,2.12,-0.0524,0.0354,-5.32,-0.06,-0.0887,-0.001,6.79,12.05,0.1133,0.2012,14.75,20.01,0.246,0.334,15.79,21.05,0.2634,0.3514,16.17,21.43,0.2697,0.3578,9.7,14.96,0.1618,0.2497,,,,
2025-01-21,6014.12,6026.59,35.11,22.64,0.5838,0.3757,37.39,-7.24,24.92,-19.71,12.0,-0.47,0.1995,-0.0078,14.29,1.82,0.2376,0.0302,16.27,3.8,0.2705,0.0631,15.76,3.29,0.262,0.0546,4.09,-8.38,0.068,-0.1391,11.8,-0.67,0.1962,-0.0111,17.82,5.35,0.2963,0.0888,8.1,-4.37,0.1347,-0.0725,-1.93,-14.4,-0.0321,-0.2389,10.81,-1.66,0.1797,-0.0275,7.1,-5.37,0.1181,-0.0891,15.98,3.51,0.2657,0.0582,24.76,12.29,0.4117,0.2039,33.05,20.58,0.5495,0.3415,28.73,16.26,0.4777,0.2698,,,,
2025-01-22,6081.39,6078.5,4.27,7.16,0.0702,0.1178,19.42,-5.26,22.31,-2.37,0.27,3.16,0.0044,0.052,1.1,3.99,0.0181,0.0656,-2.58,0.31,-0.0424,0.0051,-2.81,0.08,-0.0462,0.0013,-4.4,-1.51,-0.0724,-0.0248,-1.0,1.89,-0.0164,0.0311,0.48,3.37,0.0079,0.0554,7.06,9.95,0.1161,0.1637,10.44,13.33,0.1717,0.2193,7.38,10.27,0.1214,0.169,4.21,7.1,0.0692,0.1168,13.77,16.66,0.2264,0.2741,16.4,19.29,0.2697,0.3173,11.95,14.84,0.1965,0.2441,7.85,10.74,0.1291,0.1767,,,,
2025-01-23,6076.32,6076.11,41.9,42.11,0.6896,0.693,41.9,-1.65,42.11,-1.44,1.42,1.63,0.0234,0.0268,0.07,0.28,0.0012,0.0046,1.28,1.49,0.0211,0.0245,4.98,5.19,0.082,0.0854,7.09,7.3,0.1167,0.1201,6.23,6.44,0.1025,0.106,7.42,7.63,0.1221,0.1256,6.13,6.34,0.1009,0.1043,5.98,6.19,0.0984,0.1019,2.89,3.1,0.0476,0.051,15.79,16.0,0.2599,0.2633,20.14,20.35,0.3315,0.3349,17.4,17.61,0.2864,0.2898,25.99,26.2,0.4277,0.4312,22.4,22.61,0.3686,0.3721,,,,
2025-01-24,6121.43,6120.610000000001,-20.61,-19.79,-0.3367,-0.3233,6.75,-32.69,7.57,-31.87,-1.47,-0.65,-0.024,-0.0106,-2.13,-1.31,-0.0348,-0.0214,-1.79,-0.97,-0.0292,-0.0158,-0.88,-0.06,-0.0144,-0.001,1.34,2.16,0.0219,0.0353,5.27,6.09,0.0861,0.0995,5.12,5.94,0.0836,0.097,2.76,3.58,0.0451,0.0585,-6.57,-5.75,-0.1073,-0.0939,-5.63,-4.81,-0.092,-0.0786,-7.43,-6.61,-0.1214,-0.108,-2.71,-1.89,-0.0443,-0.0309,-6.48,-5.66,-0.1059,-0.0925,-15.44,-14.62,-0.2522,-0.2389,-25.63,-24.81,-0.4187,-0.4054,,,,
2025-01-27,5969.04,5979.21,44.35,34.18,0.743,0.5716,48.13,-6.12,37.96,-16.29,21.53,11.36,0.3607,0.19,21.71,11.54,0.3637,0.193,24.17,14.0,0.4049,0.2341,20.37,10.2,0.3413,0.1706,27.91,17.74,0.4676,0.2967,31.11,20.94,0.5212,0.3502,28.64,18.47,0.4798,0.3089,36.71,26.54,0.615,0.4439,27.7,17.53,0.4641,0.2932,42.02,31.85,0.704,0.5327,31.17,21.0,0.5222,0.3512,15.69,5.52,0.2629,0.0923,26.33,16.16,0.4411,0.2703,13.67,3.5,0.229,0.0585,36.61,26.44,0.6133,0.4422,,,,
2025-01-28,6026.97,6026.68,39.99,40.28,0.6635,0.6684,47.57,-32.34,47.86,-32.05,-8.21,-7.92,-0.1362,-0.1314,-10.09,-9.8,-0.1674,-0.1626,-7.67,-7.38,-0.1273,-0.1225,-15.07,-14.78,-0.25,-0.2452,-14.09,-13.8,-0.2338,-0.229,-20.05,-19.76,-0.3327,-0.3279,-30.04,-29.75,-0.4984,-0.4936,-13.74,-13.45,-0.228,-0.2232,2.02,2.31,0.0335,0.0383,18.98,19.27,0.3149,0.3197,26.75,27.04,0.4438,0.4487,8.49,8.78,0.1409,0.1457,31.48,31.77,0.5223,0.5272,37.23,37.52,0.6177,0.6226,36.47,36.76,0.6051,0.61,,,,
2025-01-29,6057.7,6056.29,-19.03,-17.62,-0.3141,-0.2909,5.13,-44.74,6.54,-43.33,-0.36,1.05,-0.0059,0.0173,-4.96,-3.55,-0.0819,-0.0586,-1.76,-0.35,-0.0291,-0.0058,-2.63,-1.22,-0.0434,-0.0201,-3.71,-2.3,-0.0612,-0.038,-6.21,-4.8,-0.1025,-0.0793,-6.63,-5.22,-0.1094,-0.0862,-2.19,-0.78,-0.0362,-0.0129,-2.38,-0.97,-0.0393,-0.016,-5.11,-3.7,-0.0844,-0.0611,-9.09,-7.68,-0.1501,-0.1268,-12.52,-11.11,-0.2067,-0.1834,-6.21,-4.8,-0.1025,-0.0793,-14.02,-12.61,-0.2314,-0.2082,-40.85,-39.44,-0.6743,-0.6512,,,,
2025-01-30,6050.75,6058.62,18.91,11.04,0.3125,0.1822,35.89,-23.29,28.02,-31.16,11.54,3.67,0.1907,0.0606,11.41,3.54,0.1886,0.0584,8.68,0.81,0.1435,0.0134,3.7,-4.17,0.0611,-0.0688,16.03,8.16,0.2649,0.1347,14.76,6.89,0.2439,0.1137,26.75,18.88,0.4421,0.3116,16.05,8.18,0.2653,0.135,5.64,-2.23,0.0932,-0.0368,-6.93,-14.8,-0.1145,-0.2443,-13.22,-21.09,-0.2185,-0.3481,-0.18,-8.05,-0.003,-0.1329,-6.38,-14.25,-0.1054,-0.2352,10.56,2.69,0.1745,0.0444,18.99,11.12,0.3138,0.1835,,,,
2025-01-31,6096.79,6098.51,-56.72,-58.44,-0.9303,-0.9583,24.12,-65.86,22.4,-67.58,3.4,1.68,0.0558,0.0275,-0.47,-2.19,-0.0077,-0.0359,-1.1,-2.82,-0.018,-0.0462,-2.94,-4.66,-0.0482,-0.0764,1.93,0.21,0.0317,0.0034,-0.71,-2.43,-0.0116,-0.0398,-1.36,-3.08,-0.0223,-0.0505,6.17,4.45,0.1012,0.073,12.14,10.42,0.1991,0.1709,15.83,14.11,0.2596,0.2314,20.41,18.69,0.3348,0.3065,15.46,13.74,0.2536,0.2253,19.69,17.97,0.323,0.2947,-12.19,-13.91,-0.1999,-0.2281,-29.57,-31.29,-0.485,-0.5131,,,,
2025-02-03,5969.650000000001,5943.87,25.43,51.21,0.426,0.8616,52.48,-45.72,78.26,-19.94,-18.8,6.98,-0.3149,0.1174,-12.39,13.39,-0.2075,0.2253,-15.77,10.01,-0.2642,0.1684,-14.06,11.72,-0.2355,0.1972,-12.24,13.54,-0.205,0.2278,-20.0,5.78,-0.335,0.0972,-24.84,0.94,-0.4161,0.0158,-34.02,-8.24,-0.5699,-0.1386,-39.99,-14.21,-0.6699,-0.2391,10.23,36.01,0.1714,0.6058,32.01,57.79,0.5362,0.9723,27.9,53.68,0.4674,0.9031,23.7,49.48,0.397,0.8325,27.46,53.24,0.46,0.8957,45.29,71.07,0.7587,1.1957,,,,
2025-02-04,5998.14,5994.38,38.94,42.7,0.6492,0.7123,44.34,-7.27,48.1,-3.51,-7.03,-3.27,-0.1172,-0.0546,-0.12,3.64,-0.002,0.0607,0.97,4.73,0.0162,0.0789,1.82,5.58,0.0303,0.0931,2.08,5.84,0.0347,0.0974,2.74,6.5,0.0457,0.1084,3.65,7.41,0.0609,0.1236,16.94,20.7,0.2824,0.3453,26.98,30.74,0.4498,0.5128,23.71,27.47,0.3953,0.4583,30.21,33.97,0.5037,0.5667,38.64,42.4,0.6442,0.7073,19.76,23.52,0.3294,0.3924,33.75,37.51,0.5627,0.6258,42.27,46.03,0.7047,0.7679,,,,
2025-02-05,6020.45,6025.41,41.44,36.48,0.6883,0.6054,42.41,-13.39,37.45,-18.35,3.36,-1.6,0.0558,-0.0266,2.22,-2.74,0.0369,-0.0455,4.22,-0.74,0.0701,-0.0123,7.09,2.13,0.1178,0.0354,9.22,4.26,0.1531,0.0707,9.02,4.06,0.1498,0.0674,6.97,2.01,0.1158,0.0334,5.41,0.45,0.0899,0.0075,-1.77,-6.73,-0.0294,-0.1117,3.08,-1.88,0.0512,-0.0312,4.55,-0.41,0.0756,-0.0068,11.03,6.07,0.1832,0.1007,25.38,20.42,0.4216,0.3389,25.56,20.6,0.4246,0.3419,32.0,27.04,0.5315,0.4488,,,,
2025-02-06,6072.22,6074.03,10.64,8.83,0.1752,0.1454,11.81,-25.39,10.0,-27.2,1.79,-0.02,0.0295,-0.0003,3.48,1.67,0.0573,0.0275,3.56,1.75,0.0586,0.0288,1.22,-0.59,0.0201,-0.0097,1.98,0.17,0.0326,0.0028,7.09,5.28,0.1168,0.0869,3.09,1.28,0.0509,0.0211,-0.5,-2.31,-0.0082,-0.038,6.85,5.04,0.1128,0.083,-3.86,-5.67,-0.0636,-0.0933,-6.21,-8.02,-0.1023,-0.132,0.95,-0.86,0.0156,-0.0142,-1.81,-3.62,-0.0298,-0.0596,3.39,1.58,0.0558,0.026,-11.26,-13.07,-0.1854,-0.2152,,,,
2025-02-07,6083.13,6087.59,-57.19,-61.65,-0.9401,-1.0127,18.15,-63.17,13.69,-67.63,9.28,4.82,0.1526,0.0792,10.85,6.39,0.1784,0.105,11.51,7.05,0.1892,0.1158,8.4,3.94,0.1381,0.0647,9.7,5.24,0.1595,0.0861,12.52,8.06,0.2058,0.1324,15.12,10.66,0.2486,0.1751,-0.68,-5.14,-0.0112,-0.0844,-19.99,-24.45,-0.3286,-0.4016,-16.67,-21.13,-0.274,-0.3471,-34.85,-39.31,-0.5729,-0.6457,-39.23,-43.69,-0.6449,-0.7177,-45.27,-49.73,-0.7442,-0.8169,-29.65,-34.11,-0.4874,-0.5603,-59.03,-63.49,-0.9704,-1.0429,,,,
2025-02-10,6046.400000000001,6055.42,20.26,11.24,0.3351,0.1856,26.98,-1.56,17.96,-10.58,12.08,3.06,0.1998,0.0505,10.47,1.45,0.1732,0.0239,8.25,-0.77,0.1364,-0.0127,5.47,-3.55,0.0905,-0.0586,0.71,-8.31,0.0117,-0.1372,3.86,-5.16,0.0638,-0.0852,2.87,-6.15,0.0475,-0.1016,8.23,-0.79,0.1361,-0.013,15.89,6.87,0.2628,0.1135,21.31,12.29,0.3524,0.203,23.03,14.01,0.3809,0.2314,14.14,5.12,0.2339,0.0846,9.78,0.76,0.1617,0.0126,19.61,10.59,0.3243,0.1749,24.28,15.26,0.4016,0.252,,,,
2025-02-11,6049.32,6049.2,19.6,19.72,0.324,0.326,26.96,-6.98,27.08,-6.86,-1.71,-1.59,-0.0283,-0.0263,-0.68,-0.56,-0.0112,-0.0093,0.41,0.53,0.0068,0.0088,4.63,4.75,0.0765,0.0785,2.5,2.62,0.0413,0.0433,4.11,4.23,0.0679,0.0699,2.81,2.93,0.0465,0.0484,5.42,5.54,0.0896,0.0916,3.87,3.99,0.064,0.066,10.52,10.64,0.1739,0.1759,16.01,16.13,0.2647,0.2666,15.02,15.14,0.2483,0.2503,12.54,12.66,0.2073,0.2093,10.53,10.65,0.1741,0.1761,16.72,16.84,0.2764,0.2784,,,,
2025-02-12,6025.08,6006.86,25.93,44.15,0.4304,0.735,37.92,-22.08,56.14,-3.86,-21.1,-2.88,-0.3502,-0.0479,-13.79,4.43,-0.2289,0.0737,-13.69,4.53,-0.2272,0.0754,-12.98,5.24,-0.2154,0.0872,-6.29,11.93,-0.1044,0.1986,-0.31,17.91,-0.0051,0.2982,2.23,20.45,0.037,0.3404,0.79,19.01,0.0131,0.3165,-4.77,13.45,-0.0792,0.2239,9.15,27.37,0.1519,0.4556,14.06,32.28,0.2334,0.5374,0.82,19.04,0.0136,0.317,30.94,49.16,0.5135,0.8184,29.34,47.56,0.487,0.7918,23.3,41.52,0.3867,0.6912,,,,
2025-02-13,6060.59,6064.56,54.35,50.38,0.8968,0.8307,56.32,-9.64,52.35,-13.61,5.65,1.68,0.0932,0.0277,6.64,2.67,0.1096,0.044,7.52,3.55,0.1241,0.0585,3.6,-0.37,0.0594,-0.0061,-4.58,-8.55,-0.0756,-0.141,2.75,-1.22,0.0454,-0.0201,-0.73,-4.7,-0.012,-0.0775,8.11,4.14,0.1338,0.0683,11.82,7.85,0.195,0.1294,18.33,14.36,0.3024,0.2368,27.23,23.26,0.4493,0.3835,23.52,19.55,0.3881,0.3224,20.56,16.59,0.3392,0.2736,19.81,15.84,0.3269,0.2612,39.84,35.87,0.6574,0.5915,,,,
2025-02-14,6115.52,6120.49,-1.78,-6.75,-0.0291,-0.1103,11.95,-7.9,6.98,-12.87,1.22,-3.75,0.0199,-0.0613,1.87,-3.1,0.0306,-0.0506,1.7,-3.27,0.0278,-0.0534,-0.71,-5.68,-0.0116,-0.0928,4.67,-0.3,0.0764,-0.0049,5.81,0.84,0.095,0.0137,5.93,0.96,0.097,0.0157,4.82,-0.15,0.0788,-0.0025,6.82,1.85,0.1115,0.0302,3.0,-1.97,0.0491,-0.0322,5.09,0.12,0.0832,0.002,-0.55,-5.52,-0.009,-0.0902,-5.27,-10.24,-0.0862,-0.1673,1.84,-3.13,0.0301,-0.0511,1.94,-3.03,0.0317,-0.0495,,,,
2025-02-18,6121.6,6123.05,7.79,6.34,0.1273,0.1035,7.79,-22.09,6.34,-23.54,-0.47,-1.92,-0.0077,-0.0314,2.07,0.62,0.0338,0.0101,2.05,0.6,0.0335,0.0098,0.36,-1.09,0.0059,-0.0178,0.19,-1.26,0.0031,-0.0206,-4.56,-6.01,-0.0745,-0.0982,-6.08,-7.53,-0.0993,-0.123,-7.83,-9.28,-0.1279,-0.1516,-6.56,-8.01,-0.1072,-0.1308,-11.35,-12.8,-0.1854,-0.209,-0.03,-1.48,-0.0005,-0.0242,-3.19,-4.64,-0.0521,-0.0758,-4.29,-5.74,-0.0701,-0.0937,-9.33,-10.78,-0.1524,-0.1761,-14.18,-15.63,-0.2316,-0.2553,,,,
2025-02-19,6117.76,6116.3,26.19,27.65,0.4281,0.4521,29.67,-6.61,31.13,-5.15,-1.62,-0.16,-0.0265,-0.0026,-3.24,-1.78,-0.053,-0.0291,-1.16,0.3,-0.019,0.0049,0.09,1.55,0.0015,0.0253,-1.29,0.17,-0.0211,0.0028,-0.49,0.97,-0.008,0.0159,-4.73,-3.27,-0.0773,-0.0535,-1.49,-0.03,-0.0244,-0.0005,-3.12,-1.66,-0.051,-0.0271,1.97,3.43,0.0322,0.0561,1.04,2.5,0.017,0.0409,9.27,10.73,0.1515,0.1754,8.37,9.83,0.1368,0.1607,16.82,18.28,0.2749,0.2989,25.31,26.77,0.4137,0.4377,,,,
2025-02-20,6134.5,6130.8,-16.49,-12.79,-0.2688,-0.2086,0,-49.91,3.7,-46.21,-4.9,-1.2,-0.0799,-0.0196,-5.64,-1.94,-0.0919,-0.0316,-8.13,-4.43,-0.1325,-0.0723,-7.7,-4.0,-0.1255,-0.0652,-6.09,-2.39,-0.0993,-0.039,-15.15,-11.45,-0.247,-0.1868,-17.31,-13.61,-0.2822,-0.222,-44.66,-40.96,-0.728,-0.6681,-31.6,-27.9,-0.5151,-0.4551,-26.04,-22.34,-0.4245,-0.3644,-42.4,-38.7,-0.6912,-0.6312,-38.5,-34.8,-0.6276,-0.5676,-31.28,-27.58,-0.5099,-0.4499,-40.48,-36.78,-0.6599,-0.5999,-28.17,-24.47,-0.4592,-0.3991,,,,
2025-02-21,6114.1,6110.7,-100.64,-97.24,-1.646,-1.5913,0.72,-105.54,4.12,-102.14,-4.99,-1.59,-0.0816,-0.026,0.14,3.54,0.0023,0.0579,-1.56,1.84,-0.0255,0.0301,-0.65,2.75,-0.0106,0.045,-9.37,-5.97,-0.1533,-0.0977,-6.42,-3.02,-0.105,-0.0494,-15.47,-12.07,-0.253,-0.1975,-17.39,-13.99,-0.2844,-0.2289,-19.39,-15.99,-0.3171,-0.2617,-31.01,-27.61,-0.5072,-0.4518,-28.92,-25.52,-0.473,-0.4176,-32.0,-28.6,-0.5234,-0.468,-44.19,-40.79,-0.7228,-0.6675,-79.43,-76.03,-1.2991,-1.2442,-97.06,-93.66,-1.5875,-1.5327,,,,
2025-02-24,6026.6900000000005,6034.900000000001,-42.39,-50.6,-0.7034,-0.8385,16.96,-48.86,8.75,-57.07,10.59,2.38,0.1757,0.0394,15.94,7.73,0.2645,0.1281,9.12,0.91,0.1513,0.0151,3.29,-4.92,0.0546,-0.0815,-0.15,-8.36,-0.0025,-0.1385,-1.93,-10.14,-0.032,-0.168,-9.93,-18.14,-0.1648,-0.3006,-24.14,-32.35,-0.4006,-0.536,-22.75,-30.96,-0.3775,-0.513,-31.45,-39.66,-0.5218,-0.6572,-33.7,-41.91,-0.5592,-0.6945,-9.6,-17.81,-0.1593,-0.2951,-2.74,-10.95,-0.0455,-0.1814,1.09,-7.12,0.0181,-0.118,-9.81,-18.02,-0.1628,-0.2986,,,,
2025-02-25,5982.7300000000005,5984.83,-26.81,-28.91,-0.4481,-0.4831,9.92,-74.24,7.82,-76.34,-5.89,-7.99,-0.0985,-0.1335,2.58,0.48,0.0431,0.008,5.93,3.83,0.0991,0.064,5.69,3.59,0.0951,0.06,2.26,0.16,0.0378,0.0027,-3.84,-5.94,-0.0642,-0.0993,-12.94,-15.04,-0.2163,-0.2513,-28.52,-30.62,-0.4767,-0.5116,-42.34,-44.44,-0.7077,-0.7425,-62.05,-64.15,-1.0372,-1.0719,-51.97,-54.07,-0.8687,-0.9035,-64.47,-66.57,-1.0776,-1.1123,-33.6,-35.7,-0.5616,-0.5965,-32.61,-34.71,-0.5451,-0.58,-36.14,-38.24,-0.6041,-0.6389,,,,
2025-02-26,5970.87,5967.29,-13.44,-9.86,-0.2251,-0.1652,38.95,-38.18,42.53,-34.6,0.38,3.96,0.0064,0.0664,-3.74,-0.16,-0.0626,-0.0027,-3.73,-0.15,-0.0625,-0.0025,-1.95,1.63,-0.0327,0.0273,4.39,7.97,0.0735,0.1336,3.64,7.22,0.061,0.121,14.57,18.15,0.244,0.3042,18.76,22.34,0.3142,0.3744,28.26,31.84,0.4733,0.5336,26.73,30.31,0.4477,0.5079,33.98,37.56,0.5691,0.6294,28.11,31.69,0.4708,0.5311,29.59,33.17,0.4956,0.5559,-14.07,-10.49,-0.2356,-0.1758,-23.3,-19.72,-0.3902,-0.3305,,,,
2025-02-27,5981.88,5986.66,-119.09,-123.87,-1.9908,-2.0691,11.81,-123.1,7.03,-127.88,-0.01,-4.79,-0.0002,-0.08,4.09,-0.69,0.0684,-0.0115,2.41,-2.37,0.0403,-0.0396,8.49,3.71,0.1419,0.062,-3.38,-8.16,-0.0565,-0.1363,-7.5,-12.28,-0.1254,-0.2051,-17.83,-22.61,-0.2981,-0.3777,-56.64,-61.42,-0.9469,-1.0259,-27.33,-32.11,-0.4569,-0.5364,-18.32,-23.1,-0.3063,-0.3859,-26.79,-31.57,-0.4479,-0.5273,-25.2,-29.98,-0.4213,-0.5008,-27.98,-32.76,-0.4677,-0.5472,-21.65,-26.43,-0.3619,-0.4415,-66.02,-70.8,-1.1037,-1.1826,,,,
2025-02-28,5856.74,5860.14,96.29,92.89,1.6441,1.5851,102.66,-19.08,99.26,-22.48,-2.28,-5.68,-0.0389,-0.0969,-6.77,-10.17,-0.1156,-0.1735,-7.25,-10.65,-0.1238,-0.1817,0.55,-2.85,0.0094,-0.0486,2.2,-1.2,0.0376,-0.0205,12.48,9.08,0.2131,0.1549,7.3,3.9,0.1246,0.0666,21.19,17.79,0.3618,0.3036,26.22,22.82,0.4477,0.3894,40.58,37.18,0.6929,0.6345,41.82,38.42,0.714,0.6556,17.15,13.75,0.2928,0.2346,22.96,19.56,0.392,0.3338,5.38,1.98,0.0919,0.0338,14.75,11.35,0.2518,0.1937,,,,
2025-03-03,5968.33,5968.67,-117.0,-117.34,-1.9603,-1.9659,17.76,-157.42,17.42,-157.76,8.52,8.18,0.1428,0.137,14.28,13.94,0.2393,0.2336,10.71,10.37,0.1794,0.1737,8.47,8.13,0.1419,0.1362,-3.7,-4.04,-0.062,-0.0677,-8.8,-9.14,-0.1474,-0.1531,-15.64,-15.98,-0.262,-0.2677,-38.06,-38.4,-0.6377,-0.6434,-38.24,-38.58,-0.6407,-0.6464,-14.52,-14.86,-0.2433,-0.249,-25.8,-26.14,-0.4323,-0.438,-29.66,-30.0,-0.497,-0.5026,-20.04,-20.38,-0.3358,-0.3414,-70.57,-70.91,-1.1824,-1.188,-67.13,-67.47,-1.1248,-1.1304,,,,
2025-03-04,5811.9800000000005,5803.09,-34.54,-25.65,-0.5943,-0.442,53.1,-79.39,61.99,-70.5,-16.13,-7.24,-0.2775,-0.1248,-21.61,-12.72,-0.3718,-0.2192,-21.77,-12.88,-0.3746,-0.222,-15.95,-7.06,-0.2744,-0.1217,-7.47,1.42,-0.1285,0.0245,-21.1,-12.21,-0.363,-0.2104,-26.77,-17.88,-0.4606,-0.3081,-50.53,-41.64,-0.8694,-0.7175,-59.25,-50.36,-1.0194,-0.8678,-51.85,-42.96,-0.8921,-0.7403,-56.95,-48.06,-0.9799,-0.8282,-65.32,-56.43,-1.1239,-0.9724,-26.54,-17.65,-0.4566,-0.3041,-29.44,-20.55,-0.5065,-0.3541,15.06,23.95,0.2591,0.4127,,,,
2025-03-05,5781.36,5785.32,59.59,55.63,1.0307,0.9616,79.23,-39.01,75.27,-42.97,2.41,-1.55,0.0417,-0.0268,-0.71,-4.67,-0.0123,-0.0807,0.9,-3.06,0.0156,-0.0529,6.01,2.05,0.104,0.0354,14.56,10.6,0.2518,0.1832,16.03,12.07,0.2773,0.2086,2.36,-1.6,0.0408,-0.0277,18.54,14.58,0.3207,0.252,9.09,5.13,0.1572,0.0887,-11.75,-15.71,-0.2032,-0.2715,-7.23,-11.19,-0.1251,-0.1934,-25.15,-29.11,-0.435,-0.5032,16.45,12.49,0.2845,0.2159,19.85,15.89,0.3433,0.2747,62.53,58.57,1.0816,1.0124,,,,
2025-03-06,5785.87,5767.61,-47.38,-29.12,-0.8189,-0.5049,26.21,-74.23,44.47,-55.97,-23.67,-5.41,-0.4091,-0.0938,-27.19,-8.93,-0.4699,-0.1548,-25.36,-7.1,-0.4383,-0.1231,-29.66,-11.4,-0.5126,-0.1977,-25.37,-7.11,-0.4385,-0.1233,-32.82,-14.56,-0.5672,-0.2524,-20.26,-2.0,-0.3502,-0.0347,-23.53,-5.27,-0.4067,-0.0914,3.91,22.17,0.0676,0.3844,9.1,27.36,0.1573,0.4744,16.16,34.42,0.2793,0.5968,16.07,34.33,0.2777,0.5952,-41.64,-23.38,-0.7197,-0.4054,-46.96,-28.7,-0.8116,-0.4976,-72.11,-53.85,-1.2463,-0.9337,,,,
2025-03-07,5726.01,5726.72,43.14,42.43,0.7534,0.7409,57.0,-59.72,56.29,-60.43,1.97,1.26,0.0344,0.022,4.89,4.18,0.0854,0.073,6.59,5.88,0.1151,0.1027,10.89,10.18,0.1902,0.1778,17.73,17.02,0.3096,0.2972,25.27,24.56,0.4413,0.4289,34.05,33.34,0.5947,0.5822,14.74,14.03,0.2574,0.245,11.3,10.59,0.1973,0.1849,2.01,1.3,0.0351,0.0227,-9.21,-9.92,-0.1608,-0.1732,-40.49,-41.2,-0.7071,-0.7194,-37.91,-38.62,-0.6621,-0.6744,11.96,11.25,0.2089,0.1964,50.82,50.11,0.8875,0.875,,,,
2025-03-10,5705.37,5690.12,-90.37,-75.12,-1.5839,-1.3202,0,-141.35,15.25,-126.1,-11.41,3.84,-0.2,0.0675,-21.05,-5.8,-0.369,-0.1019,-31.86,-16.61,-0.5584,-0.2919,-15.71,-0.46,-0.2754,-0.0081,-7.81,7.44,-0.1369,0.1308,-6.09,9.16,-0.1067,0.161,-10.59,4.66,-0.1856,0.0819,-26.84,-11.59,-0.4704,-0.2037,-30.34,-15.09,-0.5318,-0.2652,-41.91,-26.66,-0.7346,-0.4685,-54.21,-38.96,-0.9502,-0.6847,-43.58,-28.33,-0.7638,-0.4979,-56.29,-41.04,-0.9866,-0.7213,-80.15,-64.9,-1.4048,-1.1406,-95.36,-80.11,-1.6714,-1.4079,,,,
2025-03-11,5603.650000000001,5604.85,-31.86,-33.06,-0.5686,-0.5898,32.65,-75.24,31.45,-76.44,0.21,-0.99,0.0037,-0.0177,-5.97,-7.17,-0.1065,-0.1279,-5.55,-6.75,-0.099,-0.1204,-10.48,-11.68,-0.187,-0.2084,9.08,7.88,0.162,0.1406,3.78,2.58,0.0675,0.046,19.1,17.9,0.3408,0.3194,15.57,14.37,0.2779,0.2564,-10.22,-11.42,-0.1824,-0.2038,-29.79,-30.99,-0.5316,-0.5529,-50.17,-51.37,-0.8953,-0.9165,-21.18,-22.38,-0.378,-0.3993,-33.77,-34.97,-0.6026,-0.6239,-68.97,-70.17,-1.2308,-1.252,-18.54,-19.74,-0.3309,-0.3522,,,,
2025-03-12,5624.84,5628.83,-26.56,-30.55,-0.4722,-0.5427,17.35,-78.75,13.36,-82.74,12.7,8.71,0.2258,0.1547,13.13,9.14,0.2334,0.1624,14.63,10.64,0.2601,0.189,10.04,6.05,0.1785,0.1075,7.06,3.07,0.1255,0.0545,-3.67,-7.66,-0.0652,-0.1361,-10.02,-14.01,-0.1781,-0.2489,-23.85,-27.84,-0.424,-0.4946,-26.15,-30.14,-0.4649,-0.5355,-28.07,-32.06,-0.499,-0.5696,-59.33,-63.32,-1.0548,-1.1249,-48.79,-52.78,-0.8674,-0.9377,-10.19,-14.18,-0.1812,-0.2519,-1.44,-5.43,-0.0256,-0.0965,-13.56,-17.55,-0.2411,-0.3118,,,,
2025-03-13,5594.45,5585.47,-72.89,-63.91,-1.3029,-1.1442,3.33,-89.8,12.31,-80.82,-6.15,2.83,-0.1099,0.0507,-5.79,3.19,-0.1035,0.0571,-8.66,0.32,-0.1548,0.0057,-3.9,5.08,-0.0697,0.091,-6.88,2.1,-0.123,0.0376,-13.06,-4.08,-0.2334,-0.073,-24.68,-15.7,-0.4412,-0.2811,-35.93,-26.95,-0.6422,-0.4825,-10.17,-1.19,-0.1818,-0.0213,-7.03,1.95,-0.1257,0.0349,-19.68,-10.7,-0.3518,-0.1916,-43.1,-34.12,-0.7704,-0.6109,-57.56,-48.58,-1.0289,-0.8698,-77.85,-68.87,-1.3916,-1.233,-59.94,-50.96,-1.0714,-0.9124,,,,
2025-03-14,5563.85,5572.14,73.01,64.72,1.3122,1.1615,81.42,0,73.13,-8.29,6.13,-2.16,0.1102,-0.0388,5.39,-2.9,0.0969,-0.052,9.24,0.95,0.1661,0.017,16.31,8.02,0.2931,0.1439,22.46,14.17,0.4037,0.2543,30.59,22.3,0.5498,0.4002,36.8,28.51,0.6614,0.5117,8.49,0.2,0.1526,0.0036,10.69,2.4,0.1921,0.0431,15.23,6.94,0.2737,0.1245,47.28,38.99,0.8498,0.6997,53.89,45.6,0.9686,0.8184,45.83,37.54,0.8237,0.6737,59.4,51.11,1.0676,0.9172,54.0,45.71,0.9706,0.8203,,,,
2025-03-17,5635.6,5631.81,40.56,44.35,0.7197,0.7875,67.92,-4.48,71.71,-0.69,2.64,6.43,0.0468,0.1142,9.48,13.27,0.1682,0.2356,14.03,17.82,0.249,0.3164,18.68,22.47,0.3315,0.399,29.33,33.12,0.5204,0.5881,31.77,35.56,0.5637,0.6314,22.36,26.15,0.3968,0.4643,27.97,31.76,0.4963,0.5639,31.92,35.71,0.5664,0.6341,13.54,17.33,0.2403,0.3077,16.11,19.9,0.2859,0.3533,15.68,19.47,0.2782,0.3457,9.37,13.16,0.1663,0.2337,28.55,32.34,0.5066,0.5742,58.62,62.41,1.0402,1.1082,,,,
2025-03-18,5654.53,5648.9800000000005,-39.16,-33.61,-0.6925,-0.595,0,-56.77,5.55,-51.22,-5.85,-0.3,-0.1035,-0.0053,-3.02,2.53,-0.0534,0.0448,-2.5,3.05,-0.0442,0.054,-11.16,-5.61,-0.1974,-0.0993,-23.41,-17.86,-0.414,-0.3162,-32.68,-27.13,-0.5779,-0.4803,-32.52,-26.97,-0.5751,-0.4774,-45.38,-39.83,-0.8025,-0.7051,-43.74,-38.19,-0.7735,-0.6761,-34.67,-29.12,-0.6131,-0.5155,-46.54,-40.99,-0.8231,-0.7256,-45.82,-40.27,-0.8103,-0.7129,-34.58,-29.03,-0.6115,-0.5139,-45.58,-40.03,-0.8061,-0.7086,-37.94,-32.39,-0.671,-0.5734,,,,
2025-03-19,5632.37,5635.46,42.91,39.82,0.7618,0.7066,82.96,-10.17,79.87,-13.26,-0.34,-3.43,-0.006,-0.0609,3.55,0.46,0.063,0.0082,5.0,1.91,0.0888,0.0339,0.21,-2.88,0.0037,-0.0511,0.08,-3.01,0.0014,-0.0534,-5.08,-8.17,-0.0902,-0.145,5.21,2.12,0.0925,0.0376,16.16,13.07,0.2869,0.2319,23.58,20.49,0.4187,0.3636,20.23,17.14,0.3592,0.3041,10.0,6.91,0.1775,0.1226,18.89,15.8,0.3354,0.2804,28.11,25.02,0.4991,0.444,5.94,2.85,0.1055,0.0506,25.71,22.62,0.4565,0.4014,,,,
2025-03-20,5646.92,5634.29,15.15,27.78,0.2683,0.4931,64.23,-14.59,76.86,-1.96,-9.09,3.54,-0.161,0.0628,-0.54,12.09,-0.0096,0.2146,4.16,16.79,0.0737,0.298,6.67,19.3,0.1181,0.3425,3.86,16.49,0.0684,0.2927,14.47,27.1,0.2562,0.481,16.13,28.76,0.2856,0.5104,35.37,48.0,0.6264,0.8519,38.86,51.49,0.6882,0.9139,54.77,67.4,0.9699,1.1962,50.02,62.65,0.8858,1.1119,46.31,58.94,0.8201,1.0461,22.91,35.54,0.4057,0.6308,10.08,22.71,0.1785,0.4031,-2.15,10.48,-0.0381,0.186,,,,
2025-03-21,5630.7300000000005,5622.93,35.95,43.75,0.6385,0.7781,40.11,-27.63,47.91,-19.83,-17.14,-9.34,-0.3044,-0.1661,-20.82,-13.02,-0.3698,-0.2316,-10.57,-2.77,-0.1877,-0.0493,-22.1,-14.3,-0.3925,-0.2543,-11.52,-3.72,-0.2046,-0.0662,-13.83,-6.03,-0.2456,-0.1072,-9.61,-1.81,-0.1707,-0.0322,-12.97,-5.17,-0.2303,-0.0919,-20.35,-12.55,-0.3614,-0.2232,-8.46,-0.66,-0.1502,-0.0117,9.03,16.83,0.1604,0.2993,-8.17,-0.37,-0.1451,-0.0066,16.46,24.26,0.2923,0.4314,12.17,19.97,0.2161,0.3552,15.04,22.84,0.2671,0.4062,,,,
2025-03-24,5718.08,5726.86,47.07,38.29,0.8232,0.6686,57.06,0,48.28,-8.78,7.34,-1.44,0.1284,-0.0251,9.79,1.01,0.1712,0.0176,12.64,3.86,0.2211,0.0674,15.61,6.83,0.273,0.1193,27.67,18.89,0.4839,0.3298,26.71,17.93,0.4671,0.3131,31.91,23.13,0.5581,0.4039,31.79,23.01,0.556,0.4018,33.46,24.68,0.5852,0.431,35.47,26.69,0.6203,0.466,39.76,30.98,0.6953,0.541,40.45,31.67,0.7074,0.553,37.05,28.27,0.6479,0.4936,36.41,27.63,0.6368,0.4825,27.97,19.19,0.4892,0.3351,,,,
2025-03-25,5775.96,5778.650000000001,0.87,-1.82,0.0151,-0.0315,10.99,-15.54,8.3,-18.23,0.33,-2.36,0.0057,-0.0408,0.95,-1.74,0.0164,-0.0301,0.51,-2.18,0.0088,-0.0377,-4.42,-7.11,-0.0765,-0.123,-2.97,-5.66,-0.0514,-0.0979,-4.79,-7.48,-0.0829,-0.1294,-10.77,-13.46,-0.1865,-0.2329,-8.69,-11.38,-0.1505,-0.1969,0.27,-2.42,0.0047,-0.0419,5.96,3.27,0.1032,0.0566,6.81,4.12,0.1179,0.0713,3.6,0.91,0.0623,0.0157,-9.38,-12.07,-0.1624,-0.2089,-9.61,-12.3,-0.1664,-0.2129,-8.94,-11.63,-0.1548,-0.2013,,,,
2025-03-26,5771.66,5773.97,-59.55,-61.86,-1.0318,-1.0714,11.96,-77.25,9.65,-79.56,2.81,0.5,0.0487,0.0087,2.24,-0.07,0.0388,-0.0012,-1.79,-4.1,-0.031,-0.071,4.08,1.77,0.0707,0.0307,11.53,9.22,0.1998,0.1597,6.95,4.64,0.1204,0.0804,-2.67,-4.98,-0.0463,-0.0862,-11.13,-13.44,-0.1928,-0.2328,-12.14,-14.45,-0.2103,-0.2503,-16.59,-18.9,-0.2874,-0.3273,-13.04,-15.35,-0.2259,-0.2658,-23.13,-25.44,-0.4008,-0.4406,-36.39,-38.7,-0.6305,-0.6702,-61.32,-63.63,-1.0624,-1.102,-55.24,-57.55,-0.9571,-0.9967,,,,
2025-03-27,5695.64,5695.04,-3.28,-2.68,-0.0576,-0.0471,36.64,-24.7,37.24,-24.1,-1.63,-1.03,-0.0286,-0.0181,-9.4,-8.8,-0.165,-0.1545,-13.66,-13.06,-0.2398,-0.2293,-13.1,-12.5,-0.23,-0.2195,-17.46,-16.86,-0.3066,-0.296,-15.09,-14.49,-0.2649,-0.2544,-3.47,-2.87,-0.0609,-0.0504,15.7,16.3,0.2756,0.2862,12.7,13.3,0.223,0.2335,21.36,21.96,0.375,0.3856,35.68,36.28,0.6264,0.637,20.71,21.31,0.3636,0.3742,17.03,17.63,0.299,0.3096,-1.46,-0.86,-0.0256,-0.0151,8.0,8.6,0.1405,0.151,,,,
2025-03-28,5679.2,5676.47,-98.92,-96.19,-1.7418,-1.6945,6.69,-106.78,9.42,-104.05,-8.1,-5.37,-0.1426,-0.0946,-6.73,-4.0,-0.1185,-0.0705,-12.27,-9.54,-0.2161,-0.1681,-5.02,-2.29,-0.0884,-0.0403,2.6,5.33,0.0458,0.0939,-5.64,-2.91,-0.0993,-0.0513,-2.91,-0.18,-0.0512,-0.0032,-17.72,-14.99,-0.312,-0.2641,-43.91,-41.18,-0.7732,-0.7255,-58.22,-55.49,-1.0251,-0.9775,-73.28,-70.55,-1.2903,-1.2428,-69.57,-66.84,-1.225,-1.1775,-84.78,-82.05,-1.4928,-1.4454,-104.13,-101.4,-1.8335,-1.7863,-97.66,-94.93,-1.7196,-1.6723,,,,
2025-03-31,5527.91,5521.49,83.42,89.84,1.5091,1.6271,99.65,-39.18,106.07,-32.76,-8.93,-2.51,-0.1615,-0.0455,-15.08,-8.66,-0.2728,-0.1568,-20.08,-13.66,-0.3632,-0.2474,-19.29,-12.87,-0.349,-0.2331,-26.16,-19.74,-0.4732,-0.3575,-37.89,-31.47,-0.6854,-0.57,-28.65,-22.23,-0.5183,-0.4026,-2.34,4.08,-0.0423,0.0739,2.4,8.82,0.0434,0.1597,-5.42,1.0,-0.098,0.0181,12.89,19.31,0.2332,0.3497,15.28,21.7,0.2764,0.393,35.2,41.62,0.6368,0.7538,27.03,33.45,0.489,0.6058,64.33,70.75,1.1637,1.2814,,,,
2025-04-01,5597.53,5591.01,35.39,41.91,0.6322,0.7496,53.04,-39.01,59.56,-32.49,-10.66,-4.14,-0.1904,-0.074,-4.44,2.08,-0.0793,0.0372,-6.67,-0.15,-0.1192,-0.0027,-9.09,-2.57,-0.1624,-0.046,-3.34,3.18,-0.0597,0.0569,-6.01,0.51,-0.1074,0.0091,7.56,14.08,0.1351,0.2518,-4.53,1.99,-0.0809,0.0356,-32.83,-26.31,-0.5865,-0.4706,-19.88,-13.36,-0.3552,-0.239,21.68,28.2,0.3873,0.5044,32.65,39.17,0.5833,0.7006,26.03,32.55,0.465,0.5822,20.35,26.87,0.3636,0.4806,-9.58,-3.06,-0.1711,-0.0547,,,,
2025-04-02,5580.76,5573.4800000000005,88.49,95.77,1.5856,1.7183,114.55,-9.28,121.83,-2.0,-0.71,6.57,-0.0127,0.1179,1.54,8.82,0.0276,0.1582,9.23,16.51,0.1654,0.2962,12.92,20.2,0.2315,0.3624,28.88,36.16,0.5175,0.6488,32.08,39.36,0.5748,0.7062,32.7,39.98,0.5859,0.7173,38.79,46.07,0.6951,0.8266,32.36,39.64,0.5798,0.7112,48.26,55.54,0.8648,0.9965,57.74,65.02,1.0346,1.1666,73.88,81.16,1.3238,1.4562,83.54,90.82,1.4969,1.6295,99.54,106.82,1.7836,1.9166,58.26,65.54,1.0439,1.1759,,,,
2025-04-03,5492.74,5487.78,-97.85,-92.89,-1.7814,-1.6927,6.79,-101.91,11.75,-96.95,-6.31,-1.35,-0.1149,-0.0246,-1.08,3.88,-0.0197,0.0707,4.38,9.34,0.0797,0.1702,-5.1,-0.14,-0.0928,-0.0026,-5.47,-0.51,-0.0996,-0.0093,-15.57,-10.61,-0.2835,-0.1933,-9.54,-4.58,-0.1737,-0.0835,-25.95,-20.99,-0.4724,-0.3825,-40.28,-35.32,-0.7333,-0.6436,-38.95,-33.99,-0.7091,-0.6194,-68.86,-63.9,-1.2537,-1.1644,-50.56,-45.6,-0.9205,-0.8309,-19.44,-14.48,-0.3539,-0.2639,-49.57,-44.61,-0.9025,-0.8129,-67.05,-62.09,-1.2207,-1.1314,,,,
2025-04-04,5292.14,5268.05,-216.9,-192.81,-4.0985,-3.66,0,-222.24,24.09,-198.15,-27.26,-3.17,-0.5151,-0.0602,-39.21,-15.12,-0.7409,-0.287,-44.81,-20.72,-0.8467,-0.3933,-51.28,-27.19,-0.969,-0.5161,-72.13,-48.04,-1.363,-0.9119,-63.11,-39.02,-1.1925,-0.7407,-48.12,-24.03,-0.9093,-0.4561,-49.22,-25.13,-0.9301,-0.477,-98.55,-74.46,-1.8622,-1.4134,-102.3,-78.21,-1.9331,-1.4846,-114.45,-90.36,-2.1626,-1.7152,-100.49,-76.4,-1.8989,-1.4503,-152.99,-128.9,-2.8909,-2.4468,-168.81,-144.72,-3.1898,-2.7471,-184.01,-159.92,-3.477,-3.0357,,,,
2025-04-07,4953.79,4899.71,106.07,160.15,2.1412,3.2686,292.78,-118.75,346.86,-64.67,-49.16,4.92,-0.9924,0.1004,-69.58,-15.5,-1.4046,-0.3163,-59.91,-5.83,-1.2094,-0.119,-73.71,-19.63,-1.488,-0.4006,-93.97,-39.89,-1.8969,-0.8141,-105.15,-51.07,-2.1226,-1.0423,-46.39,7.69,-0.9365,0.1569,35.3,89.38,0.7126,1.8242,230.87,284.95,4.6605,5.8157,49.28,103.36,0.9948,2.1095,123.41,177.49,2.4912,3.6225,23.86,77.94,0.4817,1.5907,62.07,116.15,1.253,2.3705,109.28,163.36,2.206,3.3341,119.98,174.06,2.422,3.5525,,,,
2025-04-08,5193.57,5233.46,-207.9,-247.79,-4.003,-4.7347,73.9,-283.15,34.01,-323.04,29.29,-10.6,0.564,-0.2025,26.1,-13.79,0.5025,-0.2635,31.9,-7.99,0.6142,-0.1527,18.66,-21.23,0.3593,-0.4057,17.32,-22.57,0.3335,-0.4313,28.26,-11.63,0.5441,-0.2222,13.35,-26.54,0.257,-0.5071,56.66,16.77,1.091,0.3204,64.86,24.97,1.2489,0.4771,52.97,13.08,1.0199,0.2499,5.49,-34.4,0.1057,-0.6573,-23.59,-63.48,-0.4542,-1.213,-32.63,-72.52,-0.6283,-1.3857,-152.31,-192.2,-2.9327,-3.6725,-112.47,-152.36,-2.1656,-2.9113,,,,
2025-04-09,4965.28,4960.57,486.33,491.04,9.7946,9.8989,516.06,-16.85,520.77,-12.14,7.7,12.41,0.1551,0.2502,18.2,22.91,0.3665,0.4618,18.36,23.07,0.3698,0.4651,11.03,15.74,0.2221,0.3173,54.18,58.89,1.0912,1.1872,22.07,26.78,0.4445,0.5399,37.75,42.46,0.7603,0.856,74.52,79.23,1.5008,1.5972,29.71,34.42,0.5984,0.6939,44.38,49.09,0.8938,0.9896,-7.94,-3.23,-0.1599,-0.0651,42.77,47.48,0.8614,0.9571,45.31,50.02,0.9125,1.0084,304.04,308.75,6.1233,6.2241,444.1,448.81,8.9441,9.0475,,,,
2025-04-10,5353.150000000001,5343.87,-84.97,-75.69,-1.5873,-1.4164,0,-237.88,9.28,-228.6,-20.74,-11.46,-0.3874,-0.2145,-13.11,-3.83,-0.2449,-0.0717,-18.14,-8.86,-0.3389,-0.1658,-19.6,-10.32,-0.3661,-0.1931,-35.99,-26.71,-0.6723,-0.4998,-22.16,-12.88,-0.414,-0.241,-4.42,4.86,-0.0826,0.0909,-49.91,-40.63,-0.9323,-0.7603,-51.91,-42.63,-0.9697,-0.7977,-42.2,-32.92,-0.7883,-0.616,-72.44,-63.16,-1.3532,-1.1819,-99.27,-89.99,-1.8544,-1.684,-192.18,-182.9,-3.59,-3.4226,-146.62,-137.34,-2.7389,-2.57,-54.65,-45.37,-1.0209,-0.849,,,,
2025-04-11,5255.56,5260.24,105.64,100.96,2.0101,1.9193,125.9,-34.79,121.22,-39.47,-11.15,-15.83,-0.2122,-0.3009,-23.15,-27.83,-0.4405,-0.5291,-15.15,-19.83,-0.2883,-0.377,-8.21,-12.89,-0.1562,-0.245,-5.8,-10.48,-0.1104,-0.1992,22.51,17.83,0.4283,0.339,24.69,20.01,0.4698,0.3804,13.11,8.43,0.2495,0.1603,33.39,28.71,0.6353,0.5458,-18.34,-23.02,-0.349,-0.4376,14.95,10.27,0.2845,0.1952,-4.68,-9.36,-0.089,-0.1779,46.36,41.68,0.8821,0.7924,64.12,59.44,1.22,1.13,95.07,90.39,1.8089,1.7184,,,,
2025-04-14,5441.96,5454.61,-36.4,-49.05,-0.6689,-0.8992,17.5,-83.94,4.85,-96.59,2.56,-10.09,0.047,-0.185,5.41,-7.24,0.0994,-0.1327,1.19,-11.46,0.0219,-0.2101,-3.27,-15.92,-0.0601,-0.2919,-18.0,-30.65,-0.3308,-0.5619,-10.58,-23.23,-0.1944,-0.4259,-10.07,-22.72,-0.185,-0.4165,-18.01,-30.66,-0.3309,-0.5621,-16.84,-29.49,-0.3094,-0.5406,-5.37,-18.02,-0.0987,-0.3304,-0.73,-13.38,-0.0134,-0.2453,-36.5,-49.15,-0.6707,-0.9011,-64.61,-77.26,-1.1873,-1.4164,-47.15,-59.8,-0.8664,-1.0963,-20.65,-33.3,-0.3795,-0.6105,,,,
2025-04-15,5411.99,5414.7,-15.29,-18.0,-0.2825,-0.3324,38.42,-25.55,35.71,-28.26,5.79,3.08,0.107,0.0569,11.49,8.78,0.2123,0.1622,3.92,1.21,0.0724,0.0223,3.94,1.23,0.0728,0.0227,20.1,17.39,0.3714,0.3212,19.2,16.49,0.3548,0.3045,27.96,25.25,0.5166,0.4663,23.22,20.51,0.429,0.3788,28.41,25.7,0.5249,0.4746,7.65,4.94,0.1414,0.0912,17.85,15.14,0.3298,0.2796,12.26,9.55,0.2265,0.1764,19.1,16.39,0.3529,0.3027,-8.8,-11.51,-0.1626,-0.2126,-18.57,-21.28,-0.3431,-0.393,,,,
2025-04-16,5335.75,5342.42,-59.49,-66.16,-1.1149,-1.2384,31.49,-114.96,24.82,-121.63,11.04,4.37,0.2069,0.0818,12.72,6.05,0.2384,0.1132,9.37,2.7,0.1756,0.0505,10.97,4.3,0.2056,0.0805,10.07,3.4,0.1887,0.0636,2.69,-3.98,0.0504,-0.0745,-1.18,-7.85,-0.0221,-0.1469,-16.76,-23.43,-0.3141,-0.4386,-15.73,-22.4,-0.2948,-0.4193,-0.74,-7.41,-0.0139,-0.1387,8.09,1.42,0.1516,0.0266,22.66,15.99,0.4247,0.2993,-4.14,-10.81,-0.0776,-0.2023,-12.59,-19.26,-0.236,-0.3605,-61.75,-68.42,-1.1573,-1.2807,,,,
2025-04-17,5305.45,5296.31,-21.95,-12.81,-0.4137,-0.2419,22.86,-49.87,32.0,-40.73,-13.2,-4.06,-0.2488,-0.0767,-17.78,-8.64,-0.3351,-0.1631,-19.17,-10.03,-0.3613,-0.1894,-14.7,-5.56,-0.2771,-0.105,-18.6,-9.46,-0.3506,-0.1786,-13.52,-4.38,-0.2548,-0.0827,-4.46,4.68,-0.0841,0.0884,-2.49,6.65,-0.0469,0.1256,-13.83,-4.69,-0.2607,-0.0886,-41.35,-32.21,-0.7794,-0.6082,-32.22,-23.08,-0.6073,-0.4358,-15.72,-6.58,-0.2963,-0.1242,3.11,12.25,0.0586,0.2313,-10.28,-1.14,-0.1938,-0.0215,14.14,23.28,0.2665,0.4396,,,,
2025-04-21,5232.9400000000005,5230.41,-75.13,-72.6,-1.4357,-1.388,0,-131.31,2.53,-128.78,-5.34,-2.81,-0.102,-0.0537,-9.21,-6.68,-0.176,-0.1277,-11.47,-8.94,-0.2192,-0.1709,-15.82,-13.29,-0.3023,-0.2541,-17.02,-14.49,-0.3252,-0.277,-22.72,-20.19,-0.4342,-0.386,-22.26,-19.73,-0.4254,-0.3772,-47.57,-45.04,-0.909,-0.8611,-52.09,-49.56,-0.9954,-0.9475,-59.47,-56.94,-1.1365,-1.0886,-66.91,-64.38,-1.2786,-1.2309,-86.48,-83.95,-1.6526,-1.605,-97.51,-94.98,-1.8634,-1.8159,-114.2,-111.67,-2.1823,-2.135,-114.08,-111.55,-2.18,-2.1327,,,,
2025-04-22,5207.67,5208.99,79.14,77.82,1.5197,1.494,101.94,0,100.62,-1.32,6.82,5.5,0.131,0.1056,7.96,6.64,0.1529,0.1275,4.99,3.67,0.0958,0.0705,4.62,3.3,0.0887,0.0634,13.94,12.62,0.2677,0.2423,29.34,28.02,0.5634,0.5379,23.92,22.6,0.4593,0.4339,30.19,28.87,0.5797,0.5542,32.3,30.98,0.6202,0.5947,34.16,32.84,0.656,0.6304,56.49,55.17,1.0847,1.0591,56.18,54.86,1.0788,1.0532,97.4,96.08,1.8703,1.8445,33.7,32.38,0.6471,0.6216,63.17,61.85,1.213,1.1874,,,,
2025-04-23,5395.92,5419.87,-23.5,-47.45,-0.4355,-0.8755,73.77,-39.75,49.82,-63.7,30.22,6.27,0.5601,0.1157,33.53,9.58,0.6214,0.1768,35.03,11.08,0.6492,0.2044,27.41,3.46,0.508,0.0638,42.54,18.59,0.7884,0.343,55.41,31.46,1.0269,0.5805,62.4,38.45,1.1564,0.7094,50.74,26.79,0.9403,0.4943,43.77,19.82,0.8112,0.3657,62.32,38.37,1.1549,0.708,42.84,18.89,0.7939,0.3485,7.29,-16.66,0.1351,-0.3074,-13.99,-37.94,-0.2593,-0.7,6.88,-17.07,0.1275,-0.315,-9.88,-33.83,-0.1831,-0.6242,,,,
2025-04-24,5381.38,5378.34,102.21,105.25,1.8993,1.9569,108.02,-9.42,111.06,-6.38,2.28,5.32,0.0424,0.0989,-3.02,0.02,-0.0561,0.0004,-3.57,-0.53,-0.0663,-0.0099,-7.86,-4.82,-0.1461,-0.0896,7.38,10.42,0.1371,0.1937,15.08,18.12,0.2802,0.3369,19.59,22.63,0.364,0.4208,34.32,37.36,0.6378,0.6946,35.08,38.12,0.6519,0.7088,57.89,60.93,1.0757,1.1329,61.22,64.26,1.1376,1.1948,57.4,60.44,1.0666,1.1238,81.18,84.22,1.5085,1.5659,91.22,94.26,1.6951,1.7526,95.63,98.67,1.7771,1.8346,,,,
2025-04-25,5489.7300000000005,5487.88,33.79,35.64,0.6155,0.6494,38.38,-33.87,40.23,-32.02,-6.43,-4.58,-0.1171,-0.0835,-13.16,-11.31,-0.2397,-0.2061,-3.81,-1.96,-0.0694,-0.0357,2.84,4.69,0.0517,0.0855,5.28,7.13,0.0962,0.1299,-2.97,-1.12,-0.0541,-0.0204,-12.84,-10.99,-0.2339,-0.2003,-11.6,-9.75,-0.2113,-0.1777,1.12,2.97,0.0204,0.0541,-27.24,-25.39,-0.4962,-0.4627,-11.83,-9.98,-0.2155,-0.1819,-6.07,-4.22,-0.1106,-0.0769,10.51,12.36,0.1914,0.2252,31.75,33.6,0.5784,0.6123,25.16,27.01,0.4583,0.4922,,,,
2025-04-28,5529.22,5537.85,-0.58,-9.21,-0.0105,-0.1663,24.44,-60.58,15.81,-69.21,9.33,0.7,0.1687,0.0126,9.31,0.68,0.1684,0.0123,4.92,-3.71,0.089,-0.067,5.17,-3.46,0.0935,-0.0625,10.66,2.03,0.1928,0.0367,20.22,11.59,0.3657,0.2093,12.67,4.04,0.2291,0.073,-13.4,-22.03,-0.2423,-0.3978,-0.62,-9.25,-0.0112,-0.167,-5.52,-14.15,-0.0998,-0.2555,-5.36,-13.99,-0.0969,-0.2526,-37.02,-45.65,-0.6695,-0.8243,-46.66,-55.29,-0.8439,-0.9984,-59.0,-67.63,-1.0671,-1.2212,-25.85,-34.48,-0.4675,-0.6226,,,,
2025-04-29,5508.87,5508.81,51.43,51.49,0.9336,0.9347,63.08,-3.17,63.14,-3.11,5.42,5.48,0.0984,0.0995,7.76,7.82,0.1409,0.142,4.15,4.21,0.0753,0.0764,2.45,2.51,0.0445,0.0456,9.26,9.32,0.1681,0.1692,13.86,13.92,0.2516,0.2527,21.75,21.81,0.3948,0.3959,13.13,13.19,0.2383,0.2394,24.75,24.81,0.4493,0.4504,11.45,11.51,0.2078,0.2089,40.35,40.41,0.7325,0.7336,26.66,26.72,0.4839,0.485,34.58,34.64,0.6277,0.6288,36.1,36.16,0.6553,0.6564,58.84,58.9,1.0681,1.0692,,,,
2025-04-30,5499.4400000000005,5478.09,60.72,82.07,1.1041,1.4981,82.4,-66.2,103.75,-44.85,-23.55,-2.2,-0.4282,-0.0402,-22.62,-1.27,-0.4113,-0.0232,-23.3,-1.95,-0.4237,-0.0356,-22.69,-1.34,-0.4126,-0.0245,-41.91,-20.56,-0.7621,-0.3753,-46.69,-25.34,-0.849,-0.4626,-41.69,-20.34,-0.7581,-0.3713,-52.79,-31.44,-0.9599,-0.5739,-31.62,-10.27,-0.575,-0.1875,-15.22,6.13,-0.2768,0.1119,-3.59,17.76,-0.0653,0.3242,8.88,30.23,0.1615,0.5518,-4.67,16.68,-0.0849,0.3045,16.12,37.47,0.2931,0.684,23.43,44.78,0.426,0.8174,,,,
2025-05-01,5625.14,5623.01,-22.83,-20.7,-0.4059,-0.3681,33.77,-27.79,35.9,-25.66,-11.52,-9.39,-0.2048,-0.167,-9.33,-7.2,-0.1659,-0.128,-12.36,-10.23,-0.2197,-0.1819,-12.23,-10.1,-0.2174,-0.1796,-7.25,-5.12,-0.1289,-0.0911,-5.42,-3.29,-0.0964,-0.0585,2.25,4.38,0.04,0.0779,-8.24,-6.11,-0.1465,-0.1087,2.03,4.16,0.0361,0.074,10.69,12.82,0.19,0.228,25.9,28.03,0.4604,0.4985,23.65,25.78,0.4204,0.4585,-4.48,-2.35,-0.0796,-0.0418,5.2,7.33,0.0924,0.1304,10.96,13.09,0.1948,0.2328,,,,
2025-05-02,5645.88,5661.79,39.85,23.94,0.7058,0.4228,54.82,-3.6,38.91,-19.51,21.82,5.91,0.3865,0.1044,21.57,5.66,0.382,0.1,22.91,7.0,0.4058,0.1236,18.78,2.87,0.3326,0.0507,21.43,5.52,0.3796,0.0975,20.08,4.17,0.3557,0.0737,9.83,-6.08,0.1741,-0.1074,7.06,-8.85,0.125,-0.1563,23.81,7.9,0.4217,0.1395,31.13,15.22,0.5514,0.2688,31.14,15.23,0.5516,0.269,18.15,2.24,0.3215,0.0396,45.64,29.73,0.8084,0.5251,38.36,22.45,0.6794,0.3965,49.47,33.56,0.8762,0.5927,,,,
2025-05-05,5655.32,5645.39,-4.12,5.81,-0.0729,0.1029,28.06,-20.84,37.99,-10.91,-14.18,-4.25,-0.2507,-0.0753,-15.62,-5.69,-0.2762,-0.1008,-12.59,-2.66,-0.2226,-0.0471,-7.76,2.17,-0.1372,0.0384,-17.46,-7.53,-0.3087,-0.1334,-13.79,-3.86,-0.2438,-0.0684,-15.07,-5.14,-0.2665,-0.091,0.44,10.37,0.0078,0.1837,-2.7,7.23,-0.0477,0.1281,-2.68,7.25,-0.0474,0.1284,12.34,22.27,0.2182,0.3945,12.07,22.0,0.2134,0.3897,18.05,27.98,0.3192,0.4956,14.41,24.34,0.2548,0.4311,25.04,34.97,0.4428,0.6194,,,,
2025-05-06,5605.87,5597.63,-0.35,7.89,-0.0062,0.141,43.71,-19.83,51.95,-11.59,-4.44,3.8,-0.0792,0.0679,-3.47,4.77,-0.0619,0.0852,-1.13,7.11,-0.0202,0.127,2.71,10.95,0.0483,0.1956,5.95,14.19,0.1061,0.2535,3.88,12.12,0.0692,0.2165,-12.87,-4.63,-0.2296,-0.0827,-15.83,-7.59,-0.2824,-0.1356,1.96,10.2,0.035,0.1822,17.06,25.3,0.3043,0.452,21.51,29.75,0.3837,0.5315,25.56,33.8,0.456,0.6038,17.6,25.84,0.314,0.4616,8.91,17.15,0.1589,0.3064,16.41,24.65,0.2927,0.4404,,,,
2025-05-07,5614.18,5615.400000000001,15.57,14.35,0.2773,0.2555,40.55,-35.54,39.33,-36.76,10.76,9.54,0.1917,0.1699,7.08,5.86,0.1261,0.1044,7.5,6.28,0.1336,0.1118,1.08,-0.14,0.0192,-0.0025,10.33,9.11,0.184,0.1622,12.82,11.6,0.2284,0.2066,3.11,1.89,0.0554,0.0337,15.87,14.65,0.2827,0.2609,18.01,16.79,0.3208,0.299,21.6,20.38,0.3847,0.3629,-5.12,-6.34,-0.0912,-0.1129,-6.34,-7.56,-0.1129,-0.1346,-5.31,-6.53,-0.0946,-0.1163,16.24,15.02,0.2893,0.2675,-20.36,-21.58,-0.3627,-0.3843,,,,
2025-05-08,5663.6,5671.95,0.26,-8.09,0.0046,-0.1426,56.5,-28.22,48.15,-36.57,4.8,-3.55,0.0848,-0.0626,2.64,-5.71,0.0466,-0.1007,1.09,-7.26,0.0192,-0.128,2.61,-5.74,0.0461,-0.1012,1.54,-6.81,0.0272,-0.1201,-0.88,-9.23,-0.0155,-0.1627,-8.89,-17.24,-0.157,-0.304,-2.07,-10.42,-0.0365,-0.1837,-16.37,-24.72,-0.289,-0.4358,-2.07,-10.42,-0.0365,-0.1837,-18.24,-26.59,-0.3221,-0.4688,12.71,4.36,0.2244,0.0769,41.04,32.69,0.7246,0.5763,45.76,37.41,0.808,0.6596,36.0,27.65,0.6356,0.4875,,,,
2025-05-09,5679.650000000001,5687.11,-20.5,-27.96,-0.3609,-0.4916,12.04,-35.5,4.58,-42.96,7.01,-0.45,0.1234,-0.0079,8.33,0.87,0.1467,0.0153,7.08,-0.38,0.1247,-0.0067,9.46,2.0,0.1666,0.0352,6.31,-1.15,0.1111,-0.0202,0.45,-7.01,0.0079,-0.1233,2.54,-4.92,0.0447,-0.0865,7.07,-0.39,0.1245,-0.0069,1.3,-6.16,0.0229,-0.1083,-17.18,-24.64,-0.3025,-0.4333,-16.92,-24.38,-0.2979,-0.4287,-21.89,-29.35,-0.3854,-0.5161,-22.51,-29.97,-0.3963,-0.527,-26.42,-33.88,-0.4652,-0.5957,-20.44,-27.9,-0.3599,-0.4906,,,,
2025-05-12,5807.2,5820.17,37.38,24.41,0.6437,0.4194,38.17,-21.12,25.2,-34.09,5.13,-7.84,0.0883,-0.1347,5.1,-7.87,0.0878,-0.1352,4.43,-8.54,0.0763,-0.1467,0.53,-12.44,0.0091,-0.2137,0.71,-12.26,0.0122,-0.2106,-2.63,-15.6,-0.0453,-0.268,-0.61,-13.58,-0.0105,-0.2333,-3.9,-16.87,-0.0672,-0.2899,11.03,-1.94,0.1899,-0.0333,-16.09,-29.06,-0.2771,-0.4993,-0.34,-13.31,-0.0059,-0.2287,-2.69,-15.66,-0.0463,-0.2691,1.96,-11.01,0.0338,-0.1892,24.1,11.13,0.415,0.1912,29.97,17.0,0.5161,0.2921,,,,
2025-05-13,5854.150000000001,5846.8,30.72,38.07,0.5248,0.6511,52.49,-9.13,59.84,-1.78,-7.26,0.09,-0.124,0.0015,-6.03,1.32,-0.103,0.0226,-3.2,4.15,-0.0547,0.071,1.86,9.21,0.0318,0.1575,6.73,14.08,0.115,0.2408,5.87,13.22,0.1003,0.2261,6.99,14.34,0.1194,0.2453,16.15,23.5,0.2759,0.4019,32.57,39.92,0.5564,0.6828,31.85,39.2,0.5441,0.6705,31.78,39.13,0.5429,0.6693,38.88,46.23,0.6641,0.7907,38.5,45.85,0.6577,0.7842,46.88,54.23,0.8008,0.9275,41.98,49.33,0.7171,0.8437,,,,
2025-05-14,5896.74,5900.22,-5.23,-8.71,-0.0887,-0.1476,9.81,-24.63,6.33,-28.11,2.01,-1.47,0.0341,-0.0249,5.03,1.55,0.0853,0.0263,3.58,0.1,0.0607,0.0017,6.01,2.53,0.1019,0.0429,2.12,-1.36,0.036,-0.023,-5.84,-9.32,-0.099,-0.158,-14.76,-18.24,-0.2503,-0.3091,-8.6,-12.08,-0.1458,-0.2047,-12.87,-16.35,-0.2183,-0.2771,-5.49,-8.97,-0.0931,-0.152,-7.27,-10.75,-0.1233,-0.1822,-0.65,-4.13,-0.011,-0.07,-0.55,-4.03,-0.0093,-0.0683,-17.35,-20.83,-0.2942,-0.353,-9.82,-13.3,-0.1665,-0.2254,,,,
2025-05-15,5869.82,5868.76,47.62,48.68,0.8113,0.8295,54.39,-4.66,55.45,-3.6,4.38,5.44,0.0746,0.0927,7.4,8.46,0.1261,0.1442,6.82,7.88,0.1162,0.1343,4.79,5.85,0.0816,0.0997,1.82,2.88,0.031,0.0491,5.15,6.21,0.0877,0.1058,-2.9,-1.84,-0.0494,-0.0314,9.59,10.65,0.1634,0.1815,5.77,6.83,0.0983,0.1164,4.01,5.07,0.0683,0.0864,12.47,13.53,0.2124,0.2305,26.63,27.69,0.4537,0.4718,36.83,37.89,0.6274,0.6456,49.08,50.14,0.8361,0.8544,42.66,43.72,0.7268,0.745,,,,
2025-05-16,5929.09,5923.71,29.31,34.69,0.4943,0.5856,29.53,-21.73,34.91,-16.35,-8.83,-3.45,-0.1489,-0.0582,-9.48,-4.1,-0.1599,-0.0692,-10.24,-4.86,-0.1727,-0.082,-8.87,-3.49,-0.1496,-0.0589,-8.87,-3.49,-0.1496,-0.0589,-8.96,-3.58,-0.1511,-0.0604,-5.75,-0.37,-0.097,-0.0062,-8.3,-2.92,-0.14,-0.0493,-5.96,-0.58,-0.1005,-0.0098,-8.79,-3.41,-0.1483,-0.0576,-7.4,-2.02,-0.1248,-0.0341,-2.86,2.52,-0.0482,0.0425,7.68,13.06,0.1295,0.2205,17.52,22.9,0.2955,0.3866,19.13,24.51,0.3226,0.4138,,,,
2025-05-19,5902.88,5900.43,61.28,63.73,1.0381,1.0801,65.73,-7.19,68.18,-4.74,-3.96,-1.51,-0.0671,-0.0256,-1.4,1.05,-0.0237,0.0178,0.32,2.77,0.0054,0.0469,1.09,3.54,0.0185,0.06,12.57,15.02,0.2129,0.2546,14.85,17.3,0.2516,0.2932,20.71,23.16,0.3508,0.3925,22.17,24.62,0.3756,0.4173,37.7,40.15,0.6387,0.6805,29.19,31.64,0.4945,0.5362,30.67,33.12,0.5196,0.5613,35.93,38.38,0.6087,0.6505,49.58,52.03,0.8399,0.8818,61.87,64.32,1.0481,1.0901,48.08,50.53,0.8145,0.8564,,,,
2025-05-20,5944.66,5948.02,-3.83,-7.19,-0.0644,-0.1209,8.4,-35.4,5.04,-38.76,2.7,-0.66,0.0454,-0.0111,2.32,-1.04,0.039,-0.0175,3.4,0.04,0.0572,0.0007,0.16,-3.2,0.0027,-0.0538,0.13,-3.23,0.0022,-0.0543,-0.35,-3.71,-0.0059,-0.0624,-9.42,-12.78,-0.1585,-0.2149,-3.41,-6.77,-0.0574,-0.1138,-1.9,-5.26,-0.032,-0.0884,-2.29,-5.65,-0.0385,-0.095,-3.3,-6.66,-0.0555,-0.112,3.31,-0.05,0.0557,-0.0008,-4.16,-7.52,-0.07,-0.1264,2.15,-1.21,0.0362,-0.0203,-21.9,-25.26,-0.3684,-0.4247,,,,
2025-05-21,5910.18,5903.5,-66.01,-59.33,-1.1169,-1.005,28.19,-79.27,34.87,-72.59,-3.11,3.57,-0.0526,0.0605,-1.09,5.59,-0.0184,0.0947,-1.49,5.19,-0.0252,0.0879,-2.79,3.89,-0.0472,0.0659,-4.23,2.45,-0.0716,0.0415,0.76,7.44,0.0129,0.126,2.74,9.42,0.0464,0.1596,1.54,8.22,0.0261,0.1392,4.3,10.98,0.0728,0.186,2.83,9.51,0.0479,0.1611,7.67,14.35,0.1298,0.2431,20.18,26.86,0.3414,0.455,23.43,30.11,0.3964,0.51,-55.58,-48.9,-0.9404,-0.8283,-43.48,-36.8,-0.7357,-0.6234,,,,
2025-05-22,5841.26,5838.4400000000005,-0.26,2.56,-0.0045,0.0438,36.82,-15.44,39.64,-12.62,0.77,3.59,0.0132,0.0615,-1.83,0.99,-0.0313,0.017,-10.85,-8.03,-0.1857,-0.1375,-4.96,-2.14,-0.0849,-0.0367,-3.67,-0.85,-0.0628,-0.0146,-1.08,1.74,-0.0185,0.0298,-0.14,2.68,-0.0024,0.0459,14.56,17.38,0.2493,0.2977,11.25,14.07,0.1926,0.241,2.93,5.75,0.0502,0.0985,1.73,4.55,0.0296,0.0779,1.96,4.78,0.0336,0.0819,13.44,16.26,0.2301,0.2785,15.79,18.61,0.2703,0.3187,25.69,28.51,0.4398,0.4883,,,,
2025-05-23,5781.89,5771.89,22.27,32.27,0.3852,0.5591,47.62,-14.48,57.62,-4.48,-7.96,2.04,-0.1377,0.0353,-3.76,6.24,-0.065,0.1081,2.5,12.5,0.0432,0.2166,8.1,18.1,0.1401,0.3136,1.62,11.62,0.028,0.2013,-4.27,5.73,-0.0739,0.0993,1.54,11.54,0.0266,0.1999,-0.44,9.56,-0.0076,0.1656,12.59,22.59,0.2177,0.3914,10.55,20.55,0.1825,0.356,4.29,14.29,0.0742,0.2476,15.21,25.21,0.2631,0.4368,14.12,24.12,0.2442,0.4179,39.23,49.23,0.6785,0.8529,40.43,50.43,0.6993,0.8737,,,,
2025-05-27,5854.07,5872.76,67.1,48.41,1.1462,0.8243,70.26,0,51.57,-18.69,12.54,-6.15,0.2142,-0.1047,13.14,-5.55,0.2245,-0.0945,12.11,-6.58,0.2069,-0.112,4.64,-14.05,0.0793,-0.2392,12.73,-5.96,0.2175,-0.1015,15.26,-3.43,0.2607,-0.0584,17.82,-0.87,0.3044,-0.0148,26.13,7.44,0.4464,0.1267,28.11,9.42,0.4802,0.1604,38.1,19.41,0.6508,0.3305,38.96,20.27,0.6655,0.3452,43.88,25.19,0.7496,0.4289,52.12,33.43,0.8903,0.5692,58.77,40.08,1.0039,0.6825,65.88,47.19,1.1254,0.8035,,,,
2025-05-28,5925.54,5930.12,-36.04,-40.62,-0.6082,-0.685,14.38,-43.66,9.8,-48.24,2.28,-2.3,0.0385,-0.0388,3.9,-0.68,0.0658,-0.0115,4.36,-0.22,0.0736,-0.0037,5.57,0.99,0.094,0.0167,13.08,8.5,0.2207,0.1433,8.17,3.59,0.1379,0.0605,-3.34,-7.92,-0.0564,-0.1336,-1.98,-6.56,-0.0334,-0.1106,-8.26,-12.84,-0.1394,-0.2165,-12.95,-17.53,-0.2185,-0.2956,-18.1,-22.68,-0.3055,-0.3825,-18.54,-23.12,-0.3129,-0.3899,-14.51,-19.09,-0.2449,-0.3219,-11.93,-16.51,-0.2013,-0.2784,-11.69,-16.27,-0.1973,-0.2744,,,,
2025-05-29,5939.96,5936.74,-27.8,-24.58,-0.468,-0.414,3.17,-66.16,6.39,-62.94,-9.12,-5.9,-0.1535,-0.0994,-13.63,-10.41,-0.2295,-0.1753,-8.16,-4.94,-0.1374,-0.0832,-8.16,-4.94,-0.1374,-0.0832,-8.8,-5.58,-0.1481,-0.094,-18.65,-15.43,-0.314,-0.2599,-20.78,-17.56,-0.3498,-0.2958,-16.51,-13.29,-0.2779,-0.2239,-29.86,-26.64,-0.5027,-0.4487,-27.55,-24.33,-0.4638,-0.4098,-18.54,-15.32,-0.3121,-0.2581,-24.92,-21.7,-0.4195,-0.3655,-35.3,-32.08,-0.5943,-0.5404,-33.27,-30.05,-0.5601,-0.5062,-44.74,-41.52,-0.7532,-0.6994,,,,
2025-05-30,5903.67,5893.2,3.39,13.86,0.0574,0.2352,18.47,-60.01,28.94,-49.54,-8.66,1.81,-0.1467,0.0307,-13.75,-3.28,-0.2329,-0.0557,-15.11,-4.64,-0.2559,-0.0787,-16.82,-6.35,-0.2849,-0.1078,-13.66,-3.19,-0.2314,-0.0541,-10.4,0.07,-0.1762,0.0012,-23.78,-13.31,-0.4028,-0.2259,-13.76,-3.29,-0.2331,-0.0558,-0.07,10.4,-0.0012,0.1765,2.37,12.84,0.0401,0.2179,-4.15,6.32,-0.0703,0.1072,0.49,10.96,0.0083,0.186,-44.95,-34.48,-0.7614,-0.5851,-32.99,-22.52,-0.5588,-0.3821,-9.85,0.62,-0.1668,0.0105,,,,
2025-06-02,5896.68,5895.88,40.72,41.52,0.6906,0.7042,40.72,-35.25,41.52,-34.45,-0.52,0.28,-0.0088,0.0047,5.62,6.42,0.0953,0.1089,8.24,9.04,0.1397,0.1533,7.96,8.76,0.135,0.1486,4.72,5.52,0.08,0.0936,4.91,5.71,0.0833,0.0968,-6.82,-6.02,-0.1157,-0.1021,-32.72,-31.92,-0.5549,-0.5414,-18.06,-17.26,-0.3063,-0.2927,-1.7,-0.9,-0.0288,-0.0153,9.18,9.98,0.1557,0.1693,-0.01,0.79,-0.0002,0.0134,8.2,9.0,0.1391,0.1526,15.25,16.05,0.2586,0.2722,29.28,30.08,0.4966,0.5102,,,,
2025-06-03,5938.56,5940.4800000000005,31.97,30.05,0.5383,0.5059,42.79,-9.56,40.87,-11.48,-1.37,-3.29,-0.0231,-0.0554,-5.91,-7.83,-0.0995,-0.1318,-3.66,-5.58,-0.0616,-0.0939,-5.8,-7.72,-0.0977,-0.13,-4.43,-6.35,-0.0746,-0.1069,1.51,-0.41,0.0254,-0.0069,0.04,-1.88,0.0007,-0.0316,-0.03,-1.95,-0.0005,-0.0328,3.75,1.83,0.0631,0.0308,9.2,7.28,0.1549,0.1225,16.77,14.85,0.2824,0.25,21.82,19.9,0.3674,0.335,33.18,31.26,0.5587,0.5262,37.91,35.99,0.6384,0.6058,35.1,33.18,0.5911,0.5585,,,,
2025-06-04,5978.9400000000005,5981.34,-7.78,-10.18,-0.1301,-0.1702,11.54,-12.83,9.14,-15.23,4.38,1.98,0.0733,0.0331,5.45,3.05,0.0912,0.051,6.54,4.14,0.1094,0.0692,6.38,3.98,0.1067,0.0665,8.36,5.96,0.1398,0.0996,8.0,5.6,0.1338,0.0936,8.79,6.39,0.147,0.1068,0.75,-1.65,0.0125,-0.0276,3.72,1.32,0.0622,0.0221,7.52,5.12,0.1258,0.0856,6.49,4.09,0.1085,0.0684,-0.16,-2.56,-0.0027,-0.0428,-7.38,-9.78,-0.1234,-0.1635,4.57,2.17,0.0764,0.0363,6.4,4.0,0.107,0.0669,,,,
2025-06-05,5985.67,5987.67,-45.99,-47.99,-0.7683,-0.8015,14.03,-64.47,12.03,-66.47,-8.29,-10.29,-0.1385,-0.1719,-10.63,-12.63,-0.1776,-0.2109,-9.76,-11.76,-0.1631,-0.1964,-12.21,-14.21,-0.204,-0.2373,-16.64,-18.64,-0.278,-0.3113,-24.85,-26.85,-0.4152,-0.4484,-22.54,-24.54,-0.3766,-0.4098,-29.46,-31.46,-0.4922,-0.5254,-27.85,-29.85,-0.4653,-0.4985,-15.04,-17.04,-0.2513,-0.2846,-2.0,-4.0,-0.0334,-0.0668,11.52,9.52,0.1925,0.159,2.71,0.71,0.0453,0.0119,-8.56,-10.56,-0.143,-0.1764,-22.85,-24.85,-0.3817,-0.415,,,,
2025-06-06,5987.06,5994.4400000000005,12.6,5.22,0.2105,0.0871,29.81,-8.43,22.43,-15.81,10.59,3.21,0.1769,0.0535,10.77,3.39,0.1799,0.0566,11.11,3.73,0.1856,0.0622,10.93,3.55,0.1826,0.0592,20.4,13.02,0.3407,0.2172,27.07,19.69,0.4521,0.3285,25.39,18.01,0.4241,0.3004,23.32,15.94,0.3895,0.2659,21.02,13.64,0.3511,0.2275,13.1,5.72,0.2188,0.0954,18.06,10.68,0.3017,0.1782,7.24,-0.14,0.1209,-0.0023,10.03,2.65,0.1675,0.0442,6.38,-1.0,0.1066,-0.0167,20.64,13.26,0.3447,0.2212,,,,
2025-06-09,6004.63,6007.07,-0.43,-2.87,-0.0072,-0.0478,16.68,-10.45,14.24,-12.89,-2.85,-5.29,-0.0475,-0.0881,-5.84,-8.28,-0.0973,-0.1378,-5.38,-7.82,-0.0896,-0.1302,-8.57,-11.01,-0.1427,-0.1833,-5.69,-8.13,-0.0948,-0.1353,-3.64,-6.08,-0.0606,-0.1012,-2.67,-5.11,-0.0445,-0.0851,-1.66,-4.1,-0.0276,-0.0683,-0.56,-3.0,-0.0093,-0.0499,3.35,0.91,0.0558,0.0151,0.57,-1.87,0.0095,-0.0311,-0.98,-3.42,-0.0163,-0.0569,2.82,0.38,0.047,0.0063,11.34,8.9,0.1889,0.1482,15.51,13.07,0.2583,0.2176,,,,
2025-06-10,6009.91,6015.84,29.92,23.99,0.4978,0.3988,33.1,-9.63,27.17,-15.56,2.77,-3.16,0.0461,-0.0525,6.35,0.42,0.1057,0.007,6.81,0.88,0.1133,0.0146,3.5,-2.43,0.0582,-0.0404,8.48,2.55,0.1411,0.0424,3.3,-2.63,0.0549,-0.0437,6.34,0.41,0.1055,0.0068,6.27,0.34,0.1043,0.0057,10.17,4.24,0.1692,0.0705,11.18,5.25,0.186,0.0873,9.34,3.41,0.1554,0.0567,8.84,2.91,0.1471,0.0484,17.66,11.73,0.2938,0.195,16.97,11.04,0.2824,0.1835,8.67,2.74,0.1443,0.0455,,,,
2025-06-11,6049.38,6048.900000000001,-25.66,-25.18,-0.4242,-0.4163,10.02,-47.06,10.5,-46.58,-9.82,-9.34,-0.1623,-0.1544,-7.11,-6.63,-0.1175,-0.1096,-7.6,-7.12,-0.1256,-0.1177,-11.19,-10.71,-0.185,-0.1771,-7.61,-7.13,-0.1258,-0.1179,-9.15,-8.67,-0.1513,-0.1433,-9.37,-8.89,-0.1549,-0.147,-1.97,-1.49,-0.0326,-0.0246,0.72,1.2,0.0119,0.0198,7.3,7.78,0.1207,0.1286,8.43,8.91,0.1394,0.1473,1.18,1.66,0.0195,0.0274,-7.56,-7.08,-0.125,-0.117,3.16,3.64,0.0522,0.0602,-38.0,-37.52,-0.6282,-0.6203,,,,
2025-06-12,6009.900000000001,6011.37,35.3,33.83,0.5874,0.5628,35.3,-6.02,33.83,-7.49,-0.27,-1.74,-0.0045,-0.0289,-5.15,-6.62,-0.0857,-0.1101,-3.4,-4.87,-0.0566,-0.081,-3.86,-5.33,-0.0642,-0.0887,3.65,2.18,0.0607,0.0363,3.85,2.38,0.0641,0.0396,7.56,6.09,0.1258,0.1013,6.67,5.2,0.111,0.0865,18.84,17.37,0.3135,0.289,24.08,22.61,0.4007,0.3761,28.02,26.55,0.4662,0.4417,24.49,23.02,0.4075,0.3829,27.03,25.56,0.4498,0.4252,30.84,29.37,0.5132,0.4886,26.33,24.86,0.4381,0.4135,,,,
2025-06-13,6000.56,5999.92,-23.08,-22.44,-0.3846,-0.374,25.6,-37.35,26.24,-36.71,6.02,6.66,0.1003,0.111,4.55,5.19,0.0758,0.0865,1.89,2.53,0.0315,0.0422,2.93,3.57,0.0488,0.0595,4.95,5.59,0.0825,0.0932,0.32,0.96,0.0053,0.016,0.18,0.82,0.003,0.0137,-7.89,-7.25,-0.1315,-0.1208,-13.65,-13.01,-0.2275,-0.2168,-24.45,-23.81,-0.4075,-0.3968,-2.64,-2.0,-0.044,-0.0333,13.39,14.03,0.2231,0.2338,17.54,18.18,0.2923,0.303,3.98,4.62,0.0663,0.077,-21.72,-21.08,-0.362,-0.3513,,,,
2025-06-16,6004.0,6015.32,29.38,18.06,0.4893,0.3002,46.83,0,35.51,-11.32,14.4,3.08,0.2398,0.0512,14.49,3.17,0.2413,0.0527,16.92,5.6,0.2818,0.0931,16.57,5.25,0.276,0.0873,17.45,6.13,0.2906,0.1019,20.92,9.6,0.3484,0.1596,23.77,12.45,0.3959,0.207,35.36,24.04,0.5889,0.3996,38.72,27.4,0.6449,0.4555,43.61,32.29,0.7263,0.5368,41.73,30.41,0.695,0.5055,37.7,26.38,0.6279,0.4385,33.72,22.4,0.5616,0.3724,38.64,27.32,0.6436,0.4542,27.25,15.93,0.4539,0.2648,,,,
2025-06-17,6012.150000000001,6013.150000000001,-30.09,-31.09,-0.5005,-0.517,11.1,-37.35,10.1,-38.35,0.09,-0.91,0.0015,-0.0151,0.0,-1.0,0.0,-0.0166,-1.91,-2.91,-0.0318,-0.0484,-1.83,-2.83,-0.0304,-0.0471,1.62,0.62,0.0269,0.0103,-3.45,-4.45,-0.0574,-0.074,-4.13,-5.13,-0.0687,-0.0853,3.82,2.82,0.0635,0.0469,9.17,8.17,0.1525,0.1359,7.34,6.34,0.1221,0.1054,1.49,0.49,0.0248,0.0081,-0.78,-1.78,-0.013,-0.0296,5.91,4.91,0.0983,0.0817,-16.01,-17.01,-0.2663,-0.2829,-29.01,-30.01,-0.4825,-0.4991,,,,
2025-06-18,5987.93,5987.56,-7.6,-7.23,-0.1269,-0.1208,30.32,-16.04,30.69,-15.67,-3.98,-3.61,-0.0665,-0.0603,-3.99,-3.62,-0.0666,-0.0605,-4.59,-4.22,-0.0767,-0.0705,-2.07,-1.7,-0.0346,-0.0284,-0.89,-0.52,-0.0149,-0.0087,0.76,1.13,0.0127,0.0189,8.42,8.79,0.1406,0.1468,7.19,7.56,0.1201,0.1263,18.99,19.36,0.3171,0.3233,26.8,27.17,0.4476,0.4538,27.02,27.39,0.4512,0.4574,19.76,20.13,0.33,0.3362,14.08,14.45,0.2351,0.2413,6.82,7.19,0.1139,0.1201,9.87,10.24,0.1648,0.171,,,,
2025-06-20,5999.67,6007.38,-31.33,-39.04,-0.5222,-0.6499,18.53,-47.11,10.82,-54.82,3.09,-4.62,0.0515,-0.0769,5.31,-2.4,0.0885,-0.04,3.49,-4.22,0.0582,-0.0702,8.96,1.25,0.1493,0.0208,16.51,8.8,0.2752,0.1465,13.26,5.55,0.221,0.0924,1.51,-6.2,0.0252,-0.1032,-1.61,-9.32,-0.0268,-0.1551,-5.66,-13.37,-0.0943,-0.2226,-16.82,-24.53,-0.2803,-0.4083,-38.41,-46.12,-0.6402,-0.7677,-21.96,-29.67,-0.366,-0.4939,-25.5,-33.21,-0.425,-0.5528,-41.3,-49.01,-0.6884,-0.8158,-26.34,-34.05,-0.439,-0.5668,,,,
2025-06-23,5969.67,5965.79,55.08,58.96,0.9227,0.9883,59.1,-26.44,62.98,-22.56,-3.83,0.05,-0.0642,0.0008,-6.91,-3.03,-0.1158,-0.0508,-8.21,-4.33,-0.1375,-0.0726,-3.59,0.29,-0.0601,0.0049,8.59,12.47,0.1439,0.209,9.13,13.01,0.1529,0.2181,12.95,16.83,0.2169,0.2821,21.64,25.52,0.3625,0.4278,28.4,32.28,0.4757,0.5411,28.25,32.13,0.4732,0.5386,19.27,23.15,0.3228,0.388,20.86,24.74,0.3494,0.4147,-3.71,0.17,-0.0621,0.0028,35.63,39.51,0.5969,0.6623,39.29,43.17,0.6582,0.7236,,,,
2025-06-24,6061.21,6064.49,32.07,28.79,0.5291,0.4747,40.55,-1.96,37.27,-5.24,7.34,4.06,0.1211,0.0669,8.95,5.67,0.1477,0.0935,6.76,3.48,0.1115,0.0574,8.73,5.45,0.144,0.0899,12.94,9.66,0.2135,0.1593,14.99,11.71,0.2473,0.1931,10.23,6.95,0.1688,0.1146,4.87,1.59,0.0803,0.0262,6.37,3.09,0.1051,0.051,9.36,6.08,0.1544,0.1003,15.27,11.99,0.2519,0.1977,19.71,16.43,0.3252,0.2709,28.25,24.97,0.4661,0.4117,27.17,23.89,0.4483,0.3939,32.74,29.46,0.5402,0.4858,,,,
2025-06-25,6104.2300000000005,6105.68,-10.37,-11.82,-0.1699,-0.1936,4.28,-24.14,2.83,-25.59,-0.96,-2.41,-0.0157,-0.0395,-1.26,-2.71,-0.0206,-0.0444,-2.77,-4.22,-0.0454,-0.0691,-0.33,-1.78,-0.0054,-0.0292,3.08,1.63,0.0505,0.0267,2.79,1.34,0.0457,0.0219,-4.22,-5.67,-0.0691,-0.0929,1.77,0.32,0.029,0.0052,-6.44,-7.89,-0.1055,-0.1292,-2.54,-3.99,-0.0416,-0.0653,-3.11,-4.56,-0.0509,-0.0747,-10.27,-11.72,-0.1682,-0.192,-10.46,-11.91,-0.1714,-0.1951,-11.4,-12.85,-0.1868,-0.2105,-18.39,-19.84,-0.3013,-0.3249,,,,
2025-06-26,6112.09,6115.01,30.53,27.61,0.4995,0.4515,34.43,-4.82,31.51,-7.74,4.04,1.12,0.0661,0.0183,2.29,-0.63,0.0375,-0.0103,2.62,-0.3,0.0429,-0.0049,3.77,0.85,0.0617,0.0139,3.64,0.72,0.0596,0.0118,-0.59,-3.51,-0.0097,-0.0574,-2.7,-5.62,-0.0442,-0.0919,7.38,4.46,0.1207,0.0729,5.92,3.0,0.0969,0.0491,13.2,10.28,0.216,0.1681,16.24,13.32,0.2657,0.2178,11.25,8.33,0.1841,0.1362,21.87,18.95,0.3578,0.3099,24.46,21.54,0.4002,0.3522,29.43,26.51,0.4815,0.4335,,,,
2025-06-27,6150.7,6156.900000000001,21.27,15.07,0.3458,0.2448,36.98,-18.35,30.78,-24.55,6.72,0.52,0.1093,0.0084,4.71,-1.49,0.0766,-0.0242,6.47,0.27,0.1052,0.0044,3.91,-2.29,0.0636,-0.0372,8.2,2.0,0.1333,0.0325,10.05,3.85,0.1634,0.0625,11.53,5.33,0.1875,0.0866,22.08,15.88,0.359,0.2579,24.76,18.56,0.4026,0.3015,21.67,15.47,0.3523,0.2513,21.0,14.8,0.3414,0.2404,26.86,20.66,0.4367,0.3356,35.44,29.24,0.5762,0.4749,27.48,21.28,0.4468,0.3456,-6.91,-13.11,-0.1123,-0.2129,,,,
2025-06-30,6193.360000000001,6194.29,10.99,10.06,0.1774,0.1624,21.72,-18.39,20.79,-19.32,-2.43,-3.36,-0.0392,-0.0542,-4.27,-5.2,-0.0689,-0.0839,-4.83,-5.76,-0.078,-0.093,-7.31,-8.24,-0.118,-0.133,-4.18,-5.11,-0.0675,-0.0825,-5.6,-6.53,-0.0904,-0.1054,-9.11,-10.04,-0.1471,-0.1621,-6.51,-7.44,-0.1051,-0.1201,-4.43,-5.36,-0.0715,-0.0865,-5.32,-6.25,-0.0859,-0.1009,-9.74,-10.67,-0.1573,-0.1723,-9.04,-9.97,-0.146,-0.161,-7.22,-8.15,-0.1166,-0.1316,-5.84,-6.77,-0.0943,-0.1093,-10.88,-11.81,-0.1757,-0.1907,,,,
2025-07-01,6187.25,6187.150000000001,10.33,10.43,0.167,0.1686,23.53,-9.28,23.63,-9.18,2.22,2.32,0.0359,0.0375,1.72,1.82,0.0278,0.0294,1.52,1.62,0.0246,0.0262,3.03,3.13,0.049,0.0506,3.28,3.38,0.053,0.0546,4.36,4.46,0.0705,0.0721,10.57,10.67,0.1708,0.1725,9.32,9.42,0.1506,0.1523,15.19,15.29,0.2455,0.2471,8.32,8.42,0.1345,0.1361,-1.04,-0.94,-0.0168,-0.0152,8.28,8.38,0.1338,0.1354,8.69,8.79,0.1405,0.1421,15.55,15.65,0.2513,0.2529,16.43,16.53,0.2655,0.2672,,,,
2025-07-02,6193.88,6195.75,33.39,31.52,0.5391,0.5087,33.72,-5.59,31.85,-7.46,-2.79,-4.66,-0.045,-0.0752,-0.52,-2.39,-0.0084,-0.0386,-2.1,-3.97,-0.0339,-0.0641,-1.82,-3.69,-0.0294,-0.0596,1.33,-0.54,0.0215,-0.0087,4.86,2.99,0.0785,0.0483,4.58,2.71,0.0739,0.0437,3.77,1.9,0.0609,0.0307,8.95,7.08,0.1445,0.1143,16.75,14.88,0.2704,0.2402,18.54,16.67,0.2993,0.2691,18.12,16.25,0.2925,0.2623,20.03,18.16,0.3234,0.2931,24.13,22.26,0.3896,0.3593,25.59,23.72,0.4131,0.3828,,,,
2025-07-03,6246.46,6251.24,32.89,28.11,0.5265,0.4497,38.19,0,33.41,-4.78,5.65,0.87,0.0905,0.0139,6.38,1.6,0.1021,0.0256,7.52,2.74,0.1204,0.0438,9.31,4.53,0.149,0.0725,7.91,3.13,0.1266,0.0501,12.04,7.26,0.1927,0.1161,14.44,9.66,0.2312,0.1545,20.88,16.1,0.3343,0.2575,22.44,17.66,0.3592,0.2825,25.18,20.4,0.4031,0.3263,29.36,24.58,0.47,0.3932,30.62,25.84,0.4902,0.4134,32.24,27.46,0.5161,0.4393,,,,,,,,,,,,
2025-07-07,6259.04,6261.900000000001,-28.28,-31.14,-0.4518,-0.4973,3.03,-58.04,0.17,-60.9,-2.27,-5.13,-0.0363,-0.0819,-3.93,-6.79,-0.0628,-0.1084,-7.23,-10.09,-0.1155,-0.1611,-4.91,-7.77,-0.0784,-0.1241,-2.0,-4.86,-0.032,-0.0776,-5.21,-8.07,-0.0832,-0.1289,-1.17,-4.03,-0.0187,-0.0644,-1.19,-4.05,-0.019,-0.0647,-10.61,-13.47,-0.1695,-0.2151,-6.81,-9.67,-0.1088,-0.1544,-16.03,-18.89,-0.2561,-0.3017,-17.58,-20.44,-0.2809,-0.3264,-29.23,-32.09,-0.467,-0.5125,-29.47,-32.33,-0.4708,-0.5163,-56.1,-58.96,-0.8963,-0.9416,,,,
2025-07-08,6234.03,6232.79,-8.55,-7.31,-0.1372,-0.1173,8.67,-16.28,9.91,-15.04,-2.89,-1.65,-0.0464,-0.0265,-2.42,-1.18,-0.0388,-0.0189,-3.5,-2.26,-0.0561,-0.0363,-5.22,-3.98,-0.0837,-0.0639,-2.91,-1.67,-0.0467,-0.0268,2.69,3.93,0.0432,0.0631,0.86,2.1,0.0138,0.0337,-3.9,-2.66,-0.0626,-0.0427,-6.56,-5.32,-0.1052,-0.0854,-9.1,-7.86,-0.146,-0.1261,-8.17,-6.93,-0.1311,-0.1112,-11.05,-9.81,-0.1773,-0.1574,5.73,6.97,0.0919,0.1118,-2.17,-0.93,-0.0348,-0.0149,-6.94,-5.7,-0.1113,-0.0915,,,,
2025-07-09,6243.33,6250.82,18.94,11.45,0.3034,0.1832,25.83,-11.9,18.34,-19.39,10.63,3.14,0.1703,0.0502,11.87,4.38,0.1901,0.0701,12.63,5.14,0.2023,0.0822,13.36,5.87,0.214,0.0939,18.36,10.87,0.2941,0.1739,20.95,13.46,0.3356,0.2153,25.55,18.06,0.4092,0.2889,23.8,16.31,0.3812,0.2609,21.43,13.94,0.3432,0.223,8.25,0.76,0.1321,0.0122,-6.71,-14.2,-0.1075,-0.2272,-0.52,-8.01,-0.0083,-0.1281,-1.22,-8.71,-0.0195,-0.1393,3.05,-4.44,0.0489,-0.071,7.65,0.16,0.1225,0.0026,,,,
2025-07-10,6266.8,6264.58,13.34,15.56,0.2129,0.2484,23.42,-15.36,25.64,-13.14,-5.31,-3.09,-0.0847,-0.0493,-6.6,-4.38,-0.1053,-0.0699,-7.03,-4.81,-0.1122,-0.0768,-7.39,-5.17,-0.1179,-0.0825,-8.29,-6.07,-0.1323,-0.0969,-6.31,-4.09,-0.1007,-0.0653,-6.77,-4.55,-0.108,-0.0726,-13.21,-10.99,-0.2108,-0.1754,-6.2,-3.98,-0.0989,-0.0635,-6.72,-4.5,-0.1072,-0.0718,4.03,6.25,0.0643,0.0998,11.14,13.36,0.1778,0.2133,9.84,12.06,0.157,0.1925,17.05,19.27,0.2721,0.3076,21.1,23.32,0.3367,0.3723,,,,
2025-07-11,6255.68,6253.97,2.67,4.38,0.0427,0.07,13.76,-18.08,15.47,-16.37,-4.18,-2.47,-0.0668,-0.0395,-6.4,-4.69,-0.1023,-0.075,-7.32,-5.61,-0.117,-0.0897,-8.49,-6.78,-0.1357,-0.1084,-13.2,-11.49,-0.211,-0.1837,-15.53,-13.82,-0.2483,-0.221,-6.27,-4.56,-0.1002,-0.0729,-1.8,-0.09,-0.0288,-0.0014,1.02,2.73,0.0163,0.0437,6.29,8.0,0.1005,0.1279,3.15,4.86,0.0504,0.0777,1.24,2.95,0.0198,0.0472,5.53,7.24,0.0884,0.1158,10.75,12.46,0.1718,0.1992,8.26,9.97,0.132,0.1594,,,,
2025-07-14,6255.150000000001,6252.41,12.96,15.7,0.2072,0.2511,18.16,-15.93,20.9,-13.19,-4.29,-1.55,-0.0686,-0.0248,-4.21,-1.47,-0.0673,-0.0235,-3.48,-0.74,-0.0556,-0.0118,-5.29,-2.55,-0.0846,-0.0408,-6.23,-3.49,-0.0996,-0.0558,-10.86,-8.12,-0.1736,-0.1299,-1.6,1.14,-0.0256,0.0182,-7.59,-4.85,-0.1213,-0.0776,-2.71,0.03,-0.0433,0.0005,-5.56,-2.82,-0.0889,-0.0451,1.29,4.03,0.0206,0.0645,7.73,10.47,0.1236,0.1675,5.03,7.77,0.0804,0.1243,13.58,16.32,0.2171,0.261,16.85,19.59,0.2694,0.3133,,,,
2025-07-15,6295.29,6298.96,-52.19,-55.86,-0.829,-0.8868,6.75,-52.84,3.08,-56.51,2.27,-1.4,0.0361,-0.0222,1.47,-2.2,0.0234,-0.0349,-1.46,-5.13,-0.0232,-0.0814,-3.67,-7.34,-0.0583,-0.1165,-12.45,-16.12,-0.1978,-0.2559,-8.06,-11.73,-0.128,-0.1862,-10.66,-14.33,-0.1693,-0.2275,-18.37,-22.04,-0.2918,-0.3499,-10.82,-14.49,-0.1719,-0.23,-18.86,-22.53,-0.2996,-0.3577,-34.42,-38.09,-0.5468,-0.6047,-22.42,-26.09,-0.3561,-0.4142,-30.57,-34.24,-0.4856,-0.5436,-35.36,-39.03,-0.5617,-0.6196,-26.89,-30.56,-0.4271,-0.4852,,,,
2025-07-16,6254.5,6258.610000000001,9.08,4.97,0.1452,0.0794,13.62,-52.91,9.51,-57.02,1.15,-2.96,0.0184,-0.0473,1.58,-2.53,0.0253,-0.0404,5.44,1.33,0.087,0.0213,1.51,-2.6,0.0241,-0.0415,-0.48,-4.59,-0.0077,-0.0733,-1.71,-5.82,-0.0273,-0.093,-10.93,-15.04,-0.1748,-0.2403,-10.91,-15.02,-0.1744,-0.24,-11.0,-15.11,-0.1759,-0.2414,-4.98,-9.09,-0.0796,-0.1452,-10.52,-14.63,-0.1682,-0.2338,-28.96,-33.07,-0.463,-0.5284,-16.59,-20.7,-0.2652,-0.3307,-2.77,-6.88,-0.0443,-0.1099,0.83,-3.28,0.0133,-0.0524,,,,
2025-07-17,6263.400000000001,6265.66,35.62,33.36,0.5687,0.5324,41.29,-1.13,39.03,-3.39,5.17,2.91,0.0825,0.0464,2.79,0.53,0.0445,0.0085,2.49,0.23,0.0398,0.0037,4.0,1.74,0.0639,0.0278,8.2,5.94,0.1309,0.0948,13.48,11.22,0.2152,0.1791,17.22,14.96,0.2749,0.2388,16.82,14.56,0.2685,0.2324,18.66,16.4,0.2979,0.2617,13.15,10.89,0.2099,0.1738,17.69,15.43,0.2824,0.2463,24.06,21.8,0.3841,0.3479,25.12,22.86,0.4011,0.3648,28.4,26.14,0.4534,0.4172,36.75,34.49,0.5867,0.5505,,,,
2025-07-18,6312.95,6311.7,-16.27,-15.02,-0.2577,-0.238,2.66,-27.68,3.91,-26.43,1.16,2.41,0.0184,0.0382,-0.42,0.83,-0.0067,0.0132,-1.3,-0.05,-0.0206,-0.0008,-1.78,-0.53,-0.0282,-0.0084,-3.25,-2.0,-0.0515,-0.0317,-4.78,-3.53,-0.0757,-0.0559,-0.81,0.44,-0.0128,0.007,-1.66,-0.41,-0.0263,-0.0065,-12.9,-11.65,-0.2043,-0.1846,-19.23,-17.98,-0.3046,-0.2849,-21.64,-20.39,-0.3428,-0.3231,-15.83,-14.58,-0.2508,-0.231,-23.41,-22.16,-0.3708,-0.3511,-21.93,-20.68,-0.3474,-0.3276,-19.49,-18.24,-0.3087,-0.289,,,,
2025-07-21,6304.74,6311.58,2.72,-4.12,0.0431,-0.0653,31.34,-0.95,24.5,-7.79,6.71,-0.13,0.1064,-0.0021,6.38,-0.46,0.1012,-0.0073,7.28,0.44,0.1155,0.007,8.78,1.94,0.1393,0.0307,9.09,2.25,0.1442,0.0356,15.04,8.2,0.2386,0.1299,15.96,9.12,0.2531,0.1445,25.52,18.68,0.4048,0.296,22.94,16.1,0.3639,0.2551,28.72,21.88,0.4555,0.3467,25.51,18.67,0.4046,0.2958,29.82,22.98,0.473,0.3641,24.08,17.24,0.3819,0.2731,30.45,23.61,0.483,0.3741,27.43,20.59,0.4351,0.3262,,,,
2025-07-22,6306.6,6303.08,2.53,6.05,0.0401,0.096,9.52,-24.89,13.04,-21.37,-3.01,0.51,-0.0477,0.0081,-4.13,-0.61,-0.0655,-0.0097,-3.08,0.44,-0.0488,0.007,-2.05,1.47,-0.0325,0.0233,2.72,6.24,0.0431,0.099,-0.27,3.25,-0.0043,0.0516,-7.42,-3.9,-0.1177,-0.0619,-20.5,-16.98,-0.3251,-0.2694,-13.07,-9.55,-0.2072,-0.1515,-13.56,-10.04,-0.215,-0.1593,-6.76,-3.24,-0.1072,-0.0514,-8.91,-5.39,-0.1413,-0.0855,-12.49,-8.97,-0.198,-0.1423,4.59,8.11,0.0728,0.1287,-1.61,1.91,-0.0255,0.0303,,,,
2025-07-23,6326.900000000001,6328.77,33.01,31.14,0.5217,0.492,33.01,-9.41,31.14,-11.28,3.55,1.68,0.0561,0.0265,2.78,0.91,0.0439,0.0144,4.25,2.38,0.0672,0.0376,6.1,4.23,0.0964,0.0668,3.69,1.82,0.0583,0.0288,-5.01,-6.88,-0.0792,-0.1087,-4.59,-6.46,-0.0725,-0.1021,-8.84,-10.71,-0.1397,-0.1692,-4.28,-6.15,-0.0676,-0.0972,-0.02,-1.89,-0.0003,-0.0299,2.06,0.19,0.0326,0.003,2.37,0.5,0.0375,0.0079,8.95,7.08,0.1415,0.1119,15.16,13.29,0.2396,0.21,25.09,23.22,0.3966,0.3669,,,,
2025-07-24,6368.6,6370.900000000001,-4.58,-6.88,-0.0719,-0.108,12.71,-8.03,10.41,-10.33,-4.69,-6.99,-0.0736,-0.1097,-3.17,-5.47,-0.0498,-0.0859,-3.29,-5.59,-0.0517,-0.0877,-3.43,-5.73,-0.0539,-0.0899,-7.81,-10.11,-0.1226,-0.1587,0.22,-2.08,0.0035,-0.0326,3.41,1.11,0.0535,0.0174,1.72,-0.58,0.027,-0.0091,-3.26,-5.56,-0.0512,-0.0873,0.29,-2.01,0.0046,-0.0315,8.69,6.39,0.1365,0.1003,6.96,4.66,0.1093,0.0731,-1.57,-3.87,-0.0247,-0.0607,6.29,3.99,0.0988,0.0626,10.01,7.71,0.1572,0.121,,,,
2025-07-25,6370.01,6371.81,19.58,17.78,0.3074,0.279,25.81,-1.48,24.01,-3.28,0.88,-0.92,0.0138,-0.0144,-1.42,-3.22,-0.0223,-0.0505,2.86,1.06,0.0449,0.0166,3.39,1.59,0.0532,0.025,3.16,1.36,0.0496,0.0213,3.72,1.92,0.0584,0.0301,3.5,1.7,0.0549,0.0267,4.62,2.82,0.0725,0.0443,3.75,1.95,0.0589,0.0306,5.5,3.7,0.0863,0.0581,7.68,5.88,0.1206,0.0923,10.61,8.81,0.1666,0.1383,18.55,16.75,0.2912,0.2629,21.62,19.82,0.3394,0.3111,24.56,22.76,0.3856,0.3572,,,,
2025-07-28,6397.6900000000005,6399.49,-8.11,-9.91,-0.1268,-0.1549,3.38,-21.9,1.58,-23.7,-0.85,-2.65,-0.0133,-0.0414,-1.24,-3.04,-0.0194,-0.0475,-0.32,-2.12,-0.005,-0.0331,-0.76,-2.56,-0.0119,-0.04,-4.13,-5.93,-0.0646,-0.0927,-0.65,-2.45,-0.0102,-0.0383,-4.37,-6.17,-0.0683,-0.0964,-2.27,-4.07,-0.0355,-0.0636,2.92,1.12,0.0456,0.0175,-0.46,-2.26,-0.0072,-0.0353,-3.63,-5.43,-0.0567,-0.0849,-6.71,-8.51,-0.1049,-0.133,-4.35,-6.15,-0.068,-0.0961,-12.67,-14.47,-0.198,-0.2261,-17.94,-19.74,-0.2804,-0.3085,,,,
2025-07-29,6405.62,6409.26,-33.99,-37.63,-0.5306,-0.5871,3.64,-41.7,0,-45.34,-1.7,-5.34,-0.0265,-0.0833,-3.16,-6.8,-0.0493,-0.1061,-2.66,-6.3,-0.0415,-0.0983,-2.41,-6.05,-0.0376,-0.0944,-0.89,-4.53,-0.0139,-0.0707,-4.49,-8.13,-0.0701,-0.1268,-11.49,-15.13,-0.1794,-0.2361,-5.0,-8.64,-0.0781,-0.1348,-5.34,-8.98,-0.0834,-0.1401,-8.07,-11.71,-0.126,-0.1827,-15.84,-19.48,-0.2473,-0.3039,-30.34,-33.98,-0.4736,-0.5302,-27.04,-30.68,-0.4221,-0.4787,-22.13,-25.77,-0.3455,-0.4021,-30.55,-34.19,-0.4769,-0.5334,,,,
2025-07-30,6381.2300000000005,6373.96,-16.4,-9.13,-0.257,-0.1432,15.31,-44.85,22.58,-37.58,-5.32,1.95,-0.0834,0.0306,-7.05,0.22,-0.1105,0.0035,-2.13,5.14,-0.0334,0.0806,-1.78,5.49,-0.0279,0.0861,-2.72,4.55,-0.0426,0.0714,0.39,7.66,0.0061,0.1202,-5.81,1.46,-0.091,0.0229,-4.69,2.58,-0.0735,0.0405,-2.6,4.67,-0.0407,0.0733,4.6,11.87,0.0721,0.1862,2.23,9.5,0.0349,0.149,-7.48,-0.21,-0.1172,-0.0033,4.47,11.74,0.07,0.1842,1.65,8.92,0.0259,0.1399,6.74,14.01,0.1056,0.2198,,,,
2025-07-31,6427.02,6405.5,-73.74,-52.22,-1.1473,-0.8152,0,-92.4,21.52,-70.88,-22.83,-1.31,-0.3552,-0.0205,-20.76,0.76,-0.323,0.0119,-16.91,4.61,-0.2631,0.072,-21.66,-0.14,-0.337,-0.0022,-26.1,-4.58,-0.4061,-0.0715,-29.38,-7.86,-0.4571,-0.1227,-19.05,2.47,-0.2964,0.0386,-13.0,8.52,-0.2023,0.133,-13.58,7.94,-0.2113,0.124,-17.72,3.8,-0.2757,0.0593,-38.35,-16.83,-0.5967,-0.2627,-43.53,-22.01,-0.6773,-0.3436,-26.59,-5.07,-0.4137,-0.0792,-62.05,-40.53,-0.9655,-0.6327,-64.56,-43.04,-1.0045,-0.6719,,,,
2025-08-01,6287.28,6273.2300000000005,-49.98,-35.93,-0.7949,-0.5728,0,-74.59,14.05,-60.54,-13.96,0.09,-0.222,0.0014,-22.52,-8.47,-0.3582,-0.135,-22.15,-8.1,-0.3523,-0.1291,-27.29,-13.24,-0.4341,-0.2111,-36.07,-22.02,-0.5737,-0.351,-49.92,-35.87,-0.794,-0.5718,-54.37,-40.32,-0.8648,-0.6427,-64.99,-50.94,-1.0337,-0.812,-46.58,-32.53,-0.7409,-0.5186,-33.8,-19.75,-0.5376,-0.3148,-49.5,-35.45,-0.7873,-0.5651,-52.52,-38.47,-0.8353,-0.6132,-26.89,-12.84,-0.4277,-0.2047,-55.76,-41.71,-0.8869,-0.6649,-50.35,-36.3,-0.8008,-0.5786,,,,
2025-08-04,6271.71,6279.88,57.83,49.66,0.9221,0.7908,58.98,0,50.81,-8.17,11.52,3.35,0.1837,0.0533,12.76,4.59,0.2035,0.0731,15.47,7.3,0.2467,0.1162,19.68,11.51,0.3138,0.1833,19.97,11.8,0.3184,0.1879,30.24,22.07,0.4822,0.3514,30.37,22.2,0.4842,0.3535,39.39,31.22,0.6281,0.4971,40.34,32.17,0.6432,0.5123,39.02,30.85,0.6222,0.4913,36.02,27.85,0.5743,0.4435,37.65,29.48,0.6003,0.4694,46.07,37.9,0.7346,0.6035,51.64,43.47,0.8234,0.6922,47.62,39.45,0.7593,0.6282,,,,
2025-08-05,6336.63,6332.650000000001,-37.44,-33.46,-0.5909,-0.5284,9.37,-47.26,13.35,-43.28,-4.18,-0.2,-0.066,-0.0032,-3.07,0.91,-0.0484,0.0144,-2.22,1.76,-0.035,0.0278,-3.59,0.39,-0.0567,0.0062,5.75,9.73,0.0907,0.1536,7.85,11.83,0.1239,0.1868,2.72,6.7,0.0429,0.1058,-4.56,-0.58,-0.072,-0.0092,-14.81,-10.83,-0.2337,-0.171,-20.73,-16.75,-0.3271,-0.2645,-41.78,-37.8,-0.6593,-0.5969,-38.19,-34.21,-0.6027,-0.5402,-26.02,-22.04,-0.4106,-0.348,-20.03,-16.05,-0.3161,-0.2534,-34.26,-30.28,-0.5407,-0.4782,,,,
2025-08-06,6309.3,6305.77,35.87,39.4,0.5685,0.6248,41.45,-8.19,44.98,-4.66,1.12,4.65,0.0178,0.0737,1.57,5.1,0.0249,0.0809,0.62,4.15,0.0098,0.0658,2.52,6.05,0.0399,0.0959,-7.21,-3.68,-0.1143,-0.0584,-0.91,2.62,-0.0144,0.0415,-2.26,1.27,-0.0358,0.0201,1.81,5.34,0.0287,0.0847,5.74,9.27,0.091,0.147,-2.54,0.99,-0.0403,0.0157,19.64,23.17,0.3113,0.3674,31.81,35.34,0.5042,0.5604,31.88,35.41,0.5053,0.5615,32.53,36.06,0.5156,0.5719,38.81,42.34,0.6151,0.6714,,,,
2025-08-07,6374.32,6377.57,-33.24,-36.49,-0.5215,-0.5722,15.39,-64.0,12.14,-67.25,5.77,2.52,0.0905,0.0395,11.37,8.12,0.1784,0.1273,11.33,8.08,0.1777,0.1267,11.39,8.14,0.1787,0.1276,13.21,9.96,0.2072,0.1562,1.02,-2.23,0.016,-0.035,4.97,1.72,0.078,0.027,11.71,8.46,0.1837,0.1327,-13.21,-16.46,-0.2072,-0.2581,-21.68,-24.93,-0.3401,-0.3909,-26.2,-29.45,-0.411,-0.4618,-31.62,-34.87,-0.4961,-0.5468,-31.25,-34.5,-0.4902,-0.541,-55.3,-58.55,-0.8675,-0.9181,-60.28,-63.53,-0.9457,-0.9961,,,,
2025-08-08,6355.22,6362.24,34.97,27.95,0.5503,0.4393,39.94,0,32.92,-7.02,6.16,-0.86,0.0969,-0.0135,5.56,-1.46,0.0875,-0.0229,5.37,-1.65,0.0845,-0.0259,5.71,-1.31,0.0898,-0.0206,5.61,-1.41,0.0883,-0.0222,14.55,7.53,0.2289,0.1184,16.16,9.14,0.2543,0.1437,22.8,15.78,0.3588,0.248,22.0,14.98,0.3462,0.2355,29.77,22.75,0.4684,0.3576,21.31,14.29,0.3353,0.2246,20.73,13.71,0.3262,0.2155,32.18,25.16,0.5064,0.3955,29.43,22.41,0.4631,0.3522,36.21,29.19,0.5698,0.4588,,,,
2025-08-11,6389.67,6390.150000000001,-15.18,-15.66,-0.2376,-0.2451,17.58,-25.61,17.1,-26.09,-0.42,-0.9,-0.0066,-0.0141,-1.12,-1.6,-0.0175,-0.025,-2.37,-2.85,-0.0371,-0.0446,-0.46,-0.94,-0.0072,-0.0147,2.56,2.08,0.0401,0.0326,2.6,2.12,0.0407,0.0332,1.91,1.43,0.0299,0.0224,4.25,3.77,0.0665,0.059,3.87,3.39,0.0606,0.0531,1.03,0.55,0.0161,0.0086,-4.88,-5.36,-0.0764,-0.0839,-1.53,-2.01,-0.0239,-0.0315,13.64,13.16,0.2135,0.2059,1.82,1.34,0.0285,0.021,-4.59,-5.07,-0.0718,-0.0793,,,,
2025-08-12,6395.17,6402.7,50.13,42.6,0.7839,0.6653,51.38,-9.41,43.85,-16.94,3.7,-3.83,0.0579,-0.0598,6.53,-1.0,0.1021,-0.0156,11.81,4.28,0.1847,0.0668,18.15,10.62,0.2838,0.1659,17.75,10.22,0.2776,0.1596,6.47,-1.06,0.1012,-0.0166,-6.15,-13.68,-0.0962,-0.2137,-8.54,-16.07,-0.1335,-0.251,14.19,6.66,0.2219,0.104,16.87,9.34,0.2638,0.1459,22.36,14.83,0.3496,0.2316,25.96,18.43,0.4059,0.2878,37.77,30.24,0.5906,0.4723,37.41,29.88,0.585,0.4667,44.73,37.2,0.6994,0.581,,,,
2025-08-13,6462.67,6464.03,4.12,2.76,0.0638,0.0427,17.61,-17.65,16.25,-19.01,6.19,4.83,0.0958,0.0747,8.7,7.34,0.1346,0.1136,7.49,6.13,0.1159,0.0948,7.02,5.66,0.1086,0.0876,9.33,7.97,0.1444,0.1233,9.93,8.57,0.1537,0.1326,17.18,15.82,0.2658,0.2447,8.3,6.94,0.1284,0.1074,5.77,4.41,0.0893,0.0682,-2.24,-3.6,-0.0347,-0.0557,-7.31,-8.67,-0.1131,-0.1341,-8.43,-9.79,-0.1304,-0.1515,-12.41,-13.77,-0.192,-0.213,-8.89,-10.25,-0.1376,-0.1586,-4.63,-5.99,-0.0716,-0.0927,,,,
2025-08-14,6453.46,6445.24,14.34,22.56,0.2222,0.35,20.46,-12.39,28.68,-4.17,-7.31,0.91,-0.1133,0.0141,-10.54,-2.32,-0.1633,-0.036,-11.08,-2.86,-0.1717,-0.0444,-2.46,5.76,-0.0381,0.0894,-6.42,1.8,-0.0995,0.0279,-1.24,6.98,-0.0192,0.1083,3.51,11.73,0.0544,0.182,5.15,13.37,0.0798,0.2074,5.77,13.99,0.0894,0.2171,9.54,17.76,0.1478,0.2756,10.17,18.39,0.1576,0.2853,-0.8,7.42,-0.0124,0.1151,-3.86,4.36,-0.0598,0.0676,13.9,22.12,0.2154,0.3432,4.62,12.84,0.0716,0.1992,,,,
2025-08-15,6477.38,6472.84,-27.26,-22.72,-0.4208,-0.351,3.96,-35.53,8.5,-30.99,-6.69,-2.15,-0.1033,-0.0332,-5.01,-0.47,-0.0773,-0.0073,-5.9,-1.36,-0.0911,-0.021,-7.21,-2.67,-0.1113,-0.0412,-7.33,-2.79,-0.1132,-0.0431,-13.92,-9.38,-0.2149,-0.1449,-19.17,-14.63,-0.296,-0.226,-23.52,-18.98,-0.3631,-0.2932,-14.18,-9.64,-0.2189,-0.1489,-18.37,-13.83,-0.2836,-0.2137,-25.85,-21.31,-0.3991,-0.3292,-24.98,-20.44,-0.3856,-0.3158,-27.29,-22.75,-0.4213,-0.3515,-18.61,-14.07,-0.2873,-0.2174,-15.76,-11.22,-0.2433,-0.1733,,,,
2025-08-18,6445.02,6446.400000000001,4.22,2.84,0.0655,0.0441,10.33,-7.32,8.95,-8.7,1.59,0.21,0.0247,0.0033,0.53,-0.85,0.0082,-0.0132,3.26,1.88,0.0506,0.0292,4.69,3.31,0.0728,0.0513,3.49,2.11,0.0542,0.0327,6.59,5.21,0.1022,0.0808,4.11,2.73,0.0638,0.0423,-0.09,-1.47,-0.0014,-0.0228,1.99,0.61,0.0309,0.0095,-0.15,-1.53,-0.0023,-0.0237,3.3,1.92,0.0512,0.0298,-2.31,-3.69,-0.0358,-0.0572,3.83,2.45,0.0594,0.038,4.48,3.1,0.0695,0.0481,-1.26,-2.64,-0.0195,-0.041,,,,
2025-08-19,6446.24,6446.63,-34.44,-34.83,-0.5343,-0.5403,10.24,-46.02,9.85,-46.41,-3.65,-4.04,-0.0566,-0.0627,-9.19,-9.58,-0.1426,-0.1486,-8.59,-8.98,-0.1333,-0.1393,-9.89,-10.28,-0.1534,-0.1595,-1.79,-2.18,-0.0278,-0.0338,-4.95,-5.34,-0.0768,-0.0828,-6.75,-7.14,-0.1047,-0.1108,-1.83,-2.22,-0.0284,-0.0344,6.11,5.72,0.0948,0.0887,-1.5,-1.89,-0.0233,-0.0293,-22.46,-22.85,-0.3484,-0.3544,-15.23,-15.62,-0.2363,-0.2423,-27.15,-27.54,-0.4212,-0.4272,-33.51,-33.9,-0.5198,-0.5259,-40.68,-41.07,-0.6311,-0.6371,,,,
2025-08-20,6406.62,6402.89,-11.74,-8.01,-0.1832,-0.1251,1.78,-62.76,5.51,-59.03,-5.47,-1.74,-0.0854,-0.0272,-7.13,-3.4,-0.1113,-0.0531,-4.2,-0.47,-0.0656,-0.0073,-5.46,-1.73,-0.0852,-0.027,-8.65,-4.92,-0.135,-0.0768,-13.06,-9.33,-0.2039,-0.1457,-22.5,-18.77,-0.3512,-0.2931,-33.44,-29.71,-0.522,-0.464,-49.16,-45.43,-0.7673,-0.7095,-54.44,-50.71,-0.8497,-0.792,-56.06,-52.33,-0.875,-0.8173,-30.21,-26.48,-0.4715,-0.4136,-19.17,-15.44,-0.2992,-0.2411,-24.36,-20.63,-0.3802,-0.3222,-33.49,-29.76,-0.5227,-0.4648,,,,
2025-08-21,6380.83,6366.97,-10.65,3.21,-0.1669,0.0504,12.82,-28.12,26.68,-14.26,-12.83,1.03,-0.2011,0.0162,-8.43,5.43,-0.1321,0.0853,-2.81,11.05,-0.044,0.1736,-6.73,7.13,-0.1055,0.112,-7.96,5.9,-0.1247,0.0927,-17.56,-3.7,-0.2752,-0.0581,-9.27,4.59,-0.1453,0.0721,-10.22,3.64,-0.1602,0.0572,4.3,18.16,0.0674,0.2852,8.77,22.63,0.1374,0.3554,6.07,19.93,0.0951,0.313,2.65,16.51,0.0415,0.2593,-10.82,3.04,-0.1696,0.0477,-22.3,-8.44,-0.3495,-0.1326,-13.4,0.46,-0.21,0.0072,,,,
2025-08-22,6384.59,6385.49,81.76,80.86,1.2806,1.2663,94.3,0,93.4,-0.9,5.88,4.98,0.0921,0.078,8.15,7.25,0.1277,0.1135,5.61,4.71,0.0879,0.0738,6.69,5.79,0.1048,0.0907,18.92,18.02,0.2963,0.2822,25.9,25.0,0.4057,0.3915,24.17,23.27,0.3786,0.3644,55.69,54.79,0.8723,0.858,82.75,81.85,1.2961,1.2818,75.67,74.77,1.1852,1.1709,87.77,86.87,1.3747,1.3604,92.13,91.23,1.443,1.4287,79.38,78.48,1.2433,1.229,91.34,90.44,1.4306,1.4163,84.83,83.93,1.3287,1.3144,,,,
2025-08-25,6457.67,6454.59,-18.22,-15.14,-0.2821,-0.2346,9.22,-19.61,12.3,-16.53,-6.04,-2.96,-0.0935,-0.0459,-6.54,-3.46,-0.1013,-0.0536,-8.89,-5.81,-0.1377,-0.09,-4.43,-1.35,-0.0686,-0.0209,-4.12,-1.04,-0.0638,-0.0161,-5.5,-2.42,-0.0852,-0.0375,-5.47,-2.39,-0.0847,-0.037,-0.93,2.15,-0.0144,0.0333,-1.26,1.82,-0.0195,0.0282,-3.36,-0.28,-0.052,-0.0043,0.52,3.6,0.0081,0.0558,5.11,8.19,0.0791,0.1269,6.03,9.11,0.0934,0.1411,3.9,6.98,0.0604,0.1081,-2.49,0.59,-0.0386,0.0091,,,,
2025-08-26,6435.49,6433.2300000000005,30.21,32.47,0.4694,0.5047,32.88,-6.28,35.14,-4.02,2.45,4.71,0.0381,0.0732,3.97,6.23,0.0617,0.0968,5.55,7.81,0.0862,0.1214,4.17,6.43,0.0648,0.0999,3.2,5.46,0.0497,0.0849,3.64,5.9,0.0566,0.0917,-1.15,1.11,-0.0179,0.0173,5.47,7.73,0.085,0.1202,5.68,7.94,0.0883,0.1234,9.19,11.45,0.1428,0.178,4.2,6.46,0.0653,0.1004,2.9,5.16,0.0451,0.0802,12.17,14.43,0.1891,0.2243,12.14,14.4,0.1886,0.2238,14.64,16.9,0.2275,0.2627,,,,
2025-08-27,6462.26,6458.49,18.59,22.36,0.2877,0.3462,24.8,-4.42,28.57,-0.65,2.15,5.92,0.0333,0.0917,1.53,5.3,0.0237,0.0821,0.42,4.19,0.0065,0.0649,1.53,5.3,0.0237,0.0821,4.83,8.6,0.0747,0.1332,3.11,6.88,0.0481,0.1065,1.17,4.94,0.0181,0.0765,5.45,9.22,0.0843,0.1428,11.13,14.9,0.1722,0.2307,14.02,17.79,0.217,0.2755,14.29,18.06,0.2211,0.2796,15.1,18.87,0.2337,0.2922,11.0,14.77,0.1702,0.2287,16.52,20.29,0.2556,0.3142,23.84,27.61,0.3689,0.4275,,,,
2025-08-28,6483.84,6493.28,18.47,9.03,0.2849,0.1391,24.39,-16.88,14.95,-26.32,8.9,-0.54,0.1373,-0.0083,7.68,-1.76,0.1184,-0.0271,11.18,1.74,0.1724,0.0268,2.7,-6.74,0.0416,-0.1038,5.8,-3.64,0.0895,-0.0561,-1.74,-11.18,-0.0268,-0.1722,-9.91,-19.35,-0.1528,-0.298,-12.82,-22.26,-0.1977,-0.3428,-6.99,-16.43,-0.1078,-0.253,-9.78,-19.22,-0.1508,-0.296,-0.08,-9.52,-0.0012,-0.1466,-4.03,-13.47,-0.0622,-0.2074,8.83,-0.61,0.1362,-0.0094,12.17,2.73,0.1877,0.042,17.18,7.74,0.265,0.1192,,,,
2025-08-29,6489.28,6487.29,-27.46,-25.47,-0.4232,-0.3926,2.48,-44.71,4.47,-42.72,0.16,2.15,0.0025,0.0331,-1.68,0.31,-0.0259,0.0048,-3.14,-1.15,-0.0484,-0.0177,-3.23,-1.24,-0.0498,-0.0191,-7.4,-5.41,-0.114,-0.0834,-10.09,-8.1,-0.1555,-0.1249,-16.0,-14.01,-0.2466,-0.216,-16.46,-14.47,-0.2536,-0.2231,-39.2,-37.21,-0.6041,-0.5736,-29.88,-27.89,-0.4605,-0.4299,-35.83,-33.84,-0.5521,-0.5216,-34.33,-32.34,-0.529,-0.4985,-32.57,-30.58,-0.5019,-0.4714,-34.28,-32.29,-0.5283,-0.4977,-31.83,-29.84,-0.4905,-0.46,,,,
2025-09-02,6401.51,6373.82,13.44,41.13,0.21,0.6453,15.03,-40.93,42.72,-13.24,-29.81,-2.12,-0.4657,-0.0333,-28.98,-1.29,-0.4527,-0.0202,-26.81,0.88,-0.4188,0.0138,-23.37,4.32,-0.3651,0.0678,-23.47,4.22,-0.3666,0.0662,-19.23,8.46,-0.3004,0.1327,-6.79,20.9,-0.1061,0.3279,7.55,35.24,0.1179,0.5529,-4.48,23.21,-0.07,0.3641,1.47,29.16,0.023,0.4575,-11.18,16.51,-0.1746,0.259,-26.67,1.02,-0.4166,0.016,-32.02,-4.33,-0.5002,-0.0679,-11.63,16.06,-0.1817,0.252,-11.0,16.69,-0.1718,0.2619,,,,
2025-09-03,6445.82,6439.92,1.99,7.89,0.0309,0.1225,7.85,-29.65,13.75,-23.75,-8.02,-2.12,-0.1244,-0.0329,-5.56,0.34,-0.0863,0.0053,-2.86,3.04,-0.0444,0.0472,-4.24,1.66,-0.0658,0.0258,-5.7,0.2,-0.0884,0.0031,-8.71,-2.81,-0.1351,-0.0436,-7.8,-1.9,-0.121,-0.0295,-9.92,-4.02,-0.1539,-0.0624,-14.42,-8.52,-0.2237,-0.1323,-6.54,-0.64,-0.1015,-0.0099,5.44,11.34,0.0844,0.1761,-9.51,-3.61,-0.1475,-0.0561,-10.45,-4.55,-0.1621,-0.0707,-11.08,-5.18,-0.1719,-0.0804,-24.39,-18.49,-0.3784,-0.2871,,,,
2025-09-04,6456.6,6455.8,44.9,45.7,0.6954,0.7079,45.94,-10.62,46.74,-9.82,0.01,0.81,0.0002,0.0125,-1.08,-0.28,-0.0167,-0.0043,0.83,1.63,0.0129,0.0252,4.72,5.52,0.0731,0.0855,5.42,6.22,0.0839,0.0963,5.45,6.25,0.0844,0.0968,4.19,4.99,0.0649,0.0773,2.96,3.76,0.0458,0.0582,-8.98,-8.18,-0.1391,-0.1267,5.24,6.04,0.0812,0.0936,12.36,13.16,0.1914,0.2038,15.36,16.16,0.2379,0.2503,15.62,16.42,0.2419,0.2543,21.59,22.39,0.3344,0.3468,26.59,27.39,0.4118,0.4243,,,,
2025-09-05,6529.08,6526.42,-46.92,-44.26,-0.7186,-0.6782,3.57,-85.1,6.23,-82.44,2.76,5.42,0.0423,0.083,-1.41,1.25,-0.0216,0.0192,-3.64,-0.98,-0.0558,-0.015,-0.44,2.22,-0.0067,0.034,-2.27,0.39,-0.0348,0.006,-3.58,-0.92,-0.0548,-0.0141,0.86,3.52,0.0132,0.0539,-14.18,-11.52,-0.2172,-0.1765,-30.8,-28.14,-0.4717,-0.4312,-53.97,-51.31,-0.8266,-0.7862,-74.84,-72.18,-1.1463,-1.106,-57.53,-54.87,-0.8811,-0.8407,-60.7,-58.04,-0.9297,-0.8893,-58.72,-56.06,-0.8994,-0.859,-59.74,-57.08,-0.915,-0.8746,,,,
2025-09-08,6498.09,6492.51,-2.03,3.55,-0.0312,0.0547,10.58,-14.8,16.16,-9.22,-4.46,1.12,-0.0686,0.0173,-5.33,0.25,-0.082,0.0039,-3.89,1.69,-0.0599,0.026,0.66,6.24,0.0102,0.0961,-2.14,3.44,-0.0329,0.053,-3.39,2.19,-0.0522,0.0337,-4.56,1.02,-0.0702,0.0157,-4.83,0.75,-0.0743,0.0116,-4.85,0.73,-0.0746,0.0112,2.35,7.93,0.0362,0.1221,7.45,13.03,0.1146,0.2007,9.72,15.3,0.1496,0.2357,-1.04,4.54,-0.016,0.0699,-2.03,3.55,-0.0312,0.0547,-4.21,1.37,-0.0648,0.0211,,,,
2025-09-09,6501.93,6501.0,10.47,11.4,0.161,0.1754,16.3,-1.53,17.23,-0.6,-1.1,-0.17,-0.0169,-0.0026,-0.5,0.43,-0.0077,0.0066,0.82,1.75,0.0126,0.0269,1.53,2.46,0.0235,0.0378,1.66,2.59,0.0255,0.0398,4.02,4.95,0.0618,0.0761,1.66,2.59,0.0255,0.0398,4.99,5.92,0.0767,0.0911,4.42,5.35,0.068,0.0823,6.55,7.48,0.1007,0.1151,7.1,8.03,0.1092,0.1235,6.28,7.21,0.0966,0.1109,12.12,13.05,0.1864,0.2007,,,,,,,,,,,,
2025-09-10,6550.29,6537.91,-18.39,-6.01,-0.2808,-0.0919,5.68,-33.95,18.06,-21.57,-11.11,1.27,-0.1696,0.0194,-12.0,0.38,-0.1832,0.0058,-7.93,4.45,-0.1211,0.0681,-4.46,7.92,-0.0681,0.1211,-6.84,5.54,-0.1044,0.0847,-8.16,4.22,-0.1246,0.0645,-3.65,8.73,-0.0557,0.1335,0.04,12.42,0.0006,0.19,5.26,17.64,0.0803,0.2698,-1.25,11.13,-0.0191,0.1702,-5.75,6.63,-0.0878,0.1014,-14.21,-1.83,-0.2169,-0.028,-12.36,0.02,-0.1887,0.0003,-18.27,-5.89,-0.2789,-0.0901,-23.82,-11.44,-0.3636,-0.175,,,,
2025-09-11,6554.41,6551.8,32.29,34.9,0.4926,0.5327,38.48,-8.61,41.09,-6.0,-0.14,2.47,-0.0021,0.0377,0.36,2.97,0.0055,0.0453,1.98,4.59,0.0302,0.0701,-0.12,2.49,-0.0018,0.038,-3.1,-0.49,-0.0473,-0.0075,-7.08,-4.47,-0.108,-0.0682,0.17,2.78,0.0026,0.0424,9.44,12.05,0.144,0.1839,13.24,15.85,0.202,0.2419,15.72,18.33,0.2398,0.2798,22.74,25.35,0.3469,0.3869,31.32,33.93,0.4778,0.5179,29.23,31.84,0.446,0.486,28.75,31.36,0.4386,0.4786,28.79,31.4,0.4392,0.4793,,,,
2025-09-12,6590.66,6584.52,-6.69,-0.55,-0.1015,-0.0084,9.55,-11.17,15.69,-5.03,-5.3,0.84,-0.0804,0.0128,-6.26,-0.12,-0.095,-0.0018,-5.04,1.1,-0.0765,0.0167,-6.19,-0.05,-0.0939,-0.0008,-5.67,0.47,-0.086,0.0071,-7.69,-1.55,-0.1167,-0.0235,-4.52,1.62,-0.0686,0.0246,-2.22,3.92,-0.0337,0.0595,-6.58,-0.44,-0.0998,-0.0067,-2.68,3.46,-0.0407,0.0525,3.31,9.45,0.0502,0.1435,-5.71,0.43,-0.0866,0.0065,-0.01,6.13,-0.0002,0.0931,0.41,6.55,0.0062,0.0995,3.97,10.11,0.0602,0.1535,,,,
2025-09-15,6603.49,6608.28,12.48,7.69,0.189,0.1164,16.13,-1.42,11.34,-6.21,5.51,0.72,0.0834,0.0109,5.22,0.43,0.079,0.0065,2.91,-1.88,0.0441,-0.0284,4.39,-0.4,0.0665,-0.0061,7.72,2.93,0.1169,0.0443,4.21,-0.58,0.0638,-0.0088,7.5,2.71,0.1136,0.041,10.07,5.28,0.1525,0.0799,8.05,3.26,0.1219,0.0493,12.57,7.78,0.1904,0.1177,14.31,9.52,0.2167,0.1441,8.82,4.03,0.1336,0.061,12.05,7.26,0.1825,0.1099,3.03,-1.76,0.0459,-0.0266,3.87,-0.92,0.0586,-0.0139,,,,
2025-09-16,6624.13,6624.25,-17.49,-17.61,-0.264,-0.2658,2.86,-24.02,2.74,-24.14,-2.17,-2.29,-0.0328,-0.0346,-1.94,-2.06,-0.0293,-0.0311,-3.54,-3.66,-0.0534,-0.0553,-2.62,-2.74,-0.0396,-0.0414,-8.61,-8.73,-0.13,-0.1318,-9.68,-9.8,-0.1461,-0.1479,-13.12,-13.24,-0.1981,-0.1999,-14.22,-14.34,-0.2147,-0.2165,-14.36,-14.48,-0.2168,-0.2186,-16.38,-16.5,-0.2473,-0.2491,-18.82,-18.94,-0.2841,-0.2859,-19.69,-19.81,-0.2972,-0.2991,-17.42,-17.54,-0.263,-0.2648,-14.13,-14.25,-0.2133,-0.2151,-14.71,-14.83,-0.2221,-0.2239,,,,
2025-09-17,6604.87,6611.59,-3.98,-10.7,-0.0603,-0.1618,19.52,-53.72,12.8,-60.44,4.79,-1.93,0.0725,-0.0292,4.58,-2.14,0.0693,-0.0324,3.05,-3.67,0.0462,-0.0555,4.8,-1.92,0.0727,-0.029,2.17,-4.55,0.0329,-0.0688,-0.5,-7.22,-0.0076,-0.1092,5.93,-0.79,0.0898,-0.0119,1.41,-5.31,0.0213,-0.0803,-2.54,-9.26,-0.0385,-0.1401,-5.81,-12.53,-0.088,-0.1895,-3.24,-9.96,-0.0491,-0.1506,-6.7,-13.42,-0.1014,-0.203,-7.55,-14.27,-0.1143,-0.2158,-9.64,-16.36,-0.146,-0.2474,2.34,-4.38,0.0354,-0.0662,,,,
2025-09-18,6626.85,6623.53,4.32,7.64,0.0652,0.1153,29.95,-14.96,33.27,-11.64,2.93,6.25,0.0442,0.0944,0.96,4.28,0.0145,0.0646,1.58,4.9,0.0238,0.074,3.46,6.78,0.0522,0.1024,-5.86,-2.54,-0.0884,-0.0383,-12.62,-9.3,-0.1904,-0.1404,2.29,5.61,0.0346,0.0847,5.1,8.42,0.077,0.1271,18.52,21.84,0.2795,0.3297,28.03,31.35,0.423,0.4733,10.45,13.77,0.1577,0.2079,17.23,20.55,0.26,0.3103,16.16,19.48,0.2439,0.2941,15.19,18.51,0.2292,0.2795,10.35,13.67,0.1562,0.2064,,,,
2025-09-19,6647.110000000001,6647.75,15.73,15.09,0.2366,0.227,24.71,-16.8,24.07,-17.44,0.68,0.04,0.0102,0.0006,-0.86,-1.5,-0.0129,-0.0226,-3.28,-3.92,-0.0493,-0.059,-4.79,-5.43,-0.0721,-0.0817,-2.41,-3.05,-0.0363,-0.0459,-5.22,-5.86,-0.0785,-0.0882,3.0,2.36,0.0451,0.0355,-1.25,-1.89,-0.0188,-0.0284,-1.22,-1.86,-0.0184,-0.028,-1.53,-2.17,-0.023,-0.0326,-2.91,-3.55,-0.0438,-0.0534,-15.84,-16.48,-0.2383,-0.2479,4.35,3.71,0.0654,0.0558,4.94,4.3,0.0743,0.0647,4.16,3.52,0.0626,0.053,,,,
2025-09-22,6654.28,6652.26,39.48,41.5,0.5933,0.6238,44.6,-6.21,46.62,-4.19,-0.9,1.12,-0.0135,0.0168,1.54,3.56,0.0231,0.0535,-1.29,0.73,-0.0194,0.011,-1.71,0.31,-0.0257,0.0047,-5.84,-3.82,-0.0878,-0.0574,-1.41,0.61,-0.0212,0.0092,1.52,3.54,0.0228,0.0532,3.92,5.94,0.0589,0.0893,6.51,8.53,0.0978,0.1282,13.06,15.08,0.1963,0.2267,23.11,25.13,0.3473,0.3778,21.83,23.85,0.3281,0.3585,31.45,33.47,0.4726,0.5031,37.13,39.15,0.558,0.5885,38.12,40.14,0.5729,0.6034,,,,
2025-09-23,6692.4400000000005,6693.35,-34.35,-35.26,-0.5133,-0.5268,7.08,-46.86,6.17,-47.77,2.61,1.7,0.039,0.0254,1.81,0.9,0.027,0.0134,2.56,1.65,0.0383,0.0247,3.28,2.37,0.049,0.0354,1.84,0.93,0.0275,0.0139,0.91,0.0,0.0136,0.0,3.2,2.29,0.0478,0.0342,0.78,-0.13,0.0117,-0.0019,2.82,1.91,0.0421,0.0285,-0.18,-1.09,-0.0027,-0.0163,-4.67,-5.58,-0.0698,-0.0834,-4.64,-5.55,-0.0693,-0.0829,-14.17,-15.08,-0.2117,-0.2253,-28.87,-29.78,-0.4314,-0.4449,-38.51,-39.42,-0.5754,-0.5889,,,,
2025-09-24,6669.79,6667.74,-33.11,-31.06,-0.4964,-0.4658,2.87,-48.03,4.92,-45.98,-1.32,0.73,-0.0198,0.0109,-2.19,-0.14,-0.0328,-0.0021,-4.56,-2.51,-0.0684,-0.0376,-3.32,-1.27,-0.0498,-0.019,-6.71,-4.66,-0.1006,-0.0699,-10.55,-8.5,-0.1582,-0.1275,-16.57,-14.52,-0.2484,-0.2178,-16.74,-14.69,-0.251,-0.2203,-12.9,-10.85,-0.1934,-0.1627,-12.9,-10.85,-0.1934,-0.1627,-13.26,-11.21,-0.1988,-0.1681,-17.32,-15.27,-0.2597,-0.229,-35.52,-33.47,-0.5326,-0.502,-28.64,-26.59,-0.4294,-0.3988,-40.55,-38.5,-0.608,-0.5774,,,,
2025-09-25,6608.1900000000005,6596.28,-3.99,7.92,-0.0604,0.1201,10.81,-38.97,22.72,-27.06,-12.59,-0.68,-0.1905,-0.0103,-9.24,2.67,-0.1398,0.0405,-7.88,4.03,-0.1192,0.0611,-16.05,-4.14,-0.2429,-0.0628,-27.7,-15.79,-0.4192,-0.2394,-26.29,-14.38,-0.3978,-0.218,-17.44,-5.53,-0.2639,-0.0838,-25.76,-13.85,-0.3898,-0.21,2.48,14.39,0.0375,0.2182,2.07,13.98,0.0313,0.2119,2.87,14.78,0.0434,0.2241,-4.67,7.24,-0.0707,0.1098,2.53,14.44,0.0383,0.2189,-9.73,2.18,-0.1472,0.033,-13.09,-1.18,-0.1981,-0.0179,,,,
2025-09-26,6615.38,6617.650000000001,28.16,25.89,0.4257,0.3912,33.59,-10.95,31.32,-13.22,4.9,2.63,0.0741,0.0397,14.82,12.55,0.224,0.1896,17.43,15.16,0.2635,0.2291,18.54,16.27,0.2803,0.2459,18.19,15.92,0.275,0.2406,19.4,17.13,0.2933,0.2589,24.71,22.44,0.3735,0.3391,31.74,29.47,0.4798,0.4453,1.71,-0.56,0.0258,-0.0085,-4.9,-7.17,-0.0741,-0.1083,-4.82,-7.09,-0.0729,-0.1071,9.8,7.53,0.1481,0.1138,15.32,13.05,0.2316,0.1972,26.62,24.35,0.4024,0.368,28.71,26.44,0.434,0.3995,,,,
2025-09-29,6661.58,6668.150000000001,0.13,-6.44,0.002,-0.0966,15.73,-17.09,9.16,-23.66,6.45,-0.12,0.0968,-0.0018,9.47,2.9,0.1422,0.0435,8.77,2.2,0.1317,0.033,5.81,-0.76,0.0872,-0.0114,3.73,-2.84,0.056,-0.0426,9.03,2.46,0.1356,0.0369,8.05,1.48,0.1208,0.0222,9.31,2.74,0.1398,0.0411,11.34,4.77,0.1702,0.0715,10.44,3.87,0.1567,0.058,8.34,1.77,0.1252,0.0265,-0.63,-7.2,-0.0095,-0.108,0.45,-6.12,0.0068,-0.0918,-10.72,-17.29,-0.1609,-0.2593,-1.05,-7.62,-0.0158,-0.1143,,,,
2025-09-30,6656.1900000000005,6655.16,30.87,31.9,0.4638,0.4793,35.06,-15.19,36.09,-14.16,-0.7,0.33,-0.0105,0.005,-2.65,-1.62,-0.0398,-0.0243,-5.63,-4.6,-0.0846,-0.0691,-6.68,-5.65,-0.1004,-0.0849,-4.58,-3.55,-0.0688,-0.0533,0.8,1.83,0.012,0.0275,-5.62,-4.59,-0.0844,-0.069,2.11,3.14,0.0317,0.0472,-3.21,-2.18,-0.0482,-0.0328,-1.32,-0.29,-0.0198,-0.0044,1.68,2.71,0.0252,0.0407,-8.17,-7.14,-0.1227,-0.1073,4.61,5.64,0.0693,0.0847,-12.78,-11.75,-0.192,-0.1766,8.0,9.03,0.1202,0.1357,,,,
2025-10-01,6664.92,6658.81,46.0,52.11,0.6902,0.7826,53.56,-8.72,59.67,-2.61,1.98,8.09,0.0297,0.1215,4.69,10.8,0.0704,0.1622,5.84,11.95,0.0876,0.1795,6.47,12.58,0.0971,0.1889,12.79,18.9,0.1919,0.2838,8.54,14.65,0.1281,0.22,-4.59,1.52,-0.0689,0.0228,0.27,6.38,0.0041,0.0958,6.76,12.87,0.1014,0.1933,15.86,21.97,0.238,0.3299,20.18,26.29,0.3028,0.3948,25.14,31.25,0.3772,0.4693,30.35,36.46,0.4554,0.5475,37.86,43.97,0.568,0.6603,48.65,54.76,0.7299,0.8224,,,,
2025-10-02,6731.31,6724.9800000000005,-15.51,-9.18,-0.2304,-0.1365,0.63,-38.08,6.96,-31.75,-2.29,4.04,-0.034,0.0601,-1.63,4.7,-0.0242,0.0699,-1.4,4.93,-0.0208,0.0733,-1.62,4.71,-0.0241,0.07,-12.1,-5.77,-0.1798,-0.0858,-11.75,-5.42,-0.1746,-0.0806,-16.57,-10.24,-0.2462,-0.1523,-13.7,-7.37,-0.2035,-0.1096,-19.24,-12.91,-0.2858,-0.192,-17.32,-10.99,-0.2573,-0.1634,-30.46,-24.13,-0.4525,-0.3588,-30.55,-24.22,-0.4538,-0.3601,-25.39,-19.06,-0.3772,-0.2834,-22.34,-16.01,-0.3319,-0.2381,-10.96,-4.63,-0.1628,-0.0688,,,,
2025-10-03,6722.14,6725.4800000000005,-6.28,-9.62,-0.0934,-0.143,28.73,-16.47,25.39,-19.81,9.15,5.81,0.1361,0.0864,7.32,3.98,0.1089,0.0592,7.56,4.22,0.1125,0.0627,8.08,4.74,0.1202,0.0705,14.01,10.67,0.2084,0.1587,11.36,8.02,0.169,0.1192,12.87,9.53,0.1915,0.1417,7.23,3.89,0.1076,0.0578,10.04,6.7,0.1494,0.0996,16.85,13.51,0.2507,0.2009,22.83,19.49,0.3396,0.2898,19.63,16.29,0.292,0.2422,26.26,22.92,0.3906,0.3408,5.88,2.54,0.0875,0.0378,7.11,3.77,0.1058,0.0561,,,,
2025-10-06,6733.860000000001,6736.75,6.43,3.54,0.0955,0.0525,15.66,-16.08,12.77,-18.97,3.07,0.18,0.0456,0.0027,2.22,-0.67,0.033,-0.0099,1.89,-1.0,0.0281,-0.0148,-1.01,-3.9,-0.015,-0.0579,-2.28,-5.17,-0.0339,-0.0767,-6.84,-9.73,-0.1016,-0.1444,-6.0,-8.89,-0.0891,-0.132,-8.96,-11.85,-0.1331,-0.1759,-6.1,-8.99,-0.0906,-0.1334,-4.52,-7.41,-0.0671,-0.11,-1.41,-4.3,-0.0209,-0.0638,1.99,-0.9,0.0296,-0.0134,7.75,4.86,0.1151,0.0721,10.8,7.91,0.1604,0.1174,13.57,10.68,0.2015,0.1585,,,,
2025-10-07,6746.14,6747.49,-31.86,-33.21,-0.4723,-0.4922,8.35,-46.18,7.0,-47.53,4.33,2.98,0.0642,0.0442,5.87,4.52,0.087,0.067,4.78,3.43,0.0709,0.0508,6.78,5.43,0.1005,0.0805,6.37,5.02,0.0944,0.0744,0.96,-0.39,0.0142,-0.0058,-1.33,-2.68,-0.0197,-0.0397,-0.6,-1.95,-0.0089,-0.0289,-2.62,-3.97,-0.0388,-0.0588,-10.03,-11.38,-0.1487,-0.1687,-12.41,-13.76,-0.184,-0.2039,-31.39,-32.74,-0.4653,-0.4852,-35.69,-37.04,-0.529,-0.5489,-33.57,-34.92,-0.4976,-0.5175,-36.32,-37.67,-0.5384,-0.5583,,,,
2025-10-08,6723.87,6726.49,29.71,27.09,0.4419,0.4027,31.77,-5.78,29.15,-8.4,4.21,1.59,0.0626,0.0236,5.1,2.48,0.0758,0.0369,2.91,0.29,0.0433,0.0043,-1.55,-4.17,-0.0231,-0.062,-1.44,-4.06,-0.0214,-0.0604,-1.36,-3.98,-0.0202,-0.0592,-0.54,-3.16,-0.008,-0.047,6.27,3.65,0.0932,0.0543,17.55,14.93,0.261,0.222,18.71,16.09,0.2783,0.2392,19.03,16.41,0.283,0.244,24.58,21.96,0.3656,0.3265,26.05,23.43,0.3874,0.3483,29.3,26.68,0.4358,0.3966,28.68,26.06,0.4265,0.3874,,,,
2025-10-09,6760.5,6761.08,-25.59,-26.17,-0.3785,-0.3871,4.08,-44.33,3.5,-44.91,3.3,2.72,0.0488,0.0402,-0.27,-0.85,-0.004,-0.0126,-1.02,-1.6,-0.0151,-0.0237,-3.19,-3.77,-0.0472,-0.0558,-2.79,-3.37,-0.0413,-0.0498,-10.96,-11.54,-0.1621,-0.1707,-7.87,-8.45,-0.1164,-0.125,-19.39,-19.97,-0.2868,-0.2954,-19.08,-19.66,-0.2822,-0.2908,-27.51,-28.09,-0.4069,-0.4155,-20.48,-21.06,-0.3029,-0.3115,-28.77,-29.35,-0.4256,-0.4341,-27.35,-27.93,-0.4046,-0.4131,-42.85,-43.43,-0.6338,-0.6424,-39.22,-39.8,-0.5801,-0.5887,,,,
2025-10-10,6740.49,6743.2,-187.69,-190.4,-2.7845,-2.8236,21.91,-189.71,19.2,-192.42,8.43,5.72,0.1251,0.0848,9.23,6.52,0.1369,0.0967,7.35,4.64,0.109,0.0688,10.27,7.56,0.1524,0.1121,15.26,12.55,0.2264,0.1861,20.62,17.91,0.3059,0.2656,9.23,6.52,0.1369,0.0967,13.07,10.36,0.1939,0.1536,5.51,2.8,0.0817,0.0415,10.02,7.31,0.1487,0.1084,-44.94,-47.65,-0.6667,-0.7066,-107.67,-110.38,-1.5974,-1.6369,-97.99,-100.7,-1.4538,-1.4934,-121.3,-124.01,-1.7996,-1.839,-125.53,-128.24,-1.8623,-1.9018,,,,
2025-10-13,6622.53,6629.1900000000005,31.38,24.72,0.4738,0.3729,46.15,-1.82,39.49,-8.48,13.71,7.05,0.207,0.1063,15.94,9.28,0.2407,0.14,11.21,4.55,0.1693,0.0686,-0.86,-7.52,-0.013,-0.1134,5.14,-1.52,0.0776,-0.0229,6.24,-0.42,0.0942,-0.0063,18.81,12.15,0.284,0.1833,31.48,24.82,0.4753,0.3744,26.49,19.83,0.4,0.2991,5.41,-1.25,0.0817,-0.0189,4.21,-2.45,0.0636,-0.037,27.71,21.05,0.4184,0.3175,34.99,28.33,0.5283,0.4274,31.87,25.21,0.4812,0.3803,42.52,35.86,0.6421,0.5409,,,,
2025-10-14,6602.49,6589.01,41.42,54.9,0.6273,0.8332,78.21,-47.42,91.69,-33.94,-13.16,0.32,-0.1993,0.0049,-13.24,0.24,-0.2005,0.0036,-21.44,-7.96,-0.3247,-0.1208,-25.49,-12.01,-0.3861,-0.1823,-28.13,-14.65,-0.4261,-0.2223,-37.7,-24.22,-0.571,-0.3676,-34.88,-21.4,-0.5283,-0.3248,-13.51,-0.03,-0.2046,-0.0005,-1.54,11.94,-0.0233,0.1812,15.03,28.51,0.2276,0.4327,20.17,33.65,0.3055,0.5107,19.07,32.55,0.2888,0.494,58.13,71.61,0.8804,1.0868,74.77,88.25,1.1325,1.3394,72.71,86.19,1.1013,1.3081,,,,
2025-10-15,6688.27,6686.28,-16.77,-14.78,-0.2507,-0.221,35.85,-76.16,37.84,-74.17,2.14,4.13,0.032,0.0618,2.87,4.86,0.0429,0.0727,4.08,6.07,0.061,0.0908,4.39,6.38,0.0656,0.0954,2.24,4.23,0.0335,0.0633,11.65,13.64,0.1742,0.204,0.47,2.46,0.007,0.0368,20.26,22.25,0.3029,0.3328,31.39,33.38,0.4693,0.4992,31.52,33.51,0.4713,0.5012,23.02,25.01,0.3442,0.374,11.81,13.8,0.1766,0.2064,-10.89,-8.9,-0.1628,-0.1331,-55.96,-53.97,-0.8367,-0.8072,-21.41,-19.42,-0.3201,-0.2904,,,,
2025-10-16,6689.02,6693.05,-60.02,-64.05,-0.8973,-0.957,20.32,-95.03,16.29,-99.06,7.93,3.9,0.1186,0.0583,3.96,-0.07,0.0592,-0.001,2.4,-1.63,0.0359,-0.0244,1.14,-2.89,0.017,-0.0432,-2.97,-7.0,-0.0444,-0.1046,13.08,9.05,0.1955,0.1352,-1.57,-5.6,-0.0235,-0.0837,-0.06,-4.09,-0.0009,-0.0611,-2.97,-7.0,-0.0444,-0.1046,2.66,-1.37,0.0398,-0.0205,6.31,2.28,0.0943,0.0341,-15.18,-19.21,-0.2269,-0.287,-55.33,-59.36,-0.8272,-0.8869,-28.55,-32.58,-0.4268,-0.4868,-82.31,-86.34,-1.2305,-1.29,,,,
2025-10-17,6613.27,6608.46,49.64,54.45,0.7506,0.8239,65.61,-9.51,70.42,-4.7,4.27,9.08,0.0646,0.1374,0.15,4.96,0.0023,0.0751,4.23,9.04,0.064,0.1368,13.53,18.34,0.2046,0.2775,3.97,8.78,0.06,0.1329,-4.81,0.0,-0.0727,0.0,13.32,18.13,0.2014,0.2743,6.9,11.71,0.1043,0.1772,44.78,49.59,0.6771,0.7504,28.25,33.06,0.4272,0.5003,5.01,9.82,0.0758,0.1486,4.16,8.97,0.0629,0.1357,43.42,48.23,0.6566,0.7298,19.56,24.37,0.2958,0.3688,56.78,61.59,0.8586,0.932,,,,
2025-10-20,6690.05,6703.76,44.72,31.01,0.6685,0.4626,54.3,0,40.59,-13.71,14.36,0.65,0.2146,0.0097,17.57,3.86,0.2626,0.0576,17.29,3.58,0.2584,0.0534,19.19,5.48,0.2868,0.0817,18.88,5.17,0.2822,0.0771,21.37,7.66,0.3194,0.1143,24.23,10.52,0.3622,0.1569,22.28,8.57,0.333,0.1278,26.16,12.45,0.391,0.1857,33.47,19.76,0.5003,0.2948,40.78,27.07,0.6096,0.4038,41.92,28.21,0.6266,0.4208,39.23,25.52,0.5864,0.3807,48.55,34.84,0.7257,0.5197,49.92,36.21,0.7462,0.5401,,,,
2025-10-21,6736.75,6736.34,-1.99,-1.58,-0.0295,-0.0235,15.41,-14.72,15.82,-14.31,-2.26,-1.85,-0.0335,-0.0275,-2.88,-2.47,-0.0428,-0.0367,1.0,1.41,0.0148,0.0209,3.57,3.98,0.053,0.0591,2.58,2.99,0.0383,0.0444,-5.82,-5.41,-0.0864,-0.0803,-4.54,-4.13,-0.0674,-0.0613,-11.76,-11.35,-0.1746,-0.1685,-4.56,-4.15,-0.0677,-0.0616,-8.02,-7.61,-0.119,-0.113,8.88,9.29,0.1318,0.1379,6.41,6.82,0.0951,0.1012,13.1,13.51,0.1945,0.2006,2.39,2.8,0.0355,0.0416,8.93,9.34,0.1326,0.1387,,,,
2025-10-22,6741.34,6732.88,-41.56,-33.1,-0.6165,-0.4916,0.41,-85.65,8.87,-77.19,-8.39,0.07,-0.1245,0.001,-8.5,-0.04,-0.1261,-0.0006,-12.11,-3.65,-0.1796,-0.0542,-11.8,-3.34,-0.175,-0.0496,-6.65,1.81,-0.0986,0.0269,-2.99,5.47,-0.0444,0.0812,-5.71,2.75,-0.0847,0.0408,-6.08,2.38,-0.0902,0.0353,-10.99,-2.53,-0.163,-0.0376,-27.26,-18.8,-0.4044,-0.2792,-19.1,-10.64,-0.2833,-0.158,-43.59,-35.13,-0.6466,-0.5218,-67.7,-59.24,-1.0043,-0.8799,-70.29,-61.83,-1.0427,-0.9183,-62.24,-53.78,-0.9233,-0.7988,,,,
2025-10-23,6703.650000000001,6704.49,34.52,33.68,0.5149,0.5023,45.88,-3.51,45.04,-4.35,0.0,-0.84,0.0,-0.0125,2.14,1.3,0.0319,0.0194,4.31,3.47,0.0643,0.0518,4.77,3.93,0.0712,0.0586,9.08,8.24,0.1354,0.1229,17.74,16.9,0.2646,0.2521,25.13,24.29,0.3749,0.3623,15.98,15.14,0.2384,0.2258,10.1,9.26,0.1507,0.1381,11.65,10.81,0.1738,0.1612,20.9,20.06,0.3118,0.2992,21.22,20.38,0.3165,0.304,25.73,24.89,0.3838,0.3712,29.22,28.38,0.4359,0.4233,43.73,42.89,0.6523,0.6397,,,,
2025-10-24,6772.07,6781.32,19.07,9.82,0.2816,0.1448,35.04,0,25.79,-9.25,9.05,-0.2,0.1336,-0.0029,12.45,3.2,0.1838,0.0472,13.63,4.38,0.2013,0.0646,19.57,10.32,0.289,0.1522,21.82,12.57,0.3222,0.1854,25.2,15.95,0.3721,0.2352,16.12,6.87,0.238,0.1013,24.81,15.56,0.3664,0.2295,25.07,15.82,0.3702,0.2333,13.44,4.19,0.1985,0.0618,18.2,8.95,0.2688,0.132,32.58,23.33,0.4811,0.344,29.94,20.69,0.4421,0.3051,30.45,21.2,0.4496,0.3126,30.96,21.71,0.4572,0.3201,,,,
2025-10-27,6845.46,6853.46,29.04,21.04,0.4242,0.307,31.82,-1.52,23.82,-9.52,6.69,-1.31,0.0977,-0.0191,4.51,-3.49,0.0659,-0.0509,5.71,-2.29,0.0834,-0.0334,-0.6,-8.6,-0.0088,-0.1255,4.94,-3.06,0.0722,-0.0446,3.01,-4.99,0.044,-0.0728,2.09,-5.91,0.0305,-0.0862,6.92,-1.08,0.1011,-0.0158,7.79,-0.21,0.1138,-0.0031,7.83,-0.17,0.1144,-0.0025,4.14,-3.86,0.0605,-0.0563,10.82,2.82,0.1581,0.0411,13.12,5.12,0.1917,0.0747,10.28,2.28,0.1502,0.0333,15.92,7.92,0.2326,0.1156,,,,
2025-10-28,6897.74,6892.3,-6.85,-1.41,-0.0993,-0.0205,13.56,-27.01,19.0,-21.57,-2.75,2.69,-0.0399,0.039,-5.87,-0.43,-0.0851,-0.0062,-5.41,0.03,-0.0784,0.0004,-9.96,-4.52,-0.1444,-0.0656,-13.58,-8.14,-0.1969,-0.1181,-17.04,-11.6,-0.247,-0.1683,-23.0,-17.56,-0.3334,-0.2548,-20.04,-14.6,-0.2905,-0.2118,-16.87,-11.43,-0.2446,-0.1658,-13.96,-8.52,-0.2024,-0.1236,-15.7,-10.26,-0.2276,-0.1489,-20.95,-15.51,-0.3037,-0.225,-6.68,-1.24,-0.0968,-0.018,-3.53,1.91,-0.0512,0.0277,5.87,11.31,0.0851,0.1641,,,,
2025-10-29,6910.95,6906.9400000000005,-18.78,-14.77,-0.2717,-0.2138,9.39,-59.04,13.4,-55.03,-1.44,2.57,-0.0208,0.0372,0.9,4.91,0.013,0.0711,0.32,4.33,0.0046,0.0627,1.19,5.2,0.0172,0.0753,0.26,4.27,0.0038,0.0618,3.92,7.93,0.0567,0.1148,1.76,5.77,0.0255,0.0835,7.53,11.54,0.109,0.1671,0.04,4.05,0.0006,0.0586,1.51,5.52,0.0218,0.0799,-3.79,0.22,-0.0548,0.0032,-4.95,-0.94,-0.0716,-0.0136,-2.81,1.2,-0.0407,0.0174,-10.42,-6.41,-0.1508,-0.0928,-9.54,-5.53,-0.138,-0.0801,,,,
2025-10-30,6860.5,6853.53,-38.07,-31.1,-0.5549,-0.4538,20.25,-39.81,27.22,-32.84,-6.28,0.69,-0.0915,0.0101,-7.81,-0.84,-0.1138,-0.0123,-7.97,-1.0,-0.1162,-0.0146,-13.4,-6.43,-0.1953,-0.0938,-22.73,-15.76,-0.3313,-0.23,-11.23,-4.26,-0.1637,-0.0622,10.0,16.97,0.1458,0.2476,16.94,23.91,0.2469,0.3489,4.18,11.15,0.0609,0.1627,2.31,9.28,0.0337,0.1354,7.49,14.46,0.1092,0.211,8.36,15.33,0.1219,0.2237,7.4,14.37,0.1079,0.2097,2.39,9.36,0.0348,0.1366,-3.91,3.06,-0.057,0.0446,,,,
2025-10-31,6879.17,6870.110000000001,-38.94,-29.88,-0.5661,-0.4349,0,-64.91,9.06,-55.85,-12.28,-3.22,-0.1785,-0.0469,-13.63,-4.57,-0.1981,-0.0665,-15.31,-6.25,-0.2226,-0.091,-14.65,-5.59,-0.213,-0.0814,-17.99,-8.93,-0.2615,-0.13,-28.03,-18.97,-0.4075,-0.2761,-24.39,-15.33,-0.3545,-0.2231,-26.93,-17.87,-0.3915,-0.2601,-26.87,-17.81,-0.3906,-0.2592,-25.23,-16.17,-0.3668,-0.2354,-13.93,-4.87,-0.2025,-0.0709,-19.97,-10.91,-0.2903,-0.1588,-36.21,-27.15,-0.5264,-0.3952,-55.3,-46.24,-0.8039,-0.6731,-33.35,-24.29,-0.4848,-0.3536,,,,
2025-11-03,6882.32,6872.95,-30.29,-20.92,-0.4401,-0.3044,0,-61.7,9.37,-52.33,-11.11,-1.74,-0.1614,-0.0253,-9.22,0.15,-0.134,0.0022,-12.65,-3.28,-0.1838,-0.0477,-17.11,-7.74,-0.2486,-0.1126,-26.16,-16.79,-0.3801,-0.2443,-29.53,-20.16,-0.4291,-0.2933,-34.74,-25.37,-0.5048,-0.3691,-39.85,-30.48,-0.579,-0.4435,-40.2,-30.83,-0.5841,-0.4486,-60.6,-51.23,-0.8805,-0.7454,-38.63,-29.26,-0.5613,-0.4257,-38.69,-29.32,-0.5622,-0.4266,-30.96,-21.59,-0.4498,-0.3141,-23.79,-14.42,-0.3457,-0.2098,-26.13,-16.76,-0.3797,-0.2439,,,,
2025-11-04,6788.52,6779.03,-16.12,-6.63,-0.2375,-0.0978,31.69,-21.81,41.18,-12.32,-9.33,0.16,-0.1374,0.0024,-13.16,-3.67,-0.1939,-0.0541,-19.37,-9.88,-0.2853,-0.1457,-21.35,-11.86,-0.3145,-0.175,-12.02,-2.53,-0.1771,-0.0373,-0.31,9.18,-0.0046,0.1354,6.46,15.95,0.0952,0.2353,19.39,28.88,0.2856,0.426,22.68,32.17,0.3341,0.4746,24.2,33.69,0.3565,0.497,19.92,29.41,0.2934,0.4338,13.65,23.14,0.2011,0.3413,1.62,11.11,0.0239,0.1639,-11.72,-2.23,-0.1726,-0.0329,-8.85,0.64,-0.1304,0.0094,,,,
2025-11-05,6769.77,6771.77,26.18,24.18,0.3867,0.3571,60.01,-6.66,58.01,-8.66,-1.05,-3.05,-0.0155,-0.045,2.38,0.38,0.0352,0.0056,2.72,0.72,0.0402,0.0106,-2.26,-4.26,-0.0334,-0.0629,-0.91,-2.91,-0.0134,-0.043,0.37,-1.63,0.0055,-0.0241,14.68,12.68,0.2168,0.1872,21.34,19.34,0.3152,0.2856,20.21,18.21,0.2985,0.2689,24.89,22.89,0.3677,0.338,27.51,25.51,0.4064,0.3767,33.35,31.35,0.4926,0.463,52.47,50.47,0.7751,0.7453,54.21,52.21,0.8008,0.771,52.89,50.89,0.7813,0.7515,,,,
2025-11-06,6787.59,6785.17,-65.87,-63.45,-0.9704,-0.9351,9.09,-80.08,11.51,-77.66,2.71,5.13,0.0399,0.0756,8.2,10.62,0.1208,0.1565,4.42,6.84,0.0651,0.1008,1.84,4.26,0.0271,0.0628,-1.0,1.42,-0.0147,0.0209,-0.21,2.21,-0.0031,0.0326,-10.16,-7.74,-0.1497,-0.1141,-30.37,-27.95,-0.4474,-0.4119,-34.41,-31.99,-0.507,-0.4715,-23.91,-21.49,-0.3523,-0.3167,-56.53,-54.11,-0.8328,-0.7975,-58.43,-56.01,-0.8608,-0.8255,-71.92,-69.5,-1.0596,-1.0243,-54.14,-51.72,-0.7976,-0.7623,-37.04,-34.62,-0.5457,-0.5102,,,,
2025-11-07,6696.18,6684.83,32.84,44.19,0.4904,0.661,33.93,-64.74,45.28,-53.39,-11.91,-0.56,-0.1779,-0.0084,-8.28,3.07,-0.1237,0.0459,-14.36,-3.01,-0.2145,-0.045,-14.89,-3.54,-0.2224,-0.053,-26.92,-15.57,-0.402,-0.2329,-17.96,-6.61,-0.2682,-0.0989,-23.99,-12.64,-0.3583,-0.1891,-21.9,-10.55,-0.3271,-0.1578,-7.04,4.31,-0.1051,0.0645,-15.0,-3.65,-0.224,-0.0546,-39.82,-28.47,-0.5947,-0.4259,-47.42,-36.07,-0.7082,-0.5396,-41.25,-29.9,-0.616,-0.4473,-22.75,-11.4,-0.3397,-0.1705,-5.62,5.73,-0.0839,0.0857,,,,
2025-11-10,6785.360000000001,6797.79,46.46,34.03,0.6847,0.5006,55.96,-14.8,43.53,-27.23,14.09,1.66,0.2077,0.0244,13.29,0.86,0.1959,0.0127,14.51,2.08,0.2138,0.0306,19.3,6.87,0.2844,0.1011,23.19,10.76,0.3418,0.1583,24.34,11.91,0.3587,0.1752,17.58,5.15,0.2591,0.0758,20.51,8.08,0.3023,0.1189,22.04,9.61,0.3248,0.1414,23.23,10.8,0.3424,0.1589,-6.95,-19.38,-0.1024,-0.2851,-4.87,-17.3,-0.0718,-0.2545,12.49,0.06,0.1841,0.0009,31.01,18.58,0.457,0.2733,42.5,30.07,0.6263,0.4423,,,,
2025-11-11,6815.64,6823.99,32.45,24.1,0.4761,0.3532,39.49,-8.77,31.14,-17.12,6.49,-1.86,0.0952,-0.0273,6.66,-1.69,0.0977,-0.0248,7.58,-0.77,0.1112,-0.0113,5.25,-3.1,0.077,-0.0454,5.17,-3.18,0.0759,-0.0466,6.37,-1.98,0.0935,-0.029,1.39,-6.96,0.0204,-0.102,8.0,-0.35,0.1174,-0.0051,-4.72,-13.07,-0.0693,-0.1915,-0.75,-9.1,-0.011,-0.1334,-3.94,-12.29,-0.0578,-0.1801,-5.9,-14.25,-0.0866,-0.2088,15.52,7.17,0.2277,0.1051,33.43,25.08,0.4905,0.3675,37.15,28.8,0.5451,0.422,,,,
2025-11-12,6867.77,6863.07,-15.77,-11.07,-0.2296,-0.1613,2.14,-38.15,6.84,-33.45,-8.16,-3.46,-0.1188,-0.0504,-6.1,-1.4,-0.0888,-0.0204,-5.69,-0.99,-0.0829,-0.0144,-0.96,3.74,-0.014,0.0545,-2.4,2.3,-0.0349,0.0335,-5.2,-0.5,-0.0757,-0.0073,-11.49,-6.79,-0.1673,-0.0989,-9.71,-5.01,-0.1414,-0.073,-18.71,-14.01,-0.2724,-0.2041,-18.05,-13.35,-0.2628,-0.1945,-24.71,-20.01,-0.3598,-0.2916,-22.06,-17.36,-0.3212,-0.2529,-22.22,-17.52,-0.3235,-0.2553,-10.94,-6.24,-0.1593,-0.0909,-21.54,-16.84,-0.3136,-0.2454,,,,
2025-11-13,6826.47,6817.8,-87.95,-79.28,-1.2884,-1.1628,1.58,-101.75,10.25,-93.08,-4.51,4.16,-0.0661,0.061,-6.16,2.51,-0.0902,0.0368,-3.53,5.14,-0.0517,0.0754,-12.31,-3.64,-0.1803,-0.0534,-20.16,-11.49,-0.2953,-0.1685,-28.82,-20.15,-0.4222,-0.2955,-21.43,-12.76,-0.3139,-0.1872,-16.91,-8.24,-0.2477,-0.1209,-0.93,7.74,-0.0136,0.1135,-18.34,-9.67,-0.2687,-0.1418,-42.69,-34.02,-0.6254,-0.499,-52.12,-43.45,-0.7635,-0.6373,-44.44,-35.77,-0.651,-0.5247,-82.46,-73.79,-1.2079,-1.0823,-77.57,-68.9,-1.1363,-1.0106,,,,
2025-11-14,6672.14,6663.860000000001,62.96,71.24,0.9436,1.0691,102.17,-25.27,110.45,-16.99,-10.64,-2.36,-0.1595,-0.0354,-22.41,-14.13,-0.3359,-0.212,-22.68,-14.4,-0.3399,-0.2161,-9.57,-1.29,-0.1434,-0.0194,1.58,9.86,0.0237,0.148,15.05,23.33,0.2256,0.3501,19.65,27.93,0.2945,0.4191,26.79,35.07,0.4015,0.5263,25.86,34.14,0.3876,0.5123,43.21,51.49,0.6476,0.7727,66.51,74.79,0.9968,1.1223,87.54,95.82,1.312,1.4379,91.15,99.43,1.3661,1.4921,80.02,88.3,1.1993,1.3251,88.37,96.65,1.3245,1.4504,,,,
2025-11-17,6713.610000000001,6705.53,-40.7,-32.62,-0.6062,-0.4865,40.89,-74.71,48.97,-66.63,-4.02,4.06,-0.0599,0.0605,3.89,11.97,0.0579,0.1785,4.97,13.05,0.074,0.1946,18.62,26.7,0.2773,0.3982,26.71,34.79,0.3978,0.5188,27.37,35.45,0.4077,0.5287,35.48,43.56,0.5285,0.6496,32.99,41.07,0.4914,0.6125,22.25,30.33,0.3314,0.4523,24.59,32.67,0.3663,0.4872,10.31,18.39,0.1536,0.2743,8.68,16.76,0.1293,0.2499,26.27,34.35,0.3913,0.5123,-12.12,-4.04,-0.1805,-0.0602,-40.91,-32.83,-0.6094,-0.4896,,,,
2025-11-18,6641.1900000000005,6636.63,-24.25,-19.69,-0.3651,-0.2967,25.44,-66.87,30.0,-62.31,-15.82,-11.26,-0.2382,-0.1697,7.96,12.52,0.1199,0.1886,12.02,16.58,0.181,0.2498,0.58,5.14,0.0087,0.0774,4.88,9.44,0.0735,0.1422,4.42,8.98,0.0666,0.1353,-17.66,-13.1,-0.2659,-0.1974,-34.8,-30.24,-0.524,-0.4557,-44.11,-39.55,-0.6642,-0.5959,-29.49,-24.93,-0.444,-0.3756,-50.97,-46.41,-0.7675,-0.6993,-8.56,-4.0,-0.1289,-0.0603,-41.36,-36.8,-0.6228,-0.5545,14.72,19.28,0.2216,0.2905,5.34,9.9,0.0804,0.1492,,,,
2025-11-19,6625.84,6623.16,17.09,19.77,0.2579,0.2985,63.91,-22.34,66.59,-19.66,-2.42,0.26,-0.0365,0.0039,-5.83,-3.15,-0.088,-0.0476,1.99,4.67,0.03,0.0705,10.5,13.18,0.1585,0.199,10.13,12.81,0.1529,0.1934,24.77,27.45,0.3738,0.4145,24.18,26.86,0.3649,0.4055,47.38,50.06,0.7151,0.7558,61.54,64.22,0.9288,0.9696,52.22,54.9,0.7881,0.8289,21.7,24.38,0.3275,0.3681,12.04,14.72,0.1817,0.2223,0.68,3.36,0.0103,0.0507,2.97,5.65,0.0448,0.0853,-7.5,-4.82,-0.1132,-0.0728,,,,
2025-11-20,6737.93,6743.4400000000005,-198.75,-204.26,-2.9497,-3.029,32.42,-203.88,26.91,-209.39,13.32,7.81,0.1977,0.1158,13.01,7.5,0.1931,0.1112,8.2,2.69,0.1217,0.0399,12.15,6.64,0.1803,0.0985,11.2,5.69,0.1662,0.0844,11.19,5.68,0.1661,0.0842,20.14,14.63,0.2989,0.217,28.89,23.38,0.4288,0.3467,7.94,2.43,0.1178,0.036,25.71,20.2,0.3816,0.2996,0.39,-5.12,0.0058,-0.0759,-42.84,-48.35,-0.6358,-0.717,-132.14,-137.65,-1.9611,-2.0412,-127.61,-133.12,-1.8939,-1.9741,-160.91,-166.42,-2.3881,-2.4679,,,,
2025-11-21,6555.77,6572.26,48.03,31.54,0.7326,0.4799,104.28,-33.85,87.79,-50.34,3.92,-12.57,0.0598,-0.1913,12.43,-4.06,0.1896,-0.0618,7.88,-8.61,0.1202,-0.131,8.57,-7.92,0.1307,-0.1205,10.33,-6.16,0.1576,-0.0937,-2.96,-19.45,-0.0452,-0.2959,5.76,-10.73,0.0879,-0.1633,5.17,-11.32,0.0789,-0.1722,-4.34,-20.83,-0.0662,-0.3169,-7.13,-23.62,-0.1088,-0.3594,-12.26,-28.75,-0.187,-0.4374,20.36,3.87,0.3106,0.0589,65.52,49.03,0.9994,0.746,47.21,30.72,0.7201,0.4674,98.26,81.77,1.4988,1.2442,,,,
2025-11-24,6636.54,6643.02,68.13,61.65,1.0266,0.928,79.21,-5.84,72.73,-12.32,16.09,9.61,0.2424,0.1447,22.75,16.27,0.3428,0.2449,23.94,17.46,0.3607,0.2628,31.09,24.61,0.4685,0.3705,11.93,5.45,0.1798,0.082,11.21,4.73,0.1689,0.0712,-2.13,-8.61,-0.0321,-0.1296,24.53,18.05,0.3696,0.2717,33.51,27.03,0.5049,0.4069,30.88,24.4,0.4653,0.3673,45.73,39.25,0.6891,0.5908,58.57,52.09,0.8825,0.7841,60.4,53.92,0.9101,0.8117,66.73,60.25,1.0055,0.907,64.76,58.28,0.9758,0.8773,,,,
2025-11-25,6697.03,6697.28,69.07,68.82,1.0314,1.0276,79.37,-37.05,79.12,-37.3,4.34,4.09,0.0648,0.0611,8.02,7.77,0.1198,0.116,10.75,10.5,0.1605,0.1568,15.79,15.54,0.2358,0.232,7.62,7.37,0.1138,0.11,-15.42,-15.67,-0.2303,-0.234,-27.85,-28.1,-0.4159,-0.4196,3.82,3.57,0.057,0.0533,-6.99,-7.24,-0.1044,-0.1081,11.34,11.09,0.1693,0.1656,15.01,14.76,0.2241,0.2204,23.18,22.93,0.3461,0.3424,53.34,53.09,0.7965,0.7927,58.49,58.24,0.8734,0.8696,51.62,51.37,0.7708,0.767,,,,
2025-11-26,6793.55,6795.55,18.21,16.21,0.268,0.2385,37.89,-9.68,35.89,-11.68,3.88,1.88,0.0571,0.0277,8.5,6.5,0.1251,0.0957,5.46,3.46,0.0804,0.0509,7.76,5.76,0.1142,0.0848,5.61,3.61,0.0826,0.0531,10.24,8.24,0.1507,0.1213,15.79,13.79,0.2324,0.2029,-6.8,-8.8,-0.1001,-0.1295,-3.77,-5.77,-0.0555,-0.0849,4.88,2.88,0.0718,0.0424,18.66,16.66,0.2747,0.2452,25.05,23.05,0.3687,0.3392,32.59,30.59,0.4797,0.4501,30.81,28.81,0.4535,0.424,34.17,32.17,0.503,0.4734,,,,
2025-11-28,6822.52,6823.88,26.57,25.21,0.3894,0.3694,28.34,-2.77,26.98,-4.13,3.82,2.46,0.056,0.036,6.26,4.9,0.0918,0.0718,5.98,4.62,0.0877,0.0677,6.35,4.99,0.0931,0.0731,-0.21,-1.57,-0.0031,-0.023,2.11,0.75,0.0309,0.011,7.62,6.26,0.1117,0.0917,5.43,4.07,0.0796,0.0596,10.06,8.7,0.1475,0.1275,8.29,6.93,0.1215,0.1016,16.78,15.42,0.246,0.226,11.53,10.17,0.169,0.149,13.72,12.36,0.2011,0.1811,,,,,,,,,,,,
2025-12-01,6812.3,6808.4400000000005,2.35,6.21,0.0345,0.0912,31.35,-12.36,35.21,-8.5,-9.42,-5.56,-0.1383,-0.0817,-7.73,-3.87,-0.1135,-0.0568,-4.25,-0.39,-0.0624,-0.0057,-1.02,2.84,-0.015,0.0417,-4.87,-1.01,-0.0715,-0.0148,-1.18,2.68,-0.0173,0.0394,7.74,11.6,0.1136,0.1704,18.52,22.38,0.2719,0.3287,8.13,11.99,0.1193,0.1761,-2.67,1.19,-0.0392,0.0175,17.05,20.91,0.2503,0.3071,14.26,18.12,0.2093,0.2661,19.74,23.6,0.2898,0.3466,27.55,31.41,0.4044,0.4613,6.25,10.11,0.0917,0.1485,,,,
2025-12-02,6830.96,6831.24,-3.13,-3.41,-0.0458,-0.0499,20.59,-24.25,20.31,-24.53,3.89,3.61,0.0569,0.0528,3.16,2.88,0.0463,0.0422,2.75,2.47,0.0403,0.0362,4.31,4.03,0.0631,0.059,9.05,8.77,0.1325,0.1284,7.42,7.14,0.1086,0.1045,4.56,4.28,0.0668,0.0627,9.12,8.84,0.1335,0.1294,14.31,14.03,0.2095,0.2054,-0.71,-0.99,-0.0104,-0.0145,15.56,15.28,0.2278,0.2237,-18.38,-18.66,-0.2691,-0.2732,8.58,8.3,0.1256,0.1215,-5.06,-5.34,-0.0741,-0.0782,-1.84,-2.12,-0.0269,-0.031,,,,
2025-12-03,6815.29,6814.360000000001,35.22,36.15,0.5168,0.5305,47.13,-4.86,48.06,-3.93,3.73,4.66,0.0547,0.0684,9.52,10.45,0.1397,0.1534,7.88,8.81,0.1156,0.1293,7.11,8.04,0.1043,0.118,8.03,8.96,0.1178,0.1315,7.31,8.24,0.1073,0.1209,5.88,6.81,0.0863,0.0999,10.59,11.52,0.1554,0.1691,10.88,11.81,0.1596,0.1733,13.82,14.75,0.2028,0.2165,22.94,23.87,0.3366,0.3503,22.85,23.78,0.3353,0.349,33.26,34.19,0.488,0.5017,38.58,39.51,0.5661,0.5798,41.19,42.12,0.6044,0.6181,,,,
2025-12-04,6866.47,6862.5,-8.51,-4.54,-0.1239,-0.0662,0,-39.35,3.97,-35.38,-3.79,0.18,-0.0552,0.0026,-0.98,2.99,-0.0143,0.0436,-6.12,-2.15,-0.0891,-0.0313,-9.27,-5.3,-0.135,-0.0772,-4.51,-0.54,-0.0657,-0.0079,-14.11,-10.14,-0.2055,-0.1478,-17.06,-13.09,-0.2485,-0.1907,-21.23,-17.26,-0.3092,-0.2515,-23.33,-19.36,-0.3398,-0.2821,-16.46,-12.49,-0.2397,-0.182,-19.77,-15.8,-0.2879,-0.2302,-22.37,-18.4,-0.3258,-0.2681,-15.04,-11.07,-0.219,-0.1613,-6.84,-2.87,-0.0996,-0.0418,-30.65,-26.68,-0.4464,-0.3888,,,,
2025-12-05,6866.32,6873.21,2.75,-4.14,0.0401,-0.0602,29.46,-8.03,22.57,-14.92,9.98,3.09,0.1453,0.045,8.79,1.9,0.128,0.0276,9.49,2.6,0.1382,0.0378,6.48,-0.41,0.0944,-0.006,4.41,-2.48,0.0642,-0.0361,6.89,0.0,0.1003,0.0,11.01,4.12,0.1603,0.0599,14.75,7.86,0.2148,0.1144,26.24,19.35,0.3822,0.2815,26.82,19.93,0.3906,0.29,15.46,8.57,0.2252,0.1247,2.67,-4.22,0.0389,-0.0614,-0.32,-7.21,-0.0047,-0.1049,12.83,5.94,0.1869,0.0864,5.27,-1.62,0.0768,-0.0236,,,,
2025-12-08,6875.2,6875.09,-27.36,-27.25,-0.398,-0.3964,3.07,-48.01,3.18,-47.9,-0.54,-0.43,-0.0079,-0.0063,-1.01,-0.9,-0.0147,-0.0131,-2.03,-1.92,-0.0295,-0.0279,-1.22,-1.11,-0.0177,-0.0161,-3.96,-3.85,-0.0576,-0.056,-5.08,-4.97,-0.0739,-0.0723,-7.66,-7.55,-0.1114,-0.1098,-8.67,-8.56,-0.1261,-0.1245,-15.89,-15.78,-0.2311,-0.2295,-20.92,-20.81,-0.3043,-0.3027,-28.97,-28.86,-0.4214,-0.4198,-23.15,-23.04,-0.3367,-0.3351,-36.13,-36.02,-0.5255,-0.5239,-37.26,-37.15,-0.5419,-0.5404,-41.01,-40.9,-0.5965,-0.5949,,,,
2025-12-09,6840.610000000001,6843.0,-0.29,-2.68,-0.0042,-0.0392,24.31,-3.18,21.92,-5.57,2.47,0.08,0.0361,0.0012,0.48,-1.91,0.007,-0.0279,4.33,1.94,0.0633,0.0284,8.23,5.84,0.1203,0.0853,6.3,3.91,0.0921,0.0571,7.72,5.33,0.1129,0.0779,13.43,11.04,0.1963,0.1613,15.53,13.14,0.227,0.192,13.08,10.69,0.1912,0.1562,13.32,10.93,0.1947,0.1597,16.77,14.38,0.2452,0.2101,20.57,18.18,0.3007,0.2657,18.85,16.46,0.2756,0.2405,13.58,11.19,0.1985,0.1635,7.96,5.57,0.1164,0.0814,,,,
2025-12-10,6833.49,6837.76,53.46,49.19,0.7823,0.7194,67.18,-8.8,62.91,-13.07,1.24,-3.03,0.0181,-0.0443,1.21,-3.06,0.0177,-0.0448,0.46,-3.81,0.0067,-0.0557,-5.28,-9.55,-0.0773,-0.1397,1.94,-2.33,0.0284,-0.0341,6.92,2.65,0.1013,0.0388,8.78,4.51,0.1285,0.066,5.51,1.24,0.0806,0.0181,8.33,4.06,0.1219,0.0594,6.57,2.3,0.0961,0.0336,-3.19,-7.46,-0.0467,-0.1091,14.3,10.03,0.2093,0.1467,8.88,4.61,0.1299,0.0674,6.9,2.63,0.101,0.0385,23.95,19.68,0.3505,0.2878,,,,
2025-12-11,6861.3,6856.09,40.8,46.01,0.5946,0.6711,42.16,-27.85,47.37,-22.64,-2.39,2.82,-0.0348,0.0411,0.01,5.22,0.0001,0.0761,-2.92,2.29,-0.0426,0.0334,1.17,6.38,0.0171,0.0931,2.85,8.06,0.0415,0.1176,0.13,5.34,0.0019,0.0779,-18.34,-13.13,-0.2673,-0.1915,-24.74,-19.53,-0.3606,-0.2849,-0.07,5.14,-0.001,0.075,11.03,16.24,0.1608,0.2369,5.24,10.45,0.0764,0.1524,0.26,5.47,0.0038,0.0798,26.89,32.1,0.3919,0.4682,26.51,31.72,0.3864,0.4627,37.61,42.82,0.5481,0.6246,,,,
2025-12-12,6886.85,6889.84,-58.96,-61.95,-0.8561,-0.8992,13.0,-85.06,10.01,-88.05,8.58,5.59,0.1246,0.0811,6.36,3.37,0.0923,0.0489,10.12,7.13,0.1469,0.1035,9.43,6.44,0.1369,0.0935,11.16,8.17,0.162,0.1186,1.26,-1.73,0.0183,-0.0251,-3.28,-6.27,-0.0476,-0.091,-6.22,-9.21,-0.0903,-0.1337,-18.28,-21.27,-0.2654,-0.3087,-39.18,-42.17,-0.5689,-0.6121,-53.22,-56.21,-0.7728,-0.8158,-66.33,-69.32,-0.9631,-1.0061,-64.51,-67.5,-0.9367,-0.9797,-39.06,-42.05,-0.5672,-0.6103,-59.54,-62.53,-0.8645,-0.9076,,,,
2025-12-15,6860.1900000000005,6857.1900000000005,-43.85,-40.85,-0.6392,-0.5957,1.4,-58.7,4.4,-55.7,-3.05,-0.05,-0.0445,-0.0007,-1.61,1.39,-0.0235,0.0203,-7.84,-4.84,-0.1143,-0.0706,-9.57,-6.57,-0.1395,-0.0958,-10.89,-7.89,-0.1587,-0.1151,-17.85,-14.85,-0.2602,-0.2166,-20.37,-17.37,-0.2969,-0.2533,-30.9,-27.9,-0.4504,-0.4069,-42.49,-39.49,-0.6194,-0.5759,-50.09,-47.09,-0.7302,-0.6867,-40.57,-37.57,-0.5914,-0.5479,-25.73,-22.73,-0.3751,-0.3315,-46.09,-43.09,-0.6718,-0.6284,-53.58,-50.58,-0.781,-0.7376,-42.81,-39.81,-0.624,-0.5806,,,,
2025-12-16,6800.12,6806.22,-1.61,-7.71,-0.0237,-0.1133,19.15,-40.38,13.05,-46.48,10.93,4.83,0.1607,0.071,6.5,0.4,0.0956,0.0059,5.41,-0.69,0.0796,-0.0101,3.13,-2.97,0.046,-0.0436,-1.95,-8.05,-0.0287,-0.1183,-12.01,-18.11,-0.1766,-0.2661,16.28,10.18,0.2394,0.1496,16.8,10.7,0.2471,0.1572,-2.87,-8.97,-0.0422,-0.1318,-13.28,-19.38,-0.1953,-0.2847,-0.03,-6.13,-0.0004,-0.0901,-22.05,-28.15,-0.3243,-0.4136,-14.37,-20.47,-0.2113,-0.3008,-31.62,-37.72,-0.465,-0.5542,-18.21,-24.31,-0.2678,-0.3572,,,,
2025-12-17,6802.88,6801.95,-80.66,-79.73,-1.1857,-1.1722,9.38,-82.45,10.31,-81.52,6.07,7.0,0.0892,0.1029,5.09,6.02,0.0748,0.0885,6.07,7.0,0.0892,0.1029,1.6,2.53,0.0235,0.0372,-4.34,-3.41,-0.0638,-0.0501,-11.65,-10.72,-0.1713,-0.1576,-5.3,-4.37,-0.0779,-0.0642,-6.62,-5.69,-0.0973,-0.0837,-7.03,-6.1,-0.1033,-0.0897,-5.49,-4.56,-0.0807,-0.067,-48.55,-47.62,-0.7137,-0.7001,-53.63,-52.7,-0.7883,-0.7748,-50.46,-49.53,-0.7417,-0.7282,-61.25,-60.32,-0.9004,-0.8868,-67.26,-66.33,-0.9887,-0.9752,,,,
2025-12-18,6778.06,6790.0,-3.71,-15.65,-0.0547,-0.2305,38.07,-19.56,26.13,-31.5,15.2,3.26,0.2243,0.048,13.54,1.6,0.1998,0.0236,10.42,-1.52,0.1537,-0.0224,3.61,-8.33,0.0533,-0.1227,2.52,-9.42,0.0372,-0.1387,-3.52,-15.46,-0.0519,-0.2277,-7.27,-19.21,-0.1073,-0.2829,13.83,1.89,0.204,0.0278,-1.69,-13.63,-0.0249,-0.2007,21.01,9.07,0.31,0.1336,30.52,18.58,0.4503,0.2736,29.71,17.77,0.4383,0.2617,-10.46,-22.4,-0.1543,-0.3299,22.33,10.39,0.3294,0.153,2.83,-9.11,0.0418,-0.1342,,,,
2025-12-19,6792.62,6800.27,42.08,34.43,0.6195,0.5063,47.4,0,39.75,-7.65,12.68,5.03,0.1867,0.074,16.41,8.76,0.2416,0.1288,13.95,6.3,0.2054,0.0926,18.58,10.93,0.2735,0.1607,16.5,8.85,0.2429,0.1301,29.94,22.29,0.4408,0.3278,27.68,20.03,0.4075,0.2945,36.9,29.25,0.5432,0.4301,32.09,24.44,0.4724,0.3594,24.27,16.62,0.3573,0.2444,24.65,17.0,0.3629,0.25,40.1,32.45,0.5903,0.4772,42.4,34.75,0.6242,0.511,43.44,35.79,0.6395,0.5263,42.91,35.26,0.6317,0.5185,,,,
2025-12-22,6865.21,6865.52,11.28,10.97,0.1643,0.1598,16.82,-9.47,16.51,-9.78,7.87,7.56,0.1146,0.1101,4.77,4.46,0.0695,0.065,-0.07,-0.38,-0.001,-0.0055,-0.87,-1.18,-0.0127,-0.0172,-3.31,-3.62,-0.0482,-0.0527,-3.96,-4.27,-0.0577,-0.0622,-2.55,-2.86,-0.0371,-0.0417,1.0,0.69,0.0146,0.0101,-4.82,-5.13,-0.0702,-0.0747,1.56,1.25,0.0227,0.0182,0.65,0.34,0.0095,0.005,11.16,10.85,0.1626,0.158,10.65,10.34,0.1551,0.1506,11.08,10.77,0.1614,0.1569,12.21,11.9,0.1779,0.1733,,,,
2025-12-23,6872.41,6880.67,36.61,28.35,0.5327,0.412,38.47,-3.6,30.21,-11.86,11.95,3.69,0.1739,0.0536,5.74,-2.52,0.0835,-0.0366,6.38,-1.88,0.0928,-0.0273,6.65,-1.61,0.0968,-0.0234,11.36,3.1,0.1653,0.0451,15.83,7.57,0.2303,0.11,15.22,6.96,0.2215,0.1012,9.51,1.25,0.1384,0.0182,5.67,-2.59,0.0825,-0.0376,12.06,3.8,0.1755,0.0552,20.23,11.97,0.2944,0.174,21.53,13.27,0.3133,0.1929,28.25,19.99,0.4111,0.2905,31.97,23.71,0.4652,0.3446,34.57,26.31,0.503,0.3824,,,,
2025-12-24,6904.91,6907.62,27.14,24.43,0.3931,0.3537,32.41,0,29.7,-2.71,5.74,3.03,0.0831,0.0439,7.05,4.34,0.1021,0.0628,6.95,4.24,0.1007,0.0614,7.37,4.66,0.1067,0.0675,5.15,2.44,0.0746,0.0353,8.17,5.46,0.1183,0.079,9.21,6.5,0.1334,0.0941,10.0,7.29,0.1448,0.1055,16.18,13.47,0.2343,0.195,15.35,12.64,0.2223,0.183,18.85,16.14,0.273,0.2337,24.26,21.55,0.3513,0.312,31.05,28.34,0.4497,0.4103,,,,,,,,,,,,
2025-12-26,6936.02,6933.91,-5.5,-3.39,-0.0793,-0.0489,9.75,-14.42,11.86,-12.31,-2.29,-0.18,-0.033,-0.0026,-0.66,1.45,-0.0095,0.0209,3.3,5.41,0.0476,0.078,5.38,7.49,0.0776,0.108,6.42,8.53,0.0926,0.123,8.79,10.9,0.1267,0.1572,1.93,4.04,0.0278,0.0583,-1.42,0.69,-0.0205,0.01,-10.22,-8.11,-0.1473,-0.117,0.18,2.29,0.0026,0.033,0.45,2.56,0.0065,0.0369,-4.8,-2.69,-0.0692,-0.0388,-6.14,-4.03,-0.0885,-0.0581,-10.28,-8.17,-0.1482,-0.1178,-6.48,-4.37,-0.0934,-0.063,,,,
2025-12-29,6903.6,6902.1900000000005,3.36,4.77,0.0487,0.0691,16.61,-14.84,18.02,-13.43,-1.15,0.26,-0.0167,0.0038,2.34,3.75,0.0339,0.0543,2.31,3.72,0.0335,0.0539,4.43,5.84,0.0642,0.0846,11.76,13.17,0.1703,0.1908,1.73,3.14,0.0251,0.0455,4.06,5.47,0.0588,0.0793,2.32,3.73,0.0336,0.054,-2.65,-1.24,-0.0384,-0.018,3.94,5.35,0.0571,0.0775,-2.6,-1.19,-0.0377,-0.0172,-4.14,-2.73,-0.06,-0.0396,-13.21,-11.8,-0.1913,-0.171,-2.3,-0.89,-0.0333,-0.0129,-0.8,0.61,-0.0116,0.0088,,,,
2025-12-30,6900.4400000000005,6904.64,-3.99,-8.19,-0.0578,-0.1186,12.81,-6.97,8.61,-11.17,2.15,-2.05,0.0312,-0.0297,3.69,-0.51,0.0535,-0.0074,0.12,-4.08,0.0017,-0.0591,-0.85,-5.05,-0.0123,-0.0731,0.72,-3.48,0.0104,-0.0504,-3.32,-7.52,-0.0481,-0.1089,8.34,4.14,0.1209,0.06,7.09,2.89,0.1027,0.0419,-1.94,-6.14,-0.0281,-0.0889,-3.73,-7.93,-0.0541,-0.1149,4.05,-0.15,0.0587,-0.0022,9.62,5.42,0.1394,0.0785,1.25,-2.95,0.0181,-0.0427,5.25,1.05,0.0761,0.0152,6.09,1.89,0.0883,0.0274,,,,
2025-12-31,6898.82,6899.77,-53.05,-54.0,-0.769,-0.7826,2.6,-54.27,1.65,-55.22,-0.06,-1.01,-0.0009,-0.0146,-3.4,-4.35,-0.0493,-0.063,-4.01,-4.96,-0.0581,-0.0719,-4.91,-5.86,-0.0712,-0.0849,-12.04,-12.99,-0.1745,-0.1883,-16.69,-17.64,-0.2419,-0.2557,-15.12,-16.07,-0.2192,-0.2329,-12.5,-13.45,-0.1812,-0.1949,-17.03,-17.98,-0.2469,-0.2606,-17.47,-18.42,-0.2532,-0.267,-26.49,-27.44,-0.384,-0.3977,-22.49,-23.44,-0.326,-0.3397,-21.3,-22.25,-0.3087,-0.3225,-18.71,-19.66,-0.2712,-0.2849,-21.41,-22.36,-0.3103,-0.3241,,,,
2026-01-02,6878.110000000001,6888.38,-19.57,-29.84,-0.2845,-0.4332,16.76,-53.8,6.49,-64.07,3.73,-6.54,0.0542,-0.0949,-2.42,-12.69,-0.0352,-0.1842,-6.36,-16.63,-0.0925,-0.2414,-8.61,-18.88,-0.1252,-0.2741,-9.3,-19.57,-0.1352,-0.2841,-0.61,-10.88,-0.0089,-0.1579,15.74,5.47,0.2288,0.0794,15.1,4.83,0.2195,0.0701,-11.65,-21.92,-0.1694,-0.3182,-28.26,-38.53,-0.4109,-0.5593,-40.11,-50.38,-0.5832,-0.7314,-33.43,-43.7,-0.486,-0.6344,-24.66,-34.93,-0.3585,-0.5071,-42.94,-53.21,-0.6243,-0.7725,-21.23,-31.5,-0.3087,-0.4573,,,,
2026-01-05,6892.1900000000005,6900.03,10.55,2.71,0.1531,0.0393,28.19,-0.63,20.35,-8.47,9.43,1.59,0.1368,0.023,5.45,-2.39,0.0791,-0.0346,6.0,-1.84,0.0871,-0.0267,3.67,-4.17,0.0532,-0.0604,2.89,-4.95,0.0419,-0.0717,12.16,4.32,0.1764,0.0626,0.92,-6.92,0.0133,-0.1003,5.03,-2.81,0.073,-0.0407,8.44,0.6,0.1225,0.0087,19.38,11.54,0.2812,0.1672,15.55,7.71,0.2256,0.1117,20.99,13.15,0.3045,0.1906,19.36,11.52,0.2809,0.167,19.35,11.51,0.2808,0.1668,16.38,8.54,0.2377,0.1238,,,,
2026-01-06,6908.03,6911.53,36.49,32.99,0.5282,0.4773,40.66,-4.01,37.16,-7.51,3.63,0.13,0.0525,0.0019,3.51,0.01,0.0508,0.0001,2.07,-1.43,0.03,-0.0207,0.4,-3.1,0.0058,-0.0449,-0.97,-4.47,-0.014,-0.0647,6.22,2.72,0.09,0.0394,14.43,10.93,0.2089,0.1581,20.6,17.1,0.2982,0.2474,23.65,20.15,0.3424,0.2915,23.36,19.86,0.3382,0.2873,7.58,4.08,0.1097,0.059,10.11,6.61,0.1464,0.0956,22.97,19.47,0.3325,0.2817,27.2,23.7,0.3937,0.3429,37.19,33.69,0.5384,0.4874,,,,
2026-01-07,6945.07,6944.7,-23.54,-23.17,-0.3389,-0.3336,20.62,-25.88,20.99,-25.51,0.06,0.43,0.0009,0.0062,-1.45,-1.08,-0.0209,-0.0156,-0.45,-0.08,-0.0065,-0.0012,4.24,4.61,0.0611,0.0664,4.69,5.06,0.0675,0.0729,9.7,10.07,0.1397,0.145,7.51,7.88,0.1081,0.1135,2.16,2.53,0.0311,0.0364,-5.81,-5.44,-0.0837,-0.0783,-3.18,-2.81,-0.0458,-0.0405,7.9,8.27,0.1137,0.1191,3.2,3.57,0.0461,0.0514,16.87,17.24,0.2429,0.2482,5.14,5.51,0.074,0.0793,-1.46,-1.09,-0.021,-0.0157,,,,
2026-01-08,6914.110000000001,6912.88,6.99,8.22,0.1011,0.1189,17.17,-14.78,18.4,-13.55,-0.18,1.05,-0.0026,0.0152,0.9,2.13,0.013,0.0308,1.28,2.51,0.0185,0.0363,-2.2,-0.97,-0.0318,-0.014,-1.9,-0.67,-0.0275,-0.0097,-11.07,-9.84,-0.1601,-0.1423,-4.4,-3.17,-0.0636,-0.0459,-8.18,-6.95,-0.1183,-0.1005,9.01,10.24,0.1303,0.1481,5.44,6.67,0.0787,0.0965,9.78,11.01,0.1414,0.1593,3.78,5.01,0.0547,0.0725,6.66,7.89,0.0963,0.1141,6.31,7.54,0.0913,0.1091,2.02,3.25,0.0292,0.047,,,,
2026-01-09,6927.83,6933.85,38.16,32.14,0.5508,0.4635,50.53,-10.19,44.51,-16.21,4.81,-1.21,0.0694,-0.0175,7.96,1.94,0.1149,0.028,10.04,4.02,0.1449,0.058,10.34,4.32,0.1493,0.0623,18.15,12.13,0.262,0.1749,11.06,5.04,0.1596,0.0727,7.99,1.97,0.1153,0.0284,10.32,4.3,0.149,0.062,12.28,6.26,0.1773,0.0903,27.36,21.34,0.3949,0.3078,18.93,12.91,0.2732,0.1862,26.93,20.91,0.3887,0.3016,40.3,34.28,0.5817,0.4944,37.85,31.83,0.5463,0.4591,46.8,40.78,0.6755,0.5881,,,,
2026-01-12,6944.12,6938.28,32.6,38.44,0.4695,0.554,42.21,-10.05,48.05,-4.21,-0.34,5.5,-0.0049,0.0793,-0.24,5.6,-0.0035,0.0807,-2.18,3.66,-0.0314,0.0528,2.02,7.86,0.0291,0.1133,6.93,12.77,0.0998,0.1841,8.4,14.24,0.121,0.2052,14.93,20.77,0.215,0.2994,17.59,23.43,0.2533,0.3377,14.35,20.19,0.2066,0.291,15.11,20.95,0.2176,0.3019,19.38,25.22,0.2791,0.3635,24.6,30.44,0.3543,0.4387,26.58,32.42,0.3828,0.4673,32.4,38.24,0.4666,0.5511,35.65,41.49,0.5134,0.598,,,,
2026-01-13,6977.41,6982.02,-14.43,-19.04,-0.2068,-0.2727,8.42,-38.64,3.81,-43.25,1.69,-2.92,0.0242,-0.0418,0.89,-3.72,0.0128,-0.0533,2.86,-1.75,0.041,-0.0251,6.5,1.89,0.0932,0.0271,6.17,1.56,0.0884,0.0223,-2.89,-7.5,-0.0414,-0.1074,-4.45,-9.06,-0.0638,-0.1298,-7.51,-12.12,-0.1076,-0.1736,-19.69,-24.3,-0.2822,-0.348,-25.07,-29.68,-0.3593,-0.4251,-15.05,-19.66,-0.2157,-0.2816,-17.08,-21.69,-0.2448,-0.3107,-5.46,-10.07,-0.0783,-0.1442,-23.45,-28.06,-0.3361,-0.4019,-21.84,-26.45,-0.313,-0.3788,,,,
2026-01-14,6937.41,6937.84,-9.0,-9.43,-0.1297,-0.1359,3.89,-51.67,3.46,-52.1,-11.44,-11.87,-0.1649,-0.1711,-12.4,-12.83,-0.1787,-0.1849,-4.33,-4.76,-0.0624,-0.0686,-1.1,-1.53,-0.0159,-0.0221,-4.85,-5.28,-0.0699,-0.0761,-20.23,-20.66,-0.2916,-0.2978,-16.7,-17.13,-0.2407,-0.2469,-34.66,-35.09,-0.4996,-0.5058,-8.77,-9.2,-0.1264,-0.1326,-30.48,-30.91,-0.4394,-0.4455,-39.95,-40.38,-0.5759,-0.582,-19.16,-19.59,-0.2762,-0.2824,-45.68,-46.11,-0.6585,-0.6646,-37.52,-37.95,-0.5408,-0.547,-30.92,-31.35,-0.4457,-0.4519,,,,
2026-01-15,6969.46,6967.05,-24.49,-22.08,-0.3514,-0.3169,9.88,-31.53,12.29,-29.12,0.81,3.22,0.0116,0.0462,0.25,2.66,0.0036,0.0382,-2.23,0.18,-0.032,0.0026,-2.54,-0.13,-0.0364,-0.0019,-3.97,-1.56,-0.057,-0.0224,-6.21,-3.8,-0.0891,-0.0545,-8.92,-6.51,-0.128,-0.0934,-5.76,-3.35,-0.0826,-0.0481,-5.82,-3.41,-0.0835,-0.0489,-2.25,0.16,-0.0323,0.0023,0.66,3.07,0.0095,0.0441,3.78,6.19,0.0542,0.0888,-0.24,2.17,-0.0034,0.0311,4.76,7.17,0.0683,0.1029,-14.86,-12.45,-0.2132,-0.1787,,,,
2026-01-16,6960.54,6963.360000000001,-21.08,-23.9,-0.3029,-0.3432,6.76,-35.45,3.94,-38.27,3.4,0.58,0.0488,0.0083,1.43,-1.39,0.0205,-0.02,3.61,0.79,0.0519,0.0113,2.72,-0.1,0.0391,-0.0014,0.43,-2.39,0.0062,-0.0343,0.18,-2.64,0.0026,-0.0379,-3.38,-6.2,-0.0486,-0.089,-17.27,-20.09,-0.2481,-0.2885,-12.39,-15.21,-0.178,-0.2184,-20.5,-23.32,-0.2945,-0.3349,-16.46,-19.28,-0.2365,-0.2769,-6.88,-9.7,-0.0988,-0.1393,-12.41,-15.23,-0.1783,-0.2187,-6.04,-8.86,-0.0868,-0.1272,-13.65,-16.47,-0.1961,-0.2365,,,,
2026-01-20,6865.24,6846.360000000001,-68.48,-49.6,-0.9975,-0.7245,5.93,-76.19,24.81,-57.31,-21.79,-2.91,-0.3174,-0.0425,-26.55,-7.67,-0.3867,-0.112,-21.47,-2.59,-0.3127,-0.0378,-20.9,-2.02,-0.3044,-0.0295,-25.26,-6.38,-0.3679,-0.0932,-14.99,3.89,-0.2183,0.0568,-13.44,5.44,-0.1958,0.0795,-24.62,-5.74,-0.3586,-0.0838,-26.16,-7.28,-0.3811,-0.1063,-2.2,16.68,-0.032,0.2436,-2.14,16.74,-0.0312,0.2445,-6.69,12.19,-0.0974,0.1781,-22.57,-3.69,-0.3288,-0.0539,-40.25,-21.37,-0.5863,-0.3121,-65.87,-46.99,-0.9595,-0.6864,,,,
2026-01-21,6810.71,6825.29,64.77,50.19,0.951,0.7354,99.68,-5.75,85.1,-20.33,8.6,-5.98,0.1263,-0.0876,7.8,-6.78,0.1145,-0.0993,8.57,-6.01,0.1258,-0.0881,6.58,-8.0,0.0966,-0.1172,6.39,-8.19,0.0938,-0.12,17.82,3.24,0.2616,0.0475,23.69,9.11,0.3478,0.1335,39.22,24.64,0.5759,0.361,37.23,22.65,0.5466,0.3319,45.0,30.42,0.6607,0.4457,58.68,44.1,0.8616,0.6461,52.03,37.45,0.7639,0.5487,6.66,-7.92,0.0978,-0.116,18.67,4.09,0.2741,0.0599,65.29,50.71,0.9586,0.743,,,,
2026-01-22,6914.4400000000005,6921.67,-1.9,-9.13,-0.0275,-0.1319,20.31,-20.82,13.08,-28.05,10.04,2.81,0.1452,0.0406,13.87,6.64,0.2006,0.0959,9.99,2.76,0.1445,0.0399,7.51,0.28,0.1086,0.004,15.59,8.36,0.2255,0.1208,2.09,-5.14,0.0302,-0.0743,-12.31,-19.54,-0.178,-0.2823,-16.32,-23.55,-0.236,-0.3402,-13.95,-21.18,-0.2018,-0.306,-4.23,-11.46,-0.0612,-0.1656,-0.31,-7.54,-0.0045,-0.1089,6.64,-0.59,0.096,-0.0085,13.92,6.69,0.2013,0.0967,14.1,6.87,0.2039,0.0993,15.62,8.39,0.2259,0.1212,,,,
2026-01-23,6907.85,6909.360000000001,7.31,5.8,0.1058,0.0839,25.11,-12.35,23.6,-13.86,0.61,-0.9,0.0088,-0.013,-5.04,-6.55,-0.073,-0.0948,-4.51,-6.02,-0.0653,-0.0871,-6.41,-7.92,-0.0928,-0.1146,-7.26,-8.77,-0.1051,-0.1269,-0.97,-2.48,-0.014,-0.0359,-10.93,-12.44,-0.1582,-0.18,5.49,3.98,0.0795,0.0576,4.86,3.35,0.0704,0.0485,10.86,9.35,0.1572,0.1353,21.18,19.67,0.3066,0.2847,15.67,14.16,0.2268,0.2049,16.04,14.53,0.2322,0.2103,5.88,4.37,0.0851,0.0632,12.49,10.98,0.1808,0.1589,,,,
2026-01-26,6923.2300000000005,6924.18,26.92,25.97,0.3888,0.3751,41.43,-1.63,40.48,-2.58,11.37,10.42,0.1642,0.1505,9.2,8.25,0.1329,0.1191,12.05,11.1,0.1741,0.1603,17.23,16.28,0.2489,0.2351,19.74,18.79,0.2851,0.2714,23.94,22.99,0.3458,0.332,22.55,21.6,0.3257,0.312,21.62,20.67,0.3123,0.2985,26.16,25.21,0.3779,0.3641,26.84,25.89,0.3877,0.3739,30.19,29.24,0.4361,0.4223,31.2,30.25,0.4507,0.4369,34.75,33.8,0.5019,0.4881,40.71,39.76,0.588,0.5742,39.03,38.08,0.5638,0.55,,,,
2026-01-27,6965.96,6966.18,12.62,12.4,0.1812,0.178,22.86,-7.13,22.64,-7.35,-1.15,-1.37,-0.0165,-0.0197,-1.2,-1.42,-0.0172,-0.0204,-2.38,-2.6,-0.0342,-0.0373,-0.51,-0.73,-0.0073,-0.0105,-3.43,-3.65,-0.0492,-0.0524,1.4,1.18,0.0201,0.0169,6.09,5.87,0.0874,0.0843,9.44,9.22,0.1355,0.1324,9.01,8.79,0.1293,0.1262,6.73,6.51,0.0966,0.0935,19.26,19.04,0.2765,0.2733,20.05,19.83,0.2878,0.2847,17.12,16.9,0.2458,0.2426,16.26,16.04,0.2334,0.2303,19.63,19.41,0.2818,0.2786,,,,
2026-01-28,7002.0,6998.400000000001,-25.72,-22.12,-0.3673,-0.3161,0.28,-38.54,3.88,-34.94,-0.81,2.79,-0.0116,0.0399,-3.21,0.39,-0.0458,0.0056,-3.94,-0.34,-0.0563,-0.0049,-3.52,0.08,-0.0503,0.0011,-5.93,-2.33,-0.0847,-0.0333,-0.54,3.06,-0.0077,0.0437,-5.16,-1.56,-0.0737,-0.0223,-7.88,-4.28,-0.1125,-0.0612,-13.89,-10.29,-0.1984,-0.147,-11.79,-8.19,-0.1684,-0.117,-21.26,-17.66,-0.3036,-0.2523,-21.12,-17.52,-0.3016,-0.2503,-31.52,-27.92,-0.4502,-0.3989,-26.55,-22.95,-0.3792,-0.3279,-23.61,-20.01,-0.3372,-0.2859,,,,
2026-01-29,6977.74,6988.26,-11.47,-21.99,-0.1644,-0.3147,15.1,-106.94,4.58,-117.46,7.42,-3.1,0.1063,-0.0444,8.61,-1.91,0.1234,-0.0273,3.07,-7.45,0.044,-0.1066,1.76,-8.76,0.0252,-0.1254,-0.61,-11.13,-0.0087,-0.1593,-23.4,-33.92,-0.3354,-0.4854,-22.41,-32.93,-0.3212,-0.4712,-49.52,-60.04,-0.7097,-0.8592,-58.28,-68.8,-0.8352,-0.9845,-65.87,-76.39,-0.944,-1.0931,-94.65,-105.17,-1.3565,-1.505,-72.41,-82.93,-1.0377,-1.1867,-43.45,-53.97,-0.6227,-0.7723,-51.97,-62.49,-0.7448,-0.8942,-41.61,-52.13,-0.5963,-0.746,,,,
2026-01-30,6947.27,6951.77,-9.77,-14.27,-0.1406,-0.2053,16.82,-53.79,12.32,-58.29,-7.17,-11.67,-0.1032,-0.1679,-4.6,-9.1,-0.0662,-0.1309,3.3,-1.2,0.0475,-0.0173,9.66,5.16,0.139,0.0742,12.13,7.63,0.1746,0.1098,-0.98,-5.48,-0.0141,-0.0788,3.28,-1.22,0.0472,-0.0175,-4.9,-9.4,-0.0705,-0.1352,8.94,4.44,0.1287,0.0639,-14.05,-18.55,-0.2022,-0.2668,-3.52,-8.02,-0.0507,-0.1154,-12.48,-16.98,-0.1796,-0.2443,-11.09,-15.59,-0.1596,-0.2243,-34.4,-38.9,-0.4952,-0.5596,-15.56,-20.06,-0.224,-0.2886,,,,
2026-02-02,6916.64,6925.52,59.59,50.71,0.8615,0.7322,75.28,-2.3,66.4,-11.18,6.13,-2.75,0.0886,-0.0397,14.59,5.71,0.2109,0.0824,12.01,3.13,0.1736,0.0452,21.1,12.22,0.3051,0.1764,22.96,14.08,0.332,0.2033,31.62,22.74,0.4572,0.3284,43.14,34.26,0.6237,0.4947,31.24,22.36,0.4517,0.3229,56.25,47.37,0.8133,0.684,51.67,42.79,0.747,0.6179,50.32,41.44,0.7275,0.5984,60.57,51.69,0.8757,0.7464,68.33,59.45,0.9879,0.8584,67.97,59.09,0.9827,0.8532,70.46,61.58,1.0187,0.8892,,,,
2026-02-03,6985.45,6989.88,-68.05,-72.48,-0.9742,-1.0369,7.63,-123.4,3.2,-127.83,0.99,-3.44,0.0142,-0.0492,-1.96,-6.39,-0.0281,-0.0914,-2.52,-6.95,-0.0361,-0.0994,-0.11,-4.54,-0.0016,-0.065,-2.99,-7.42,-0.0428,-0.1062,-10.3,-14.73,-0.1474,-0.2107,-5.9,-10.33,-0.0845,-0.1478,-34.61,-39.04,-0.4955,-0.5585,-43.31,-47.74,-0.62,-0.683,-43.1,-47.53,-0.617,-0.68,-33.12,-37.55,-0.4741,-0.5372,-55.88,-60.31,-0.7999,-0.8628,-78.76,-83.19,-1.1275,-1.1901,-101.54,-105.97,-1.4536,-1.516,-104.88,-109.31,-1.5014,-1.5638,,,,
2026-02-04,6924.5,6921.610000000001,-41.74,-38.85,-0.6028,-0.5613,11.59,-85.7,14.48,-82.81,-9.35,-6.46,-0.135,-0.0933,-8.24,-5.35,-0.119,-0.0773,-9.1,-6.21,-0.1314,-0.0897,1.76,4.65,0.0254,0.0672,-1.62,1.27,-0.0234,0.0183,-0.47,2.42,-0.0068,0.035,-1.47,1.42,-0.0212,0.0205,-31.52,-28.63,-0.4552,-0.4136,-11.97,-9.08,-0.1729,-0.1312,-8.77,-5.88,-0.1267,-0.085,-20.12,-17.23,-0.2906,-0.2489,-24.96,-22.07,-0.3605,-0.3189,-68.73,-65.84,-0.9926,-0.9512,-62.14,-59.25,-0.8974,-0.856,-45.51,-42.62,-0.6572,-0.6158,,,,
2026-02-05,6837.39,6818.64,-37.4,-18.65,-0.547,-0.2735,20.46,-57.26,39.21,-38.51,-25.46,-6.71,-0.3724,-0.0984,-21.28,-2.53,-0.3112,-0.0371,-22.6,-3.85,-0.3305,-0.0565,-8.68,10.07,-0.1269,0.1477,8.47,27.22,0.1239,0.3992,13.53,32.28,0.1979,0.4734,14.58,33.33,0.2132,0.4888,-18.83,-0.08,-0.2754,-0.0012,-45.81,-27.06,-0.67,-0.3969,-45.73,-26.98,-0.6688,-0.3957,-42.15,-23.4,-0.6165,-0.3432,-16.25,2.5,-0.2377,0.0367,0.04,18.79,0.0006,0.2756,-21.67,-2.92,-0.3169,-0.0428,-20.36,-1.61,-0.2978,-0.0236,,,,
2026-02-06,6816.74,6835.25,113.53,95.02,1.6655,1.3901,128.15,0,109.64,-18.51,21.85,3.34,0.3205,0.0489,39.11,20.6,0.5737,0.3014,45.93,27.42,0.6738,0.4012,47.53,29.02,0.6973,0.4246,57.33,38.82,0.841,0.5679,62.3,43.79,0.9139,0.6406,63.08,44.57,0.9254,0.6521,53.82,35.31,0.7895,0.5166,41.58,23.07,0.61,0.3375,58.58,40.07,0.8594,0.5862,61.25,42.74,0.8985,0.6253,78.55,60.04,1.1523,0.8784,91.42,72.91,1.3411,1.0667,95.66,77.15,1.4033,1.1287,99.29,80.78,1.4566,1.1818,,,,
2026-02-09,6917.26,6910.9800000000005,45.91,52.19,0.6637,0.7552,62.84,-11.39,69.12,-5.11,-4.16,2.12,-0.0601,0.0307,2.53,8.81,0.0366,0.1275,4.59,10.87,0.0664,0.1573,4.8,11.08,0.0694,0.1603,16.84,23.12,0.2434,0.3345,15.06,21.34,0.2177,0.3088,10.08,16.36,0.1457,0.2367,9.74,16.02,0.1408,0.2318,26.38,32.66,0.3814,0.4726,32.21,38.49,0.4656,0.5569,49.62,55.9,0.7173,0.8089,51.16,57.44,0.7396,0.8311,56.49,62.77,0.8167,0.9083,46.0,52.28,0.665,0.7565,61.67,67.95,0.8915,0.9832,,,,
2026-02-10,6974.49,6973.75,-34.48,-33.74,-0.4944,-0.4838,12.34,-36.96,13.08,-36.22,1.19,1.93,0.0171,0.0277,1.71,2.45,0.0245,0.0351,-3.26,-2.52,-0.0467,-0.0361,-2.73,-1.99,-0.0391,-0.0285,-11.2,-10.46,-0.1606,-0.15,-14.8,-14.06,-0.2122,-0.2016,-7.68,-6.94,-0.1101,-0.0995,2.95,3.69,0.0423,0.0529,-3.18,-2.44,-0.0456,-0.035,9.43,10.17,0.1352,0.1458,1.76,2.5,0.0252,0.0358,-7.18,-6.44,-0.1029,-0.0923,-3.01,-2.27,-0.0432,-0.0326,-18.86,-18.12,-0.2704,-0.2598,-13.32,-12.58,-0.191,-0.1804,,,,
2026-02-11,6976.4800000000005,6990.57,-36.8,-50.89,-0.5275,-0.728,17.0,-64.51,2.91,-78.6,16.69,2.6,0.2392,0.0372,14.35,0.26,0.2057,0.0037,11.78,-2.31,0.1689,-0.033,3.59,-10.5,0.0515,-0.1502,-1.26,-15.35,-0.0181,-0.2196,5.36,-8.73,0.0768,-0.1249,-5.06,-19.15,-0.0725,-0.2739,-14.54,-28.63,-0.2084,-0.4096,-42.31,-56.4,-0.6065,-0.8068,-56.51,-70.6,-0.81,-1.0099,-32.84,-46.93,-0.4707,-0.6713,-33.18,-47.27,-0.4756,-0.6762,-22.72,-36.81,-0.3257,-0.5266,-29.0,-43.09,-0.4157,-0.6164,-21.92,-36.01,-0.3142,-0.5151,,,,
2026-02-12,6957.54,6964.24,-124.0,-130.7,-1.7822,-1.8767,15.68,-133.5,8.98,-140.2,4.77,-1.93,0.0686,-0.0277,13.82,7.12,0.1986,0.1022,10.93,4.23,0.1571,0.0607,10.68,3.98,0.1535,0.0571,11.89,5.19,0.1709,0.0745,-1.04,-7.74,-0.0149,-0.1111,-1.71,-8.41,-0.0246,-0.1208,-13.74,-20.44,-0.1975,-0.2935,-3.89,-10.59,-0.0559,-0.1521,-3.63,-10.33,-0.0522,-0.1483,-52.33,-59.03,-0.7521,-0.8476,-100.15,-106.85,-1.4394,-1.5343,-97.15,-103.85,-1.3963,-1.4912,-108.31,-115.01,-1.5567,-1.6514,-93.91,-100.61,-1.3498,-1.4447,,,,
2026-02-13,6834.27,6835.05,0.81,0.03,0.0119,0.0004,47.69,-39.72,46.91,-40.5,5.86,5.08,0.0857,0.0743,7.09,6.31,0.1037,0.0923,-1.13,-1.91,-0.0165,-0.0279,-2.83,-3.61,-0.0414,-0.0528,-27.68,-28.46,-0.405,-0.4164,5.89,5.11,0.0862,0.0748,-10.91,-11.69,-0.1596,-0.171,-6.4,-7.18,-0.0936,-0.105,4.35,3.57,0.0636,0.0522,23.04,22.26,0.3371,0.3257,12.88,12.1,0.1885,0.177,22.61,21.83,0.3308,0.3194,40.88,40.1,0.5982,0.5867,38.15,37.37,0.5582,0.5467,31.99,31.21,0.4681,0.4566,,,,
2026-02-17,6819.860000000001,6821.83,26.17,24.2,0.3837,0.3547,47.13,-44.36,45.16,-46.33,12.37,10.4,0.1814,0.1525,3.29,1.32,0.0482,0.0193,6.43,4.46,0.0943,0.0654,16.6,14.63,0.2434,0.2145,22.56,20.59,0.3308,0.3018,-1.74,-3.71,-0.0255,-0.0544,-17.56,-19.53,-0.2575,-0.2863,-34.81,-36.78,-0.5104,-0.5392,-31.06,-33.03,-0.4554,-0.4842,-32.96,-34.93,-0.4833,-0.512,-15.38,-17.35,-0.2255,-0.2543,7.15,5.18,0.1048,0.0759,16.29,14.32,0.2389,0.2099,20.43,18.46,0.2996,0.2706,37.79,35.82,0.5541,0.5251,,,,
2026-02-18,6855.4800000000005,6852.63,24.18,27.03,0.3527,0.3944,53.64,-5.82,56.49,-2.97,3.05,5.9,0.0445,0.0861,0.08,2.93,0.0012,0.0428,3.4,6.25,0.0496,0.0912,0.95,3.8,0.0139,0.0555,5.88,8.73,0.0858,0.1274,15.58,18.43,0.2273,0.2689,0.31,3.16,0.0045,0.0461,27.89,30.74,0.4068,0.4486,42.18,45.03,0.6153,0.6571,38.91,41.76,0.5676,0.6094,48.43,51.28,0.7064,0.7483,45.73,48.58,0.6671,0.7089,45.2,48.05,0.6593,0.7012,39.94,42.79,0.5826,0.6244,25.26,28.11,0.3685,0.4102,,,,
2026-02-19,6861.34,6859.41,0.31,2.24,0.0045,0.0327,17.78,-28.28,19.71,-26.35,-0.41,1.52,-0.006,0.0222,-4.36,-2.43,-0.0635,-0.0354,-3.06,-1.13,-0.0446,-0.0165,-12.21,-10.28,-0.178,-0.1499,-10.38,-8.45,-0.1513,-0.1232,-11.13,-9.2,-0.1622,-0.1341,0.52,2.45,0.0076,0.0357,2.39,4.32,0.0348,0.063,4.33,6.26,0.0631,0.0913,-3.8,-1.87,-0.0554,-0.0273,9.04,10.97,0.1318,0.1599,1.63,3.56,0.0238,0.0519,-5.64,-3.71,-0.0822,-0.0541,-17.93,-16.0,-0.2613,-0.2333,-11.44,-9.51,-0.1667,-0.1386,,,,
2026-02-20,6843.26,6839.2,66.96,71.02,0.9785,1.0384,72.6,-6.93,76.66,-2.87,-2.48,1.58,-0.0362,0.0231,1.74,5.8,0.0254,0.0848,7.02,11.08,0.1026,0.162,14.05,18.11,0.2053,0.2648,13.58,17.64,0.1984,0.2579,20.32,24.38,0.2969,0.3565,13.17,17.23,0.1925,0.2519,28.68,32.74,0.4191,0.4787,26.89,30.95,0.3929,0.4525,39.2,43.26,0.5728,0.6325,58.68,62.74,0.8575,0.9174,35.79,39.85,0.523,0.5827,28.95,33.01,0.423,0.4827,40.63,44.69,0.5937,0.6534,61.37,65.43,0.8968,0.9567,,,,
2026-02-23,6901.25,6905.76,-61.66,-66.17,-0.8935,-0.9582,15.71,-81.43,11.2,-85.94,3.72,-0.79,0.0539,-0.0114,12.2,7.69,0.1768,0.1114,11.18,6.67,0.162,0.0966,9.91,5.4,0.1436,0.0782,-0.38,-4.89,-0.0055,-0.0708,-11.1,-15.61,-0.1608,-0.226,-5.43,-9.94,-0.0787,-0.1439,-21.03,-25.54,-0.3047,-0.3698,-38.13,-42.64,-0.5525,-0.6175,-38.9,-43.41,-0.5637,-0.6286,-61.53,-66.04,-0.8916,-0.9563,-56.33,-60.84,-0.8162,-0.881,-68.86,-73.37,-0.9978,-1.0624,-49.35,-53.86,-0.7151,-0.7799,-70.87,-75.38,-1.0269,-1.0916,,,,
2026-02-24,6837.37,6834.41,53.67,56.63,0.785,0.8286,61.8,-21.94,64.76,-18.98,-12.92,-9.96,-0.189,-0.1457,-9.3,-6.34,-0.136,-0.0928,-12.22,-9.26,-0.1787,-0.1355,-15.89,-12.93,-0.2324,-0.1892,6.67,9.63,0.0976,0.1409,22.46,25.42,0.3285,0.3719,24.18,27.14,0.3536,0.3971,1.65,4.61,0.0241,0.0675,11.89,14.85,0.1739,0.2173,43.23,46.19,0.6323,0.6758,33.32,36.28,0.4873,0.5308,34.68,37.64,0.5072,0.5507,54.37,57.33,0.7952,0.8388,48.92,51.88,0.7155,0.7591,48.03,50.99,0.7025,0.7461,,,,
2026-02-25,6915.150000000001,6926.93,31.74,19.96,0.459,0.2882,37.36,0,25.58,-11.78,8.89,-2.89,0.1286,-0.0417,7.66,-4.12,0.1108,-0.0595,8.68,-3.1,0.1255,-0.0448,10.4,-1.38,0.1504,-0.0199,14.84,3.06,0.2146,0.0442,15.2,3.42,0.2198,0.0494,16.85,5.07,0.2437,0.0732,14.2,2.42,0.2053,0.0349,8.17,-3.61,0.1181,-0.0521,11.95,0.17,0.1728,0.0025,12.76,0.98,0.1845,0.0141,17.44,5.66,0.2522,0.0817,21.35,9.57,0.3087,0.1382,26.09,14.31,0.3773,0.2066,31.52,19.74,0.4558,0.285,,,,
2026-02-26,6944.74,6938.79,-35.73,-29.78,-0.5145,-0.4292,2.51,-85.01,8.46,-79.06,-2.58,3.37,-0.0372,0.0486,-6.26,-0.31,-0.0901,-0.0045,-7.28,-1.33,-0.1048,-0.0192,-7.84,-1.89,-0.1129,-0.0272,-12.16,-6.21,-0.1751,-0.0895,-19.55,-13.6,-0.2815,-0.196,-17.48,-11.53,-0.2517,-0.1662,-24.94,-18.99,-0.3591,-0.2737,-48.04,-42.09,-0.6917,-0.6066,-76.74,-70.79,-1.105,-1.0202,-47.6,-41.65,-0.6854,-0.6002,-41.0,-35.05,-0.5904,-0.5051,-65.22,-59.27,-0.9391,-0.8542,-71.4,-65.45,-1.0281,-0.9432,-41.56,-35.61,-0.5984,-0.5132,,,,
2026-02-27,6856.54,6847.89,-11.85,-3.2,-0.1728,-0.0467,0.5,-24.8,9.15,-16.15,-11.45,-2.8,-0.167,-0.0409,-3.65,5.0,-0.0532,0.073,-1.15,7.5,-0.0168,0.1095,-6.62,2.03,-0.0966,0.0296,-7.12,1.53,-0.1038,0.0223,-14.38,-5.73,-0.2097,-0.0837,-11.23,-2.58,-0.1638,-0.0377,,,,,,,,,,,,,,,,,,,,,,,,,,,,,,,,,,,,
2026-03-02,6824.360000000001,6805.32,55.69,74.73,0.816,1.0981,76.65,-27.51,95.69,-8.47,-9.45,9.59,-0.1385,0.1409,-5.74,13.3,-0.0841,0.1954,-5.33,13.71,-0.0781,0.2015,6.35,25.39,0.093,0.3731,2.35,21.39,0.0344,0.3143,16.78,35.82,0.2459,0.5264,19.35,38.39,0.2835,0.5641,11.33,30.37,0.166,0.4463,38.66,57.7,0.5665,0.8479,24.82,43.86,0.3637,0.6445,29.65,48.69,0.4345,0.7155,26.23,45.27,0.3844,0.6652,56.06,75.1,0.8215,1.1035,56.52,75.56,0.8282,1.1103,74.42,93.46,1.0905,1.3733,,,,
2026-03-03,6800.26,6775.05,16.33,41.54,0.2401,0.6131,39.79,-89.84,65.0,-64.63,-24.08,1.13,-0.3541,0.0167,-26.75,-1.54,-0.3934,-0.0227,-29.0,-3.79,-0.4265,-0.0559,-36.43,-11.22,-0.5357,-0.1656,-29.9,-4.69,-0.4397,-0.0692,-46.31,-21.1,-0.681,-0.3114,-58.05,-32.84,-0.8536,-0.4847,-57.02,-31.81,-0.8385,-0.4695,-60.46,-35.25,-0.8891,-0.5203,-83.86,-58.65,-1.2332,-0.8657,-67.55,-42.34,-0.9933,-0.6249,-29.66,-4.45,-0.4362,-0.0657,-6.18,19.03,-0.0909,0.2809,13.43,38.64,0.1975,0.5703,19.6,44.81,0.2882,0.6614,,,,
2026-03-04,6831.6900000000005,6843.82,40.87,28.74,0.5982,0.4199,48.69,-20.05,36.56,-32.18,6.64,-5.49,0.0972,-0.0802,9.8,-2.33,0.1434,-0.034,8.77,-3.36,0.1284,-0.0491,-1.22,-13.35,-0.0179,-0.1951,-11.41,-23.54,-0.167,-0.344,-18.1,-30.23,-0.2649,-0.4417,-13.29,-25.42,-0.1945,-0.3714,6.29,-5.84,0.0921,-0.0853,16.89,4.76,0.2472,0.0696,41.58,29.45,0.6086,0.4303,43.47,31.34,0.6363,0.4579,,,,,,,,,,,,,,,,,,,,
