date,entry_open,eod_pnl,day_of_week,first_bar,gap_pts,gap_pct,gap_dir,gap_bucket,prev_day_dir,vix_open,vix_bucket,vix_change,vix_move,ma_alignment,ma50_position,ma200_position,above_ma_10,above_ma_20,above_ma_50,above_ma_200,pct_from_ma_50,pct_from_ma_200,wtd_return,week_color,wtd_bucket,mtd_return,month_color,mtd_bucket,ytd_return,year_color,tlt_prev_dir,tlt_5d_trend,us10y,yield_bucket,streak
2023-02-14,4138.09,-2.0600000000004,Tuesday,bullish,,,,,,18.91,normal (16-20),,,mixed,,,,,,,,,,,,0.0,flat,slight red (0-1%),0.0,flat,up,bonds down (0-1%),37.61,very high (>5%),0
2023-02-15,4119.5,27.980000000000473,Wednesday,bearish,-16.53,-0.3997,down,large (15-30pts),flat,19.3,normal (16-20),0.39,vol rising (1-5%),mixed,,,,,,,,,,,,-0.4492,red,slight red (0-1%),-0.4492,flat,down,bonds selling (>1%),38.09,very high (>5%),-1
2023-02-16,4114.75,-24.480000000000018,Thursday,bearish,-32.73,-0.7892,down,very large (30-50pts),up,18.33,normal (16-20),0.1,vol flat,mixed,,,,,,,,,,,,-0.564,red,slight red (0-1%),-0.564,red,down,bonds selling (>1%),38.43,very high (>5%),1
2023-02-17,4077.39,1.5900000000001455,Friday,bearish,-12.88,-0.3149,down,medium (8-15pts),down,21.0,elevated (20-25),0.83,vol rising (1-5%),mixed,,,,,,,,,,,,-1.4669,red,red (1-3%),-1.4669,red,down,bonds selling (>1%),38.28,very high (>5%),-1
2023-02-21,4052.35,-55.10999999999967,Tuesday,bearish,-26.63,-0.6529,down,large (15-30pts),flat,21.91,elevated (20-25),1.89,vol spiking (>5%),mixed,,,,,,,,,,,,-2.072,red,red (1-3%),-2.072,red,up,bonds selling (>1%),39.550000000000004,very high (>5%),1
2023-02-22,4001.83,-10.309999999999945,Wednesday,bullish,4.59,0.1148,up,small (3-8pts),down,23.15,elevated (20-25),0.28,vol rising (1-5%),mixed,,,,,,,,,,,,-3.2928,red,deep red (>3%),-3.2928,red,down,bonds selling (>1%),39.230000000000004,very high (>5%),-1
2023-02-23,4018.6,-6.460000000000036,Thursday,bullish,27.08,0.6784,up,large (15-30pts),down,21.87,elevated (20-25),-0.42,vol falling (1-5%),mixed,,,,,,,,,,,,-2.8876,red,red (1-3%),-2.8876,red,up,bonds selling (>1%),38.79,very high (>5%),-2
2023-02-24,3973.2400000000002,-2.8200000000001637,Friday,bearish,-38.9,-0.9696,down,very large (30-50pts),down,21.38,elevated (20-25),0.24,vol rising (1-5%),mixed,,,,,,,,,,,,-3.9837,red,deep red (>3%),-3.9837,red,up,bonds up (0-1%),39.49,very high (>5%),-3
2023-02-27,3992.36,-10.13000000000011,Monday,bullish,21.94,0.5526,up,large (15-30pts),flat,21.96,elevated (20-25),0.29,vol rising (1-5%),mixed,,,,,,,,,,,,-3.5217,red,deep red (>3%),-3.5217,red,down,bonds selling (>1%),39.22,very high (>5%),-4
2023-02-28,3977.19,-7.9099999999998545,Tuesday,bearish,-5.04,-0.1266,down,small (3-8pts),down,21.29,elevated (20-25),0.34,vol rising (1-5%),mixed,,,,,,,,,-0.38,red,red (0-1%),-3.8883,red,deep red (>3%),-3.8883,red,flat,bonds up (0-1%),39.160000000000004,very high (>5%),-5
2023-03-01,3963.34,-11.710000000000036,Wednesday,bearish,-5.94,-0.1496,down,small (3-8pts),down,20.45,elevated (20-25),-0.25,vol falling (1-5%),mixed,,,False,,,,,,-0.7269,red,red (0-1%),0.0,flat,slight red (0-1%),-4.223,red,up,bonds up (0-1%),39.94,very high (>5%),-6
2023-03-02,3938.6800000000003,42.60999999999967,Thursday,bearish,-12.95,-0.3277,down,medium (8-15pts),down,21.3,elevated (20-25),0.72,vol rising (1-5%),mixed,,,False,,,,,,-1.3446,red,deep red (>1%),-0.6222,red,slight red (0-1%),-4.8189,red,down,bonds selling (>1%),40.730000000000004,very high (>5%),-7
2023-03-03,3998.02,47.30000000000018,Friday,bearish,16.73,0.4202,up,large (15-30pts),up,19.73,normal (16-20),0.14,vol flat,mixed,,,False,,,,,,0.1418,green,green (0-1%),0.875,green,slight green (0-1%),-3.3849,red,up,bonds selling (>1%),39.64,very high (>5%),1
2023-03-06,4055.15,-6.690000000000055,Monday,bearish,9.83,0.243,up,medium (8-15pts),up,19.08,normal (16-20),0.59,vol rising (1-5%),mixed,,,True,,,,,,,,,2.3165,green,green (1-3%),-2.0043,red,up,bonds up (0-1%),39.83,very high (>5%),2
2023-03-07,4048.26,-61.55000000000018,Tuesday,bearish,-0.2,-0.0049,down,tiny (<3pts),down,18.6,normal (16-20),-0.01,vol flat,mixed,,,True,,,,,,-0.1699,red,red (0-1%),2.1426,green,green (1-3%),-2.1708,red,down,bonds down (0-1%),39.75,very high (>5%),-1
2023-03-08,3987.55,4.360000000000127,Wednesday,bullish,0.84,0.0211,up,tiny (<3pts),down,19.65,normal (16-20),0.06,vol flat,mixed,,,False,,,,,,-1.667,red,deep red (>1%),0.6108,green,slight green (0-1%),-3.6379,red,up,bonds rallying (>1%),39.76,very high (>5%),-2
2023-03-09,3998.6600000000003,-79.2800000000002,Thursday,bullish,6.75,0.1691,up,small (3-8pts),up,19.4,normal (16-20),0.29,vol rising (1-5%),mixed,,,True,,,,,,-1.393,red,deep red (>1%),0.8912,green,slight green (0-1%),-3.3694,red,down,bonds rallying (>1%),39.25,very high (>5%),1
2023-03-10,3912.77,-51.08999999999969,Friday,bearish,-6.61,-0.1686,down,small (3-8pts),down,23.36,elevated (20-25),0.75,vol rising (1-5%),mixed,,,False,,,,,,-3.5111,red,deep red (>1%),-1.2759,red,red (1-3%),-5.445,red,up,bonds up (0-1%),36.95,very high (>5%),-1
2023-03-13,3835.12,20.420000000000073,Monday,bearish,-26.56,-0.6878,down,large (15-30pts),down,24.05,elevated (20-25),-0.75,vol falling (1-5%),mixed,,,False,,,,,,,,,-3.2352,red,deep red (>3%),-7.3215,red,up,bonds rallying (>1%),35.15,very high (>5%),-2
2023-03-14,3894.01,25.690000000000055,Tuesday,bullish,38.47,0.9978,up,very large (30-50pts),up,27.14,high (25-30),0.62,vol rising (1-5%),mixed,,,False,,,,,,1.5355,green,strong green (>1%),-1.7493,red,red (1-3%),-5.8984,red,down,bonds rallying (>1%),36.38,very high (>5%),1
2023-03-15,3876.7400000000002,16.31999999999971,Wednesday,bearish,-42.96,-1.096,down,very large (30-50pts),up,23.27,elevated (20-25),-0.46,vol falling (1-5%),mixed,,,False,False,,,,,1.0852,green,strong green (>1%),-2.185,red,red (1-3%),-6.3157,red,down,bonds rallying (>1%),34.92,very high (>5%),2
2023-03-16,3878.9300000000003,80.77999999999975,Thursday,bearish,-14.13,-0.363,down,medium (8-15pts),up,26.11,high (25-30),-0.03,vol flat,mixed,,,False,False,,,,,1.1423,green,strong green (>1%),-2.1298,red,red (1-3%),-6.2628,red,down,bonds rallying (>1%),35.85,very high (>5%),3
2023-03-17,3958.69,-42.2199999999998,Friday,bearish,-1.02,-0.0258,down,tiny (<3pts),up,22.95,elevated (20-25),-0.04,vol flat,mixed,,,True,False,,,,,3.2221,green,strong green (>1%),-0.1173,red,slight red (0-1%),-4.3353,red,down,bonds down (0-1%),33.95,very high (>5%),4
2023-03-20,3917.4700000000003,33.35999999999967,Monday,bullish,1.0,0.0255,up,tiny (<3pts),down,27.97,high (25-30),2.46,vol spiking (>5%),mixed,,,False,False,,,,,,,,-1.1574,red,red (1-3%),-5.3314,red,up,bonds up (0-1%),34.81,very high (>5%),-1
2023-03-21,3975.89,26.520000000000437,Tuesday,bullish,25.06,0.6343,up,large (15-30pts),up,23.97,elevated (20-25),-0.18,vol flat,mixed,,,True,True,,,,,1.4913,green,strong green (>1%),0.3167,green,slight green (0-1%),-3.9197,red,down,bonds rallying (>1%),36.06,very high (>5%),1
2023-03-22,4002.04,-65.51999999999998,Wednesday,bullish,-0.37,-0.0092,down,tiny (<3pts),up,21.85,elevated (20-25),0.47,vol rising (1-5%),mixed,,,True,True,,,,,2.1588,green,strong green (>1%),0.9764,green,slight green (0-1%),-3.2877,red,flat,bonds selling (>1%),35.0,very high (>5%),2
2023-03-23,3959.21,-11.420000000000073,Thursday,bullish,22.69,0.5764,up,large (15-30pts),down,21.43,elevated (20-25),-0.83,vol falling (1-5%),mixed,,,True,True,,,,,1.0655,green,strong green (>1%),-0.1042,red,slight red (0-1%),-4.3228,red,up,bonds rallying (>1%),34.06,very high (>5%),-1
2023-03-24,3939.21,32.13999999999987,Friday,bearish,-8.58,-0.2173,down,medium (8-15pts),down,21.86,elevated (20-25),-0.75,vol falling (1-5%),mixed,,,True,False,,,,,0.555,green,green (0-1%),-0.6088,red,slight red (0-1%),-4.8061,red,up,bonds down (0-1%),33.8,very high (>5%),-2
2023-03-27,3982.9300000000003,-5.400000000000091,Monday,bullish,11.58,0.2916,up,medium (8-15pts),up,22.29,elevated (20-25),0.55,vol rising (1-5%),mixed,,,True,True,,,,,,,,0.4943,green,slight green (0-1%),-3.7496,red,down,bonds up (0-1%),35.28,very high (>5%),1
2023-03-28,3974.13,-2.800000000000182,Tuesday,bearish,-3.4,-0.0855,down,small (3-8pts),down,20.57,elevated (20-25),-0.03,vol flat,mixed,,,True,True,,,,,-0.2209,red,red (0-1%),0.2722,green,slight green (0-1%),-3.9622,red,down,bonds down (0-1%),35.64,very high (>5%),-1
2023-03-29,3999.53,27.86999999999989,Wednesday,bullish,28.2,0.7101,up,large (15-30pts),flat,19.25,normal (16-20),-0.72,vol falling (1-5%),mixed,,,True,True,,,,,0.4168,green,green (0-1%),0.9131,green,slight green (0-1%),-3.3484,red,up,bonds selling (>1%),35.660000000000004,very high (>5%),-2
2023-03-30,4046.7400000000002,3.6599999999998545,Thursday,bullish,19.34,0.4802,up,large (15-30pts),up,19.07,normal (16-20),-0.05,vol flat,mixed,,,True,True,,,,,1.6021,green,strong green (>1%),2.1043,green,green (1-3%),-2.2075,red,up,bonds selling (>1%),35.51,very high (>5%),1
2023-03-31,4056.1800000000003,52.719999999999345,Friday,bullish,5.78,0.1427,up,small (3-8pts),flat,19.31,normal (16-20),0.29,vol rising (1-5%),mixed,,,True,True,,,,,1.8391,green,strong green (>1%),2.3425,green,green (1-3%),-1.9794,red,up,bonds selling (>1%),34.94,very high (>5%),2
2023-04-03,4102.2,22.050000000000182,Monday,bullish,-6.7,-0.1631,down,small (3-8pts),up,19.82,normal (16-20),1.12,vol spiking (>5%),mixed,,,True,True,,,,,,,,0.0,flat,slight red (0-1%),-0.8673,red,up,bonds rallying (>1%),34.300000000000004,very high (>5%),3
2023-04-04,4128.03,-27.389999999999418,Tuesday,bullish,3.78,0.0917,up,small (3-8pts),up,18.85,normal (16-20),0.3,vol rising (1-5%),mixed,,,True,True,,,,,0.6297,green,green (0-1%),0.6297,green,slight green (0-1%),-0.2431,flat,up,bonds rallying (>1%),33.37,very high (>5%),4
2023-04-05,4094.5,-4.279999999999745,Wednesday,bullish,-6.14,-0.1497,down,small (3-8pts),down,19.51,normal (16-20),0.51,vol rising (1-5%),mixed,,,True,True,,,,,-0.1877,red,red (0-1%),-0.1877,red,slight red (0-1%),-1.0534,red,up,bonds rallying (>1%),32.87,very high (>5%),-1
2023-04-06,4081.15,23.65000000000009,Thursday,bearish,-9.07,-0.2217,down,medium (8-15pts),down,19.18,normal (16-20),0.1,vol flat,mixed,,,True,True,,,,,-0.5131,red,red (0-1%),-0.5131,red,slight red (0-1%),-1.376,red,up,bonds rallying (>1%),32.88,very high (>5%),-2
2023-04-10,4085.2000000000003,23.45999999999958,Monday,bearish,-19.6,-0.4775,down,large (15-30pts),up,19.39,normal (16-20),0.99,vol spiking (>5%),mixed,,,True,True,,,,,,,,-0.4144,red,slight red (0-1%),-1.2781,red,up,bonds rallying (>1%),34.15,very high (>5%),1
2023-04-11,4110.29,-1.1599999999998545,Tuesday,bullish,1.63,0.0397,up,tiny (<3pts),up,19.06,normal (16-20),0.09,vol flat,mixed,,,True,True,,,,,0.6142,green,green (0-1%),0.1972,green,slight green (0-1%),-0.6718,red,down,bonds up (0-1%),34.34,very high (>5%),2
2023-04-12,4121.72,-29.390000000000327,Wednesday,bullish,12.59,0.3064,up,medium (8-15pts),flat,19.32,normal (16-20),0.22,vol rising (1-5%),mixed,,,True,True,,,,,0.894,green,green (0-1%),0.4758,green,slight green (0-1%),-0.3956,flat,flat,bonds down (0-1%),34.21,very high (>5%),-1
2023-04-13,4100.04,45.86999999999989,Thursday,bullish,7.71,0.1884,up,small (3-8pts),down,18.76,normal (16-20),-0.33,vol falling (1-5%),mixed,,,True,True,,,,,0.3633,green,green (0-1%),-0.0527,flat,slight red (0-1%),-0.9195,red,down,bonds selling (>1%),34.52,very high (>5%),-2
2023-04-14,4140.11,-2.639999999999418,Friday,bullish,-5.8,-0.1399,down,small (3-8pts),up,17.88,normal (16-20),0.08,vol flat,mixed,,,True,True,,,,,1.3441,green,strong green (>1%),0.9241,green,slight green (0-1%),0.0488,flat,down,bonds selling (>1%),35.22,very high (>5%),1
2023-04-17,4137.17,14.229999999999563,Monday,bearish,-0.3,-0.0073,down,tiny (<3pts),flat,17.57,normal (16-20),0.5,vol rising (1-5%),mixed,,,True,True,,,,,,,,0.8525,green,slight green (0-1%),-0.0222,flat,down,bonds selling (>1%),35.910000000000004,very high (>5%),-1
2023-04-18,4164.26,-9.489999999999782,Tuesday,bearish,12.86,0.3098,up,medium (8-15pts),up,16.91,normal (16-20),-0.04,vol flat,mixed,,,True,True,,,,,0.6548,green,green (0-1%),1.5128,green,green (1-3%),0.6324,green,down,bonds selling (>1%),35.72,very high (>5%),1
2023-04-19,4139.33,15.360000000000582,Wednesday,bearish,-15.44,-0.3716,down,large (15-30pts),down,17.22,normal (16-20),0.39,vol rising (1-5%),mixed,,,True,True,,,,,0.0522,green,green (0-1%),0.9051,green,slight green (0-1%),0.03,flat,up,bonds selling (>1%),36.02,very high (>5%),-1
2023-04-20,4130.4800000000005,-0.27000000000043656,Thursday,bearish,-24.21,-0.5827,down,large (15-30pts),up,16.99,normal (16-20),0.53,vol rising (1-5%),mixed,,,True,True,,,,,-0.1617,red,red (0-1%),0.6894,green,slight green (0-1%),-0.1839,flat,up,bonds selling (>1%),35.45,very high (>5%),1
2023-04-21,4132.14,1.4200000000000728,Friday,bearish,1.93,0.0467,up,tiny (<3pts),flat,17.54,normal (16-20),0.37,vol rising (1-5%),mixed,,,True,True,,,,,-0.1216,red,red (0-1%),0.7299,green,slight green (0-1%),-0.1438,flat,up,bonds down (0-1%),35.7,very high (>5%),-1
2023-04-24,4132.07,5.240000000000691,Monday,bullish,-1.49,-0.036,down,tiny (<3pts),flat,18.06,normal (16-20),1.29,vol spiking (>5%),mixed,,,True,True,,,,,,,,0.7281,green,slight green (0-1%),-0.1455,flat,down,bonds up (0-1%),35.15,very high (>5%),1
2023-04-25,4126.43,-54.45000000000027,Tuesday,bearish,-10.88,-0.263,down,medium (8-15pts),up,17.77,normal (16-20),0.88,vol spiking (>5%),mixed,,,False,True,,,,,-0.1365,red,red (0-1%),0.5907,green,slight green (0-1%),-0.2818,flat,up,bonds rallying (>1%),33.96,very high (>5%),2
2023-04-26,4087.78,-31.51000000000022,Wednesday,bearish,15.8,0.388,up,large (15-30pts),down,18.68,normal (16-20),-0.08,vol flat,mixed,,,False,False,,,,,-1.0719,red,deep red (>1%),-0.3515,red,slight red (0-1%),-1.2158,red,up,bonds rallying (>1%),34.32,very high (>5%),-1
2023-04-27,4075.29,59.44999999999982,Thursday,bullish,19.02,0.4689,up,large (15-30pts),down,18.35,normal (16-20),-0.49,vol falling (1-5%),mixed,just above 50d (0-2%),,False,False,True,,1.05,,-1.3741,red,deep red (>1%),-0.656,red,slight red (0-1%),-1.5176,red,down,bonds up (0-1%),35.28,very high (>5%),-2
2023-04-28,4129.63,40.14000000000033,Friday,bullish,-5.11,-0.1236,down,small (3-8pts),up,17.2,normal (16-20),0.17,vol flat,mixed,above 50d (2-5%),,True,True,True,,2.39,,-0.0591,red,red (0-1%),0.6687,green,slight green (0-1%),-0.2044,flat,down,bonds up (0-1%),34.52,very high (>5%),1
2023-05-01,4166.79,0.5399999999999636,Monday,bullish,-2.98,-0.0715,down,tiny (<3pts),up,16.44,normal (16-20),0.66,vol rising (1-5%),mixed,above 50d (2-5%),,True,True,True,,3.3,,,,,0.0,flat,slight red (0-1%),0.6936,green,up,bonds up (0-1%),35.74,very high (>5%),2
2023-05-02,4164.1,-45.05000000000018,Tuesday,bearish,-3.23,-0.0775,down,small (3-8pts),flat,16.39,normal (16-20),0.31,vol rising (1-5%),mixed,above 50d (2-5%),,True,True,True,,3.2,,-0.0646,red,red (0-1%),-0.0646,flat,slight red (0-1%),0.6286,green,down,bonds selling (>1%),34.39,very high (>5%),3
2023-05-03,4122.25,-31.009999999999764,Wednesday,bullish,3.2,0.0777,up,small (3-8pts),down,17.72,normal (16-20),-0.06,vol flat,mixed,above 50d (2-5%),,False,False,True,,2.14,,-1.0689,red,deep red (>1%),-1.0689,red,red (1-3%),-0.3828,flat,up,bonds down (0-1%),34.03,very high (>5%),-1
2023-05-04,4082.55,-21.789999999999964,Thursday,bearish,-8.69,-0.2124,down,medium (8-15pts),down,19.29,normal (16-20),0.95,vol spiking (>5%),mixed,just above 50d (0-2%),,False,False,True,,1.11,,-2.0217,red,deep red (>1%),-2.0217,red,red (1-3%),-1.3422,red,up,bonds rallying (>1%),33.51,very high (>5%),-2
2023-05-05,4084.73,51.04000000000042,Friday,bullish,23.97,0.5903,up,large (15-30pts),down,19.35,normal (16-20),-0.74,vol falling (1-5%),mixed,just above 50d (0-2%),,False,False,True,,1.13,,-1.9694,red,deep red (>1%),-1.9694,red,red (1-3%),-1.2895,red,flat,bonds selling (>1%),34.46,very high (>5%),-3
2023-05-08,4136.9800000000005,0.9199999999991633,Monday,bullish,1.21,0.0293,up,tiny (<3pts),up,17.76,normal (16-20),0.57,vol rising (1-5%),mixed,above 50d (2-5%),,True,True,True,,2.36,,,,,-0.7154,red,slight red (0-1%),-0.0268,flat,up,bonds rallying (>1%),35.21,very high (>5%),1
2023-05-09,4124.25,-5.0,Tuesday,bearish,-13.65,-0.3299,down,medium (8-15pts),flat,17.28,normal (16-20),0.3,vol rising (1-5%),mixed,just above 50d (0-2%),,True,False,True,,1.96,,-0.3077,red,red (0-1%),-1.0209,red,red (1-3%),-0.3345,flat,flat,bonds selling (>1%),35.21,very high (>5%),2
2023-05-10,4143.74,-6.639999999999418,Wednesday,bullish,24.49,0.5945,up,large (15-30pts),down,17.6,normal (16-20),-0.11,vol flat,mixed,above 50d (2-5%),,True,True,True,,2.37,,0.1634,green,green (0-1%),-0.5532,red,slight red (0-1%),0.1365,flat,down,bonds selling (>1%),34.39,very high (>5%),-1
2023-05-11,4132.24,-2.2299999999995634,Thursday,bearish,-4.86,-0.1175,down,small (3-8pts),down,16.79,normal (16-20),-0.15,vol flat,mixed,just above 50d (0-2%),,True,True,True,,2.0,,-0.1146,red,red (0-1%),-0.8292,red,slight red (0-1%),-0.1414,flat,up,bonds selling (>1%),33.97,very high (>5%),-2
2023-05-12,4138.54,-14.6899999999996,Friday,bullish,8.53,0.2065,up,medium (8-15pts),flat,16.64,normal (16-20),-0.29,vol falling (1-5%),mixed,above 50d (2-5%),,True,True,True,,2.07,,0.0377,flat,green (0-1%),-0.678,red,slight red (0-1%),0.0109,flat,down,bonds up (0-1%),34.63,very high (>5%),-3
2023-05-15,4126.65,9.860000000000582,Monday,bullish,2.8,0.0679,up,tiny (<3pts),down,17.38,normal (16-20),0.35,vol rising (1-5%),mixed,just above 50d (0-2%),,True,True,True,,1.7,,,,,-0.9633,red,slight red (0-1%),-0.2765,flat,down,bonds up (0-1%),35.08,very high (>5%),-4
2023-05-16,4127.95,-18.05999999999949,Tuesday,bearish,-8.56,-0.2069,down,medium (8-15pts),up,17.48,normal (16-20),0.36,vol rising (1-5%),mixed,just above 50d (0-2%),,True,True,True,,1.69,,0.0315,flat,green (0-1%),-0.9321,red,slight red (0-1%),-0.245,flat,down,bonds up (0-1%),35.49,very high (>5%),1
2023-05-17,4122.85,35.899999999999636,Wednesday,bullish,12.96,0.3153,up,medium (8-15pts),down,18.17,normal (16-20),0.18,vol rising (1-5%),mixed,just above 50d (0-2%),,True,False,True,,1.53,,-0.0921,red,red (0-1%),-1.0545,red,red (1-3%),-0.3683,flat,up,bonds selling (>1%),35.81,very high (>5%),-1
2023-05-18,4157.68,40.159999999999854,Thursday,bearish,-1.07,-0.0257,down,tiny (<3pts),up,16.92,normal (16-20),0.05,vol flat,mixed,above 50d (2-5%),,True,True,True,,2.3,,0.7519,green,green (0-1%),-0.2186,red,slight red (0-1%),0.4734,flat,down,bonds selling (>1%),36.480000000000004,very high (>5%),1
2023-05-19,4204.15,-12.179999999999382,Friday,bullish,6.31,0.1503,up,small (3-8pts),up,16.12,normal (16-20),0.07,vol flat,mixed,above 50d (2-5%),,True,True,True,,3.34,,1.878,green,strong green (>1%),0.8966,green,slight green (0-1%),1.5964,green,down,bonds selling (>1%),36.92,very high (>5%),2
2023-05-22,4190.78,1.9200000000000728,Monday,bullish,-1.19,-0.0284,down,tiny (<3pts),down,17.44,normal (16-20),0.63,vol rising (1-5%),mixed,above 50d (2-5%),,True,True,True,,2.88,,,,,0.5757,green,slight green (0-1%),1.2733,green,down,bonds selling (>1%),37.19,very high (>5%),-1
2023-05-23,4176.8,-30.829999999999927,Tuesday,bearish,-15.9,-0.3792,down,large (15-30pts),flat,17.37,normal (16-20),0.16,vol flat,mixed,above 50d (2-5%),,True,True,True,,2.37,,-0.3336,red,red (0-1%),0.2402,green,slight green (0-1%),0.9355,green,down,bonds selling (>1%),36.980000000000004,very high (>5%),1
2023-05-24,4132.96,-17.829999999999927,Wednesday,bearish,-13.01,-0.3138,down,medium (8-15pts),down,19.07,normal (16-20),0.54,vol rising (1-5%),mixed,just above 50d (0-2%),,False,False,True,,1.15,,-1.3797,red,deep red (>1%),-0.8119,red,slight red (0-1%),-0.124,flat,up,bonds selling (>1%),37.19,very high (>5%),-1
2023-05-25,4155.71,-4.4399999999996,Thursday,bearish,40.58,0.9861,up,very large (30-50pts),down,19.49,normal (16-20),-0.54,vol falling (1-5%),mixed,just above 50d (0-2%),,True,True,True,,1.61,,-0.8368,red,red (0-1%),-0.2659,red,slight red (0-1%),0.4258,flat,down,bonds selling (>1%),38.14,very high (>5%),-2
2023-05-26,4156.16,48.850000000000364,Friday,bullish,4.89,0.1178,up,small (3-8pts),down,19.21,normal (16-20),0.07,vol flat,mixed,just above 50d (0-2%),,True,True,True,,1.49,,-0.8261,red,red (0-1%),-0.2551,red,slight red (0-1%),0.4367,flat,down,bonds down (0-1%),38.1,very high (>5%),-3
2023-05-30,4226.71,-21.23999999999978,Tuesday,bullish,21.7,0.5161,up,large (15-30pts),up,17.48,normal (16-20),-0.47,vol falling (1-5%),mixed,above 50d (2-5%),,True,True,True,,3.09,,,,,1.438,green,green (1-3%),2.1416,green,up,bonds up (0-1%),37.0,very high (>5%),1
2023-05-31,4190.74,-8.979999999999563,Wednesday,bearish,-14.73,-0.3503,down,medium (8-15pts),down,17.87,normal (16-20),0.41,vol rising (1-5%),mixed,above 50d (2-5%),,True,True,True,,2.07,,,,,0.5748,green,slight green (0-1%),1.2723,green,up,bonds rallying (>1%),36.37,very high (>5%),-1
2023-06-01,4183.03,37.75,Thursday,doji,1.27,0.0304,up,tiny (<3pts),down,17.21,normal (16-20),-0.73,vol falling (1-5%),mixed,just above 50d (0-2%),,True,True,True,,1.77,,,,,0.0,flat,slight red (0-1%),1.086,green,up,bonds rallying (>1%),36.08,very high (>5%),-2
2023-06-02,4241.01,40.659999999999854,Friday,bullish,20.23,0.4793,up,large (15-30pts),up,15.61,low (13-16),-0.04,vol flat,mixed,above 50d (2-5%),,True,True,True,,3.07,,,,,1.3861,green,green (1-3%),2.4871,green,down,bonds rallying (>1%),36.910000000000004,very high (>5%),1
2023-06-05,4282.99,-8.949999999999818,Monday,bullish,1.32,0.0308,up,tiny (<3pts),up,15.23,low (13-16),0.63,vol rising (1-5%),mixed,above 50d (2-5%),,True,True,True,,3.91,,,,,2.3897,green,green (1-3%),3.5016,green,down,bonds up (0-1%),36.93,very high (>5%),2
2023-06-06,4271.34,12.25,Tuesday,bearish,-2.7,-0.0632,down,tiny (<3pts),down,14.85,low (13-16),0.12,vol flat,mixed,above 50d (2-5%),,True,True,True,,3.47,,-0.272,red,red (0-1%),2.1111,green,green (1-3%),3.2201,green,up,bonds down (0-1%),36.99,very high (>5%),-1
2023-06-07,4285.47,-17.93000000000029,Wednesday,bullish,1.88,0.0439,up,tiny (<3pts),up,14.21,low (13-16),0.25,vol rising (1-5%),mixed,above 50d (2-5%),,True,True,True,,3.65,,0.0579,green,green (0-1%),2.4489,green,green (1-3%),3.5615,green,up,bonds down (0-1%),37.84,very high (>5%),1
2023-06-08,4268.6900000000005,24.969999999999345,Thursday,bearish,1.15,0.0269,up,tiny (<3pts),down,14.12,low (13-16),0.18,vol rising (1-5%),mixed,above 50d (2-5%),,True,True,True,,3.1,,-0.3339,red,red (0-1%),2.0478,green,green (1-3%),3.156,green,down,bonds selling (>1%),37.14,very high (>5%),-1
2023-06-09,4304.88,-5.4399999999996,Friday,bearish,11.22,0.2613,up,medium (8-15pts),up,13.9,low (13-16),0.25,vol rising (1-5%),mixed,above 50d (2-5%),,True,True,True,,3.82,,0.5111,green,green (0-1%),2.913,green,green (1-3%),4.0306,green,up,bonds up (0-1%),37.45,very high (>5%),1
2023-06-12,4308.32,31.140000000000327,Monday,bullish,8.88,0.2065,up,medium (8-15pts),down,14.45,low (13-16),0.62,vol rising (1-5%),mixed,above 50d (2-5%),,True,True,True,,3.76,,,,,2.9952,green,green (1-3%),4.1137,green,up,bonds up (0-1%),37.65,very high (>5%),-1
2023-06-13,4352.61,16.6200000000008,Tuesday,bullish,13.15,0.303,up,medium (8-15pts),up,15.01,low (13-16),0.0,vol flat,mixed,above 50d (2-5%),,True,True,True,,4.68,,1.028,green,strong green (>1%),4.054,green,strong green (>3%),5.184,green,flat,bonds down (0-1%),38.39,very high (>5%),1
2023-06-14,4366.29,6.279999999999745,Wednesday,bullish,-2.94,-0.0673,down,tiny (<3pts),up,14.51,low (13-16),-0.1,vol flat,mixed,above 50d (2-5%),,True,True,True,,4.88,,1.3455,green,strong green (>1%),4.381,green,strong green (>3%),5.5146,green,down,bonds up (0-1%),37.96,very high (>5%),2
2023-06-15,4365.33,61.07000000000062,Thursday,bullish,-7.24,-0.1656,down,small (3-8pts),up,14.04,low (13-16),0.16,vol rising (1-5%),mixed,above 50d (2-5%),,True,True,True,,4.73,,1.3233,green,strong green (>1%),4.3581,green,strong green (>3%),5.4914,green,up,bonds down (0-1%),37.28,very high (>5%),3
2023-06-16,4440.95,-31.17999999999938,Friday,bullish,14.55,0.3287,up,medium (8-15pts),up,14.5,low (13-16),0.0,vol flat,mixed,far above 50d (>5%),,True,True,True,,6.38,,3.0785,green,strong green (>1%),6.1659,green,strong green (>3%),7.3188,green,flat,bonds rallying (>1%),37.69,very high (>5%),4
2023-06-20,4396.11,-7.059999999999491,Tuesday,bearish,-13.66,-0.3098,down,medium (8-15pts),down,14.32,low (13-16),0.26,vol rising (1-5%),mixed,far above 50d (>5%),,True,True,True,,5.15,,,,,5.0939,green,strong green (>3%),6.2352,green,up,bonds up (0-1%),37.29,very high (>5%),-1
2023-06-21,4380.01,-14.360000000000582,Wednesday,bearish,-9.04,-0.206,down,medium (8-15pts),down,13.85,low (13-16),-0.03,vol flat,mixed,above 50d (2-5%),,True,True,True,,4.62,,,,,4.709,green,strong green (>3%),5.8462,green,up,bonds rallying (>1%),37.230000000000004,very high (>5%),-2
2023-06-22,4355.4,26.140000000000327,Thursday,bearish,-10.25,-0.2348,down,medium (8-15pts),down,13.87,low (13-16),0.67,vol spiking (>5%),mixed,above 50d (2-5%),,True,True,True,,3.9,,,,,4.1207,green,strong green (>3%),5.2515,green,up,bonds rallying (>1%),37.99,very high (>5%),-3
2023-06-23,4354.17,-5.9399999999996,Friday,bearish,-27.37,-0.6247,down,large (15-30pts),up,13.3,low (13-16),0.39,vol rising (1-5%),mixed,above 50d (2-5%),,False,True,True,,3.74,,,,,4.0913,green,strong green (>3%),5.2217,green,down,bonds down (0-1%),37.39,very high (>5%),1
2023-06-26,4344.84,-15.260000000000218,Monday,bullish,-3.39,-0.078,down,small (3-8pts),down,14.49,low (13-16),1.05,vol spiking (>5%),mixed,above 50d (2-5%),,False,True,True,,3.39,,,,,3.8682,green,strong green (>3%),4.9963,green,down,bonds up (0-1%),37.19,very high (>5%),-1
2023-06-27,4337.36,40.76000000000022,Tuesday,bullish,7.78,0.1797,up,small (3-8pts),down,14.2,low (13-16),-0.05,vol flat,mixed,above 50d (2-5%),,False,True,True,,3.12,,-0.1722,red,red (0-1%),3.6894,green,strong green (>3%),4.8155,green,down,bonds up (0-1%),37.68,very high (>5%),-2
2023-06-28,4367.4800000000005,9.789999999999964,Wednesday,bearish,-10.64,-0.243,down,medium (8-15pts),up,13.89,low (13-16),0.15,vol rising (1-5%),mixed,above 50d (2-5%),,False,True,True,,3.72,,0.5211,green,green (0-1%),4.4095,green,strong green (>3%),5.5434,green,down,bonds down (0-1%),37.1,very high (>5%),1
2023-06-29,4374.9400000000005,21.919999999999163,Thursday,bearish,-2.33,-0.0532,down,tiny (<3pts),up,13.67,low (13-16),0.24,vol rising (1-5%),mixed,above 50d (2-5%),,False,True,True,,3.79,,0.6928,green,green (0-1%),4.5878,green,strong green (>3%),5.7237,green,up,bonds rallying (>1%),38.54,very high (>5%),2
2023-06-30,4422.4400000000005,27.36999999999989,Friday,bullish,25.58,0.5818,up,large (15-30pts),up,13.51,low (13-16),-0.03,vol flat,mixed,above 50d (2-5%),,True,True,True,,4.79,,1.786,green,strong green (>1%),5.7234,green,strong green (>3%),6.8715,green,down,bonds selling (>1%),38.19,very high (>5%),3
2023-07-03,4450.4800000000005,5.109999999999673,Monday,bearish,0.67,0.0151,up,tiny (<3pts),up,13.83,low (13-16),0.24,vol rising (1-5%),mixed,far above 50d (>5%),,True,True,True,,5.31,,,,,0.0,flat,slight red (0-1%),7.5491,green,up,bonds down (0-1%),38.58,very high (>5%),4
2023-07-05,4442.04,4.610000000000582,Wednesday,bearish,-13.55,-0.3041,down,medium (8-15pts),up,14.21,low (13-16),0.51,vol rising (1-5%),mixed,above 50d (2-5%),,True,True,True,,4.95,,-0.1896,red,red (0-1%),-0.1896,red,slight red (0-1%),7.3452,green,down,bonds selling (>1%),39.45,very high (>5%),5
2023-07-06,4422.62,-11.210000000000036,Thursday,bearish,-24.03,-0.5404,down,large (15-30pts),up,14.86,low (13-16),0.68,vol rising (1-5%),mixed,above 50d (2-5%),,True,True,True,,4.34,,-0.626,red,red (0-1%),-0.626,red,slight red (0-1%),6.8759,green,down,bonds selling (>1%),40.410000000000004,very high (>5%),6
2023-07-07,4404.54,-5.779999999999745,Friday,bearish,-6.87,-0.1557,down,small (3-8pts),down,16.01,normal (16-20),0.57,vol rising (1-5%),mixed,above 50d (2-5%),,True,True,True,,3.78,,-1.0322,red,deep red (>1%),-1.0322,red,red (1-3%),6.439,green,down,bonds selling (>1%),40.5,very high (>5%),-1
2023-07-10,4394.2300000000005,15.6899999999996,Monday,bullish,-4.53,-0.103,down,small (3-8pts),down,16.2,normal (16-20),1.37,vol spiking (>5%),mixed,above 50d (2-5%),,False,True,True,,3.37,,,,,-1.2639,red,red (1-3%),6.1898,green,down,bonds selling (>1%),40.06,very high (>5%),-2
2023-07-11,4415.55,23.729999999999563,Tuesday,bullish,5.63,0.1277,up,small (3-8pts),up,15.06,low (13-16),-0.01,vol flat,mixed,above 50d (2-5%),,True,True,True,,3.7,,0.4852,green,green (0-1%),-0.7849,red,slight red (0-1%),6.705,green,up,bonds selling (>1%),39.800000000000004,very high (>5%),1
2023-07-12,4467.6900000000005,4.969999999999345,Wednesday,bullish,28.41,0.64,up,large (15-30pts),up,14.79,low (13-16),-0.05,vol flat,mixed,above 50d (2-5%),,True,True,True,,4.78,,1.6717,green,strong green (>1%),0.3867,green,slight green (0-1%),7.965,green,up,bonds selling (>1%),38.61,very high (>5%),2
2023-07-13,4491.5,18.390000000000327,Thursday,bearish,18.84,0.4212,up,large (15-30pts),up,13.47,low (13-16),-0.07,vol flat,mixed,far above 50d (>5%),,True,True,True,,5.19,,2.2136,green,strong green (>1%),0.9217,green,slight green (0-1%),8.5404,green,up,bonds rallying (>1%),37.61,very high (>5%),3
2023-07-14,4514.61,-8.569999999999709,Friday,bullish,4.72,0.1047,up,small (3-8pts),up,13.75,low (13-16),0.14,vol rising (1-5%),mixed,far above 50d (>5%),,True,True,True,,5.56,,2.7395,green,strong green (>1%),1.441,green,green (1-3%),9.0989,green,up,bonds rallying (>1%),38.19,very high (>5%),4
2023-07-17,4508.86,13.430000000000291,Monday,bullish,2.82,0.0626,up,tiny (<3pts),down,13.77,low (13-16),0.43,vol rising (1-5%),mixed,far above 50d (>5%),,True,True,True,,5.23,,,,,1.3118,green,green (1-3%),8.9599,green,down,bonds rallying (>1%),37.97,very high (>5%),-1
2023-07-18,4521.78,33.86000000000058,Tuesday,bearish,-0.51,-0.0113,down,tiny (<3pts),up,13.59,low (13-16),0.11,vol flat,mixed,far above 50d (>5%),,True,True,True,,5.32,,0.2865,green,green (0-1%),1.6021,green,green (1-3%),9.2722,green,up,bonds rallying (>1%),37.89,very high (>5%),1
2023-07-19,4563.87,1.7800000000006548,Wednesday,bullish,8.23,0.1807,up,medium (8-15pts),up,13.32,low (13-16),0.02,vol flat,mixed,far above 50d (>5%),,True,True,True,,6.06,,1.22,green,strong green (>1%),2.5478,green,green (1-3%),10.2893,green,flat,bonds up (0-1%),37.42,very high (>5%),2
2023-07-20,4554.38,-19.100000000000364,Thursday,bullish,-11.27,-0.2468,down,medium (8-15pts),flat,13.94,low (13-16),0.18,vol rising (1-5%),mixed,far above 50d (>5%),,True,True,True,,5.63,,1.0096,green,strong green (>1%),2.3346,green,green (1-3%),10.06,green,up,bonds rallying (>1%),38.54,very high (>5%),3
2023-07-21,4550.16,-13.479999999999563,Friday,bearish,14.88,0.3281,up,medium (8-15pts),down,13.84,low (13-16),-0.15,vol falling (1-5%),mixed,far above 50d (>5%),,True,True,True,,5.34,,0.916,green,green (0-1%),2.2398,green,green (1-3%),9.958,green,down,bonds up (0-1%),38.37,very high (>5%),-1
2023-07-24,4543.39,11.670000000000073,Monday,bullish,6.71,0.1479,up,small (3-8pts),down,14.25,low (13-16),0.65,vol rising (1-5%),mixed,above 50d (2-5%),,True,True,True,,4.98,,,,,2.0876,green,green (1-3%),9.7944,green,down,bonds up (0-1%),38.57,very high (>5%),-2
2023-07-25,4555.1900000000005,13.1299999999992,Tuesday,bearish,0.13,0.0029,up,tiny (<3pts),up,14.03,low (13-16),0.12,vol flat,mixed,far above 50d (>5%),,True,True,True,,5.05,,0.2597,green,green (0-1%),2.3528,green,green (1-3%),10.0795,green,down,bonds down (0-1%),39.12,very high (>5%),1
2023-07-26,4558.96,8.590000000000146,Wednesday,bullish,-9.36,-0.2049,down,medium (8-15pts),up,13.86,low (13-16),0.0,vol flat,mixed,above 50d (2-5%),,True,True,True,,4.92,,0.3427,green,green (0-1%),2.4375,green,green (1-3%),10.1706,green,up,bonds selling (>1%),38.51,very high (>5%),2
2023-07-27,4598.26,-60.44000000000051,Thursday,bullish,30.71,0.6724,up,very large (30-50pts),up,13.08,low (13-16),-0.11,vol flat,mixed,far above 50d (>5%),,True,True,True,,5.61,,1.2077,green,strong green (>1%),3.3205,green,strong green (>3%),11.1203,green,down,bonds down (0-1%),40.12,very high (>5%),3
2023-07-28,4565.75,15.980000000000473,Friday,bullish,27.93,0.6155,up,large (15-30pts),down,13.99,low (13-16),-0.42,vol falling (1-5%),mixed,above 50d (2-5%),,True,True,True,,4.67,,0.4921,green,green (0-1%),2.5901,green,green (1-3%),10.3347,green,down,bonds selling (>1%),39.69,very high (>5%),-1
2023-07-31,4584.82,4.660000000000764,Monday,bullish,3.09,0.0674,up,small (3-8pts),up,13.92,low (13-16),0.59,vol rising (1-5%),mixed,above 50d (2-5%),,True,True,True,,4.88,,,,,3.0186,green,strong green (>3%),10.7956,green,up,bonds selling (>1%),39.59,very high (>5%),1
2023-08-01,4578.83,-2.2200000000002547,Tuesday,bearish,-10.65,-0.2321,down,medium (8-15pts),up,13.76,low (13-16),0.13,vol flat,mixed,above 50d (2-5%),,True,True,True,,4.54,,-0.1306,red,red (0-1%),0.0,flat,slight red (0-1%),10.6508,green,up,bonds selling (>1%),40.51,very high (>5%),2
2023-08-02,4550.93,-37.17000000000007,Wednesday,bearish,-25.68,-0.5611,down,large (15-30pts),flat,15.58,low (13-16),1.65,vol spiking (>5%),mixed,above 50d (2-5%),,False,True,True,,3.72,,-0.7392,red,red (0-1%),-0.6093,red,slight red (0-1%),9.9766,green,down,bonds selling (>1%),40.78,very high (>5%),-1
2023-08-03,4494.27,6.920000000000073,Thursday,bearish,-19.49,-0.4318,down,large (15-30pts),down,17.05,normal (16-20),0.96,vol spiking (>5%),mixed,above 50d (2-5%),,False,False,True,,2.28,,-1.975,red,deep red (>1%),-1.8468,red,red (1-3%),8.6074,green,flat,bonds selling (>1%),41.89,very high (>5%),-2
2023-08-04,4513.96,-35.409999999999854,Friday,bullish,12.77,0.2837,up,medium (8-15pts),up,15.91,low (13-16),-0.01,vol flat,mixed,above 50d (2-5%),,False,False,True,,2.59,,-1.5455,red,deep red (>1%),-1.4167,red,red (1-3%),9.0832,green,down,bonds selling (>1%),40.6,very high (>5%),1
2023-08-07,4491.58,26.730000000000473,Monday,bullish,13.03,0.2909,up,medium (8-15pts),down,16.82,normal (16-20),-0.28,vol falling (1-5%),mixed,just above 50d (0-2%),,False,False,True,,1.92,,,,,-1.9055,red,red (1-3%),8.5423,green,up,bonds selling (>1%),40.78,very high (>5%),-1
2023-08-08,4498.03,1.3700000000008004,Tuesday,bearish,-20.28,-0.4488,down,large (15-30pts),up,16.31,normal (16-20),0.54,vol rising (1-5%),mixed,just above 50d (0-2%),,False,False,True,,1.88,,0.1436,green,green (0-1%),-1.7646,red,red (1-3%),8.6982,green,down,bonds selling (>1%),40.26,very high (>5%),1
2023-08-09,4501.57,-33.659999999999854,Wednesday,bearish,2.17,0.0482,up,tiny (<3pts),flat,15.74,low (13-16),-0.25,vol falling (1-5%),mixed,just above 50d (0-2%),,False,False,True,,1.8,,0.2224,green,green (0-1%),-1.6873,red,red (1-3%),8.7838,green,down,bonds down (0-1%),40.12,very high (>5%),2
2023-08-10,4487.16,-18.109999999999673,Thursday,bullish,19.25,0.4309,up,large (15-30pts),down,15.48,low (13-16),-0.48,vol falling (1-5%),mixed,just above 50d (0-2%),,False,False,True,,1.36,,-0.0984,red,red (0-1%),-2.002,red,red (1-3%),8.4355,green,up,bonds rallying (>1%),40.800000000000004,very high (>5%),-1
2023-08-11,4450.6900000000005,13.61999999999989,Friday,bearish,-18.36,-0.4108,down,large (15-30pts),down,15.48,low (13-16),-0.37,vol falling (1-5%),mixed,just above 50d (0-2%),,False,False,True,,0.41,,-0.9104,red,red (0-1%),-2.7985,red,red (1-3%),7.5542,green,down,bonds down (0-1%),41.68,very high (>5%),-2
2023-08-14,4458.13,31.859999999999673,Monday,bearish,-6.18,-0.1384,down,small (3-8pts),up,15.73,low (13-16),0.89,vol spiking (>5%),mixed,just above 50d (0-2%),,False,False,True,,0.45,,,,,-2.636,red,red (1-3%),7.734,green,flat,bonds down (0-1%),41.84,very high (>5%),1
2023-08-15,4478.87,-40.75,Tuesday,bearish,-11.12,-0.2477,down,medium (8-15pts),up,15.24,low (13-16),0.42,vol rising (1-5%),mixed,just above 50d (0-2%),,False,False,True,,0.8,,0.4652,green,green (0-1%),-2.1831,red,red (1-3%),8.2352,green,flat,bonds selling (>1%),42.21,very high (>5%),2
2023-08-16,4433.79,-29.550000000000182,Wednesday,bullish,-4.33,-0.0976,down,small (3-8pts),down,16.38,normal (16-20),-0.08,vol flat,mixed,just below 50d (0-2%),,False,False,False,,-0.29,,-0.546,red,red (0-1%),-3.1676,red,deep red (>3%),7.1458,green,down,bonds selling (>1%),42.58,very high (>5%),-1
2023-08-17,4416.32,-46.57999999999993,Thursday,bullish,12.08,0.2743,up,medium (8-15pts),down,17.01,normal (16-20),0.23,vol rising (1-5%),mixed,just below 50d (0-2%),,False,False,False,,-0.74,,-0.9378,red,red (0-1%),-3.5492,red,deep red (>3%),6.7236,green,down,bonds selling (>1%),43.08,very high (>5%),-2
2023-08-18,4344.88,25.720000000000255,Friday,bearish,-24.86,-0.5689,down,large (15-30pts),down,17.88,normal (16-20),-0.01,vol flat,mixed,below 50d (2-5%),,False,False,False,,-2.38,,-2.5403,red,deep red (>1%),-5.1094,red,deep red (>3%),4.9972,green,flat,bonds selling (>1%),42.51,very high (>5%),-3
2023-08-21,4380.28,19.850000000000364,Monday,bullish,9.68,0.2215,up,medium (8-15pts),up,18.01,normal (16-20),0.71,vol rising (1-5%),mixed,just below 50d (0-2%),,False,False,False,,-1.63,,,,,-4.3363,red,deep red (>3%),5.8527,green,up,bonds selling (>1%),43.42,very high (>5%),1
2023-08-22,4415.33,-27.460000000000036,Tuesday,bullish,15.2,0.3454,up,large (15-30pts),up,17.0,normal (16-20),-0.13,vol flat,mixed,just below 50d (0-2%),,False,False,False,,-0.89,,0.8002,green,green (0-1%),-3.5708,red,deep red (>3%),6.6997,green,down,bonds selling (>1%),43.28,very high (>5%),2
2023-08-23,4396.4400000000005,40.099999999999454,Wednesday,bullish,8.57,0.1953,up,medium (8-15pts),down,16.64,normal (16-20),-0.33,vol falling (1-5%),mixed,just below 50d (0-2%),,False,False,False,,-1.35,,0.3689,green,green (0-1%),-3.9833,red,deep red (>3%),6.2432,green,up,bonds down (0-1%),41.980000000000004,very high (>5%),-1
2023-08-24,4455.16,-79.17000000000007,Thursday,bearish,18.62,0.4197,up,large (15-30pts),up,15.54,low (13-16),-0.44,vol falling (1-5%),mixed,just below 50d (0-2%),,True,False,False,,-0.08,,1.7095,green,strong green (>1%),-2.7009,red,red (1-3%),7.6622,green,up,bonds rallying (>1%),42.35,very high (>5%),1
2023-08-25,4389.38,15.9399999999996,Friday,bullish,13.39,0.306,up,medium (8-15pts),down,17.16,normal (16-20),-0.04,vol flat,mixed,just below 50d (0-2%),,False,False,False,,-1.56,,0.2077,green,green (0-1%),-4.1375,red,deep red (>3%),6.0726,green,down,bonds rallying (>1%),42.39,very high (>5%),-1
2023-08-28,4426.03,7.170000000000073,Monday,bearish,20.71,0.4701,up,large (15-30pts),up,16.17,normal (16-20),0.49,vol rising (1-5%),mixed,just below 50d (0-2%),,True,False,False,,-0.75,,,,,-3.3371,red,deep red (>3%),6.9583,green,up,bonds rallying (>1%),42.12,very high (>5%),1
2023-08-29,4432.75,64.93000000000029,Tuesday,bullish,-0.45,-0.0102,down,tiny (<3pts),up,14.99,low (13-16),-0.09,vol flat,mixed,just below 50d (0-2%),,True,False,False,,-0.6,,0.1518,green,green (0-1%),-3.1903,red,deep red (>3%),7.1207,green,down,bonds rallying (>1%),41.22,very high (>5%),2
2023-08-30,4500.34,14.800000000000182,Wednesday,bullish,2.66,0.0591,up,tiny (<3pts),up,14.6,low (13-16),0.15,vol rising (1-5%),mixed,just above 50d (0-2%),,True,True,True,,0.87,,1.6789,green,strong green (>1%),-1.7142,red,red (1-3%),8.754,green,up,bonds up (0-1%),41.18,very high (>5%),3
2023-08-31,4517.01,-8.730000000000473,Thursday,bullish,1.87,0.0414,up,tiny (<3pts),up,13.94,low (13-16),0.06,vol flat,mixed,just above 50d (0-2%),,True,True,True,,1.19,,2.0556,green,strong green (>1%),-1.3501,red,red (1-3%),9.1569,green,flat,bonds rallying (>1%),40.93,very high (>5%),4
2023-09-01,4530.6,-15.650000000000546,Friday,bullish,22.32,0.4951,up,large (15-30pts),down,13.48,low (13-16),-0.09,vol flat,mixed,just above 50d (0-2%),,True,True,True,,1.43,,2.3626,green,strong green (>1%),0.0,flat,slight red (0-1%),9.4853,green,up,bonds rallying (>1%),41.730000000000004,very high (>5%),-1
2023-09-05,4510.06,-13.38000000000011,Tuesday,bullish,-4.89,-0.1083,down,small (3-8pts),down,14.19,low (13-16),0.37,vol rising (1-5%),mixed,just above 50d (0-2%),,True,True,True,,0.91,,,,,-0.4534,red,slight red (0-1%),8.9889,green,down,bonds down (0-1%),42.68,very high (>5%),-2
2023-09-06,4490.35,-24.890000000000327,Wednesday,bearish,-6.33,-0.1408,down,small (3-8pts),down,14.32,low (13-16),0.31,vol rising (1-5%),mixed,just above 50d (0-2%),,True,True,True,,0.4,,,,,-0.8884,red,slight red (0-1%),8.5126,green,down,bonds selling (>1%),42.9,very high (>5%),-3
2023-09-07,4434.55,16.98999999999978,Thursday,bearish,-30.91,-0.6922,down,very large (30-50pts),down,14.96,low (13-16),0.51,vol rising (1-5%),mixed,just below 50d (0-2%),,False,False,False,,-0.91,,,,,-2.12,red,red (1-3%),7.1642,green,down,bonds selling (>1%),42.6,very high (>5%),-4
2023-09-08,4451.3,6.6899999999996,Friday,bullish,-0.24,-0.0054,down,tiny (<3pts),up,14.29,low (13-16),-0.11,vol flat,mixed,just below 50d (0-2%),,False,True,False,,-0.57,,,,,-1.7503,red,red (1-3%),7.569,green,flat,bonds selling (>1%),42.58,very high (>5%),1
2023-09-11,4480.9800000000005,7.119999999999891,Monday,bullish,22.99,0.5157,up,large (15-30pts),up,14.13,low (13-16),0.29,vol rising (1-5%),mixed,just above 50d (0-2%),,True,True,True,,0.06,,,,,-1.0952,red,red (1-3%),8.2862,green,flat,bonds down (0-1%),42.88,very high (>5%),2
2023-09-12,4473.27,-11.329999999999927,Tuesday,bearish,-14.83,-0.3304,down,medium (8-15pts),up,14.07,low (13-16),0.27,vol rising (1-5%),mixed,just below 50d (0-2%),,False,True,False,,-0.15,,-0.1721,red,red (0-1%),-1.2654,red,red (1-3%),8.0999,green,flat,bonds up (0-1%),42.64,very high (>5%),3
2023-09-13,4462.650000000001,4.699999999999818,Wednesday,bullish,0.71,0.0159,up,tiny (<3pts),down,14.31,low (13-16),0.08,vol flat,mixed,just below 50d (0-2%),,False,True,False,,-0.39,,-0.4091,red,red (0-1%),-1.4998,red,red (1-3%),7.8432,green,up,bonds up (0-1%),42.49,very high (>5%),-1
2023-09-14,4487.78,17.51000000000022,Thursday,bullish,20.43,0.4573,up,large (15-30pts),up,13.4,low (13-16),-0.08,vol flat,mixed,just above 50d (0-2%),,True,True,True,,0.16,,0.1518,green,green (0-1%),-0.9451,red,slight red (0-1%),8.4505,green,up,bonds up (0-1%),42.88,very high (>5%),1
2023-09-15,4497.9800000000005,-47.63000000000011,Friday,bearish,-7.31,-0.1623,down,small (3-8pts),up,12.75,very low (<13),-0.07,vol flat,mixed,just above 50d (0-2%),,True,True,True,,0.36,,0.3794,green,green (0-1%),-0.72,red,slight red (0-1%),8.697,green,down,bonds down (0-1%),43.22,very high (>5%),2
2023-09-18,4445.13,8.449999999999818,Monday,bullish,-5.22,-0.1173,down,small (3-8pts),down,14.35,low (13-16),0.56,vol rising (1-5%),mixed,just below 50d (0-2%),,False,False,False,,-0.83,,,,,-1.8865,red,red (1-3%),7.4198,green,down,bonds down (0-1%),43.19,very high (>5%),-1
2023-09-19,4445.41,-1.7199999999993452,Tuesday,bearish,-8.17,-0.1834,down,medium (8-15pts),up,14.09,low (13-16),0.09,vol flat,mixed,just below 50d (0-2%),,False,False,False,,-0.85,,0.0063,flat,green (0-1%),-1.8803,red,red (1-3%),7.4266,green,up,bonds down (0-1%),43.65,very high (>5%),1
2023-09-20,4452.81,-50.88000000000011,Wednesday,bullish,9.12,0.2052,up,medium (8-15pts),flat,14.13,low (13-16),0.02,vol flat,mixed,just below 50d (0-2%),,False,False,False,,-0.7,,0.1728,green,green (0-1%),-1.717,red,red (1-3%),7.6054,green,down,bonds selling (>1%),43.49,very high (>5%),-1
2023-09-21,4374.36,-44.94999999999982,Thursday,bullish,-27.57,-0.6263,down,large (15-30pts),down,15.59,low (13-16),0.45,vol rising (1-5%),mixed,below 50d (2-5%),,False,False,False,,-2.44,,-1.5921,red,deep red (>1%),-3.4485,red,deep red (>3%),5.7096,green,down,bonds down (0-1%),44.800000000000004,very high (>5%),-2
2023-09-22,4341.74,-22.48999999999978,Friday,bearish,12.33,0.2848,up,medium (8-15pts),down,17.23,normal (16-20),-0.31,vol falling (1-5%),mixed,below 50d (2-5%),,False,False,False,,-3.1,,-2.3259,red,deep red (>1%),-4.1685,red,deep red (>3%),4.9214,green,down,bonds selling (>1%),44.38,very high (>5%),-3
2023-09-25,4310.62,26.69000000000051,Monday,bearish,-8.63,-0.1998,down,medium (8-15pts),down,17.1,normal (16-20),-0.1,vol flat,mixed,below 50d (2-5%),,False,False,False,,-3.71,,,,,-4.8554,red,deep red (>3%),4.1693,green,up,bonds selling (>1%),45.42,very high (>5%),-4
2023-09-26,4312.88,-39.210000000000036,Tuesday,bearish,-24.43,-0.5633,down,large (15-30pts),up,18.03,normal (16-20),1.13,vol spiking (>5%),mixed,below 50d (2-5%),,False,False,False,,-3.59,,0.0524,green,green (0-1%),-4.8055,red,deep red (>3%),4.2239,green,down,bonds selling (>1%),45.58,very high (>5%),1
2023-09-27,4282.63,-7.9099999999998545,Wednesday,bullish,8.96,0.2097,up,medium (8-15pts),down,18.18,normal (16-20),-0.76,vol falling (1-5%),mixed,below 50d (2-5%),,False,False,False,,-4.16,,-0.6493,red,red (0-1%),-5.4732,red,deep red (>3%),3.4929,green,down,bonds selling (>1%),46.26,very high (>5%),-1
2023-09-28,4269.65,29.610000000000582,Thursday,bearish,-5.07,-0.1186,down,small (3-8pts),down,18.07,normal (16-20),-0.15,vol flat,mixed,below 50d (2-5%),,False,False,False,,-4.33,,-0.9504,red,red (0-1%),-5.7597,red,deep red (>3%),3.1792,green,down,bonds selling (>1%),45.97,very high (>5%),-2
2023-09-29,4328.18,-39.05000000000018,Friday,bullish,28.92,0.6727,up,large (15-30pts),up,16.72,normal (16-20),-0.62,vol falling (1-5%),mixed,below 50d (2-5%),,False,False,False,,-2.9,,0.4074,green,green (0-1%),-4.4678,red,deep red (>3%),4.5937,green,up,bonds selling (>1%),45.730000000000004,very high (>5%),1
2023-10-02,4284.52,3.719999999999345,Monday,bearish,-4.61,-0.1075,down,small (3-8pts),down,17.3,normal (16-20),-0.22,vol falling (1-5%),mixed,below 50d (2-5%),,False,False,False,,-3.78,,,,,0.0,flat,slight red (0-1%),3.5386,green,down,bonds down (0-1%),46.83,very high (>5%),-1
2023-10-03,4269.75,-39.460000000000036,Tuesday,bearish,-18.49,-0.4312,down,large (15-30pts),flat,17.78,normal (16-20),0.17,vol flat,mixed,below 50d (2-5%),,False,False,False,,-4.0,,-0.3447,red,red (0-1%),-0.3447,red,slight red (0-1%),3.1817,green,down,bonds selling (>1%),48.02,very high (>5%),1
2023-10-04,4233.83,29.789999999999964,Wednesday,bullish,3.54,0.0837,up,small (3-8pts),down,20.71,elevated (20-25),0.93,vol rising (1-5%),mixed,below 50d (2-5%),,False,False,False,,-4.67,,-1.1831,red,deep red (>1%),-1.1831,red,red (1-3%),2.3136,green,down,bonds selling (>1%),47.35,very high (>5%),-1
2023-10-05,4259.31,-1.0600000000004002,Thursday,bearish,-4.31,-0.1011,down,small (3-8pts),up,18.74,normal (16-20),0.16,vol flat,mixed,below 50d (2-5%),,False,False,False,,-3.96,,-0.5884,red,red (0-1%),-0.5884,red,slight red (0-1%),2.9294,green,up,bonds selling (>1%),47.17,very high (>5%),1
2023-10-06,4234.79,73.10000000000036,Friday,bullish,-23.46,-0.5509,down,large (15-30pts),flat,18.62,normal (16-20),0.13,vol flat,mixed,below 50d (2-5%),,False,False,False,,-4.38,,-1.1607,red,deep red (>1%),-1.1607,red,red (1-3%),2.3368,green,down,bonds selling (>1%),47.84,very high (>5%),-1
2023-10-09,4289.02,46.82999999999993,Monday,bullish,-18.87,-0.438,down,large (15-30pts),up,19.39,normal (16-20),1.94,vol spiking (>5%),mixed,below 50d (2-5%),,True,False,False,,-3.06,,,,,0.105,green,slight green (0-1%),3.6473,green,up,bonds selling (>1%),47.97,very high (>5%),1
2023-10-10,4339.75,18.88000000000011,Tuesday,bullish,3.9,0.0899,up,small (3-8pts),up,17.69,normal (16-20),-0.01,vol flat,mixed,just below 50d (0-2%),,True,False,False,,-1.8,,1.1828,green,strong green (>1%),1.2891,green,green (1-3%),4.8733,green,up,bonds rallying (>1%),46.550000000000004,very high (>5%),2
2023-10-11,4366.59,10.210000000000036,Wednesday,bullish,7.96,0.1826,up,small (3-8pts),up,16.94,normal (16-20),-0.09,vol flat,mixed,just below 50d (0-2%),,True,True,False,,-1.09,,1.8086,green,strong green (>1%),1.9155,green,green (1-3%),5.5219,green,up,bonds up (0-1%),45.95,very high (>5%),3
2023-10-12,4380.9400000000005,-31.49000000000069,Thursday,bearish,4.14,0.0946,up,small (3-8pts),up,16.13,normal (16-20),0.04,vol flat,mixed,just below 50d (0-2%),,True,True,False,,-0.68,,2.1431,green,strong green (>1%),2.2504,green,green (1-3%),5.8686,green,up,bonds rallying (>1%),47.12,very high (>5%),4
2023-10-13,4360.49,-32.149999999999636,Friday,bullish,11.04,0.2538,up,medium (8-15pts),down,16.57,normal (16-20),-0.12,vol flat,mixed,just below 50d (0-2%),,True,True,False,,-1.07,,1.6663,green,strong green (>1%),1.7731,green,green (1-3%),5.3745,green,down,bonds rallying (>1%),46.29,very high (>5%),-1
2023-10-16,4342.37,29.5600000000004,Monday,bullish,14.03,0.3241,up,medium (8-15pts),down,19.33,normal (16-20),0.01,vol flat,mixed,just below 50d (0-2%),,True,True,False,,-1.4,,,,,1.3502,green,green (1-3%),4.9366,green,flat,bonds up (0-1%),47.12,very high (>5%),-2
2023-10-17,4345.2300000000005,27.75,Tuesday,bearish,-26.7,-0.6107,down,large (15-30pts),up,17.51,normal (16-20),0.3,vol rising (1-5%),mixed,just below 50d (0-2%),,True,True,False,,-1.29,,0.0659,green,green (0-1%),1.417,green,green (1-3%),5.0057,green,flat,bonds down (0-1%),48.47,very high (>5%),1
2023-10-18,4357.35,-43.75,Wednesday,bearish,-15.63,-0.3574,down,large (15-30pts),up,18.44,normal (16-20),0.56,vol rising (1-5%),mixed,just below 50d (0-2%),,True,True,False,,-0.95,,0.345,green,green (0-1%),1.6998,green,green (1-3%),5.2986,green,up,bonds selling (>1%),49.04,very high (>5%),2
2023-10-19,4321.36,-43.779999999999745,Thursday,bullish,7.76,0.1799,up,small (3-8pts),down,19.73,normal (16-20),0.51,vol rising (1-5%),mixed,just below 50d (0-2%),,False,True,False,,-1.69,,-0.4838,red,red (0-1%),0.8598,green,slight green (0-1%),4.4289,green,up,bonds selling (>1%),49.88,very high (>5%),-1
2023-10-20,4273.85,-50.27000000000044,Friday,bearish,-3.73,-0.0872,down,small (3-8pts),down,21.59,elevated (20-25),0.19,vol flat,mixed,below 50d (2-5%),,False,False,False,,-2.68,,-1.5779,red,deep red (>1%),-0.249,red,slight red (0-1%),3.2807,green,down,bonds selling (>1%),49.24,very high (>5%),-2
2023-10-23,4210.4,7.210000000000036,Monday,bearish,-13.18,-0.3121,down,medium (8-15pts),down,21.96,elevated (20-25),0.25,vol rising (1-5%),mixed,below 50d (2-5%),,False,False,False,,-4.02,,,,,-1.7299,red,red (1-3%),1.7474,green,up,bonds selling (>1%),48.38,very high (>5%),-3
2023-10-24,4235.79,11.829999999999927,Tuesday,bullish,18.18,0.431,up,large (15-30pts),up,19.98,normal (16-20),-0.39,vol falling (1-5%),mixed,below 50d (2-5%),,False,False,False,,-3.33,,0.603,green,green (0-1%),-1.1374,red,red (1-3%),2.361,green,up,bonds selling (>1%),48.4,very high (>5%),1
2023-10-25,4232.42,-45.4399999999996,Wednesday,bearish,-15.2,-0.3578,down,large (15-30pts),up,19.51,normal (16-20),0.54,vol rising (1-5%),mixed,below 50d (2-5%),,False,False,False,,-3.3,,0.523,green,green (0-1%),-1.216,red,red (1-3%),2.2796,green,up,bonds rallying (>1%),49.53,very high (>5%),2
2023-10-26,4175.99,-39.67000000000007,Thursday,bearish,-10.99,-0.2625,down,medium (8-15pts),down,21.89,elevated (20-25),1.7,vol spiking (>5%),mixed,below 50d (2-5%),,False,False,False,,-4.48,,-0.8173,red,red (0-1%),-2.5331,red,red (1-3%),0.9159,green,down,bonds up (0-1%),48.45,very high (>5%),-1
2023-10-27,4152.93,-34.63000000000011,Friday,bearish,16.61,0.4016,up,large (15-30pts),down,20.34,elevated (20-25),-0.34,vol falling (1-5%),mixed,below 50d (2-5%),,False,False,False,,-4.89,,-1.365,red,deep red (>1%),-3.0713,red,deep red (>3%),0.3586,flat,up,bonds rallying (>1%),48.45,very high (>5%),-2
2023-10-30,4139.39,27.11999999999989,Monday,bullish,21.09,0.5121,up,large (15-30pts),down,21.13,elevated (20-25),-0.14,vol flat,mixed,far below 50d (>5%),,False,False,False,,-5.09,,,,,-3.3873,red,deep red (>3%),0.0314,flat,up,bonds up (0-1%),48.75,very high (>5%),-3
2023-10-31,4171.33,22.020000000000437,Tuesday,bearish,4.82,0.1157,up,small (3-8pts),up,19.83,normal (16-20),0.08,vol flat,mixed,below 50d (2-5%),,False,False,False,,-4.27,,0.7716,green,green (0-1%),-2.6418,red,red (1-3%),0.8033,green,up,bonds selling (>1%),48.75,very high (>5%),1
2023-11-01,4201.27,36.339999999999236,Wednesday,bearish,7.92,0.1889,up,small (3-8pts),up,18.03,normal (16-20),-0.11,vol flat,mixed,below 50d (2-5%),,False,False,False,,-3.49,,1.4949,green,strong green (>1%),0.0,flat,slight red (0-1%),1.5268,green,down,bonds up (0-1%),47.89,very high (>5%),2
2023-11-02,4268.26,49.69999999999982,Thursday,bullish,30.65,0.7233,up,very large (30-50pts),up,16.6,normal (16-20),-0.27,vol falling (1-5%),mixed,just below 50d (0-2%),,True,False,False,,-1.89,,3.1133,green,strong green (>1%),1.5945,green,green (1-3%),3.1457,green,up,bonds up (0-1%),46.69,very high (>5%),3
2023-11-03,4334.2300000000005,23.8799999999992,Friday,bullish,16.27,0.3768,up,large (15-30pts),up,15.71,low (13-16),0.05,vol flat,mixed,just below 50d (0-2%),,True,True,False,,-0.32,,4.707,green,strong green (>1%),3.1648,green,strong green (>3%),4.7399,green,up,bonds rallying (>1%),45.58,very high (>5%),4
2023-11-06,4364.27,2.4600000000000364,Monday,bullish,6.16,0.1413,up,small (3-8pts),up,15.41,low (13-16),0.5,vol rising (1-5%),mixed,just above 50d (0-2%),,True,True,True,,0.38,,,,,3.8798,green,strong green (>3%),5.4658,green,down,bonds rallying (>1%),46.62,very high (>5%),5
2023-11-07,4366.21,12.600000000000364,Tuesday,bullish,-0.52,-0.0119,down,tiny (<3pts),flat,15.12,low (13-16),0.23,vol rising (1-5%),mixed,just above 50d (0-2%),,True,True,True,,0.45,,0.0445,flat,green (0-1%),3.926,green,strong green (>3%),5.5127,green,down,bonds rallying (>1%),45.71,very high (>5%),6
2023-11-08,4384.37,-1.389999999999418,Wednesday,bullish,5.56,0.127,up,small (3-8pts),up,14.88,low (13-16),0.07,vol flat,mixed,just above 50d (0-2%),,True,True,True,,0.89,,0.4606,green,green (0-1%),4.3582,green,strong green (>3%),5.9515,green,up,bonds rallying (>1%),45.230000000000004,very high (>5%),7
2023-11-09,4391.41,-43.97999999999956,Thursday,bearish,8.43,0.1923,up,medium (8-15pts),flat,14.58,low (13-16),0.13,vol flat,mixed,just above 50d (0-2%),,True,True,True,,1.1,,0.6219,green,green (0-1%),4.5258,green,strong green (>3%),6.1217,green,up,bonds rallying (>1%),46.300000000000004,very high (>5%),-1
2023-11-10,4364.15,51.74000000000069,Friday,bearish,16.72,0.3846,up,large (15-30pts),down,15.08,low (13-16),-0.21,vol falling (1-5%),mixed,just above 50d (0-2%),,True,True,True,,0.55,,-0.0027,flat,red (0-1%),3.8769,green,strong green (>3%),5.4629,green,down,bonds down (0-1%),46.28,very high (>5%),-2
2023-11-13,4406.66,4.460000000000036,Monday,bearish,-9.23,-0.209,down,medium (8-15pts),up,15.12,low (13-16),0.95,vol spiking (>5%),mixed,just above 50d (0-2%),,True,True,True,,1.58,,,,,4.8888,green,strong green (>3%),6.4902,green,down,bonds rallying (>1%),46.32,very high (>5%),1
2023-11-14,4458.97,36.85999999999967,Tuesday,bullish,47.85,1.0848,up,very large (30-50pts),up,14.77,low (13-16),0.01,vol flat,mixed,above 50d (2-5%),,True,True,True,,2.83,,1.1871,green,strong green (>1%),6.1339,green,strong green (>3%),7.7543,green,up,bonds down (0-1%),44.410000000000004,very high (>5%),2
2023-11-15,4505.3,-1.680000000000291,Wednesday,bullish,9.47,0.2106,up,medium (8-15pts),up,14.22,low (13-16),0.06,vol flat,mixed,above 50d (2-5%),,True,True,True,,3.9,,2.2384,green,strong green (>1%),7.2366,green,strong green (>3%),8.8739,green,down,bonds up (0-1%),45.35,very high (>5%),3
2023-11-16,4497.08,11.350000000000364,Thursday,bullish,-6.54,-0.1452,down,small (3-8pts),flat,14.11,low (13-16),-0.07,vol flat,mixed,above 50d (2-5%),,True,True,True,,3.69,,2.0519,green,strong green (>1%),7.041,green,strong green (>3%),8.6753,green,down,bonds rallying (>1%),44.45,very high (>5%),-1
2023-11-17,4509.55,4.359999999999673,Friday,bullish,1.12,0.0248,up,tiny (<3pts),up,14.13,low (13-16),-0.19,vol falling (1-5%),mixed,above 50d (2-5%),,True,True,True,,3.95,,2.3349,green,strong green (>1%),7.3378,green,strong green (>3%),8.9766,green,up,bonds rallying (>1%),44.410000000000004,very high (>5%),1
2023-11-20,4511.7,36.460000000000036,Monday,bullish,-2.21,-0.049,down,tiny (<3pts),flat,14.28,low (13-16),0.48,vol rising (1-5%),mixed,above 50d (2-5%),,True,True,True,,3.98,,,,,7.389,green,strong green (>3%),9.0286,green,down,bonds rallying (>1%),44.22,very high (>5%),2
2023-11-21,4538.77,-0.07000000000061846,Tuesday,bearish,-9.39,-0.2065,down,medium (8-15pts),up,13.45,low (13-16),0.04,vol flat,mixed,above 50d (2-5%),,True,True,True,,4.57,,0.6,green,green (0-1%),8.0333,green,strong green (>3%),9.6827,green,up,bonds up (0-1%),44.18,very high (>5%),3
2023-11-22,4553.04,3.1900000000005093,Wednesday,bullish,14.34,0.3159,up,medium (8-15pts),flat,13.07,low (13-16),-0.28,vol falling (1-5%),mixed,above 50d (2-5%),,True,True,True,,4.86,,0.9163,green,green (0-1%),8.3729,green,strong green (>3%),10.0276,green,flat,bonds rallying (>1%),44.160000000000004,very high (>5%),-1
2023-11-24,4555.84,3.5,Friday,bearish,-0.39,-0.0086,down,tiny (<3pts),flat,13.03,low (13-16),0.17,vol rising (1-5%),mixed,above 50d (2-5%),,True,True,True,,4.88,,0.9783,green,green (0-1%),8.4396,green,strong green (>3%),10.0952,green,down,bonds rallying (>1%),44.63,very high (>5%),1
2023-11-27,4554.86,-4.0,Monday,bullish,-4.48,-0.0983,down,small (3-8pts),flat,13.12,low (13-16),0.67,vol spiking (>5%),mixed,above 50d (2-5%),,True,True,True,,4.84,,,,,8.4163,green,strong green (>3%),10.0716,green,down,bonds down (0-1%),43.89,very high (>5%),2
2023-11-28,4545.55,8.739999999999782,Tuesday,bullish,-5.31,-0.1167,down,small (3-8pts),flat,12.82,very low (<13),0.13,vol rising (1-5%),mixed,above 50d (2-5%),,True,True,True,,4.57,,-0.2044,red,red (0-1%),8.1947,green,strong green (>3%),9.8466,green,up,bonds up (0-1%),43.89,very high (>5%),-1
2023-11-29,4571.84,-21.1899999999996,Wednesday,bullish,17.55,0.3854,up,large (15-30pts),up,12.72,very low (<13),-0.1,vol flat,mixed,far above 50d (>5%),,True,True,True,,5.14,,0.3728,green,green (0-1%),8.8204,green,strong green (>3%),10.4819,green,up,bonds rallying (>1%),42.76,very high (>5%),1
2023-11-30,4554.87,14.170000000000073,Thursday,bullish,4.22,0.0927,up,small (3-8pts),down,13.1,low (13-16),0.47,vol rising (1-5%),all above,above 50d (2-5%),above 200d (5-10%),True,True,True,True,4.68,6.38,0.0002,flat,green (0-1%),8.4165,green,strong green (>3%),10.0718,green,up,bonds rallying (>1%),43.52,very high (>5%),-1
2023-12-01,4559.43,34.289999999999964,Friday,bullish,-9.61,-0.2103,down,medium (8-15pts),up,12.94,very low (<13),0.02,vol flat,all above,above 50d (2-5%),above 200d (5-10%),True,True,True,True,4.7,6.43,0.1003,green,green (0-1%),0.0,flat,slight red (0-1%),10.182,green,down,bonds rallying (>1%),42.26,very high (>5%),1
2023-12-04,4564.37,5.0600000000004,Monday,bearish,-29.35,-0.6389,down,large (15-30pts),up,13.25,low (13-16),0.62,vol rising (1-5%),all above,above 50d (2-5%),above 200d (5-10%),True,True,True,True,4.69,6.49,,,,0.1083,green,slight green (0-1%),10.3014,green,up,bonds rallying (>1%),42.88,very high (>5%),2
2023-12-05,4557.25,10.699999999999818,Tuesday,bullish,-12.18,-0.2666,down,medium (8-15pts),up,13.27,low (13-16),0.19,vol rising (1-5%),mixed,above 50d (2-5%),above 200d (5-10%),False,True,True,True,4.41,6.27,-0.156,red,red (0-1%),-0.0478,flat,slight red (0-1%),10.1293,green,up,bonds rallying (>1%),41.71,very high (>5%),3
2023-12-06,4586.2300000000005,-35.89000000000033,Wednesday,bullish,18.28,0.4002,up,large (15-30pts),up,12.78,very low (<13),-0.07,vol flat,all above,above 50d (2-5%),above 200d (5-10%),True,True,True,True,4.96,6.88,0.4789,green,green (0-1%),0.5878,green,slight green (0-1%),10.8296,green,up,bonds rallying (>1%),41.550000000000004,very high (>5%),4
2023-12-07,4568.84,16.329999999999927,Thursday,bullish,18.5,0.4066,up,large (15-30pts),down,13.19,low (13-16),0.4,vol rising (1-5%),all above,above 50d (2-5%),above 200d (5-10%),True,True,True,True,4.41,6.4,0.0979,green,green (0-1%),0.2064,green,slight green (0-1%),10.4094,green,up,bonds rallying (>1%),41.29,very high (>5%),-1
2023-12-08,4576.2,27.289999999999964,Friday,bullish,-8.97,-0.1956,down,medium (8-15pts),up,13.14,low (13-16),0.08,vol flat,all above,above 50d (2-5%),above 200d (5-10%),True,True,True,True,4.43,6.5,0.2592,green,green (0-1%),0.3678,green,slight green (0-1%),10.5873,green,up,bonds rallying (>1%),42.45,very high (>5%),1
2023-12-11,4593.39,29.5,Monday,bullish,-10.1,-0.2194,down,medium (8-15pts),up,13.05,low (13-16),0.7,vol spiking (>5%),all above,above 50d (2-5%),above 200d (5-10%),True,True,True,True,4.68,6.83,,,,0.7448,green,slight green (0-1%),11.0027,green,up,bonds rallying (>1%),42.39,very high (>5%),2
2023-12-12,4618.3,25.289999999999964,Tuesday,bearish,-4.59,-0.0993,down,small (3-8pts),up,12.69,very low (<13),0.06,vol flat,all above,far above 50d (>5%),above 200d (5-10%),True,True,True,True,5.09,7.33,0.5423,green,green (0-1%),1.2912,green,green (1-3%),11.6046,green,up,bonds down (0-1%),42.06,very high (>5%),3
2023-12-13,4646.2,60.150000000000546,Wednesday,bullish,2.61,0.0562,up,tiny (<3pts),up,12.23,very low (<13),0.16,vol rising (1-5%),all above,far above 50d (>5%),above 200d (5-10%),True,True,True,True,5.55,7.89,1.1497,green,strong green (>1%),1.9031,green,green (1-3%),12.2789,green,up,bonds selling (>1%),40.33,very high (>5%),4
2023-12-14,4721.04,-1.6300000000001091,Thursday,bullish,14.69,0.3121,up,medium (8-15pts),up,11.96,very low (<13),-0.23,vol falling (1-5%),all above,far above 50d (>5%),above 200d (5-10%),True,True,True,True,7.02,9.54,2.779,green,strong green (>1%),3.5445,green,strong green (>3%),14.0874,green,up,bonds rallying (>1%),39.300000000000004,very high (>5%),5
2023-12-15,4714.2300000000005,0.7999999999992724,Friday,bearish,-5.18,-0.1098,down,small (3-8pts),flat,12.12,very low (<13),-0.36,vol falling (1-5%),all above,far above 50d (>5%),above 200d (5-10%),True,True,True,True,6.65,9.28,2.6307,green,strong green (>1%),3.3952,green,strong green (>3%),13.9228,green,up,bonds rallying (>1%),39.28,very high (>5%),-1
2023-12-18,4725.58,14.960000000000036,Monday,bullish,10.55,0.2238,up,medium (8-15pts),flat,12.64,very low (<13),0.36,vol rising (1-5%),all above,far above 50d (>5%),above 200d (5-10%),True,True,True,True,6.68,9.45,,,,3.6441,green,strong green (>3%),14.1971,green,up,bonds rallying (>1%),39.54,very high (>5%),1
2023-12-19,4743.72,24.720000000000255,Tuesday,bullish,3.18,0.0671,up,small (3-8pts),up,12.58,very low (<13),0.02,vol flat,all above,far above 50d (>5%),above 200d (5-10%),True,True,True,True,6.88,9.78,0.3839,green,green (0-1%),4.042,green,strong green (>3%),14.6355,green,down,bonds rallying (>1%),39.22,very high (>5%),2
2023-12-20,4764.7300000000005,-66.49000000000069,Wednesday,bearish,-3.71,-0.0778,down,small (3-8pts),up,12.63,very low (<13),0.1,vol flat,all above,far above 50d (>5%),far above 200d (>10%),True,True,True,True,7.15,10.18,0.8285,green,green (0-1%),4.5028,green,strong green (>3%),15.1432,green,flat,bonds rallying (>1%),38.77,very high (>5%),3
2023-12-21,4724.29,23.23999999999978,Thursday,bullish,26.05,0.5545,up,large (15-30pts),down,13.41,low (13-16),-0.26,vol falling (1-5%),all above,far above 50d (>5%),above 200d (5-10%),True,True,True,True,6.07,9.15,-0.0273,flat,red (0-1%),3.6158,green,strong green (>3%),14.166,green,up,bonds up (0-1%),38.94,very high (>5%),-1
2023-12-22,4753.92,1.2399999999997817,Friday,bullish,6.39,0.1346,up,small (3-8pts),up,13.72,low (13-16),0.07,vol flat,all above,far above 50d (>5%),above 200d (5-10%),True,True,True,True,6.56,9.74,0.5997,green,green (0-1%),4.2657,green,strong green (>3%),14.882,green,down,bonds down (0-1%),39.01,very high (>5%),1
2023-12-26,4758.86,16.080000000000837,Tuesday,bullish,3.7,0.0778,up,small (3-8pts),flat,13.77,low (13-16),0.74,vol spiking (>5%),all above,far above 50d (>5%),above 200d (5-10%),True,True,True,True,6.48,9.75,,,,4.374,green,strong green (>3%),15.0014,green,down,bonds up (0-1%),38.86,very high (>5%),2
2023-12-27,4773.45,9.050000000000182,Wednesday,bullish,-1.49,-0.0312,down,tiny (<3pts),up,13.01,low (13-16),0.02,vol flat,all above,far above 50d (>5%),above 200d (5-10%),True,True,True,True,6.59,9.97,,,,4.694,green,strong green (>3%),15.3539,green,up,bonds down (0-1%),37.89,very high (>5%),3
2023-12-28,4786.4400000000005,-2.3200000000006185,Thursday,bullish,3.94,0.0824,up,small (3-8pts),up,12.43,very low (<13),0.0,vol flat,all above,far above 50d (>5%),far above 200d (>10%),True,True,True,True,6.69,10.15,,,,4.9789,green,strong green (>3%),15.6679,green,up,bonds up (0-1%),38.5,very high (>5%),4
2023-12-29,4782.88,-10.710000000000036,Friday,bullish,-1.24,-0.0259,down,tiny (<3pts),flat,12.52,very low (<13),0.05,vol flat,all above,far above 50d (>5%),above 200d (5-10%),True,True,True,True,6.41,9.96,,,,4.9008,green,strong green (>3%),15.5818,green,down,bonds up (0-1%),38.660000000000004,very high (>5%),-1
2024-01-02,4745.2,-2.1599999999998545,Tuesday,bearish,-26.97,-0.5652,down,large (15-30pts),down,13.21,low (13-16),0.76,vol spiking (>5%),mixed,far above 50d (>5%),above 200d (5-10%),False,True,True,True,5.36,8.98,,,,0.0,flat,slight red (0-1%),0.0,flat,down,bonds up (0-1%),39.46,very high (>5%),-2
2024-01-03,4725.07,-20.919999999999163,Wednesday,bearish,-17.97,-0.3789,down,large (15-30pts),flat,13.38,low (13-16),0.18,vol rising (1-5%),mixed,above 50d (2-5%),above 200d (5-10%),False,True,True,True,4.7,8.42,,,,-0.4242,red,slight red (0-1%),-0.4242,flat,flat,bonds down (0-1%),39.07,very high (>5%),-3
2024-01-04,4697.42,-7.720000000000255,Thursday,bullish,-6.73,-0.1431,down,small (3-8pts),down,13.97,low (13-16),-0.07,vol flat,mixed,above 50d (2-5%),above 200d (5-10%),False,False,True,True,3.87,7.69,,,,-1.0069,red,red (1-3%),-1.0069,red,up,bonds selling (>1%),39.910000000000004,very high (>5%),-4
2024-01-05,4690.57,6.0900000000001455,Friday,bullish,0.87,0.0186,up,tiny (<3pts),down,14.24,low (13-16),0.11,vol flat,mixed,above 50d (2-5%),above 200d (5-10%),False,False,True,True,3.5,7.44,,,,-1.1513,red,red (1-3%),-1.1513,red,down,bonds selling (>1%),40.42,very high (>5%),-5
2024-01-08,4703.7,59.039999999999964,Monday,bearish,7.04,0.1499,up,small (3-8pts),up,13.91,low (13-16),0.56,vol rising (1-5%),mixed,above 50d (2-5%),above 200d (5-10%),False,False,True,True,3.58,7.66,,,,-0.8746,red,slight red (0-1%),-0.8746,red,down,bonds selling (>1%),40.02,very high (>5%),1
2024-01-09,4741.93,13.9399999999996,Tuesday,bearish,-20.81,-0.4369,down,large (15-30pts),up,13.23,low (13-16),0.15,vol rising (1-5%),mixed,above 50d (2-5%),above 200d (5-10%),False,True,True,True,4.16,8.43,0.8128,green,green (0-1%),-0.0689,flat,slight red (0-1%),-0.0689,flat,up,bonds selling (>1%),40.19,very high (>5%),2
2024-01-10,4759.9400000000005,22.210000000000036,Wednesday,bullish,4.07,0.0856,up,small (3-8pts),up,12.85,very low (<13),0.09,vol flat,all above,above 50d (2-5%),above 200d (5-10%),True,True,True,True,4.27,8.74,1.1957,green,strong green (>1%),0.3106,green,slight green (0-1%),0.3106,flat,flat,bonds selling (>1%),40.300000000000004,very high (>5%),3
2024-01-11,4792.13,-11.840000000000146,Thursday,bullish,9.98,0.2087,up,medium (8-15pts),up,12.64,very low (<13),-0.05,vol flat,all above,above 50d (2-5%),above 200d (5-10%),True,True,True,True,4.67,9.38,1.88,green,strong green (>1%),0.989,green,slight green (0-1%),0.989,green,down,bonds selling (>1%),39.77,very high (>5%),4
2024-01-12,4791.18,-8.039999999999964,Friday,bullish,10.89,0.2278,up,medium (8-15pts),down,12.61,very low (<13),0.17,vol rising (1-5%),all above,above 50d (2-5%),above 200d (5-10%),True,True,True,True,4.37,9.26,1.8598,green,strong green (>1%),0.969,green,slight green (0-1%),0.969,green,up,bonds up (0-1%),39.5,very high (>5%),-1
2024-01-16,4772.35,-7.170000000000073,Tuesday,bearish,-10.79,-0.2256,down,medium (8-15pts),down,14.06,low (13-16),0.81,vol spiking (>5%),all above,above 50d (2-5%),above 200d (5-10%),True,True,True,True,3.69,8.73,,,,0.5722,green,slight green (0-1%),0.5722,green,down,bonds down (0-1%),40.660000000000004,very high (>5%),-2
2024-01-17,4739.13,-0.13000000000010914,Wednesday,bearish,-26.05,-0.5467,down,large (15-30pts),down,14.51,low (13-16),0.67,vol rising (1-5%),mixed,above 50d (2-5%),above 200d (5-10%),False,False,True,True,2.74,7.88,,,,-0.1279,red,slight red (0-1%),-0.1279,flat,down,bonds selling (>1%),41.06,very high (>5%),-3
2024-01-18,4760.1,20.42999999999938,Thursday,bearish,21.1,0.4452,up,large (15-30pts),flat,14.82,low (13-16),0.03,vol flat,all above,above 50d (2-5%),above 200d (5-10%),True,True,True,True,3.0,8.27,,,,0.314,green,slight green (0-1%),0.314,flat,flat,bonds selling (>1%),41.44,very high (>5%),-4
2024-01-19,4796.28,42.68000000000029,Friday,bearish,15.75,0.3295,up,large (15-30pts),up,13.76,low (13-16),-0.37,vol falling (1-5%),all above,above 50d (2-5%),above 200d (5-10%),True,True,True,True,3.6,9.01,,,,1.0765,green,green (1-3%),1.0765,green,down,bonds selling (>1%),41.46,very high (>5%),1
2024-01-22,4853.42,-2.800000000000182,Monday,bullish,14.46,0.2988,up,medium (8-15pts),up,13.74,low (13-16),0.44,vol rising (1-5%),all above,above 50d (2-5%),far above 200d (>10%),True,True,True,True,4.62,10.22,,,,2.2806,green,green (1-3%),2.2806,green,up,bonds selling (>1%),40.94,very high (>5%),2
2024-01-23,4856.8,7.269999999999527,Tuesday,bullish,6.18,0.1274,up,small (3-8pts),flat,13.23,low (13-16),0.04,vol flat,all above,above 50d (2-5%),far above 200d (>10%),True,True,True,True,4.48,10.2,0.0696,green,green (0-1%),2.3519,green,green (1-3%),2.3519,green,down,bonds down (0-1%),41.42,very high (>5%),-1
2024-01-24,4888.56,-19.530000000000655,Wednesday,bullish,24.49,0.5035,up,large (15-30pts),up,12.66,very low (<13),0.11,vol flat,all above,above 50d (2-5%),far above 200d (>10%),True,True,True,True,4.94,10.83,0.724,green,green (0-1%),3.0212,green,strong green (>3%),3.0212,green,flat,bonds down (0-1%),41.78,very high (>5%),1
2024-01-25,4886.66,8.390000000000327,Thursday,bearish,17.63,0.3621,up,large (15-30pts),down,13.17,low (13-16),0.03,vol flat,all above,above 50d (2-5%),far above 200d (>10%),True,True,True,True,4.67,10.69,0.6849,green,green (0-1%),2.9811,green,green (1-3%),2.9811,green,down,bonds down (0-1%),41.32,very high (>5%),-1
2024-01-26,4888.91,1.1599999999998545,Friday,bullish,-6.14,-0.1254,down,small (3-8pts),up,13.74,low (13-16),0.29,vol rising (1-5%),all above,above 50d (2-5%),far above 200d (>10%),True,True,True,True,4.5,10.64,0.7312,green,green (0-1%),3.0285,green,strong green (>3%),3.0285,green,flat,bonds down (0-1%),41.6,very high (>5%),1
2024-01-29,4892.95,35.150000000000546,Monday,bearish,2.88,0.0589,up,tiny (<3pts),flat,13.97,low (13-16),0.71,vol spiking (>5%),all above,above 50d (2-5%),far above 200d (>10%),True,True,True,True,4.37,10.63,,,,3.1137,green,strong green (>3%),3.1137,green,down,bonds down (0-1%),40.910000000000004,very high (>5%),2
2024-01-30,4925.89,-1.2700000000004366,Tuesday,bearish,-2.21,-0.0448,down,tiny (<3pts),up,13.68,low (13-16),0.08,vol flat,all above,above 50d (2-5%),far above 200d (>10%),True,True,True,True,4.88,11.27,0.6732,green,green (0-1%),3.8078,green,strong green (>3%),3.8078,green,up,bonds rallying (>1%),40.59,very high (>5%),3
2024-01-31,4899.1900000000005,-53.70000000000073,Wednesday,bullish,-25.43,-0.5164,down,large (15-30pts),flat,13.4,low (13-16),0.09,vol flat,all above,above 50d (2-5%),far above 200d (>10%),True,True,True,True,4.13,10.57,0.1275,green,green (0-1%),3.2452,green,strong green (>3%),3.2452,green,up,bonds rallying (>1%),39.67,very high (>5%),-1
2024-02-01,4861.11,44.840000000000146,Thursday,bullish,15.62,0.3224,up,large (15-30pts),down,14.13,low (13-16),-0.22,vol falling (1-5%),mixed,above 50d (2-5%),above 200d (5-10%),False,True,True,True,3.17,9.62,-0.6507,red,red (0-1%),0.0,flat,slight red (0-1%),2.4427,green,up,bonds rallying (>1%),38.63,very high (>5%),-2
2024-02-02,4916.06,41.97999999999956,Friday,bearish,10.11,0.2061,up,medium (8-15pts),up,13.9,low (13-16),0.02,vol flat,all above,above 50d (2-5%),far above 200d (>10%),True,True,True,True,4.16,10.77,0.4723,green,green (0-1%),1.1304,green,green (1-3%),3.6007,green,up,bonds rallying (>1%),40.33,very high (>5%),1
2024-02-05,4957.1900000000005,-14.980000000000473,Monday,bearish,-0.85,-0.0171,down,tiny (<3pts),up,14.37,low (13-16),0.52,vol rising (1-5%),all above,above 50d (2-5%),far above 200d (>10%),True,True,True,True,4.85,11.6,,,,1.9765,green,green (1-3%),4.4675,green,down,bonds rallying (>1%),41.64,very high (>5%),2
2024-02-06,4950.16,4.079999999999927,Tuesday,bullish,7.95,0.1609,up,small (3-8pts),down,13.57,low (13-16),-0.1,vol flat,all above,above 50d (2-5%),far above 200d (>10%),True,True,True,True,4.52,11.34,-0.1418,red,red (0-1%),1.8319,green,green (1-3%),4.3193,green,down,bonds selling (>1%),40.9,very high (>5%),-1
2024-02-07,4973.05,21.890000000000327,Wednesday,bullish,18.81,0.3797,up,large (15-30pts),flat,13.06,low (13-16),0.0,vol flat,all above,above 50d (2-5%),far above 200d (>10%),True,True,True,True,4.83,11.75,0.3199,green,green (0-1%),2.3028,green,green (1-3%),4.8017,green,up,bonds selling (>1%),41.1,very high (>5%),1
2024-02-08,4995.16,3.360000000000582,Thursday,bearish,0.22,0.0044,up,tiny (<3pts),up,12.98,very low (<13),0.15,vol rising (1-5%),all above,far above 50d (>5%),far above 200d (>10%),True,True,True,True,5.1,12.14,0.766,green,green (0-1%),2.7576,green,green (1-3%),5.2676,green,flat,bonds selling (>1%),41.7,very high (>5%),2
2024-02-09,5004.17,21.720000000000255,Friday,bearish,5.65,0.113,up,small (3-8pts),flat,12.75,very low (<13),-0.04,vol flat,all above,far above 50d (>5%),far above 200d (>10%),True,True,True,True,5.1,12.23,0.9477,green,green (0-1%),2.9429,green,green (1-3%),5.4575,green,flat,bonds selling (>1%),41.87,very high (>5%),3
2024-02-12,5026.83,-4.3400000000001455,Monday,bearish,0.94,0.0187,up,tiny (<3pts),up,13.47,low (13-16),0.54,vol rising (1-5%),all above,far above 50d (>5%),far above 200d (>10%),True,True,True,True,5.36,12.62,,,,3.4091,green,strong green (>3%),5.9351,green,flat,bonds down (0-1%),41.72,very high (>5%),4
2024-02-13,4967.9400000000005,-14.240000000000691,Tuesday,bearish,-54.55,-1.0861,down,huge (>50pts),flat,13.98,low (13-16),0.05,vol flat,all above,above 50d (2-5%),far above 200d (>10%),True,True,True,True,3.93,11.18,-1.1715,red,deep red (>1%),2.1976,green,green (1-3%),4.694,green,flat,bonds selling (>1%),43.160000000000004,very high (>5%),-1
2024-02-14,4976.4400000000005,23.8799999999992,Wednesday,bullish,22.74,0.4591,up,large (15-30pts),down,15.28,low (13-16),-0.57,vol falling (1-5%),all above,above 50d (2-5%),far above 200d (>10%),True,True,True,True,3.94,11.27,-1.0024,red,deep red (>1%),2.3725,green,green (1-3%),4.8731,green,down,bonds selling (>1%),42.67,very high (>5%),-2
2024-02-15,5003.14,26.529999999999745,Thursday,bullish,2.82,0.0564,up,tiny (<3pts),up,14.25,low (13-16),-0.13,vol flat,all above,above 50d (2-5%),far above 200d (>10%),True,True,True,True,4.32,11.76,-0.4713,red,red (0-1%),2.9218,green,green (1-3%),5.4358,green,up,bonds selling (>1%),42.4,very high (>5%),1
2024-02-16,5031.13,-25.979999999999563,Friday,bearish,1.46,0.029,up,tiny (<3pts),up,13.92,low (13-16),-0.09,vol flat,all above,above 50d (2-5%),far above 200d (>10%),True,True,True,True,4.71,12.28,0.0855,green,green (0-1%),3.4976,green,strong green (>3%),6.0257,green,down,bonds down (0-1%),42.95,very high (>5%),2
2024-02-20,4989.32,-13.329999999999927,Tuesday,bearish,-15.83,-0.3163,down,large (15-30pts),down,15.25,low (13-16),0.54,vol rising (1-5%),mixed,above 50d (2-5%),far above 200d (>10%),False,True,True,True,3.65,11.24,,,,2.6375,green,green (1-3%),5.1446,green,up,bonds selling (>1%),42.75,very high (>5%),-1
2024-02-21,4963.03,18.88000000000011,Wednesday,bullish,-12.96,-0.2605,down,medium (8-15pts),down,15.65,low (13-16),0.23,vol rising (1-5%),mixed,above 50d (2-5%),far above 200d (>10%),False,True,True,True,2.93,10.54,,,,2.0966,green,green (1-3%),4.5905,green,flat,bonds up (0-1%),43.25,very high (>5%),-2
2024-02-22,5038.83,47.36000000000058,Thursday,bullish,56.92,1.1425,up,huge (>50pts),up,14.3,low (13-16),-1.04,vol crushing (>5%),all above,above 50d (2-5%),far above 200d (>10%),True,True,True,True,4.33,12.11,,,,3.656,green,strong green (>3%),6.1879,green,down,bonds down (0-1%),43.27,very high (>5%),1
2024-02-23,5100.92,-11.609999999999673,Friday,bullish,14.73,0.2896,up,medium (8-15pts),up,14.28,low (13-16),-0.26,vol falling (1-5%),all above,far above 50d (>5%),far above 200d (>10%),True,True,True,True,5.41,13.38,,,,4.9332,green,strong green (>3%),7.4964,green,up,bonds down (0-1%),42.6,very high (>5%),2
2024-02-26,5093.0,-23.909999999999854,Monday,bullish,3.69,0.0725,up,small (3-8pts),down,14.18,low (13-16),0.43,vol rising (1-5%),all above,far above 50d (>5%),far above 200d (>10%),True,True,True,True,5.04,13.08,,,,4.7703,green,strong green (>3%),7.3295,green,up,bonds rallying (>1%),42.99,very high (>5%),-1
2024-02-27,5074.6,4.880000000000109,Tuesday,bullish,5.51,0.1087,up,small (3-8pts),down,13.63,low (13-16),-0.11,vol flat,all above,above 50d (2-5%),far above 200d (>10%),True,True,True,True,4.48,12.55,-0.3613,red,red (0-1%),4.3918,green,strong green (>3%),6.9418,green,down,bonds up (0-1%),43.15,very high (>5%),-2
2024-02-28,5067.2,3.0700000000006185,Wednesday,bearish,-12.28,-0.2418,down,medium (8-15pts),flat,13.58,low (13-16),0.15,vol rising (1-5%),all above,above 50d (2-5%),far above 200d (>10%),True,True,True,True,4.17,12.27,-0.5066,red,red (0-1%),4.2396,green,strong green (>3%),6.7858,green,down,bonds up (0-1%),42.74,very high (>5%),1
2024-02-29,5085.36,12.180000000000291,Thursday,bullish,15.09,0.2976,up,large (15-30pts),flat,14.05,low (13-16),0.21,vol rising (1-5%),all above,above 50d (2-5%),far above 200d (>10%),True,True,True,True,4.39,12.56,-0.15,red,red (0-1%),4.6131,green,strong green (>3%),7.1685,green,up,bonds up (0-1%),42.52,very high (>5%),2
2024-03-01,5098.51,38.529999999999745,Friday,bullish,0.97,0.019,up,tiny (<3pts),up,13.33,low (13-16),-0.07,vol flat,all above,above 50d (2-5%),far above 200d (>10%),True,True,True,True,4.5,12.73,0.1082,green,green (0-1%),0.0,flat,slight red (0-1%),7.4456,green,up,bonds up (0-1%),41.800000000000004,very high (>5%),3
2024-03-04,5130.99,0.0500000000001819,Monday,bearish,-6.05,-0.1178,down,small (3-8pts),up,13.49,low (13-16),0.38,vol rising (1-5%),all above,above 50d (2-5%),far above 200d (>10%),True,True,True,True,4.99,13.32,,,,0.637,green,slight green (0-1%),8.1301,green,up,bonds up (0-1%),42.19,very high (>5%),4
2024-03-05,5110.52,-31.660000000000764,Tuesday,bearish,-20.52,-0.3999,down,large (15-30pts),flat,13.76,low (13-16),0.27,vol rising (1-5%),all above,above 50d (2-5%),far above 200d (>10%),True,True,True,True,4.42,12.74,-0.3989,red,red (0-1%),0.2356,green,slight green (0-1%),7.6987,green,up,bonds rallying (>1%),41.37,very high (>5%),5
2024-03-06,5108.03,-2.2999999999992724,Wednesday,bullish,29.17,0.5743,up,large (15-30pts),down,14.24,low (13-16),-0.22,vol falling (1-5%),all above,above 50d (2-5%),far above 200d (>10%),True,True,True,True,4.21,12.57,-0.4475,red,red (0-1%),0.1867,green,slight green (0-1%),7.6463,green,up,bonds rallying (>1%),41.04,very high (>5%),-1
2024-03-07,5132.38,25.899999999999636,Thursday,bullish,26.65,0.522,up,large (15-30pts),flat,14.86,low (13-16),0.36,vol rising (1-5%),all above,above 50d (2-5%),far above 200d (>10%),True,True,True,True,4.55,12.99,0.0271,flat,green (0-1%),0.6643,green,slight green (0-1%),8.1594,green,up,bonds rallying (>1%),40.92,very high (>5%),-2
2024-03-08,5164.46,-40.090000000000146,Friday,bearish,6.18,0.1198,up,small (3-8pts),up,14.25,low (13-16),-0.19,vol falling (1-5%),all above,far above 50d (>5%),far above 200d (>10%),True,True,True,True,5.03,13.58,0.6523,green,green (0-1%),1.2935,green,green (1-3%),8.8355,green,down,bonds rallying (>1%),40.89,very high (>5%),1
2024-03-11,5111.96,6.5,Monday,bullish,-12.41,-0.2422,down,medium (8-15pts),down,15.58,low (13-16),0.84,vol spiking (>5%),all above,above 50d (2-5%),far above 200d (>10%),True,True,True,True,3.82,12.31,,,,0.2638,green,slight green (0-1%),7.7291,green,flat,bonds rallying (>1%),41.04,very high (>5%),-1
2024-03-12,5134.3,40.64000000000033,Tuesday,bullish,15.84,0.3095,up,large (15-30pts),up,14.98,low (13-16),-0.24,vol falling (1-5%),all above,above 50d (2-5%),far above 200d (>10%),True,True,True,True,4.13,12.68,0.437,green,green (0-1%),0.702,green,slight green (0-1%),8.1999,green,down,bonds up (0-1%),41.550000000000004,very high (>5%),1
2024-03-13,5173.49,-7.880000000000109,Wednesday,bullish,-1.45,-0.028,down,tiny (<3pts),up,13.87,low (13-16),0.03,vol flat,all above,above 50d (2-5%),far above 200d (>10%),True,True,True,True,4.76,13.41,1.2036,green,strong green (>1%),1.4706,green,green (1-3%),9.0258,green,down,bonds selling (>1%),41.92,very high (>5%),2
2024-03-14,5175.14,-23.710000000000036,Thursday,bearish,9.53,0.1845,up,medium (8-15pts),down,13.59,low (13-16),-0.16,vol falling (1-5%),all above,above 50d (2-5%),far above 200d (>10%),True,True,True,True,4.62,13.32,1.2359,green,strong green (>1%),1.503,green,green (1-3%),9.0605,green,flat,bonds selling (>1%),42.980000000000004,very high (>5%),-1
2024-03-15,5123.31,-5.890000000000327,Friday,bearish,-28.12,-0.5459,down,large (15-30pts),down,14.29,low (13-16),-0.11,vol flat,mixed,above 50d (2-5%),far above 200d (>10%),False,True,True,True,3.4,12.07,0.222,green,green (0-1%),0.4864,green,slight green (0-1%),7.9683,green,down,bonds selling (>1%),43.04,very high (>5%),-2
2024-03-18,5154.77,-5.350000000000364,Monday,bullish,37.35,0.7299,up,very large (30-50pts),down,14.82,low (13-16),0.41,vol rising (1-5%),all above,above 50d (2-5%),far above 200d (>10%),True,True,True,True,3.87,12.64,,,,1.1035,green,green (1-3%),8.6312,green,down,bonds selling (>1%),43.4,very high (>5%),-3
2024-03-19,5139.09,38.92000000000007,Tuesday,bearish,-10.33,-0.2006,down,medium (8-15pts),down,14.48,low (13-16),-0.23,vol falling (1-5%),all above,above 50d (2-5%),far above 200d (>10%),True,True,True,True,3.36,12.18,-0.3042,red,red (0-1%),0.7959,green,slight green (0-1%),8.3008,green,flat,bonds selling (>1%),42.97,very high (>5%),-4
2024-03-20,5181.6900000000005,41.599999999999454,Wednesday,bearish,3.68,0.0711,up,small (3-8pts),up,13.82,low (13-16),0.0,vol flat,all above,above 50d (2-5%),far above 200d (>10%),True,True,True,True,4.01,12.99,0.5222,green,green (0-1%),1.6315,green,green (1-3%),9.1986,green,flat,bonds selling (>1%),42.730000000000004,very high (>5%),1
2024-03-21,5253.43,-12.409999999999854,Thursday,bearish,30.14,0.577,up,very large (30-50pts),up,12.98,very low (<13),-0.06,vol flat,all above,far above 50d (>5%),far above 200d (>10%),True,True,True,True,5.26,14.44,1.914,green,strong green (>1%),3.0385,green,strong green (>3%),10.7104,green,down,bonds down (0-1%),42.71,very high (>5%),2
2024-03-22,5242.4800000000005,-8.210000000000036,Friday,bearish,1.46,0.0279,up,tiny (<3pts),down,12.94,very low (<13),0.02,vol flat,all above,above 50d (2-5%),far above 200d (>10%),True,True,True,True,4.84,14.08,1.7015,green,strong green (>1%),2.8238,green,green (1-3%),10.4796,green,down,bonds up (0-1%),42.18,very high (>5%),-1
2024-03-25,5219.52,-0.4600000000000364,Monday,bullish,-14.75,-0.2818,down,medium (8-15pts),down,13.65,low (13-16),0.59,vol rising (1-5%),all above,above 50d (2-5%),far above 200d (>10%),True,True,True,True,4.19,13.47,,,,2.3734,green,green (1-3%),9.9958,green,down,bonds rallying (>1%),42.53,very high (>5%),-2
2024-03-26,5228.85,-24.670000000000073,Tuesday,bullish,9.79,0.1876,up,medium (8-15pts),flat,13.12,low (13-16),-0.07,vol flat,all above,above 50d (2-5%),far above 200d (>10%),True,True,True,True,4.19,13.55,0.1788,green,green (0-1%),2.5564,green,green (1-3%),10.1924,green,down,bonds up (0-1%),42.34,very high (>5%),-3
2024-03-27,5226.31,22.81999999999971,Wednesday,bullish,22.13,0.4252,up,large (15-30pts),down,13.11,low (13-16),-0.13,vol flat,all above,above 50d (2-5%),far above 200d (>10%),True,True,True,True,3.97,13.38,0.1301,green,green (0-1%),2.5066,green,green (1-3%),10.1389,green,up,bonds up (0-1%),41.96,very high (>5%),-4
2024-03-28,5248.03,7.5700000000006185,Thursday,bullish,-1.1,-0.021,down,tiny (<3pts),up,12.94,very low (<13),0.16,vol rising (1-5%),all above,above 50d (2-5%),far above 200d (>10%),True,True,True,True,4.2,13.74,0.5462,green,green (0-1%),2.9326,green,green (1-3%),10.5966,green,up,bonds rallying (>1%),42.06,very high (>5%),1
2024-04-01,5257.97,-14.5600000000004,Monday,bearish,2.37,0.0451,up,tiny (<3pts),up,13.6,low (13-16),0.59,vol rising (1-5%),all above,above 50d (2-5%),far above 200d (>10%),True,True,True,True,4.18,13.84,,,,0.0,flat,slight red (0-1%),10.8061,green,up,bonds up (0-1%),43.29,very high (>5%),2
2024-04-02,5204.29,1.5799999999999272,Tuesday,bearish,-39.12,-0.7461,down,very large (30-50pts),down,13.8,low (13-16),0.15,vol rising (1-5%),mixed,above 50d (2-5%),far above 200d (>10%),False,True,True,True,2.93,12.57,-1.0209,red,deep red (>1%),-1.0209,red,red (1-3%),9.6748,green,down,bonds selling (>1%),43.65,very high (>5%),-1
2024-04-03,5194.37,18.8100000000004,Wednesday,bullish,-11.5,-0.2209,down,medium (8-15pts),flat,15.05,low (13-16),0.44,vol rising (1-5%),mixed,above 50d (2-5%),far above 200d (>10%),False,True,True,True,2.59,12.26,-1.2096,red,deep red (>1%),-1.2096,red,red (1-3%),9.4658,green,up,bonds selling (>1%),43.550000000000004,very high (>5%),1
2024-04-04,5244.05,-96.97000000000025,Thursday,bullish,30.87,0.5922,up,very large (30-50pts),up,14.25,low (13-16),-0.08,vol flat,all above,above 50d (2-5%),far above 200d (>10%),True,True,True,True,3.42,13.23,-0.2647,red,red (0-1%),-0.2647,red,slight red (0-1%),10.5127,green,up,bonds selling (>1%),43.09,very high (>5%),2
2024-04-05,5158.95,45.850000000000364,Friday,bullish,11.87,0.2306,up,medium (8-15pts),down,16.43,normal (16-20),0.08,vol flat,mixed,just above 50d (0-2%),far above 200d (>10%),False,False,True,True,1.63,11.31,-1.8832,red,deep red (>1%),-1.8832,red,red (1-3%),8.7193,green,flat,bonds selling (>1%),43.78,very high (>5%),-1
2024-04-08,5211.37,-7.75,Monday,bearish,6.57,0.1262,up,small (3-8pts),up,16.25,normal (16-20),0.22,vol rising (1-5%),mixed,above 50d (2-5%),far above 200d (>10%),False,True,True,True,2.53,12.34,,,,-0.8863,red,slight red (0-1%),9.824,green,down,bonds selling (>1%),,,1
2024-04-09,5217.03,-6.969999999999345,Tuesday,bullish,13.41,0.2577,up,medium (8-15pts),down,15.34,low (13-16),0.15,vol flat,all above,above 50d (2-5%),far above 200d (>10%),True,True,True,True,2.51,12.36,0.1086,green,green (0-1%),-0.7786,red,slight red (0-1%),9.9433,green,up,bonds down (0-1%),43.660000000000004,very high (>5%),-1
2024-04-10,5167.88,-8.050000000000182,Wednesday,bearish,-42.18,-0.8096,down,very large (30-50pts),down,15.24,low (13-16),0.26,vol rising (1-5%),mixed,just above 50d (0-2%),far above 200d (>10%),False,False,True,True,1.42,11.2,-0.8345,red,red (0-1%),-1.7134,red,red (1-3%),8.9075,green,up,bonds up (0-1%),45.6,very high (>5%),-2
2024-04-11,5172.95,25.220000000000255,Thursday,bearish,13.12,0.2543,up,medium (8-15pts),down,16.04,normal (16-20),0.24,vol rising (1-5%),mixed,just above 50d (0-2%),far above 200d (>10%),False,False,True,True,1.43,11.21,-0.7372,red,red (0-1%),-1.617,red,red (1-3%),9.0144,green,down,bonds selling (>1%),45.76,very high (>5%),-3
2024-04-12,5171.51,-47.909999999999854,Friday,bearish,-26.66,-0.5129,down,large (15-30pts),up,14.92,low (13-16),0.01,vol flat,mixed,just above 50d (0-2%),far above 200d (>10%),False,False,True,True,1.29,11.08,-0.7649,red,red (0-1%),-1.6444,red,red (1-3%),8.984,green,down,bonds selling (>1%),44.99,very high (>5%),1
2024-04-15,5149.67,-88.05000000000018,Monday,bullish,26.07,0.5088,up,large (15-30pts),down,16.98,normal (16-20),-0.33,vol falling (1-5%),mixed,just above 50d (0-2%),far above 200d (>10%),False,False,True,True,0.75,10.52,,,,-2.0597,red,red (1-3%),8.5238,green,down,bonds selling (>1%),46.28,very high (>5%),-1
2024-04-16,5064.59,-14.0,Tuesday,bearish,2.97,0.0587,up,tiny (<3pts),down,19.49,normal (16-20),0.26,vol rising (1-5%),mixed,just below 50d (0-2%),above 200d (5-10%),False,False,False,True,-0.97,8.62,-1.6521,red,deep red (>1%),-3.6778,red,deep red (>3%),6.7308,green,down,bonds selling (>1%),46.59,very high (>5%),-2
2024-04-17,5068.97,-47.55000000000018,Wednesday,bullish,18.38,0.3639,up,large (15-30pts),down,18.25,normal (16-20),-0.15,vol flat,mixed,just below 50d (0-2%),above 200d (5-10%),False,False,False,True,-0.92,8.63,-1.5671,red,deep red (>1%),-3.5945,red,deep red (>3%),6.8231,green,up,bonds selling (>1%),45.85,very high (>5%),-3
2024-04-18,5031.52,-21.329999999999927,Thursday,bullish,10.1,0.2011,up,medium (8-15pts),down,17.93,normal (16-20),-0.28,vol falling (1-5%),mixed,just below 50d (0-2%),above 200d (5-10%),False,False,False,True,-1.68,7.77,-2.2943,red,deep red (>1%),-4.3068,red,deep red (>3%),6.0339,green,up,bonds down (0-1%),46.47,very high (>5%),-4
2024-04-19,5005.4400000000005,-38.24000000000069,Friday,bearish,-4.75,-0.0948,down,small (3-8pts),down,21.1,elevated (20-25),3.1,vol spiking (>5%),mixed,below 50d (2-5%),above 200d (5-10%),False,False,False,True,-2.22,7.14,-2.8008,red,deep red (>1%),-4.8028,red,deep red (>3%),5.4843,green,down,bonds selling (>1%),46.15,very high (>5%),-5
2024-04-22,4987.33,24.150000000000546,Monday,bullish,20.13,0.4053,up,large (15-30pts),down,18.62,normal (16-20),-0.09,vol flat,mixed,below 50d (2-5%),above 200d (5-10%),False,False,False,True,-2.56,6.7,,,,-5.1472,red,deep red (>3%),5.1026,green,down,bonds up (0-1%),46.230000000000004,very high (>5%),-6
2024-04-23,5028.85,40.55999999999949,Tuesday,bullish,17.37,0.3466,up,large (15-30pts),up,16.67,normal (16-20),-0.27,vol falling (1-5%),mixed,just below 50d (0-2%),above 200d (5-10%),False,False,False,True,-1.75,7.52,0.8325,green,green (0-1%),-4.3576,red,deep red (>3%),5.9776,green,up,bonds up (0-1%),45.980000000000004,very high (>5%),1
2024-04-24,5084.86,-12.649999999999636,Wednesday,bearish,15.45,0.3048,up,large (15-30pts),up,15.77,low (13-16),0.08,vol flat,mixed,just below 50d (0-2%),above 200d (5-10%),True,False,False,True,-0.68,8.63,1.9556,green,strong green (>1%),-3.2923,red,deep red (>3%),7.158,green,up,bonds down (0-1%),46.52,very high (>5%),2
2024-04-25,5019.88,29.449999999999818,Thursday,bearish,-52.33,-1.0317,down,huge (>50pts),down,16.28,normal (16-20),0.31,vol rising (1-5%),mixed,just below 50d (0-2%),above 200d (5-10%),False,False,False,True,-1.96,7.17,0.6527,green,green (0-1%),-4.5282,red,deep red (>3%),5.7886,green,down,bonds down (0-1%),47.06,very high (>5%),-1
2024-04-26,5084.650000000001,14.039999999999964,Friday,bearish,35.32,0.6995,up,very large (30-50pts),up,15.54,low (13-16),0.17,vol rising (1-5%),mixed,just below 50d (0-2%),above 200d (5-10%),True,False,False,True,-0.74,8.48,1.9513,green,strong green (>1%),-3.2963,red,deep red (>3%),7.1535,green,up,bonds selling (>1%),46.69,very high (>5%),1
2024-04-29,5114.13,2.7100000000000364,Monday,bullish,15.44,0.3028,up,large (15-30pts),up,15.35,low (13-16),0.32,vol rising (1-5%),mixed,just below 50d (0-2%),above 200d (5-10%),True,False,False,True,-0.2,9.04,,,,-2.7357,red,red (1-3%),7.7748,green,flat,bonds down (0-1%),46.14,very high (>5%),2
2024-04-30,5103.78,-67.52999999999975,Tuesday,bearish,-13.06,-0.2552,down,medium (8-15pts),flat,14.8,low (13-16),0.13,vol flat,mixed,just below 50d (0-2%),above 200d (5-10%),True,False,False,True,-0.43,8.75,-0.2024,red,red (0-1%),-2.9325,red,red (1-3%),7.5567,green,up,bonds down (0-1%),46.86,very high (>5%),3
2024-05-01,5029.03,-11.460000000000036,Wednesday,bullish,-7.22,-0.1434,down,small (3-8pts),down,15.76,low (13-16),0.11,vol flat,mixed,just below 50d (0-2%),above 200d (5-10%),False,False,False,True,-1.9,7.09,-1.664,red,deep red (>1%),0.0,flat,slight red (0-1%),5.9814,green,down,bonds down (0-1%),45.95,very high (>5%),-1
2024-05-02,5049.32,16.039999999999964,Thursday,bullish,31.75,0.6328,up,very large (30-50pts),down,15.1,low (13-16),-0.29,vol falling (1-5%),mixed,just below 50d (0-2%),above 200d (5-10%),True,False,False,True,-1.53,7.47,-1.2673,red,deep red (>1%),0.4035,green,slight green (0-1%),6.409,green,flat,bonds up (0-1%),45.71,very high (>5%),-2
2024-05-03,5122.78,4.990000000000691,Friday,bullish,57.42,1.1336,up,huge (>50pts),up,14.54,low (13-16),-0.14,vol flat,mixed,just below 50d (0-2%),above 200d (5-10%),True,True,False,True,-0.12,8.97,0.1691,green,green (0-1%),1.8642,green,green (1-3%),7.9571,green,up,bonds up (0-1%),45.0,very high (>5%),1
2024-05-06,5142.42,38.279999999999745,Monday,bullish,14.65,0.2857,up,medium (8-15pts),flat,14.0,low (13-16),0.51,vol rising (1-5%),all above,just above 50d (0-2%),above 200d (5-10%),True,True,True,True,0.24,9.33,,,,2.2547,green,green (1-3%),8.371,green,down,bonds up (0-1%),44.89,very high (>5%),2
2024-05-07,5187.2,0.32000000000061846,Tuesday,bullish,6.5,0.1255,up,small (3-8pts),up,13.55,low (13-16),0.06,vol flat,all above,just above 50d (0-2%),far above 200d (>10%),True,True,True,True,1.08,10.2,0.8708,green,green (0-1%),3.1451,green,strong green (>3%),9.3147,green,up,bonds rallying (>1%),44.63,very high (>5%),3
2024-05-08,5168.9800000000005,18.6299999999992,Wednesday,bearish,-18.54,-0.3574,down,large (15-30pts),flat,13.22,low (13-16),-0.01,vol flat,all above,just above 50d (0-2%),above 200d (5-10%),True,True,True,True,0.68,9.74,0.5165,green,green (0-1%),2.7828,green,green (1-3%),8.9307,green,down,bonds rallying (>1%),44.92,very high (>5%),4
2024-05-09,5189.03,25.550000000000182,Thursday,bullish,1.42,0.0274,up,tiny (<3pts),up,13.16,low (13-16),0.16,vol rising (1-5%),all above,just above 50d (0-2%),far above 200d (>10%),True,True,True,True,1.03,10.09,0.9064,green,green (0-1%),3.1815,green,strong green (>3%),9.3532,green,down,bonds rallying (>1%),44.49,very high (>5%),5
2024-05-10,5225.49,-3.449999999999818,Friday,bullish,10.91,0.2092,up,medium (8-15pts),up,12.77,very low (<13),0.08,vol flat,all above,just above 50d (0-2%),far above 200d (>10%),True,True,True,True,1.68,10.79,1.6154,green,strong green (>1%),3.9065,green,strong green (>3%),10.1216,green,up,bonds up (0-1%),45.04,very high (>5%),6
2024-05-13,5233.08,-11.340000000000146,Monday,bullish,11.04,0.2114,up,medium (8-15pts),flat,13.26,low (13-16),0.71,vol spiking (>5%),all above,just above 50d (0-2%),far above 200d (>10%),True,True,True,True,1.78,10.87,,,,4.0574,green,strong green (>3%),10.2815,green,down,bonds down (0-1%),44.81,very high (>5%),-1
2024-05-14,5221.1,24.529999999999745,Tuesday,bullish,-0.64,-0.0123,down,tiny (<3pts),down,13.72,low (13-16),0.12,vol flat,all above,just above 50d (0-2%),far above 200d (>10%),True,True,True,True,1.51,10.54,-0.2289,red,red (0-1%),3.8192,green,strong green (>3%),10.0291,green,down,bonds down (0-1%),44.45,very high (>5%),-2
2024-05-15,5263.26,45.409999999999854,Wednesday,bullish,17.63,0.3361,up,large (15-30pts),up,13.75,low (13-16),0.33,vol rising (1-5%),all above,above 50d (2-5%),far above 200d (>10%),True,True,True,True,2.28,11.35,0.5767,green,green (0-1%),4.6576,green,strong green (>3%),10.9176,green,up,bonds up (0-1%),43.56,very high (>5%),1
2024-05-16,5310.07,-12.199999999999818,Thursday,bullish,1.4,0.0264,up,tiny (<3pts),up,12.48,very low (<13),0.03,vol flat,all above,above 50d (2-5%),far above 200d (>10%),True,True,True,True,3.1,12.26,1.4712,green,strong green (>1%),5.5884,green,strong green (>3%),11.904,green,up,bonds rallying (>1%),43.77,very high (>5%),2
2024-05-17,5303.1,0.7899999999999636,Friday,bullish,5.23,0.0987,up,small (3-8pts),down,12.27,very low (<13),-0.15,vol falling (1-5%),all above,above 50d (2-5%),far above 200d (>10%),True,True,True,True,2.89,12.03,1.338,green,strong green (>1%),5.4498,green,strong green (>3%),11.7571,green,down,bonds rallying (>1%),44.2,very high (>5%),-1
2024-05-20,5305.35,3.769999999999527,Monday,bearish,1.46,0.0275,up,tiny (<3pts),flat,12.25,very low (<13),0.26,vol rising (1-5%),all above,above 50d (2-5%),far above 200d (>10%),True,True,True,True,2.87,11.98,,,,5.4945,green,strong green (>3%),11.8046,green,down,bonds rallying (>1%),44.37,very high (>5%),1
2024-05-21,5298.6900000000005,23.279999999999745,Tuesday,bullish,-10.43,-0.1965,down,medium (8-15pts),flat,12.29,very low (<13),0.14,vol rising (1-5%),all above,above 50d (2-5%),far above 200d (>10%),True,True,True,True,2.67,11.74,-0.1255,red,red (0-1%),5.3621,green,strong green (>3%),11.6642,green,flat,bonds up (0-1%),44.14,very high (>5%),2
2024-05-22,5319.28,-12.6899999999996,Wednesday,bearish,-2.69,-0.0505,down,tiny (<3pts),up,12.05,very low (<13),0.19,vol rising (1-5%),all above,above 50d (2-5%),far above 200d (>10%),True,True,True,True,2.99,12.08,0.2626,green,green (0-1%),5.7715,green,strong green (>3%),12.0981,green,down,bonds down (0-1%),44.34,very high (>5%),3
2024-05-23,5340.26,-71.93000000000029,Thursday,bearish,33.67,0.6345,up,very large (30-50pts),down,11.53,very low (<13),-0.76,vol crushing (>5%),all above,above 50d (2-5%),far above 200d (>10%),True,True,True,True,3.34,12.43,0.658,green,green (0-1%),6.1887,green,strong green (>3%),12.5403,green,up,bonds down (0-1%),44.75,very high (>5%),-1
2024-05-24,5281.45,23.25,Friday,bullish,13.12,0.249,up,medium (8-15pts),down,12.81,very low (<13),0.04,vol flat,all above,above 50d (2-5%),far above 200d (>10%),True,True,True,True,2.16,11.1,-0.4505,red,red (0-1%),5.0193,green,strong green (>3%),11.3009,green,down,bonds down (0-1%),44.67,very high (>5%),-2
2024-05-28,5315.91,-8.800000000000182,Tuesday,bearish,11.21,0.2113,up,medium (8-15pts),up,12.51,very low (<13),0.15,vol rising (1-5%),all above,above 50d (2-5%),far above 200d (>10%),True,True,True,True,2.77,11.73,,,,5.7045,green,strong green (>3%),12.0271,green,up,bonds up (0-1%),45.42,very high (>5%),1
2024-05-29,5278.7300000000005,-12.950000000000728,Wednesday,bearish,-28.38,-0.5348,down,large (15-30pts),down,13.83,low (13-16),0.91,vol spiking (>5%),mixed,just above 50d (0-2%),far above 200d (>10%),False,True,True,True,1.98,10.85,,,,4.9652,green,strong green (>3%),11.2436,green,down,bonds selling (>1%),46.24,very high (>5%),-1
2024-05-30,5259.77,-23.600000000000364,Thursday,bearish,-6.01,-0.1141,down,small (3-8pts),down,14.77,low (13-16),0.49,vol rising (1-5%),mixed,just above 50d (0-2%),far above 200d (>10%),False,True,True,True,1.56,10.36,,,,4.5882,green,strong green (>3%),10.844,green,down,bonds selling (>1%),45.54,very high (>5%),-2
2024-05-31,5243.21,36.80000000000018,Friday,bullish,7.04,0.1344,up,small (3-8pts),down,14.62,low (13-16),0.15,vol rising (1-5%),mixed,just above 50d (0-2%),above 200d (5-10%),False,False,True,True,1.22,9.92,,,,4.2589,green,strong green (>3%),10.495,green,up,bonds selling (>1%),45.14,very high (>5%),-3
2024-06-03,5297.150000000001,-14.330000000000837,Monday,bearish,17.14,0.3246,up,large (15-30pts),up,13.21,low (13-16),0.29,vol rising (1-5%),all above,above 50d (2-5%),far above 200d (>10%),True,True,True,True,2.24,10.96,,,,0.0,flat,slight red (0-1%),11.6318,green,flat,bonds selling (>1%),44.02,very high (>5%),1
2024-06-04,5278.24,12.5,Tuesday,bearish,-4.58,-0.0867,down,small (3-8pts),down,13.53,low (13-16),0.42,vol rising (1-5%),mixed,just above 50d (0-2%),far above 200d (>10%),False,True,True,True,1.86,10.46,-0.357,red,red (0-1%),-0.357,red,slight red (0-1%),11.2332,green,up,bonds rallying (>1%),43.36,very high (>5%),-1
2024-06-05,5314.4800000000005,39.159999999999854,Wednesday,bearish,23.74,0.4487,up,large (15-30pts),up,13.11,low (13-16),-0.05,vol flat,all above,above 50d (2-5%),far above 200d (>10%),True,True,True,True,2.54,11.11,0.3272,green,green (0-1%),0.3272,green,slight green (0-1%),11.997,green,up,bonds rallying (>1%),42.89,very high (>5%),1
2024-06-06,5357.8,-4.890000000000327,Thursday,bearish,4.16,0.0777,up,small (3-8pts),up,12.76,very low (<13),0.13,vol rising (1-5%),all above,above 50d (2-5%),far above 200d (>10%),True,True,True,True,3.32,11.9,1.145,green,strong green (>1%),1.145,green,green (1-3%),12.9099,green,up,bonds rallying (>1%),42.81,very high (>5%),2
2024-06-07,5343.81,2.4899999999997817,Friday,bearish,-9.1,-0.17,down,medium (8-15pts),flat,12.75,very low (<13),0.17,vol rising (1-5%),all above,above 50d (2-5%),far above 200d (>10%),True,True,True,True,2.99,11.5,0.8809,green,green (0-1%),0.8809,green,slight green (0-1%),12.6151,green,up,bonds rallying (>1%),44.300000000000004,very high (>5%),-1
2024-06-10,5341.22,19.4399999999996,Monday,bearish,-5.08,-0.095,down,small (3-8pts),flat,13.11,low (13-16),0.89,vol spiking (>5%),all above,above 50d (2-5%),far above 200d (>10%),True,True,True,True,2.9,11.33,,,,0.832,green,slight green (0-1%),12.5605,green,down,bonds down (0-1%),44.69,very high (>5%),1
2024-06-11,5353.0,22.8100000000004,Tuesday,bearish,-7.66,-0.1429,down,small (3-8pts),up,12.82,very low (<13),0.08,vol flat,all above,above 50d (2-5%),far above 200d (>10%),True,True,True,True,3.09,11.47,0.2205,green,green (0-1%),1.0543,green,green (1-3%),12.8087,green,down,bonds selling (>1%),44.04,very high (>5%),2
2024-06-12,5409.13,12.010000000000218,Wednesday,bullish,33.32,0.6198,up,very large (30-50pts),up,13.11,low (13-16),0.26,vol rising (1-5%),all above,above 50d (2-5%),far above 200d (>10%),True,True,True,True,4.11,12.52,1.2714,green,strong green (>1%),2.114,green,green (1-3%),13.9916,green,up,bonds selling (>1%),42.95,very high (>5%),3
2024-06-13,5441.93,-9.11999999999989,Thursday,bearish,20.79,0.3835,up,large (15-30pts),up,12.03,very low (<13),-0.01,vol flat,all above,above 50d (2-5%),far above 200d (>10%),True,True,True,True,4.66,13.08,1.8855,green,strong green (>1%),2.7332,green,green (1-3%),14.6828,green,down,bonds down (0-1%),42.38,very high (>5%),4
2024-06-14,5424.08,8.270000000000437,Friday,bearish,-8.73,-0.1607,down,medium (8-15pts),down,12.16,very low (<13),0.22,vol rising (1-5%),all above,above 50d (2-5%),far above 200d (>10%),True,True,True,True,4.23,12.6,1.5513,green,strong green (>1%),2.3962,green,green (1-3%),14.3067,green,up,bonds rallying (>1%),42.13,very high (>5%),-1
2024-06-17,5431.11,42.5600000000004,Monday,bearish,-1.24,-0.0228,down,tiny (<3pts),up,13.05,low (13-16),0.39,vol rising (1-5%),all above,above 50d (2-5%),far above 200d (>10%),True,True,True,True,4.25,12.63,,,,2.5289,green,green (1-3%),14.4548,green,up,bonds rallying (>1%),42.79,very high (>5%),1
2024-06-18,5476.150000000001,10.659999999999854,Tuesday,bullish,2.48,0.0453,up,tiny (<3pts),up,12.7,very low (<13),-0.05,vol flat,all above,above 50d (2-5%),far above 200d (>10%),True,True,True,True,5.0,13.45,0.8293,green,green (0-1%),3.3792,green,strong green (>3%),15.404,green,up,bonds rallying (>1%),42.17,very high (>5%),2
2024-06-20,5499.99,-27.529999999999745,Thursday,bearish,13.18,0.2402,up,medium (8-15pts),up,12.51,very low (<13),0.03,vol flat,all above,far above 50d (>5%),far above 200d (>10%),True,True,True,True,5.35,13.83,1.2682,green,strong green (>1%),3.8292,green,strong green (>3%),15.9064,green,up,bonds rallying (>1%),42.54,very high (>5%),3
2024-06-21,5466.77,0.8800000000001091,Friday,bearish,-5.69,-0.104,down,small (3-8pts),down,13.3,low (13-16),0.02,vol flat,all above,above 50d (2-5%),far above 200d (>10%),True,True,True,True,4.6,13.03,0.6566,green,green (0-1%),3.2021,green,strong green (>3%),15.2063,green,up,bonds up (0-1%),42.57,very high (>5%),-1
2024-06-24,5459.58,-10.649999999999636,Monday,bullish,-8.07,-0.1476,down,medium (8-15pts),flat,13.83,low (13-16),0.63,vol rising (1-5%),all above,above 50d (2-5%),far above 200d (>10%),True,True,True,True,4.34,12.77,,,,3.0664,green,strong green (>3%),15.0548,green,down,bonds down (0-1%),42.480000000000004,very high (>5%),1
2024-06-25,5460.7300000000005,9.710000000000036,Tuesday,bearish,11.8,0.2166,up,medium (8-15pts),down,13.46,low (13-16),0.13,vol flat,all above,above 50d (2-5%),far above 200d (>10%),True,True,True,True,4.27,12.68,0.0211,flat,green (0-1%),3.0881,green,strong green (>3%),15.079,green,up,bonds up (0-1%),42.38,very high (>5%),-1
2024-06-26,5460.71,17.899999999999636,Wednesday,bearish,-9.73,-0.1779,down,medium (8-15pts),up,12.77,very low (<13),-0.07,vol flat,all above,above 50d (2-5%),far above 200d (>10%),True,True,True,True,4.13,12.56,0.0207,flat,green (0-1%),3.0877,green,strong green (>3%),15.0786,green,up,bonds down (0-1%),43.160000000000004,very high (>5%),1
2024-06-27,5473.59,8.510000000000218,Thursday,bullish,-5.02,-0.0916,down,small (3-8pts),up,12.67,very low (<13),0.12,vol flat,all above,above 50d (2-5%),far above 200d (>10%),True,True,True,True,4.21,12.71,0.2566,green,green (0-1%),3.3308,green,strong green (>3%),15.35,green,down,bonds down (0-1%),42.88,very high (>5%),2
2024-06-28,5488.4800000000005,-29.32000000000062,Friday,bearish,6.38,0.1164,up,small (3-8pts),up,12.26,very low (<13),0.02,vol flat,all above,above 50d (2-5%),far above 200d (>10%),True,True,True,True,4.32,12.9,0.5293,green,green (0-1%),3.6119,green,strong green (>3%),15.6638,green,flat,bonds down (0-1%),43.43,very high (>5%),3
2024-07-01,5471.08,3.4200000000000728,Monday,bullish,11.92,0.2183,up,medium (8-15pts),down,13.04,low (13-16),0.6,vol rising (1-5%),all above,above 50d (2-5%),far above 200d (>10%),True,True,True,True,3.82,12.43,,,,0.0,flat,slight red (0-1%),15.2971,green,down,bonds selling (>1%),44.79,very high (>5%),-1
2024-07-02,5461.84,47.4399999999996,Tuesday,bearish,-12.66,-0.2313,down,medium (8-15pts),flat,12.69,very low (<13),0.47,vol rising (1-5%),mixed,above 50d (2-5%),far above 200d (>10%),False,True,True,True,3.46,12.12,-0.1689,red,red (0-1%),-0.1689,red,slight red (0-1%),15.1024,green,down,bonds selling (>1%),44.36,very high (>5%),1
2024-07-03,5507.4400000000005,29.579999999999927,Wednesday,bullish,-1.84,-0.0334,down,tiny (<3pts),up,12.13,very low (<13),0.1,vol flat,all above,above 50d (2-5%),far above 200d (>10%),True,True,True,True,4.11,12.94,0.6646,green,green (0-1%),0.6646,green,slight green (0-1%),16.0634,green,flat,bonds selling (>1%),43.550000000000004,very high (>5%),2
2024-07-05,5537.91,28.780000000000655,Friday,bullish,0.89,0.0161,up,tiny (<3pts),up,12.42,very low (<13),0.16,vol rising (1-5%),all above,above 50d (2-5%),far above 200d (>10%),True,True,True,True,4.48,13.44,1.2215,green,strong green (>1%),1.2215,green,green (1-3%),16.7055,green,up,bonds selling (>1%),42.72,very high (>5%),3
2024-07-08,5572.75,-0.6199999999998909,Monday,bullish,6.06,0.1089,up,small (3-8pts),up,12.87,very low (<13),0.39,vol rising (1-5%),all above,above 50d (2-5%),far above 200d (>10%),True,True,True,True,4.94,14.02,,,,1.8583,green,green (1-3%),17.4397,green,up,bonds up (0-1%),42.69,very high (>5%),4
2024-07-09,5584.24,-6.719999999999345,Tuesday,bearish,12.11,0.2173,up,medium (8-15pts),flat,12.47,very low (<13),0.1,vol flat,all above,above 50d (2-5%),far above 200d (>10%),True,True,True,True,4.96,14.13,0.2062,green,green (0-1%),2.0683,green,green (1-3%),17.6819,green,up,bonds rallying (>1%),43.0,very high (>5%),-1
2024-07-10,5591.26,41.720000000000255,Wednesday,bearish,13.74,0.2463,up,medium (8-15pts),down,12.51,very low (<13),0.0,vol flat,all above,above 50d (2-5%),far above 200d (>10%),True,True,True,True,4.88,14.13,0.3322,green,green (0-1%),2.1966,green,green (1-3%),17.8298,green,down,bonds rallying (>1%),42.800000000000004,very high (>5%),-2
2024-07-11,5635.21,-49.69999999999982,Thursday,bullish,2.23,0.0396,up,tiny (<3pts),up,12.88,very low (<13),0.03,vol flat,all above,far above 50d (>5%),far above 200d (>10%),True,True,True,True,5.49,14.88,1.1208,green,strong green (>1%),3.0,green,green (1-3%),18.756,green,up,bonds up (0-1%),41.93,very high (>5%),1
2024-07-12,5590.76,25.170000000000073,Friday,bullish,5.25,0.094,up,small (3-8pts),down,12.87,very low (<13),-0.05,vol flat,all above,above 50d (2-5%),far above 200d (>10%),True,True,True,True,4.48,13.82,0.3232,green,green (0-1%),2.1875,green,green (1-3%),17.8193,green,down,bonds rallying (>1%),41.89,very high (>5%),-1
2024-07-15,5638.16,-5.599999999999454,Monday,bullish,22.23,0.3958,up,large (15-30pts),up,12.81,very low (<13),0.35,vol rising (1-5%),all above,far above 50d (>5%),far above 200d (>10%),True,True,True,True,5.14,14.64,,,,3.0539,green,strong green (>3%),18.8182,green,up,bonds rallying (>1%),42.29,very high (>5%),1
2024-07-16,5644.09,23.470000000000255,Tuesday,bullish,11.53,0.2047,up,medium (8-15pts),flat,13.33,low (13-16),0.21,vol rising (1-5%),all above,far above 50d (>5%),far above 200d (>10%),True,True,True,True,5.01,14.6,0.1052,green,green (0-1%),3.1623,green,strong green (>3%),18.9431,green,down,bonds up (0-1%),41.67,very high (>5%),-1
2024-07-17,5610.07,-21.8799999999992,Wednesday,bearish,-57.49,-1.0144,down,huge (>50pts),up,13.57,low (13-16),0.38,vol rising (1-5%),all above,above 50d (2-5%),far above 200d (>10%),True,True,True,True,4.14,13.75,-0.4982,red,red (0-1%),2.5404,green,green (1-3%),18.2262,green,up,bonds rallying (>1%),41.46,very high (>5%),1
2024-07-18,5608.56,-63.3100000000004,Thursday,bearish,20.37,0.3645,up,large (15-30pts),down,14.52,low (13-16),0.04,vol flat,all above,above 50d (2-5%),far above 200d (>10%),True,True,True,True,3.94,13.57,-0.525,red,red (0-1%),2.5128,green,green (1-3%),18.1944,green,up,bonds up (0-1%),41.89,very high (>5%),-1
2024-07-19,5543.37,-37.63999999999942,Friday,bullish,-1.88,-0.0339,down,tiny (<3pts),down,16.03,normal (16-20),0.1,vol flat,mixed,above 50d (2-5%),far above 200d (>10%),False,True,True,True,2.59,12.11,-1.6812,red,deep red (>1%),1.3213,green,green (1-3%),16.8206,green,down,bonds down (0-1%),42.39,very high (>5%),-2
2024-07-22,5544.54,19.420000000000073,Monday,bearish,38.81,0.7049,up,very large (30-50pts),down,16.82,normal (16-20),0.3,vol rising (1-5%),mixed,above 50d (2-5%),far above 200d (>10%),False,True,True,True,2.49,11.99,,,,1.3427,green,green (1-3%),16.8452,green,down,bonds up (0-1%),42.6,very high (>5%),-3
2024-07-23,5565.3,-9.029999999999745,Tuesday,bearish,1.34,0.0241,up,tiny (<3pts),up,15.34,low (13-16),0.43,vol rising (1-5%),mixed,above 50d (2-5%),far above 200d (>10%),False,True,True,True,2.73,12.26,0.3744,green,green (0-1%),1.7221,green,green (1-3%),17.2827,green,down,bonds selling (>1%),42.39,very high (>5%),1
2024-07-24,5505.84,-77.46000000000004,Wednesday,bullish,-50.43,-0.9076,down,huge (>50pts),down,15.34,low (13-16),0.62,vol rising (1-5%),mixed,just above 50d (0-2%),far above 200d (>10%),False,False,True,True,1.5,10.92,-0.698,red,red (0-1%),0.6353,green,slight green (0-1%),16.0297,green,down,bonds selling (>1%),42.86,very high (>5%),-1
2024-07-25,5428.7,-29.38000000000011,Thursday,bullish,0.32,0.0059,up,tiny (<3pts),down,18.36,normal (16-20),0.32,vol rising (1-5%),mixed,just above 50d (0-2%),above 200d (5-10%),False,False,True,True,0.01,9.24,-2.0893,red,deep red (>1%),-0.7746,red,slight red (0-1%),14.404,green,down,bonds selling (>1%),42.56,very high (>5%),-2
2024-07-26,5433.67,25.840000000000146,Friday,bullish,34.35,0.6362,up,very large (30-50pts),down,17.95,normal (16-20),-0.51,vol falling (1-5%),mixed,just above 50d (0-2%),above 200d (5-10%),False,False,True,True,0.03,9.22,-1.9996,red,deep red (>1%),-0.6838,red,slight red (0-1%),14.5088,green,up,bonds down (0-1%),42.0,very high (>5%),-3
2024-07-29,5476.55,-12.86999999999989,Monday,bearish,17.04,0.3121,up,large (15-30pts),up,16.66,normal (16-20),0.27,vol rising (1-5%),mixed,just above 50d (0-2%),above 200d (5-10%),False,False,True,True,0.74,9.95,,,,0.1,flat,slight green (0-1%),15.4124,green,flat,bonds up (0-1%),41.78,very high (>5%),1
2024-07-30,5478.7300000000005,-43.340000000000146,Tuesday,bearish,15.05,0.2755,up,large (15-30pts),down,16.61,normal (16-20),0.01,vol flat,mixed,just above 50d (0-2%),above 200d (5-10%),False,False,True,True,0.73,9.88,0.0398,flat,green (0-1%),0.1398,green,slight green (0-1%),15.4584,green,down,bonds rallying (>1%),41.43,very high (>5%),-1
2024-07-31,5505.59,15.359999999999673,Wednesday,bearish,70.2,1.2915,up,huge (>50pts),down,16.67,normal (16-20),-1.02,vol crushing (>5%),mixed,just above 50d (0-2%),far above 200d (>10%),True,False,True,True,1.17,10.3,0.5303,green,green (0-1%),0.6308,green,slight green (0-1%),16.0244,green,up,bonds rallying (>1%),41.09,very high (>5%),-2
2024-08-01,5537.84,-91.06999999999971,Thursday,bullish,16.89,0.3059,up,large (15-30pts),up,16.27,normal (16-20),-0.09,vol flat,mixed,just above 50d (0-2%),far above 200d (>10%),True,False,True,True,1.68,10.81,1.1191,green,strong green (>1%),0.0,flat,slight red (0-1%),16.704,green,up,bonds rallying (>1%),39.76,very high (>5%),1
2024-08-02,5376.63,-31.109999999999673,Friday,bearish,-70.14,-1.2877,down,huge (>50pts),down,20.3,elevated (20-25),1.71,vol spiking (>5%),mixed,just below 50d (0-2%),above 200d (5-10%),False,False,False,True,-1.33,7.47,-1.8245,red,deep red (>1%),-2.9111,red,red (1-3%),13.3067,green,up,bonds rallying (>1%),37.92,very high (>5%),-1
2024-08-05,5151.14,37.26999999999953,Monday,bearish,-194.38,-3.6363,down,huge (>50pts),down,38.4,very high (>30),15.01,vol spiking (>5%),mixed,far below 50d (>5%),near 200d above (0-5%),False,False,False,True,-5.48,2.86,,,,-6.9829,red,deep red (>3%),8.5548,green,up,bonds rallying (>1%),37.85,very high (>5%),-2
2024-08-06,5206.42,30.890000000000327,Tuesday,bullish,18.01,0.3471,up,large (15-30pts),up,32.66,very high (>30),-5.91,vol crushing (>5%),mixed,below 50d (2-5%),near 200d above (0-5%),False,False,False,True,-4.42,3.88,1.0732,green,strong green (>1%),-5.9846,red,deep red (>3%),9.7197,green,down,bonds rallying (>1%),38.88,very high (>5%),1
2024-08-07,5293.13,-91.92000000000007,Wednesday,bullish,55.82,1.0658,up,huge (>50pts),up,24.77,elevated (20-25),-2.94,vol crushing (>5%),mixed,below 50d (2-5%),above 200d (5-10%),False,False,False,True,-2.82,5.51,2.7565,green,strong green (>1%),-4.4189,red,deep red (>3%),11.547,green,down,bonds rallying (>1%),39.68,very high (>5%),2
2024-08-08,5252.57,66.02000000000044,Thursday,bullish,51.36,0.9875,up,huge (>50pts),down,29.0,high (25-30),1.15,vol rising (1-5%),mixed,below 50d (2-5%),near 200d above (0-5%),False,False,False,True,-3.53,4.61,1.9691,green,strong green (>1%),-5.1513,red,deep red (>3%),10.6923,green,flat,bonds up (0-1%),39.97,very high (>5%),-1
2024-08-09,5314.66,29.3100000000004,Friday,bearish,-3.93,-0.0739,down,small (3-8pts),up,23.69,elevated (20-25),-0.1,vol flat,mixed,below 50d (2-5%),above 200d (5-10%),False,False,False,True,-2.39,5.73,3.1744,green,strong green (>1%),-4.0301,red,deep red (>3%),12.0008,green,up,bonds selling (>1%),39.42,very high (>5%),1
2024-08-12,5351.88,-6.859999999999673,Monday,bullish,7.91,0.148,up,small (3-8pts),up,20.72,elevated (20-25),0.35,vol rising (1-5%),mixed,just below 50d (0-2%),above 200d (5-10%),True,False,False,True,-1.74,6.35,,,,-3.358,red,deep red (>3%),12.7851,green,down,bonds selling (>1%),39.09,very high (>5%),2
2024-08-13,5376.9800000000005,57.17999999999938,Tuesday,bullish,31.96,0.5979,up,very large (30-50pts),down,20.05,elevated (20-25),-0.66,vol falling (1-5%),mixed,just below 50d (0-2%),above 200d (5-10%),True,False,False,True,-1.31,6.73,0.469,green,green (0-1%),-2.9047,red,red (1-3%),13.3141,green,up,bonds up (0-1%),38.52,very high (>5%),-1
2024-08-14,5442.36,10.900000000000546,Wednesday,bullish,8.2,0.1509,up,medium (8-15pts),up,18.37,normal (16-20),0.25,vol rising (1-5%),mixed,just below 50d (0-2%),above 200d (5-10%),True,True,False,True,-0.17,7.9,1.6906,green,strong green (>1%),-1.7241,red,red (1-3%),14.6919,green,flat,bonds rallying (>1%),38.2,very high (>5%),1
2024-08-15,5501.13,41.75,Thursday,bullish,47.87,0.8778,up,very large (30-50pts),up,16.22,normal (16-20),0.03,vol flat,all above,just above 50d (0-2%),above 200d (5-10%),True,True,True,True,0.84,8.92,2.7887,green,strong green (>1%),-0.6629,red,slight red (0-1%),15.9304,green,up,bonds rallying (>1%),39.26,very high (>5%),2
2024-08-16,5530.5,23.720000000000255,Friday,bearish,-12.38,-0.2233,down,medium (8-15pts),up,15.28,low (13-16),0.05,vol flat,all above,just above 50d (0-2%),above 200d (5-10%),True,True,True,True,1.29,9.35,3.3375,green,strong green (>1%),-0.1325,red,slight red (0-1%),16.5494,green,up,bonds up (0-1%),38.92,very high (>5%),3
2024-08-19,5557.2300000000005,50.289999999999964,Monday,bullish,3.01,0.0542,up,small (3-8pts),up,15.87,low (13-16),1.07,vol spiking (>5%),all above,just above 50d (0-2%),above 200d (5-10%),True,True,True,True,1.7,9.72,,,,0.3501,green,slight green (0-1%),17.1127,green,flat,bonds up (0-1%),38.67,very high (>5%),4
2024-08-20,5602.88,-6.470000000000255,Tuesday,bullish,-4.64,-0.0827,down,small (3-8pts),up,14.79,low (13-16),0.14,vol flat,all above,above 50d (2-5%),far above 200d (>10%),True,True,True,True,2.44,10.47,0.8215,green,green (0-1%),1.1745,green,green (1-3%),18.0747,green,up,bonds up (0-1%),38.18,very high (>5%),5
2024-08-21,5603.09,17.329999999999927,Wednesday,bullish,6.68,0.1194,up,small (3-8pts),down,16.23,normal (16-20),0.35,vol rising (1-5%),all above,above 50d (2-5%),far above 200d (>10%),True,True,True,True,2.35,10.33,0.8252,green,green (0-1%),1.1783,green,green (1-3%),18.0791,green,up,bonds up (0-1%),37.78,very high (>5%),-1
2024-08-22,5637.77,-36.27000000000044,Thursday,bullish,17.35,0.3087,up,large (15-30pts),up,16.21,normal (16-20),-0.06,vol flat,all above,above 50d (2-5%),far above 200d (>10%),True,True,True,True,2.89,10.87,1.4493,green,strong green (>1%),1.8045,green,green (1-3%),18.81,green,flat,bonds rallying (>1%),38.62,very high (>5%),1
2024-08-23,5602.49,30.82000000000062,Friday,bullish,0.99,0.0177,up,tiny (<3pts),down,17.12,normal (16-20),-0.43,vol falling (1-5%),all above,above 50d (2-5%),far above 200d (>10%),True,True,True,True,2.17,10.04,0.8144,green,green (0-1%),1.1674,green,green (1-3%),18.0665,green,down,bonds up (0-1%),38.07,very high (>5%),-1
2024-08-26,5639.66,-21.469999999999345,Monday,bullish,6.35,0.1127,up,small (3-8pts),up,16.27,normal (16-20),0.41,vol rising (1-5%),all above,above 50d (2-5%),far above 200d (>10%),True,True,True,True,2.77,10.64,,,,1.8386,green,green (1-3%),18.8498,green,up,bonds up (0-1%),38.18,very high (>5%),1
2024-08-27,5602.89,23.5,Tuesday,bearish,-15.3,-0.2723,down,large (15-30pts),down,16.21,normal (16-20),0.06,vol flat,all above,above 50d (2-5%),above 200d (5-10%),True,True,True,True,2.03,9.78,-0.652,red,red (0-1%),1.1746,green,green (1-3%),18.0749,green,down,bonds down (0-1%),38.33,very high (>5%),-1
2024-08-28,5624.51,-32.32999999999993,Wednesday,bullish,-1.88,-0.0334,down,tiny (<3pts),up,15.51,low (13-16),0.08,vol flat,all above,above 50d (2-5%),far above 200d (>10%),True,True,True,True,2.35,10.07,-0.2686,red,red (0-1%),1.5651,green,green (1-3%),18.5305,green,up,bonds down (0-1%),38.410000000000004,very high (>5%),1
2024-08-29,5607.3,-14.739999999999782,Thursday,bullish,15.12,0.2704,up,large (15-30pts),down,16.54,normal (16-20),-0.57,vol falling (1-5%),all above,just above 50d (0-2%),above 200d (5-10%),True,True,True,True,2.0,9.6,-0.5738,red,red (0-1%),1.2543,green,green (1-3%),18.1678,green,down,bonds up (0-1%),38.67,very high (>5%),-1
2024-08-30,5612.74,34.220000000000255,Friday,bullish,20.18,0.3608,up,large (15-30pts),down,15.67,low (13-16),0.02,vol flat,all above,above 50d (2-5%),above 200d (5-10%),True,True,True,True,2.06,9.58,-0.4773,red,red (0-1%),1.3525,green,green (1-3%),18.2825,green,up,bonds down (0-1%),39.11,very high (>5%),-2
2024-09-03,5623.89,-94.78000000000065,Tuesday,bearish,-23.07,-0.4085,down,large (15-30pts),up,15.76,low (13-16),0.21,vol rising (1-5%),all above,above 50d (2-5%),above 200d (5-10%),True,True,True,True,2.19,9.67,,,,0.0,flat,slight red (0-1%),18.5174,green,down,bonds selling (>1%),38.44,very high (>5%),1
2024-09-04,5506.68,12.409999999999854,Wednesday,bullish,-22.43,-0.4057,down,large (15-30pts),down,23.2,elevated (20-25),2.48,vol spiking (>5%),mixed,just above 50d (0-2%),above 200d (5-10%),False,True,True,True,0.04,7.27,,,,-2.0841,red,red (1-3%),16.0474,green,up,bonds down (0-1%),37.68,very high (>5%),-1
2024-09-05,5520.08,-16.960000000000036,Thursday,bullish,0.99,0.0179,up,tiny (<3pts),up,20.75,elevated (20-25),-0.57,vol falling (1-5%),mixed,just above 50d (0-2%),above 200d (5-10%),False,True,True,True,0.26,7.43,,,,-1.8459,red,red (1-3%),16.3298,green,up,bonds rallying (>1%),37.31,very high (>5%),1
2024-09-06,5507.33,-97.67999999999938,Friday,bullish,4.21,0.0765,up,small (3-8pts),down,21.98,elevated (20-25),2.08,vol spiking (>5%),mixed,just above 50d (0-2%),above 200d (5-10%),False,False,True,True,0.01,7.08,,,,-2.0726,red,red (1-3%),16.0611,green,up,bonds rallying (>1%),37.1,very high (>5%),-1
2024-09-09,5442.07,28.980000000000473,Monday,bullish,32.42,0.5993,up,very large (30-50pts),down,21.32,elevated (20-25),-1.06,vol falling (1-5%),mixed,just below 50d (0-2%),above 200d (5-10%),False,False,False,True,-1.15,5.71,,,,-3.233,red,deep red (>3%),14.6858,green,flat,bonds rallying (>1%),36.97,very high (>5%),-2
2024-09-10,5490.51,4.710000000000036,Tuesday,bullish,19.46,0.3557,up,large (15-30pts),up,19.86,normal (16-20),0.41,vol rising (1-5%),mixed,just below 50d (0-2%),above 200d (5-10%),False,False,False,True,-0.26,6.56,0.8901,green,green (0-1%),-2.3717,red,red (1-3%),15.7066,green,up,bonds rallying (>1%),36.46,very high (>5%),1
2024-09-11,5496.42,55.39000000000033,Wednesday,bearish,1.2,0.0218,up,tiny (<3pts),flat,19.41,normal (16-20),0.33,vol rising (1-5%),mixed,just below 50d (0-2%),above 200d (5-10%),False,False,False,True,-0.17,6.58,0.9987,green,green (0-1%),-2.2666,red,red (1-3%),15.8312,green,up,bonds rallying (>1%),36.53,very high (>5%),2
2024-09-12,5557.4800000000005,39.50999999999931,Thursday,bearish,5.67,0.1021,up,small (3-8pts),up,17.62,normal (16-20),-0.07,vol flat,all above,just above 50d (0-2%),above 200d (5-10%),True,True,True,True,0.91,7.66,2.1207,green,strong green (>1%),-1.1809,red,red (1-3%),17.1179,green,up,bonds rallying (>1%),36.800000000000004,very high (>5%),3
2024-09-13,5603.34,22.1899999999996,Friday,bullish,6.35,0.1135,up,small (3-8pts),up,17.03,normal (16-20),-0.04,vol flat,all above,just above 50d (0-2%),above 200d (5-10%),True,True,True,True,1.71,8.43,2.9634,green,strong green (>1%),-0.3654,red,slight red (0-1%),18.0844,green,down,bonds up (0-1%),36.5,very high (>5%),4
2024-09-16,5615.21,18.649999999999636,Monday,bullish,-10.32,-0.1834,down,medium (8-15pts),up,17.16,normal (16-20),0.6,vol rising (1-5%),all above,just above 50d (0-2%),above 200d (5-10%),True,True,True,True,1.9,8.55,,,,-0.1543,red,slight red (0-1%),18.3345,green,flat,bonds up (0-1%),36.21,very high (>5%),5
2024-09-17,5655.51,-19.770000000000437,Tuesday,bullish,21.65,0.3843,up,large (15-30pts),up,17.16,normal (16-20),0.02,vol flat,all above,above 50d (2-5%),above 200d (5-10%),True,True,True,True,2.6,9.22,0.7177,green,green (0-1%),0.5622,green,slight green (0-1%),19.1838,green,up,bonds up (0-1%),36.42,very high (>5%),6
2024-09-18,5641.68,-22.789999999999964,Wednesday,bearish,5.94,0.1054,up,small (3-8pts),down,17.58,normal (16-20),-0.03,vol flat,all above,above 50d (2-5%),above 200d (5-10%),True,True,True,True,2.33,8.84,0.4714,green,green (0-1%),0.3163,green,slight green (0-1%),18.8924,green,down,bonds up (0-1%),36.85,very high (>5%),-1
2024-09-19,5702.63,10.579999999999927,Thursday,bullish,83.74,1.4903,up,huge (>50pts),down,17.21,normal (16-20),-1.02,vol crushing (>5%),all above,above 50d (2-5%),above 200d (5-10%),True,True,True,True,3.42,9.9,1.5568,green,strong green (>1%),1.4001,green,green (1-3%),20.1768,green,down,bonds down (0-1%),37.4,very high (>5%),-2
2024-09-20,5709.64,-7.130000000000109,Friday,bearish,-3.57,-0.0625,down,small (3-8pts),up,16.35,normal (16-20),0.02,vol flat,all above,above 50d (2-5%),above 200d (5-10%),True,True,True,True,3.52,9.92,1.6817,green,strong green (>1%),1.5247,green,green (1-3%),20.3245,green,up,bonds selling (>1%),37.28,very high (>5%),1
2024-09-23,5711.900000000001,6.359999999999673,Monday,bullish,9.39,0.1647,up,medium (8-15pts),down,16.71,normal (16-20),0.56,vol rising (1-5%),all above,above 50d (2-5%),above 200d (5-10%),True,True,True,True,3.51,9.84,,,,1.5649,green,green (1-3%),20.3722,green,down,bonds selling (>1%),37.39,very high (>5%),-1
2024-09-24,5727.66,6.860000000000582,Tuesday,bearish,9.4,0.1644,up,medium (8-15pts),up,15.87,low (13-16),-0.02,vol flat,all above,above 50d (2-5%),far above 200d (>10%),True,True,True,True,3.76,10.02,0.2759,green,green (0-1%),1.8452,green,green (1-3%),20.7043,green,up,bonds selling (>1%),37.36,very high (>5%),1
2024-09-25,5733.650000000001,-10.700000000000728,Wednesday,bullish,-0.87,-0.0152,down,tiny (<3pts),up,15.82,low (13-16),0.43,vol rising (1-5%),all above,above 50d (2-5%),far above 200d (>10%),True,True,True,True,3.83,10.02,0.3808,green,green (0-1%),1.9517,green,green (1-3%),20.8305,green,up,bonds down (0-1%),37.81,very high (>5%),2
2024-09-26,5762.22,-17.699999999999818,Thursday,bearish,39.27,0.6862,up,very large (30-50pts),down,15.06,low (13-16),-0.35,vol falling (1-5%),all above,above 50d (2-5%),far above 200d (>10%),True,True,True,True,4.33,10.45,0.881,green,green (0-1%),2.4597,green,green (1-3%),21.4326,green,down,bonds selling (>1%),37.910000000000004,very high (>5%),-1
2024-09-27,5755.36,-18.099999999999454,Friday,bearish,10.84,0.1887,up,medium (8-15pts),down,15.64,low (13-16),0.27,vol rising (1-5%),all above,above 50d (2-5%),far above 200d (>10%),True,True,True,True,4.14,10.19,0.7609,green,green (0-1%),2.3377,green,green (1-3%),21.288,green,flat,bonds down (0-1%),37.49,very high (>5%),-2
2024-09-30,5726.52,34.399999999999636,Monday,bullish,-10.74,-0.1872,down,medium (8-15pts),down,17.01,normal (16-20),0.05,vol flat,all above,above 50d (2-5%),above 200d (5-10%),True,True,True,True,3.55,9.52,,,,1.8249,green,green (1-3%),20.6803,green,flat,bonds down (0-1%),38.02,very high (>5%),-3
2024-10-01,5757.7300000000005,-49.26000000000022,Tuesday,bearish,-3.19,-0.0554,down,small (3-8pts),up,16.96,normal (16-20),0.23,vol rising (1-5%),all above,above 50d (2-5%),above 200d (5-10%),True,True,True,True,4.02,10.0,0.545,green,green (0-1%),0.0,flat,slight red (0-1%),21.338,green,down,bonds down (0-1%),37.43,very high (>5%),1
2024-10-02,5698.14,11.05999999999949,Wednesday,bearish,-10.33,-0.181,down,medium (8-15pts),down,19.65,normal (16-20),0.39,vol rising (1-5%),mixed,above 50d (2-5%),above 200d (5-10%),False,True,True,True,2.88,8.76,-0.4956,red,red (0-1%),-1.035,red,red (1-3%),20.0822,green,down,bonds up (0-1%),37.85,very high (>5%),-1
2024-10-03,5698.1900000000005,0.7399999999997817,Thursday,bearish,-11.01,-0.1928,down,medium (8-15pts),up,19.63,normal (16-20),0.73,vol rising (1-5%),mixed,above 50d (2-5%),above 200d (5-10%),False,True,True,True,2.83,8.66,-0.4947,red,red (0-1%),-1.0341,red,red (1-3%),20.0832,green,up,bonds down (0-1%),38.5,very high (>5%),1
2024-10-04,5737.4800000000005,12.149999999999636,Friday,bullish,38.55,0.6764,up,very large (30-50pts),flat,20.48,elevated (20-25),-0.01,vol flat,all above,above 50d (2-5%),above 200d (5-10%),True,True,True,True,3.44,9.31,0.1914,green,green (0-1%),-0.3517,red,slight red (0-1%),20.9112,green,down,bonds selling (>1%),39.81,very high (>5%),2
2024-10-07,5737.8,-41.48999999999978,Monday,bearish,-11.83,-0.2058,down,medium (8-15pts),up,20.76,elevated (20-25),1.55,vol spiking (>5%),all above,above 50d (2-5%),above 200d (5-10%),True,True,True,True,3.31,9.21,,,,-0.3461,red,slight red (0-1%),20.918,green,up,bonds selling (>1%),40.26,very high (>5%),3
2024-10-08,5719.14,31.550000000000182,Tuesday,bullish,22.83,0.4008,up,large (15-30pts),down,22.92,elevated (20-25),0.28,vol rising (1-5%),mixed,above 50d (2-5%),above 200d (5-10%),False,True,True,True,2.89,8.76,-0.3252,red,red (0-1%),-0.6702,red,slight red (0-1%),20.5247,green,down,bonds selling (>1%),40.33,very high (>5%),-1
2024-10-09,5751.8,40.1899999999996,Wednesday,bearish,1.11,0.0193,up,tiny (<3pts),up,21.98,elevated (20-25),0.56,vol rising (1-5%),all above,above 50d (2-5%),above 200d (5-10%),True,True,True,True,3.37,9.27,0.244,green,green (0-1%),-0.103,red,slight red (0-1%),21.213,green,up,bonds selling (>1%),40.67,very high (>5%),1
2024-10-10,5778.36,1.910000000000764,Thursday,bearish,-13.63,-0.2353,down,medium (8-15pts),up,20.91,elevated (20-25),0.05,vol flat,all above,above 50d (2-5%),above 200d (5-10%),True,True,True,True,3.71,9.66,0.7069,green,green (0-1%),0.3583,green,slight green (0-1%),21.7727,green,down,bonds selling (>1%),40.96,very high (>5%),2
2024-10-11,5775.09,39.81999999999971,Friday,bullish,-5.18,-0.0896,down,small (3-8pts),flat,20.87,elevated (20-25),-0.06,vol flat,all above,above 50d (2-5%),above 200d (5-10%),True,True,True,True,3.56,9.49,0.6499,green,green (0-1%),0.3015,green,slight green (0-1%),21.7038,green,up,bonds selling (>1%),40.730000000000004,very high (>5%),3
2024-10-14,5829.81,30.909999999999854,Monday,bullish,14.9,0.2562,up,medium (8-15pts),up,20.86,elevated (20-25),0.4,vol rising (1-5%),all above,above 50d (2-5%),far above 200d (>10%),True,True,True,True,4.4,10.42,,,,1.2519,green,green (1-3%),22.857,green,up,bonds selling (>1%),40.980000000000004,very high (>5%),4
2024-10-15,5866.74,-48.86999999999989,Tuesday,bearish,6.02,0.1027,up,small (3-8pts),up,19.61,normal (16-20),-0.09,vol flat,all above,above 50d (2-5%),far above 200d (>10%),True,True,True,True,4.87,11.01,0.6335,green,green (0-1%),1.8933,green,green (1-3%),23.6353,green,up,bonds selling (>1%),40.38,very high (>5%),5
2024-10-16,5816.58,25.75,Wednesday,bearish,-1.29,-0.0222,down,tiny (<3pts),down,20.77,elevated (20-25),0.13,vol flat,all above,above 50d (2-5%),above 200d (5-10%),True,True,True,True,3.74,9.95,-0.2269,red,red (0-1%),1.0221,green,green (1-3%),22.5782,green,up,bonds up (0-1%),40.160000000000004,very high (>5%),-1
2024-10-17,5875.62,-34.13999999999942,Thursday,bearish,33.29,0.5698,up,very large (30-50pts),up,19.55,normal (16-20),-0.03,vol flat,all above,above 50d (2-5%),far above 200d (>10%),True,True,True,True,4.57,10.96,0.7858,green,green (0-1%),2.0475,green,green (1-3%),23.8224,green,flat,bonds rallying (>1%),40.96,very high (>5%),1
2024-10-18,5859.43,5.0900000000001455,Friday,bearish,17.95,0.3073,up,large (15-30pts),down,19.3,normal (16-20),0.19,vol flat,all above,above 50d (2-5%),far above 200d (>10%),True,True,True,True,4.04,10.54,0.5081,green,green (0-1%),1.7663,green,green (1-3%),23.4812,green,down,bonds up (0-1%),40.730000000000004,very high (>5%),-1
2024-10-21,5857.82,-3.0399999999999636,Monday,bullish,-6.7,-0.1142,down,small (3-8pts),flat,18.78,normal (16-20),0.75,vol rising (1-5%),all above,above 50d (2-5%),far above 200d (>10%),True,True,True,True,3.81,10.38,,,,1.7384,green,green (1-3%),23.4473,green,down,bonds up (0-1%),41.82,very high (>5%),1
2024-10-22,5832.7,18.390000000000327,Tuesday,bearish,-22.08,-0.3771,down,large (15-30pts),flat,18.79,normal (16-20),0.42,vol rising (1-5%),all above,above 50d (2-5%),above 200d (5-10%),True,True,True,True,3.18,9.79,-0.4288,red,red (0-1%),1.3021,green,green (1-3%),22.9179,green,down,bonds selling (>1%),42.04,very high (>5%),-1
2024-10-23,5834.5,-36.909999999999854,Wednesday,bearish,-16.59,-0.2835,down,large (15-30pts),up,18.21,normal (16-20),0.01,vol flat,all above,above 50d (2-5%),above 200d (5-10%),True,True,True,True,3.03,9.71,-0.3981,red,red (0-1%),1.3333,green,green (1-3%),22.9558,green,down,bonds selling (>1%),42.42,very high (>5%),1
2024-10-24,5817.8,-8.539999999999964,Thursday,bearish,20.21,0.3486,up,large (15-30pts),down,18.87,normal (16-20),-0.37,vol falling (1-5%),mixed,above 50d (2-5%),above 200d (5-10%),False,True,True,True,2.6,9.29,-0.6832,red,red (0-1%),1.0433,green,green (1-3%),22.6039,green,up,bonds selling (>1%),42.0,very high (>5%),-1
2024-10-25,5826.75,-18.75,Friday,bullish,17.49,0.3011,up,large (15-30pts),down,19.22,normal (16-20),0.14,vol flat,mixed,above 50d (2-5%),above 200d (5-10%),False,True,True,True,2.63,9.35,-0.5304,red,red (0-1%),1.1987,green,green (1-3%),22.7925,green,up,bonds selling (>1%),42.32,very high (>5%),-2
2024-10-28,5833.93,-9.36999999999989,Monday,bullish,25.93,0.4465,up,large (15-30pts),down,19.11,normal (16-20),-1.22,vol crushing (>5%),mixed,above 50d (2-5%),above 200d (5-10%),False,True,True,True,2.66,9.38,,,,1.3234,green,green (1-3%),22.9438,green,down,bonds down (0-1%),42.78,very high (>5%),-3
2024-10-29,5819.68,15.099999999999454,Tuesday,bearish,-4.88,-0.0838,down,small (3-8pts),down,19.75,normal (16-20),-0.05,vol flat,mixed,above 50d (2-5%),above 200d (5-10%),False,True,True,True,2.31,9.0,-0.2443,red,red (0-1%),1.0759,green,green (1-3%),22.6435,green,down,bonds down (0-1%),42.74,very high (>5%),-4
2024-10-30,5832.650000000001,-15.740000000000691,Wednesday,bearish,-2.13,-0.0365,down,tiny (<3pts),up,19.33,normal (16-20),-0.01,vol flat,all above,above 50d (2-5%),above 200d (5-10%),True,True,True,True,2.46,9.14,-0.0219,flat,red (0-1%),1.3012,green,green (1-3%),22.9168,green,up,bonds down (0-1%),42.660000000000004,very high (>5%),1
2024-10-31,5775.34,-72.0600000000004,Thursday,bearish,-41.57,-0.7146,down,very large (30-50pts),down,21.44,elevated (20-25),1.09,vol spiking (>5%),mixed,just above 50d (0-2%),above 200d (5-10%),False,False,True,True,1.38,7.96,-1.0043,red,deep red (>1%),0.3058,green,slight green (0-1%),21.7091,green,down,bonds down (0-1%),42.84,very high (>5%),-1
2024-11-01,5723.22,5.210000000000036,Friday,bullish,19.94,0.3496,up,large (15-30pts),down,22.96,elevated (20-25),-0.2,vol flat,mixed,just above 50d (0-2%),above 200d (5-10%),False,False,True,True,0.43,6.89,-1.8977,red,deep red (>1%),0.0,flat,slight red (0-1%),20.6107,green,up,bonds up (0-1%),43.61,very high (>5%),-2
2024-11-04,5725.150000000001,-11.490000000000691,Monday,bullish,-3.28,-0.0573,down,small (3-8pts),flat,22.5,elevated (20-25),0.62,vol rising (1-5%),mixed,just above 50d (0-2%),above 200d (5-10%),False,False,True,True,0.41,6.83,,,,0.0337,flat,slight green (0-1%),20.6514,green,down,bonds selling (>1%),43.09,very high (>5%),1
2024-11-05,5722.43,60.63999999999942,Tuesday,bullish,8.77,0.1535,up,medium (8-15pts),down,21.98,elevated (20-25),0.0,vol flat,mixed,just above 50d (0-2%),above 200d (5-10%),False,False,True,True,0.34,6.69,-0.0475,flat,red (0-1%),-0.0138,flat,slight red (0-1%),20.5941,green,flat,bonds up (0-1%),42.89,very high (>5%),-1
2024-11-06,5864.89,62.909999999999854,Wednesday,bullish,81.82,1.4148,up,huge (>50pts),up,16.06,normal (16-20),-4.43,vol crushing (>5%),all above,above 50d (2-5%),above 200d (5-10%),True,True,True,True,2.77,9.25,2.4408,green,strong green (>1%),2.4754,green,green (1-3%),23.5963,green,up,bonds up (0-1%),44.26,very high (>5%),1
2024-11-07,5947.21,25.909999999999854,Thursday,bullish,19.41,0.3274,up,large (15-30pts),up,15.86,low (13-16),-0.41,vol falling (1-5%),all above,above 50d (2-5%),far above 200d (>10%),True,True,True,True,4.11,10.68,3.8787,green,strong green (>1%),3.9137,green,strong green (>3%),25.3311,green,up,bonds selling (>1%),43.410000000000004,very high (>5%),2
2024-11-08,5976.76,19.859999999999673,Friday,bullish,3.64,0.0609,up,small (3-8pts),up,15.13,low (13-16),-0.07,vol flat,all above,above 50d (2-5%),far above 200d (>10%),True,True,True,True,4.48,11.11,4.3948,green,strong green (>1%),4.43,green,strong green (>3%),25.9538,green,up,bonds up (0-1%),43.06,very high (>5%),3
2024-11-11,6008.86,-5.279999999999745,Monday,bullish,12.24,0.2041,up,medium (8-15pts),up,15.33,low (13-16),0.39,vol rising (1-5%),all above,above 50d (2-5%),far above 200d (>10%),True,True,True,True,4.9,11.59,,,,4.9909,green,strong green (>3%),26.6303,green,up,bonds up (0-1%),43.08,very high (>5%),4
2024-11-12,6003.6,-19.420000000000073,Tuesday,bullish,0.02,0.0003,up,tiny (<3pts),flat,15.09,low (13-16),0.12,vol flat,all above,above 50d (2-5%),far above 200d (>10%),True,True,True,True,4.68,11.38,-0.0875,red,red (0-1%),4.899,green,strong green (>3%),26.5194,green,down,bonds down (0-1%),44.32,very high (>5%),-1
2024-11-13,5985.75,1.2200000000002547,Wednesday,bullish,1.57,0.0262,up,tiny (<3pts),down,15.09,low (13-16),0.38,vol rising (1-5%),all above,above 50d (2-5%),far above 200d (>10%),True,True,True,True,4.2,10.94,-0.3846,red,red (0-1%),4.5871,green,strong green (>3%),26.1433,green,down,bonds up (0-1%),44.51,very high (>5%),-2
2024-11-14,5989.68,-39.93000000000029,Thursday,bullish,2.71,0.0453,up,tiny (<3pts),flat,14.17,low (13-16),0.15,vol rising (1-5%),all above,above 50d (2-5%),far above 200d (>10%),True,True,True,True,4.1,10.91,-0.3192,red,red (0-1%),4.6558,green,strong green (>3%),26.2261,green,down,bonds selling (>1%),44.18,very high (>5%),1
2024-11-15,5912.79,-43.039999999999964,Friday,bearish,-36.96,-0.6212,down,very large (30-50pts),down,15.02,low (13-16),0.71,vol rising (1-5%),all above,above 50d (2-5%),above 200d (5-10%),True,True,True,True,2.6,9.37,-1.5988,red,deep red (>1%),3.3123,green,strong green (>3%),24.6057,green,down,bonds selling (>1%),44.28,very high (>5%),-1
2024-11-18,5874.17,20.079999999999927,Monday,bearish,4.42,0.0753,up,small (3-8pts),down,16.6,normal (16-20),0.46,vol rising (1-5%),mixed,just above 50d (0-2%),above 200d (5-10%),False,True,True,True,1.77,8.56,,,,2.6375,green,green (1-3%),23.7918,green,up,bonds selling (>1%),44.14,very high (>5%),-2
2024-11-19,5870.05,45.80000000000018,Tuesday,bearish,-24.2,-0.4106,down,large (15-30pts),up,15.44,low (13-16),-0.14,vol flat,mixed,just above 50d (0-2%),above 200d (5-10%),False,True,True,True,1.55,8.39,-0.0701,red,red (0-1%),2.5655,green,green (1-3%),23.705,green,up,bonds down (0-1%),43.79,very high (>5%),1
2024-11-20,5914.34,2.4899999999997817,Wednesday,bearish,-1.51,-0.0255,down,tiny (<3pts),up,16.19,normal (16-20),-0.16,vol flat,mixed,above 50d (2-5%),above 200d (5-10%),False,True,True,True,2.17,9.11,0.6838,green,green (0-1%),3.3394,green,strong green (>3%),24.6384,green,down,bonds rallying (>1%),44.06,very high (>5%),2
2024-11-21,5940.58,7.900000000000546,Thursday,bullish,23.75,0.4014,up,large (15-30pts),flat,17.1,normal (16-20),-0.06,vol flat,mixed,above 50d (2-5%),above 200d (5-10%),False,True,True,True,2.49,9.5,1.1305,green,strong green (>1%),3.7979,green,strong green (>3%),25.1914,green,up,bonds up (0-1%),44.32,very high (>5%),3
2024-11-22,5944.36,23.900000000000546,Friday,bullish,-4.12,-0.0693,down,small (3-8pts),up,16.67,normal (16-20),-0.2,vol falling (1-5%),mixed,above 50d (2-5%),above 200d (5-10%),False,True,True,True,2.43,9.47,1.1949,green,strong green (>1%),3.8639,green,strong green (>3%),25.271,green,down,bonds up (0-1%),44.1,very high (>5%),4
2024-11-25,5992.28,-5.1299999999992,Monday,bullish,24.02,0.4025,up,large (15-30pts),up,15.23,low (13-16),-0.01,vol flat,all above,above 50d (2-5%),far above 200d (>10%),True,True,True,True,3.14,10.25,,,,4.7012,green,strong green (>3%),26.2809,green,down,bonds up (0-1%),42.65,very high (>5%),5
2024-11-26,6000.03,20.710000000000036,Tuesday,bullish,12.88,0.2151,up,medium (8-15pts),flat,14.95,low (13-16),0.35,vol rising (1-5%),all above,above 50d (2-5%),far above 200d (>10%),True,True,True,True,3.14,10.3,0.1293,green,green (0-1%),4.8366,green,strong green (>3%),26.4442,green,up,bonds rallying (>1%),43.02,very high (>5%),-1
2024-11-27,6014.11,-15.389999999999418,Wednesday,bearish,-6.63,-0.1101,down,small (3-8pts),up,14.28,low (13-16),0.18,vol rising (1-5%),all above,above 50d (2-5%),far above 200d (>10%),True,True,True,True,3.25,10.46,0.3643,green,green (0-1%),5.0826,green,strong green (>3%),26.7409,green,up,bonds rallying (>1%),42.42,very high (>5%),1
2024-11-29,6003.9800000000005,28.399999999999636,Friday,bullish,5.26,0.0877,up,small (3-8pts),down,14.0,low (13-16),0.1,vol flat,all above,above 50d (2-5%),far above 200d (>10%),True,True,True,True,2.94,10.16,0.1953,green,green (0-1%),4.9056,green,strong green (>3%),26.5274,green,flat,bonds rallying (>1%),41.78,very high (>5%),-1
2024-12-02,6040.11,6.770000000000437,Monday,bullish,7.73,0.1281,up,small (3-8pts),up,14.08,low (13-16),0.57,vol rising (1-5%),all above,above 50d (2-5%),far above 200d (>10%),True,True,True,True,3.45,10.72,,,,0.0,flat,slight red (0-1%),27.2888,green,up,bonds rallying (>1%),41.96,very high (>5%),1
2024-12-03,6042.97,6.699999999999818,Tuesday,bullish,-3.91,-0.0647,down,small (3-8pts),up,13.39,low (13-16),0.05,vol flat,all above,above 50d (2-5%),far above 200d (>10%),True,True,True,True,3.37,10.67,0.0474,flat,green (0-1%),0.0474,flat,slight green (0-1%),27.3491,green,up,bonds rallying (>1%),42.230000000000004,very high (>5%),2
2024-12-04,6069.39,16.840000000000146,Wednesday,bearish,19.72,0.326,up,large (15-30pts),up,13.16,low (13-16),-0.14,vol falling (1-5%),all above,above 50d (2-5%),far above 200d (>10%),True,True,True,True,3.71,11.05,0.4848,green,green (0-1%),0.4848,green,slight green (0-1%),27.9059,green,down,bonds up (0-1%),41.800000000000004,very high (>5%),3
2024-12-05,6089.03,-13.079999999999927,Thursday,bearish,2.8,0.046,up,tiny (<3pts),up,13.46,low (13-16),0.01,vol flat,all above,above 50d (2-5%),far above 200d (>10%),True,True,True,True,3.92,11.3,0.8099,green,green (0-1%),0.8099,green,slight green (0-1%),28.3198,green,up,bonds rallying (>1%),41.800000000000004,very high (>5%),4
2024-12-06,6081.38,7.380000000000109,Friday,bullish,5.43,0.0894,up,small (3-8pts),down,13.62,low (13-16),0.08,vol flat,all above,above 50d (2-5%),far above 200d (>10%),True,True,True,True,3.66,11.04,0.6833,green,green (0-1%),0.6833,green,slight green (0-1%),28.1586,green,up,bonds up (0-1%),41.51,very high (>5%),-1
2024-12-09,6083.01,-28.43000000000029,Monday,bearish,-5.75,-0.0944,down,small (3-8pts),up,13.36,low (13-16),0.59,vol rising (1-5%),all above,above 50d (2-5%),far above 200d (>10%),True,True,True,True,3.57,10.97,,,,0.7103,green,slight green (0-1%),28.1929,green,down,bonds up (0-1%),41.99,very high (>5%),1
2024-12-10,6057.59,-21.270000000000437,Tuesday,bearish,3.01,0.0497,up,small (3-8pts),down,14.3,low (13-16),0.11,vol flat,all above,above 50d (2-5%),far above 200d (>10%),True,True,True,True,3.03,10.41,-0.4179,red,red (0-1%),0.2894,green,slight green (0-1%),27.6572,green,down,bonds up (0-1%),42.21,very high (>5%),-1
2024-12-11,6060.150000000001,24.049999999999272,Wednesday,bullish,23.83,0.3948,up,large (15-30pts),down,14.42,low (13-16),0.24,vol rising (1-5%),all above,above 50d (2-5%),far above 200d (>10%),True,True,True,True,2.97,10.36,-0.3758,red,red (0-1%),0.3318,green,slight green (0-1%),27.7112,green,flat,bonds selling (>1%),42.71,very high (>5%),-2
2024-12-12,6074.29,-22.590000000000146,Thursday,bullish,-9.91,-0.1629,down,medium (8-15pts),up,13.73,low (13-16),0.15,vol rising (1-5%),all above,above 50d (2-5%),far above 200d (>10%),True,True,True,True,3.08,10.52,-0.1434,red,red (0-1%),0.5659,green,slight green (0-1%),28.0091,green,down,bonds selling (>1%),43.24,very high (>5%),1
2024-12-13,6068.17,-17.340000000000146,Friday,bullish,16.47,0.2722,up,large (15-30pts),down,13.57,low (13-16),-0.35,vol falling (1-5%),all above,above 50d (2-5%),far above 200d (>10%),True,True,True,True,2.86,10.31,-0.244,red,red (0-1%),0.4646,green,slight green (0-1%),27.8802,green,down,bonds selling (>1%),43.99,very high (>5%),-1
2024-12-16,6063.79,10.69000000000051,Monday,bullish,12.96,0.2142,up,medium (8-15pts),down,14.37,low (13-16),0.56,vol rising (1-5%),all above,above 50d (2-5%),far above 200d (>10%),True,True,True,True,2.66,10.13,,,,0.392,green,slight green (0-1%),27.7879,green,down,bonds selling (>1%),43.97,very high (>5%),-2
2024-12-17,6052.55,-2.2399999999997817,Tuesday,bearish,-21.93,-0.361,down,large (15-30pts),up,14.98,low (13-16),0.29,vol rising (1-5%),mixed,above 50d (2-5%),above 200d (5-10%),False,True,True,True,2.36,9.84,-0.1854,red,red (0-1%),0.206,green,slight green (0-1%),27.551,green,down,bonds selling (>1%),43.85,very high (>5%),1
2024-12-18,6047.650000000001,-178.4300000000003,Wednesday,bullish,-2.66,-0.044,down,tiny (<3pts),flat,15.57,low (13-16),-0.3,vol falling (1-5%),mixed,above 50d (2-5%),above 200d (5-10%),False,True,True,True,2.15,9.65,-0.2662,red,red (0-1%),0.1248,green,slight green (0-1%),27.4477,green,up,bonds selling (>1%),44.94,very high (>5%),-1
2024-12-19,5912.71,-46.64000000000033,Thursday,bullish,43.49,0.741,up,very large (30-50pts),down,21.61,elevated (20-25),-6.01,vol crushing (>5%),mixed,just below 50d (0-2%),above 200d (5-10%),False,False,False,True,-0.17,7.13,-2.4915,red,deep red (>1%),-2.1092,red,red (1-3%),24.604,green,down,bonds selling (>1%),45.7,very high (>5%),-2
2024-12-20,5842.0,90.80000000000018,Friday,bearish,-24.07,-0.4103,down,large (15-30pts),down,24.14,elevated (20-25),0.05,vol flat,mixed,just below 50d (0-2%),above 200d (5-10%),False,False,False,True,-1.38,5.78,-3.6576,red,deep red (>1%),-3.2799,red,deep red (>3%),23.1139,green,down,bonds selling (>1%),45.24,very high (>5%),-3
2024-12-23,5940.25,31.980000000000473,Monday,bullish,7.45,0.1256,up,small (3-8pts),up,18.09,normal (16-20),-0.27,vol falling (1-5%),mixed,just above 50d (0-2%),above 200d (5-10%),False,False,True,True,0.22,7.48,,,,-1.6533,red,red (1-3%),25.1844,green,down,bonds selling (>1%),45.99,very high (>5%),1
2024-12-24,5984.63,55.409999999999854,Tuesday,bearish,12.4,0.2076,up,medium (8-15pts),up,16.97,normal (16-20),0.19,vol rising (1-5%),mixed,just above 50d (0-2%),above 200d (5-10%),False,False,True,True,0.92,8.2,0.7471,green,green (0-1%),-0.9185,red,slight red (0-1%),26.1197,green,down,bonds selling (>1%),45.910000000000004,very high (>5%),2
2024-12-26,6024.97,12.11999999999989,Thursday,bearish,-15.07,-0.2495,down,large (15-30pts),up,14.99,low (13-16),0.72,vol spiking (>5%),all above,just above 50d (0-2%),above 200d (5-10%),True,True,True,True,1.54,8.84,1.4262,green,strong green (>1%),-0.2507,red,slight red (0-1%),26.9698,green,up,bonds selling (>1%),45.79,very high (>5%),3
2024-12-27,6006.17,-33.92000000000007,Friday,bearish,-30.92,-0.5122,down,very large (30-50pts),up,15.38,low (13-16),0.65,vol rising (1-5%),mixed,just above 50d (0-2%),above 200d (5-10%),True,False,True,True,1.14,8.41,1.1097,green,strong green (>1%),-0.5619,red,slight red (0-1%),26.5736,green,up,bonds up (0-1%),46.19,very high (>5%),4
2024-12-30,5920.67,-13.239999999999782,Monday,bearish,-51.58,-0.8637,down,huge (>50pts),down,17.21,normal (16-20),1.26,vol spiking (>5%),mixed,just below 50d (0-2%),above 200d (5-10%),False,False,False,True,-0.34,6.79,,,,-1.9774,red,red (1-3%),24.7718,green,down,bonds selling (>1%),45.45,very high (>5%),-1
2024-12-31,5919.74,-35.72999999999956,Tuesday,bullish,12.31,0.2084,up,medium (8-15pts),down,17.39,normal (16-20),-0.01,vol flat,mixed,just below 50d (0-2%),above 200d (5-10%),False,False,False,True,-0.38,6.7,-0.0157,flat,red (0-1%),-1.9928,red,red (1-3%),24.7522,green,flat,bonds up (0-1%),45.730000000000004,very high (>5%),-2
2025-01-02,5903.26,-34.42000000000007,Thursday,bullish,19.25,0.3272,up,large (15-30pts),down,17.21,normal (16-20),-0.14,vol flat,mixed,just below 50d (0-2%),above 200d (5-10%),False,False,False,True,-0.66,6.33,-0.2941,red,red (0-1%),0.0,flat,slight red (0-1%),0.0,flat,down,bonds down (0-1%),45.75,very high (>5%),-3
2025-01-03,5891.07,50.8100000000004,Friday,bullish,22.23,0.3788,up,large (15-30pts),down,17.66,normal (16-20),-0.27,vol falling (1-5%),mixed,just below 50d (0-2%),above 200d (5-10%),False,False,False,True,-0.87,6.05,-0.4999,red,red (0-1%),-0.2065,red,slight red (0-1%),-0.2065,flat,down,bonds down (0-1%),45.96,very high (>5%),-4
2025-01-06,5982.81,-6.3100000000004,Monday,bullish,40.93,0.6888,up,very large (30-50pts),up,16.77,normal (16-20),0.64,vol rising (1-5%),mixed,just above 50d (0-2%),above 200d (5-10%),True,False,True,True,0.64,7.62,,,,1.3476,green,green (1-3%),1.3476,green,down,bonds up (0-1%),46.18,very high (>5%),1
2025-01-07,5993.26,-83.72000000000025,Tuesday,bullish,16.76,0.2804,up,large (15-30pts),down,16.48,normal (16-20),0.44,vol rising (1-5%),all above,just above 50d (0-2%),above 200d (5-10%),True,True,True,True,0.76,7.74,0.1747,green,green (0-1%),1.5246,green,green (1-3%),1.5246,green,down,bonds selling (>1%),46.83,very high (>5%),-1
2025-01-08,5910.66,5.890000000000327,Wednesday,bearish,1.12,0.019,up,tiny (<3pts),down,17.91,normal (16-20),0.09,vol flat,mixed,just below 50d (0-2%),above 200d (5-10%),False,False,False,True,-0.66,6.19,-1.206,red,deep red (>1%),0.1254,green,slight green (0-1%),0.1254,flat,down,bonds selling (>1%),46.93,very high (>5%),-2
2025-01-10,5890.35,-63.850000000000364,Friday,bearish,-26.2,-0.4428,down,large (15-30pts),flat,18.29,normal (16-20),0.22,vol rising (1-5%),mixed,just below 50d (0-2%),above 200d (5-10%),False,False,False,True,-1.04,5.76,-1.5454,red,deep red (>1%),-0.2187,red,slight red (0-1%),-0.2187,flat,up,bonds selling (>1%),47.76,very high (>5%),1
2025-01-13,5782.02,54.089999999999236,Monday,bearish,-44.48,-0.7634,down,very large (30-50pts),down,21.18,elevated (20-25),1.64,vol spiking (>5%),mixed,below 50d (2-5%),near 200d above (0-5%),False,False,False,True,-2.86,3.76,,,,-2.0538,red,red (1-3%),-2.0538,red,up,bonds selling (>1%),48.03,very high (>5%),-1
2025-01-14,5859.27,-15.960000000000036,Tuesday,bullish,23.16,0.3968,up,large (15-30pts),up,18.79,normal (16-20),-0.4,vol falling (1-5%),mixed,just below 50d (0-2%),above 200d (5-10%),False,False,False,True,-1.57,5.08,1.336,green,strong green (>1%),-0.7452,red,slight red (0-1%),-0.7452,red,down,bonds selling (>1%),47.88,very high (>5%),1
2025-01-15,5905.21,43.60999999999967,Wednesday,bullish,61.9,1.0593,up,huge (>50pts),down,19.08,normal (16-20),0.37,vol rising (1-5%),mixed,just below 50d (0-2%),above 200d (5-10%),True,False,False,True,-0.8,5.85,2.1306,green,strong green (>1%),0.033,flat,slight green (0-1%),0.033,flat,flat,bonds down (0-1%),46.53,very high (>5%),-1
2025-01-16,5963.61,-26.229999999999563,Thursday,bearish,14.79,0.2486,up,medium (8-15pts),up,15.87,low (13-16),-0.25,vol falling (1-5%),all above,just above 50d (0-2%),above 200d (5-10%),True,True,True,True,0.1,6.83,3.1406,green,strong green (>1%),1.0223,green,green (1-3%),1.0223,green,flat,bonds up (0-1%),46.06,very high (>5%),1
2025-01-17,5995.400000000001,1.6699999999991633,Friday,bearish,58.02,0.9772,up,huge (>50pts),down,16.19,normal (16-20),-0.41,vol falling (1-5%),all above,just above 50d (0-2%),above 200d (5-10%),True,True,True,True,0.56,7.34,3.6904,green,strong green (>1%),1.5608,green,green (1-3%),1.5608,green,up,bonds rallying (>1%),46.17,very high (>5%),-1
2025-01-21,6014.12,35.11000000000058,Tuesday,bullish,17.05,0.2843,up,large (15-30pts),flat,16.29,normal (16-20),0.48,vol rising (1-5%),all above,just above 50d (0-2%),above 200d (5-10%),True,True,True,True,0.77,7.59,,,,1.8779,green,green (1-3%),1.8779,green,down,bonds rallying (>1%),45.74,very high (>5%),1
2025-01-22,6081.39,4.269999999999527,Wednesday,bearish,32.16,0.5316,up,very large (30-50pts),up,14.89,low (13-16),-0.17,vol falling (1-5%),all above,just above 50d (0-2%),above 200d (5-10%),True,True,True,True,1.81,8.72,,,,3.0175,green,strong green (>3%),3.0175,green,flat,bonds rallying (>1%),45.99,very high (>5%),2
2025-01-23,6076.32,41.900000000000546,Thursday,bearish,-9.34,-0.1535,down,medium (8-15pts),flat,15.28,low (13-16),0.18,vol rising (1-5%),all above,just above 50d (0-2%),above 200d (5-10%),True,True,True,True,1.67,8.53,,,,2.9316,green,green (1-3%),2.9316,green,down,bonds up (0-1%),46.38,very high (>5%),3
2025-01-24,6121.43,-20.610000000000582,Friday,bearish,3.21,0.0525,up,small (3-8pts),up,15.01,low (13-16),-0.01,vol flat,all above,above 50d (2-5%),above 200d (5-10%),True,True,True,True,2.38,9.25,,,,3.6958,green,strong green (>3%),3.6958,green,up,bonds down (0-1%),46.26,very high (>5%),4
2025-01-27,5969.04,44.350000000000364,Monday,bullish,-131.78,-2.16,down,huge (>50pts),down,18.83,normal (16-20),3.98,vol spiking (>5%),mixed,just below 50d (0-2%),above 200d (5-10%),False,True,False,True,-0.21,6.45,,,,1.1143,green,green (1-3%),1.1143,green,up,bonds up (0-1%),45.28,very high (>5%),-1
2025-01-28,6026.97,39.98999999999978,Tuesday,bearish,13.58,0.2258,up,medium (8-15pts),up,18.29,normal (16-20),0.39,vol rising (1-5%),all above,just above 50d (0-2%),above 200d (5-10%),True,True,True,True,0.76,7.4,0.9705,green,green (0-1%),2.0956,green,green (1-3%),2.0956,green,up,bonds up (0-1%),45.51,very high (>5%),1
2025-01-29,6057.7,-19.029999999999745,Wednesday,bearish,-9.26,-0.1526,down,medium (8-15pts),up,16.42,normal (16-20),0.01,vol flat,all above,just above 50d (0-2%),above 200d (5-10%),True,True,True,True,1.24,7.86,1.4853,green,strong green (>1%),2.6162,green,green (1-3%),2.6162,green,up,bonds up (0-1%),45.550000000000004,very high (>5%),2
2025-01-30,6050.75,18.909999999999854,Thursday,bullish,12.08,0.2,up,medium (8-15pts),down,15.81,low (13-16),-0.75,vol falling (1-5%),all above,just above 50d (0-2%),above 200d (5-10%),True,True,True,True,1.11,7.66,1.3689,green,strong green (>1%),2.4985,green,green (1-3%),2.4985,green,down,bonds rallying (>1%),45.12,very high (>5%),-1
2025-01-31,6096.79,-56.720000000000255,Friday,bullish,27.13,0.447,up,large (15-30pts),up,15.45,low (13-16),-0.39,vol falling (1-5%),all above,just above 50d (0-2%),above 200d (5-10%),True,True,True,True,1.84,8.39,2.1402,green,strong green (>1%),3.2784,green,strong green (>3%),3.2784,green,flat,bonds rallying (>1%),45.69,very high (>5%),1
2025-02-03,5969.650000000001,25.42999999999938,Monday,bearish,-70.42,-1.1659,down,huge (>50pts),down,20.36,elevated (20-25),3.93,vol spiking (>5%),mixed,just below 50d (0-2%),above 200d (5-10%),False,False,False,True,-0.34,6.03,,,,0.0,flat,slight red (0-1%),1.1246,green,down,bonds down (0-1%),45.43,very high (>5%),-1
2025-02-04,5998.14,38.9399999999996,Tuesday,bearish,3.06,0.051,up,small (3-8pts),up,18.78,normal (16-20),0.16,vol flat,mixed,just above 50d (0-2%),above 200d (5-10%),False,True,True,True,0.1,6.45,0.4772,green,green (0-1%),0.4772,green,slight green (0-1%),1.6072,green,down,bonds down (0-1%),45.13,very high (>5%),1
2025-02-05,6020.45,41.44000000000051,Wednesday,bullish,-16.63,-0.2755,down,large (15-30pts),up,17.54,normal (16-20),0.33,vol rising (1-5%),mixed,just above 50d (0-2%),above 200d (5-10%),False,True,True,True,0.43,6.75,0.851,green,green (0-1%),0.851,green,slight green (0-1%),1.9852,green,up,bonds up (0-1%),44.22,very high (>5%),2
2025-02-06,6072.22,10.639999999999418,Thursday,bullish,10.33,0.1704,up,medium (8-15pts),up,15.88,low (13-16),0.11,vol flat,all above,just above 50d (0-2%),above 200d (5-10%),True,True,True,True,1.24,7.57,1.7182,green,strong green (>1%),1.7182,green,green (1-3%),2.8621,green,up,bonds rallying (>1%),44.4,very high (>5%),3
2025-02-07,6083.13,-57.1899999999996,Friday,bullish,0.27,0.0044,up,tiny (<3pts),up,15.38,low (13-16),-0.12,vol flat,all above,just above 50d (0-2%),above 200d (5-10%),True,True,True,True,1.38,7.65,1.9009,green,strong green (>1%),1.9009,green,green (1-3%),3.047,green,flat,bonds rallying (>1%),44.87,very high (>5%),4
2025-02-10,6046.400000000001,20.25999999999931,Monday,bullish,20.46,0.3395,up,large (15-30pts),down,16.58,normal (16-20),0.04,vol flat,all above,just above 50d (0-2%),above 200d (5-10%),True,True,True,True,0.75,6.91,,,,1.2857,green,green (1-3%),2.4248,green,flat,bonds rallying (>1%),44.93,very high (>5%),-1
2025-02-11,6049.32,19.600000000000364,Tuesday,bearish,-17.34,-0.2858,down,large (15-30pts),up,16.13,normal (16-20),0.32,vol rising (1-5%),all above,just above 50d (0-2%),above 200d (5-10%),True,True,True,True,0.77,6.87,0.0483,flat,green (0-1%),1.3346,green,green (1-3%),2.4742,green,down,bonds up (0-1%),45.37,very high (>5%),1
2025-02-12,6025.08,25.93000000000029,Wednesday,bearish,-43.84,-0.7224,down,very large (30-50pts),up,15.91,low (13-16),-0.11,vol flat,mixed,just above 50d (0-2%),above 200d (5-10%),False,False,True,True,0.35,6.34,-0.3526,red,red (0-1%),0.9285,green,slight green (0-1%),2.0636,green,down,bonds selling (>1%),46.37,very high (>5%),2
2025-02-13,6060.59,54.350000000000364,Thursday,bullish,9.58,0.1583,up,medium (8-15pts),up,15.97,low (13-16),0.08,vol flat,all above,just above 50d (0-2%),above 200d (5-10%),True,True,True,True,0.93,6.88,0.2347,green,green (0-1%),1.5234,green,green (1-3%),2.6651,green,flat,bonds selling (>1%),45.25,very high (>5%),3
2025-02-14,6115.52,-1.7800000000006548,Friday,bullish,0.58,0.0095,up,tiny (<3pts),up,15.08,low (13-16),-0.02,vol flat,all above,just above 50d (0-2%),above 200d (5-10%),True,True,True,True,1.81,7.75,1.1432,green,strong green (>1%),2.4435,green,green (1-3%),3.5956,green,up,bonds down (0-1%),44.72,very high (>5%),4
2025-02-18,6121.6,7.789999999999964,Tuesday,bullish,7.86,0.1286,up,small (3-8pts),flat,15.57,low (13-16),0.2,vol rising (1-5%),all above,just above 50d (0-2%),above 200d (5-10%),True,True,True,True,1.89,7.76,,,,2.5454,green,green (1-3%),3.6986,green,down,bonds up (0-1%),45.44,very high (>5%),-1
2025-02-19,6117.76,26.1899999999996,Wednesday,bearish,-11.63,-0.1897,down,medium (8-15pts),up,15.14,low (13-16),-0.21,vol falling (1-5%),all above,just above 50d (0-2%),above 200d (5-10%),True,True,True,True,1.8,7.59,,,,2.481,green,green (1-3%),3.6336,green,down,bonds down (0-1%),45.35,very high (>5%),1
2025-02-20,6134.5,-16.48999999999978,Thursday,bearish,-9.45,-0.1538,down,medium (8-15pts),up,15.61,low (13-16),0.34,vol rising (1-5%),all above,above 50d (2-5%),above 200d (5-10%),True,True,True,True,2.06,7.78,,,,2.7615,green,green (1-3%),3.9172,green,up,bonds rallying (>1%),45.0,very high (>5%),2
2025-02-21,6114.1,-100.64000000000033,Friday,bearish,-3.91,-0.0639,down,small (3-8pts),down,15.63,low (13-16),-0.03,vol flat,all above,just above 50d (0-2%),above 200d (5-10%),True,True,True,True,1.7,7.32,,,,2.4197,green,green (1-3%),3.5716,green,up,bonds down (0-1%),44.2,very high (>5%),-1
2025-02-24,6026.6900000000005,-42.39000000000033,Monday,bullish,13.23,0.22,up,medium (8-15pts),down,18.08,normal (16-20),-0.13,vol flat,mixed,just above 50d (0-2%),above 200d (5-10%),False,False,True,True,0.28,5.7,,,,0.9555,green,slight green (0-1%),2.0909,green,up,bonds up (0-1%),43.93,very high (>5%),-2
2025-02-25,5982.7300000000005,-26.8100000000004,Tuesday,bullish,-1.57,-0.0262,down,tiny (<3pts),down,19.09,normal (16-20),0.11,vol flat,mixed,just below 50d (0-2%),near 200d above (0-5%),False,False,False,True,-0.43,4.86,-0.7294,red,red (0-1%),0.2191,green,slight green (0-1%),1.3462,green,up,bonds rallying (>1%),42.980000000000004,very high (>5%),-3
2025-02-26,5970.87,-13.4399999999996,Wednesday,bearish,14.95,0.251,up,medium (8-15pts),down,18.96,normal (16-20),-0.47,vol falling (1-5%),mixed,just below 50d (0-2%),near 200d above (0-5%),False,False,False,True,-0.6,4.58,-0.9262,red,red (0-1%),0.0204,flat,slight green (0-1%),1.1453,green,up,bonds rallying (>1%),42.49,very high (>5%),-4
2025-02-27,5981.88,-119.09000000000015,Thursday,bullish,24.45,0.4104,up,large (15-30pts),down,18.25,normal (16-20),-0.85,vol falling (1-5%),mixed,just below 50d (0-2%),near 200d above (0-5%),False,False,False,True,-0.38,4.7,-0.7435,red,red (0-1%),0.2049,green,slight green (0-1%),1.3318,green,up,bonds rallying (>1%),42.85,very high (>5%),-5
2025-02-28,5856.74,96.28999999999996,Friday,bullish,-6.05,-0.1032,down,small (3-8pts),down,21.21,elevated (20-25),0.08,vol flat,mixed,below 50d (2-5%),near 200d above (0-5%),False,False,False,True,-2.4,2.45,-2.82,red,deep red (>1%),-1.8914,red,red (1-3%),-0.788,red,flat,bonds rallying (>1%),42.31,very high (>5%),-6
2025-03-03,5968.33,-117.0,Monday,bullish,15.3,0.257,up,large (15-30pts),up,19.83,normal (16-20),0.2,vol rising (1-5%),mixed,just below 50d (0-2%),near 200d above (0-5%),False,False,False,True,-0.51,4.34,,,,0.0,flat,slight red (0-1%),1.1023,green,up,bonds rallying (>1%),41.800000000000004,very high (>5%),1
2025-03-04,5811.9800000000005,-34.539999999999964,Tuesday,bearish,-39.35,-0.6725,down,very large (30-50pts),down,22.96,elevated (20-25),0.18,vol flat,mixed,below 50d (2-5%),near 200d above (0-5%),False,False,False,True,-3.04,1.55,-2.6197,red,deep red (>1%),-2.6197,red,red (1-3%),-1.5463,red,up,bonds rallying (>1%),42.1,very high (>5%),-1
2025-03-05,5781.36,59.590000000000146,Wednesday,bullish,3.92,0.0679,up,small (3-8pts),down,23.03,elevated (20-25),-0.48,vol falling (1-5%),mixed,below 50d (2-5%),near 200d above (0-5%),False,False,False,True,-3.47,0.97,-3.1327,red,deep red (>1%),-3.1327,red,deep red (>3%),-2.065,red,down,bonds down (0-1%),42.75,very high (>5%),-2
2025-03-06,5785.87,-47.38000000000011,Thursday,bearish,-55.08,-0.943,down,huge (>50pts),up,22.6,elevated (20-25),0.67,vol rising (1-5%),mixed,below 50d (2-5%),near 200d above (0-5%),False,False,False,True,-3.38,1.0,-3.0571,red,deep red (>1%),-3.0571,red,deep red (>3%),-1.9886,red,down,bonds down (0-1%),42.86,very high (>5%),1
2025-03-07,5726.01,43.14000000000033,Friday,bullish,-12.48,-0.2175,down,medium (8-15pts),down,24.85,elevated (20-25),-0.02,vol flat,all below,below 50d (2-5%),near 200d below (0-5%),False,False,False,False,-4.34,-0.08,-4.0601,red,deep red (>1%),-4.0601,red,deep red (>3%),-3.0026,red,flat,bonds selling (>1%),43.17,very high (>5%),-1
2025-03-10,5705.37,-90.36999999999989,Monday,bearish,-63.78,-1.1055,down,huge (>50pts),up,24.7,elevated (20-25),1.33,vol spiking (>5%),all below,below 50d (2-5%),near 200d below (0-5%),False,False,False,False,-4.63,-0.48,,,,-4.4059,red,deep red (>3%),-3.3522,red,down,bonds selling (>1%),42.13,very high (>5%),1
2025-03-11,5603.650000000001,-31.860000000000582,Tuesday,bullish,-11.35,-0.2021,down,medium (8-15pts),down,27.94,high (25-30),0.08,vol flat,all below,far below 50d (>5%),near 200d below (0-5%),False,False,False,False,-6.22,-2.28,-1.7829,red,deep red (>1%),-6.1103,red,deep red (>3%),-5.0753,red,flat,bonds down (0-1%),42.88,very high (>5%),-1
2025-03-12,5624.84,-26.5600000000004,Wednesday,bullish,53.05,0.9521,up,huge (>50pts),down,26.88,high (25-30),-0.04,vol flat,all below,far below 50d (>5%),near 200d below (0-5%),False,False,False,False,-5.72,-1.94,-1.4115,red,deep red (>1%),-5.7552,red,deep red (>3%),-4.7164,red,down,bonds down (0-1%),43.18,very high (>5%),-2
2025-03-13,5594.45,-72.88999999999942,Thursday,bearish,-3.83,-0.0684,down,small (3-8pts),down,24.92,elevated (20-25),0.69,vol rising (1-5%),all below,far below 50d (>5%),near 200d below (0-5%),False,False,False,False,-6.09,-2.49,-1.9441,red,deep red (>1%),-6.2644,red,deep red (>3%),-5.2312,red,down,bonds down (0-1%),42.74,very high (>5%),-3
2025-03-14,5563.85,73.00999999999931,Friday,bullish,42.29,0.7659,up,very large (30-50pts),down,24.35,elevated (20-25),-0.31,vol falling (1-5%),all below,far below 50d (>5%),near 200d below (0-5%),False,False,False,False,-6.46,-3.05,-2.4805,red,deep red (>1%),-6.7771,red,deep red (>3%),-5.7495,red,up,bonds up (0-1%),43.08,very high (>5%),-4
2025-03-17,5635.6,40.55999999999949,Monday,bearish,-1.26,-0.0224,down,tiny (<3pts),up,22.89,elevated (20-25),1.12,vol spiking (>5%),all below,far below 50d (>5%),near 200d below (0-5%),False,False,False,False,-5.17,-1.82,,,,-5.5749,red,deep red (>3%),-4.5341,red,up,bonds down (0-1%),43.06,very high (>5%),1
2025-03-18,5654.53,-39.159999999999854,Tuesday,bearish,-21.63,-0.3811,down,large (15-30pts),up,20.83,elevated (20-25),0.32,vol rising (1-5%),all below,below 50d (2-5%),near 200d below (0-5%),False,False,False,False,-4.79,-1.53,0.3359,green,green (0-1%),-5.2578,red,deep red (>3%),-4.2134,red,down,bonds up (0-1%),42.81,very high (>5%),2
2025-03-19,5632.37,42.909999999999854,Wednesday,bullish,17.0,0.3027,up,large (15-30pts),down,21.84,elevated (20-25),0.14,vol flat,all below,far below 50d (>5%),near 200d below (0-5%),False,False,False,False,-5.08,-1.94,-0.0573,red,red (0-1%),-5.629,red,deep red (>3%),-4.5888,red,up,bonds up (0-1%),42.56,very high (>5%),-1
2025-03-20,5646.92,15.149999999999636,Thursday,bearish,-28.36,-0.4997,down,large (15-30pts),up,19.52,normal (16-20),-0.38,vol falling (1-5%),mixed,below 50d (2-5%),near 200d below (0-5%),True,False,False,False,-4.75,-1.73,0.2009,green,green (0-1%),-5.3853,red,deep red (>3%),-4.3423,red,up,bonds up (0-1%),42.33,very high (>5%),1
2025-03-21,5630.7300000000005,35.94999999999982,Friday,bearish,-31.34,-0.5535,down,very large (30-50pts),up,20.02,elevated (20-25),0.22,vol rising (1-5%),all below,below 50d (2-5%),near 200d below (0-5%),False,False,False,False,-4.92,-2.04,-0.0864,red,red (0-1%),-5.6565,red,deep red (>3%),-4.6166,red,down,bonds rallying (>1%),42.52,very high (>5%),2
2025-03-24,5718.08,47.07000000000062,Monday,bullish,51.4,0.9071,up,huge (>50pts),up,19.13,normal (16-20),-0.15,vol flat,mixed,below 50d (2-5%),near 200d below (0-5%),True,False,False,False,-3.37,-0.55,,,,-4.193,red,deep red (>3%),-3.1369,red,down,bonds up (0-1%),43.31,very high (>5%),3
2025-03-25,5775.96,0.8699999999998909,Tuesday,bullish,10.81,0.1875,up,medium (8-15pts),up,17.58,normal (16-20),0.1,vol flat,mixed,below 50d (2-5%),near 200d above (0-5%),True,True,False,True,-2.34,0.41,1.0122,green,strong green (>1%),-3.2232,red,deep red (>3%),-2.1564,red,down,bonds selling (>1%),43.07,very high (>5%),4
2025-03-26,5771.66,-59.55000000000018,Wednesday,bullish,-5.17,-0.0895,down,small (3-8pts),flat,17.23,normal (16-20),0.08,vol flat,mixed,below 50d (2-5%),near 200d above (0-5%),True,True,False,True,-2.39,0.3,0.937,green,green (0-1%),-3.2952,red,deep red (>3%),-2.2293,red,up,bonds selling (>1%),43.38,very high (>5%),5
2025-03-27,5695.64,-3.280000000000655,Thursday,bearish,-16.47,-0.2883,down,large (15-30pts),down,18.36,normal (16-20),0.03,vol flat,mixed,below 50d (2-5%),near 200d below (0-5%),True,False,False,False,-3.64,-1.05,-0.3924,red,red (0-1%),-4.5689,red,deep red (>3%),-3.517,red,down,bonds selling (>1%),43.69,very high (>5%),-1
2025-03-28,5679.2,-98.92000000000007,Friday,bearish,-13.16,-0.2312,down,medium (8-15pts),flat,19.08,normal (16-20),0.39,vol rising (1-5%),all below,below 50d (2-5%),near 200d below (0-5%),False,False,False,False,-3.87,-1.37,-0.6799,red,red (0-1%),-4.8444,red,deep red (>3%),-3.7955,red,flat,bonds selling (>1%),42.550000000000004,very high (>5%),-2
2025-03-31,5527.91,83.42000000000007,Monday,bearish,-52.37,-0.9385,down,huge (>50pts),down,24.11,elevated (20-25),2.46,vol spiking (>5%),all below,far below 50d (>5%),near 200d below (0-5%),False,False,False,False,-6.31,-4.01,,,,-7.3793,red,deep red (>3%),-6.3584,red,up,bonds up (0-1%),42.46,very high (>5%),-3
2025-04-01,5597.53,35.39000000000033,Tuesday,bearish,-13.8,-0.2459,down,medium (8-15pts),up,22.06,elevated (20-25),-0.22,vol flat,all below,far below 50d (>5%),near 200d below (0-5%),False,False,False,False,-5.03,-2.83,1.2594,green,strong green (>1%),0.0,flat,slight red (0-1%),-5.179,red,down,bonds rallying (>1%),41.56,very high (>5%),1
2025-04-02,5580.76,88.48999999999978,Wednesday,bearish,-52.16,-0.926,down,huge (>50pts),up,22.3,elevated (20-25),0.53,vol rising (1-5%),all below,far below 50d (>5%),near 200d below (0-5%),False,False,False,False,-5.19,-3.13,0.9561,green,green (0-1%),-0.2996,red,slight red (0-1%),-5.4631,red,up,bonds rallying (>1%),41.96,very high (>5%),2
2025-04-03,5492.74,-97.84999999999945,Thursday,bearish,-176.51,-3.1135,down,huge (>50pts),up,26.38,high (25-30),4.87,vol spiking (>5%),all below,far below 50d (>5%),near 200d below (0-5%),False,False,False,False,-6.57,-4.68,-0.6362,red,red (0-1%),-1.8721,red,red (1-3%),-6.9541,red,down,bonds rallying (>1%),40.550000000000004,very high (>5%),3
2025-04-04,5292.14,-216.90000000000055,Friday,bearish,-102.75,-1.9046,down,huge (>50pts),down,30.12,very high (>30),0.1,vol flat,all below,far below 50d (>5%),far below 200d (>5%),False,False,False,False,-9.77,-8.16,-4.2651,red,deep red (>1%),-5.4558,red,deep red (>3%),-10.3522,red,down,bonds rallying (>1%),39.85,very high (>5%),-1
2025-04-07,4953.79,106.06999999999971,Monday,bearish,-121.45,-2.393,down,huge (>50pts),down,60.13,very high (>30),14.82,vol spiking (>5%),all below,far below 50d (>5%),far below 200d (>5%),False,False,False,False,-15.23,-14.0,,,,-11.5004,red,deep red (>3%),-16.0838,red,down,bonds rallying (>1%),41.550000000000004,very high (>5%),-2
2025-04-08,5193.57,-207.89999999999964,Tuesday,bullish,133.71,2.6426,up,huge (>50pts),up,44.04,very high (>30),-2.94,vol crushing (>5%),all below,far below 50d (>5%),far below 200d (>5%),False,False,False,False,-10.81,-9.81,4.8403,green,strong green (>1%),-7.2168,red,deep red (>3%),-12.022,red,down,bonds selling (>1%),42.62,very high (>5%),1
2025-04-09,4965.28,486.3299999999999,Wednesday,bearish,-20.39,-0.409,down,large (15-30pts),down,50.98,very high (>30),-1.35,vol falling (1-5%),all below,far below 50d (>5%),far below 200d (>5%),False,False,False,False,-14.43,-13.73,0.2319,green,green (0-1%),-11.2952,red,deep red (>3%),-15.8892,red,down,bonds selling (>1%),44.0,very high (>5%),-1
2025-04-10,5353.150000000001,-84.97000000000025,Thursday,bearish,-98.46,-1.8061,down,huge (>50pts),up,34.44,very high (>30),0.82,vol rising (1-5%),all below,far below 50d (>5%),far below 200d (>5%),False,False,False,False,-7.55,-6.99,8.0617,green,strong green (>1%),-4.3659,red,deep red (>3%),-9.3187,red,up,bonds selling (>1%),43.94,very high (>5%),1
2025-04-11,5255.56,105.63999999999942,Friday,bullish,-12.62,-0.2396,down,medium (8-15pts),down,40.8,very high (>30),0.08,vol flat,all below,far below 50d (>5%),far below 200d (>5%),False,False,False,False,-9.0,-8.68,6.0917,green,strong green (>1%),-6.1093,red,deep red (>3%),-10.9719,red,down,bonds selling (>1%),44.93,very high (>5%),-1
2025-04-14,5441.96,-36.399999999999636,Monday,bullish,80.76,1.5064,up,huge (>50pts),up,34.76,very high (>30),-2.8,vol crushing (>5%),mixed,far below 50d (>5%),far below 200d (>5%),True,False,False,False,-5.54,-5.43,,,,-2.7793,red,red (1-3%),-7.8143,red,up,bonds selling (>1%),43.64,very high (>5%),1
2025-04-15,5411.99,-15.289999999999964,Tuesday,bullish,6.43,0.119,up,small (3-8pts),down,30.01,very high (>30),-0.88,vol falling (1-5%),mixed,far below 50d (>5%),far below 200d (>5%),True,False,False,False,-5.85,-5.94,-0.5507,red,red (0-1%),-3.3147,red,deep red (>3%),-8.322,red,up,bonds down (0-1%),43.230000000000004,very high (>5%),-1
2025-04-16,5335.75,-59.48999999999978,Wednesday,bullish,-60.95,-1.1294,down,huge (>50pts),down,33.24,very high (>30),3.12,vol spiking (>5%),mixed,far below 50d (>5%),far below 200d (>5%),True,False,False,False,-6.98,-7.26,-1.9517,red,deep red (>1%),-4.6767,red,deep red (>3%),-9.6135,red,up,bonds selling (>1%),42.79,very high (>5%),-2
2025-04-17,5305.45,-21.949999999999818,Thursday,bearish,29.19,0.5532,up,large (15-30pts),down,30.79,very high (>30),-1.85,vol crushing (>5%),mixed,far below 50d (>5%),far below 200d (>5%),True,False,False,False,-7.26,-7.77,-2.5085,red,deep red (>1%),-5.218,red,deep red (>3%),-10.1268,red,up,bonds rallying (>1%),43.33,very high (>5%),-3
2025-04-21,5232.9400000000005,-75.13000000000011,Monday,bearish,-50.56,-0.9569,down,huge (>50pts),down,32.75,very high (>30),3.1,vol spiking (>5%),all below,far below 50d (>5%),far below 200d (>5%),False,False,False,False,-8.28,-9.02,,,,-6.5134,red,deep red (>3%),-11.3551,red,down,bonds up (0-1%),44.050000000000004,very high (>5%),-4
2025-04-22,5207.67,79.14000000000033,Tuesday,bullish,49.86,0.9667,up,very large (30-50pts),down,32.61,very high (>30),-1.21,vol falling (1-5%),all below,far below 50d (>5%),far below 200d (>5%),False,False,False,False,-8.43,-9.43,-0.4829,red,red (0-1%),-6.9649,red,deep red (>3%),-11.7832,red,down,bonds selling (>1%),43.89,very high (>5%),-5
2025-04-23,5395.92,-23.5,Wednesday,bullish,109.11,2.0638,up,huge (>50pts),up,28.75,high (25-30),-1.82,vol crushing (>5%),mixed,below 50d (2-5%),far below 200d (>5%),True,False,False,False,-4.87,-6.14,3.1145,green,strong green (>1%),-3.6018,red,deep red (>3%),-8.5942,red,down,bonds selling (>1%),43.87,very high (>5%),1
2025-04-24,5381.38,102.21000000000004,Thursday,bearish,8.96,0.1668,up,medium (8-15pts),down,28.69,high (25-30),0.24,vol flat,mixed,below 50d (2-5%),far below 200d (>5%),True,False,False,False,-4.9,-6.37,2.8366,green,strong green (>1%),-3.8615,red,deep red (>3%),-8.8405,red,down,bonds selling (>1%),43.050000000000004,very high (>5%),-1
2025-04-25,5489.7300000000005,33.789999999999964,Friday,bearish,6.14,0.112,up,small (3-8pts),up,26.22,high (25-30),-0.25,vol flat,mixed,below 50d (2-5%),near 200d below (0-5%),True,True,False,False,-2.78,-4.48,4.9072,green,strong green (>1%),-1.9258,red,red (1-3%),-7.0051,red,up,bonds up (0-1%),42.660000000000004,very high (>5%),1
2025-04-28,5529.22,-0.5799999999999272,Monday,bullish,5.7,0.1032,up,small (3-8pts),up,25.75,high (25-30),0.91,vol rising (1-5%),mixed,just below 50d (0-2%),near 200d below (0-5%),True,True,False,False,-1.9,-3.79,,,,-1.2204,red,red (1-3%),-6.3362,red,flat,bonds rallying (>1%),42.160000000000004,very high (>5%),2
2025-04-29,5508.87,51.43000000000029,Tuesday,bearish,-19.77,-0.3576,down,large (15-30pts),flat,24.76,elevated (20-25),-0.39,vol falling (1-5%),mixed,below 50d (2-5%),near 200d below (0-5%),True,True,False,False,-2.06,-4.13,-0.368,red,red (0-1%),-1.5839,red,red (1-3%),-6.6809,red,up,bonds rallying (>1%),41.730000000000004,very high (>5%),-1
2025-04-30,5499.4400000000005,60.719999999999345,Wednesday,bearish,-60.86,-1.0945,down,huge (>50pts),up,24.35,elevated (20-25),0.18,vol flat,mixed,below 50d (2-5%),near 200d below (0-5%),True,True,False,False,-2.03,-4.3,-0.5386,red,red (0-1%),-1.7524,red,red (1-3%),-6.8406,red,up,bonds rallying (>1%),41.77,very high (>5%),1
2025-05-01,5625.14,-22.829999999999927,Thursday,bearish,64.98,1.1687,up,huge (>50pts),up,23.94,elevated (20-25),-0.76,vol falling (1-5%),mixed,just above 50d (0-2%),near 200d below (0-5%),True,True,True,False,0.41,-2.11,1.7348,green,strong green (>1%),0.0,flat,slight red (0-1%),-4.7113,red,down,bonds rallying (>1%),42.31,very high (>5%),2
2025-05-02,5645.88,39.850000000000364,Friday,bullish,43.57,0.7777,up,very large (30-50pts),down,23.63,elevated (20-25),-0.97,vol falling (1-5%),mixed,just above 50d (0-2%),near 200d below (0-5%),True,True,True,False,0.97,-1.74,2.1099,green,strong green (>1%),0.3687,green,slight green (0-1%),-4.36,red,down,bonds down (0-1%),43.22,very high (>5%),-1
2025-05-05,5655.32,-4.119999999999891,Monday,bearish,-30.41,-0.5348,down,very large (30-50pts),up,24.25,elevated (20-25),1.57,vol spiking (>5%),mixed,just above 50d (0-2%),near 200d below (0-5%),True,True,True,False,1.3,-1.58,,,,0.5365,green,slight green (0-1%),-4.2001,red,flat,bonds selling (>1%),43.43,very high (>5%),1
2025-05-06,5605.87,-0.3499999999994543,Tuesday,bearish,-45.33,-0.8021,down,very large (30-50pts),flat,23.97,elevated (20-25),0.33,vol rising (1-5%),mixed,just above 50d (0-2%),near 200d below (0-5%),True,True,True,False,0.54,-2.44,-0.8744,red,red (0-1%),-0.3426,red,slight red (0-1%),-5.0377,red,down,bonds selling (>1%),43.08,very high (>5%),-1
2025-05-07,5614.18,15.569999999999709,Wednesday,bullish,8.66,0.1545,up,medium (8-15pts),flat,24.56,elevated (20-25),-0.2,vol flat,mixed,just above 50d (0-2%),near 200d below (0-5%),True,True,True,False,0.83,-2.31,-0.7275,red,red (0-1%),-0.1948,red,slight red (0-1%),-4.897,red,up,bonds selling (>1%),42.75,very high (>5%),-2
2025-05-08,5663.6,0.2599999999993088,Thursday,bullish,33.85,0.6013,up,very large (30-50pts),up,22.84,elevated (20-25),-0.71,vol falling (1-5%),mixed,just above 50d (0-2%),near 200d below (0-5%),True,True,True,False,1.84,-1.46,0.1464,green,green (0-1%),0.6837,green,slight green (0-1%),-4.0598,red,flat,bonds down (0-1%),43.730000000000004,very high (>5%),1
2025-05-09,5679.650000000001,-20.5,Friday,bullish,15.79,0.2788,up,large (15-30pts),flat,22.4,elevated (20-25),-0.08,vol flat,mixed,above 50d (2-5%),near 200d below (0-5%),True,True,True,False,2.23,-1.19,0.4302,green,green (0-1%),0.969,green,slight green (0-1%),-3.7879,red,down,bonds down (0-1%),43.75,very high (>5%),2
2025-05-12,5807.2,37.38000000000011,Monday,bullish,148.05,2.6161,up,huge (>50pts),down,19.84,normal (16-20),-2.06,vol crushing (>5%),all above,above 50d (2-5%),near 200d above (0-5%),True,True,True,True,4.6,1.02,,,,3.2365,green,strong green (>3%),-1.6272,red,flat,bonds down (0-1%),44.57,very high (>5%),-1
2025-05-13,5854.150000000001,30.719999999999345,Tuesday,bearish,9.57,0.1637,up,medium (8-15pts),up,18.69,normal (16-20),0.3,vol rising (1-5%),all above,far above 50d (>5%),near 200d above (0-5%),True,True,True,True,5.49,1.8,0.8085,green,green (0-1%),4.0712,green,strong green (>3%),-0.8319,red,down,bonds selling (>1%),44.99,very high (>5%),1
2025-05-14,5896.74,-5.229999999999563,Wednesday,bullish,11.87,0.2017,up,medium (8-15pts),up,18.1,normal (16-20),-0.12,vol flat,all above,far above 50d (>5%),near 200d above (0-5%),True,True,True,True,6.24,2.5,1.5419,green,strong green (>1%),4.8283,green,strong green (>3%),-0.1104,flat,down,bonds selling (>1%),45.28,very high (>5%),2
2025-05-15,5869.82,47.6200000000008,Thursday,bearish,-21.69,-0.3682,down,large (15-30pts),flat,19.19,normal (16-20),0.57,vol rising (1-5%),all above,far above 50d (>5%),near 200d above (0-5%),True,True,True,True,5.72,1.99,1.0783,green,strong green (>1%),4.3498,green,strong green (>3%),-0.5665,red,down,bonds selling (>1%),44.550000000000004,very high (>5%),-1
2025-05-16,5929.09,29.3100000000004,Friday,bearish,11.65,0.1969,up,medium (8-15pts),up,17.96,normal (16-20),0.13,vol flat,all above,far above 50d (>5%),near 200d above (0-5%),True,True,True,True,6.76,2.98,2.0989,green,strong green (>1%),5.4034,green,strong green (>3%),0.4376,flat,up,bonds selling (>1%),44.410000000000004,very high (>5%),1
2025-05-19,5902.88,61.279999999999745,Monday,bearish,-55.52,-0.9318,down,huge (>50pts),up,19.84,normal (16-20),2.6,vol spiking (>5%),all above,far above 50d (>5%),near 200d above (0-5%),True,True,True,True,6.2,2.48,,,,4.9375,green,strong green (>3%),-0.0064,flat,down,bonds up (0-1%),44.75,very high (>5%),2
2025-05-20,5944.66,-3.8299999999999272,Tuesday,bullish,-19.5,-0.327,down,large (15-30pts),up,18.46,normal (16-20),0.32,vol rising (1-5%),all above,far above 50d (>5%),near 200d above (0-5%),True,True,True,True,6.88,3.17,0.7078,green,green (0-1%),5.6802,green,strong green (>3%),0.7013,green,up,bonds up (0-1%),44.81,very high (>5%),3
2025-05-21,5910.18,-66.01000000000022,Wednesday,bearish,-30.65,-0.5159,down,very large (30-50pts),flat,18.77,normal (16-20),0.68,vol rising (1-5%),all above,far above 50d (>5%),near 200d above (0-5%),True,True,True,True,6.13,2.53,0.1237,green,green (0-1%),5.0673,green,strong green (>3%),0.1172,flat,flat,bonds up (0-1%),45.96,very high (>5%),-1
2025-05-22,5841.26,-0.2600000000002183,Thursday,bearish,-2.91,-0.0498,down,tiny (<3pts),down,20.62,elevated (20-25),-0.25,vol falling (1-5%),mixed,above 50d (2-5%),near 200d above (0-5%),False,True,True,True,4.79,1.29,-1.0439,red,deep red (>1%),3.842,green,strong green (>3%),-1.0503,red,down,bonds selling (>1%),45.53,very high (>5%),-2
2025-05-23,5781.89,22.269999999999527,Friday,bearish,-59.11,-1.012,down,huge (>50pts),flat,20.14,elevated (20-25),-0.14,vol flat,mixed,above 50d (2-5%),near 200d above (0-5%),False,True,True,True,3.64,0.2,-2.0497,red,deep red (>1%),2.7866,green,green (1-3%),-2.056,red,up,bonds selling (>1%),45.09,very high (>5%),-3
2025-05-27,5854.07,67.10000000000036,Tuesday,bullish,49.91,0.8599,up,very large (30-50pts),up,20.63,elevated (20-25),0.06,vol flat,mixed,above 50d (2-5%),near 200d above (0-5%),False,True,True,True,4.82,1.4,,,,4.0698,green,strong green (>3%),-0.8333,red,down,bonds selling (>1%),44.34,very high (>5%),1
2025-05-28,5925.54,-36.039999999999964,Wednesday,bullish,4.37,0.0738,up,small (3-8pts),up,19.21,normal (16-20),0.25,vol rising (1-5%),all above,far above 50d (>5%),near 200d above (0-5%),True,True,True,True,6.0,2.58,,,,5.3403,green,strong green (>3%),0.3774,flat,up,bonds up (0-1%),44.77,very high (>5%),2
2025-05-29,5939.96,-27.800000000000182,Thursday,bearish,50.46,0.8568,up,huge (>50pts),down,18.25,normal (16-20),-1.06,vol crushing (>5%),all above,far above 50d (>5%),near 200d above (0-5%),True,True,True,True,6.17,2.77,,,,5.5967,green,strong green (>3%),0.6217,green,flat,bonds rallying (>1%),44.24,very high (>5%),-1
2025-05-30,5903.67,3.3900000000003274,Friday,bearish,-8.49,-0.1436,down,medium (8-15pts),down,19.61,normal (16-20),0.43,vol rising (1-5%),all above,far above 50d (>5%),near 200d above (0-5%),True,True,True,True,5.41,2.1,,,,4.9515,green,strong green (>3%),0.0069,flat,up,bonds rallying (>1%),44.160000000000004,very high (>5%),-2
2025-06-02,5896.68,40.720000000000255,Monday,bearish,-10.38,-0.1757,down,medium (8-15pts),flat,19.81,normal (16-20),1.24,vol spiking (>5%),mixed,far above 50d (>5%),near 200d above (0-5%),False,True,True,True,5.2,1.93,,,,0.0,flat,slight red (0-1%),-0.1115,flat,up,bonds rallying (>1%),44.62,very high (>5%),1
2025-06-03,5938.56,31.969999999999345,Tuesday,bullish,1.16,0.0195,up,tiny (<3pts),up,18.83,normal (16-20),0.47,vol rising (1-5%),all above,far above 50d (>5%),near 200d above (0-5%),True,True,True,True,5.84,2.6,0.7102,green,green (0-1%),0.7102,green,slight green (0-1%),0.598,green,down,bonds down (0-1%),44.6,very high (>5%),2
2025-06-04,5978.9400000000005,-7.780000000000655,Wednesday,bullish,8.41,0.1409,up,medium (8-15pts),up,17.68,normal (16-20),-0.01,vol flat,all above,far above 50d (>5%),near 200d above (0-5%),True,True,True,True,6.45,3.26,1.395,green,strong green (>1%),1.395,green,green (1-3%),1.282,green,down,bonds down (0-1%),43.65,very high (>5%),3
2025-06-05,5985.67,-45.98999999999978,Thursday,bullish,14.51,0.243,up,medium (8-15pts),down,17.68,normal (16-20),0.07,vol flat,all above,far above 50d (>5%),near 200d above (0-5%),True,True,True,True,6.49,3.33,1.5092,green,strong green (>1%),1.5092,green,green (1-3%),1.396,green,up,bonds up (0-1%),43.94,very high (>5%),-1
2025-06-06,5987.06,12.599999999999454,Friday,bullish,47.38,0.7977,up,very large (30-50pts),down,18.16,normal (16-20),-0.32,vol falling (1-5%),all above,far above 50d (>5%),near 200d above (0-5%),True,True,True,True,6.45,3.32,1.5327,green,strong green (>1%),1.5327,green,green (1-3%),1.4196,green,down,bonds up (0-1%),45.1,very high (>5%),-2
2025-06-09,6004.63,-0.43000000000029104,Monday,bullish,4.97,0.0828,up,small (3-8pts),up,17.69,normal (16-20),0.92,vol spiking (>5%),all above,far above 50d (>5%),near 200d above (0-5%),True,True,True,True,6.66,3.59,,,,1.8307,green,green (1-3%),1.7172,green,down,bonds up (0-1%),44.82,very high (>5%),1
2025-06-10,6009.91,29.920000000000073,Tuesday,bullish,5.71,0.0951,up,small (3-8pts),flat,17.5,normal (16-20),0.34,vol rising (1-5%),all above,far above 50d (>5%),near 200d above (0-5%),True,True,True,True,6.63,3.65,0.0879,green,green (0-1%),1.9202,green,green (1-3%),1.8066,green,up,bonds up (0-1%),44.74,very high (>5%),-1
2025-06-11,6049.38,-25.659999999999854,Wednesday,bearish,9.55,0.1581,up,medium (8-15pts),up,17.04,normal (16-20),0.09,vol flat,all above,far above 50d (>5%),near 200d above (0-5%),True,True,True,True,7.16,4.29,0.7453,green,green (0-1%),2.5896,green,green (1-3%),2.4752,green,down,bonds down (0-1%),44.12,very high (>5%),1
2025-06-12,6009.900000000001,35.29999999999927,Thursday,bullish,-13.82,-0.2294,down,medium (8-15pts),down,17.87,normal (16-20),0.61,vol rising (1-5%),all above,far above 50d (>5%),near 200d above (0-5%),True,True,True,True,6.31,3.57,0.0878,green,green (0-1%),1.9201,green,green (1-3%),1.8065,green,up,bonds down (0-1%),43.57,very high (>5%),-1
2025-06-13,6000.56,-23.079999999999927,Friday,bearish,-44.64,-0.7384,down,very large (30-50pts),up,21.76,elevated (20-25),3.74,vol spiking (>5%),all above,far above 50d (>5%),near 200d above (0-5%),True,True,True,True,5.99,3.37,-0.0678,red,red (0-1%),1.7617,green,green (1-3%),1.6482,green,up,bonds rallying (>1%),44.24,very high (>5%),1
2025-06-16,6004.0,29.38000000000011,Monday,bullish,26.52,0.4437,up,large (15-30pts),down,19.78,normal (16-20),-1.04,vol falling (1-5%),all above,far above 50d (>5%),near 200d above (0-5%),True,True,True,True,5.93,3.4,,,,1.82,green,green (1-3%),1.7065,green,down,bonds rallying (>1%),44.52,very high (>5%),-1
2025-06-17,6012.150000000001,-30.090000000000146,Tuesday,bullish,-21.23,-0.3519,down,large (15-30pts),up,20.53,elevated (20-25),1.42,vol spiking (>5%),all above,far above 50d (>5%),near 200d above (0-5%),True,True,True,True,5.84,3.5,0.1357,green,green (0-1%),1.9582,green,green (1-3%),1.8446,green,down,bonds down (0-1%),43.93,very high (>5%),1
2025-06-18,5987.93,-7.600000000000364,Wednesday,bearish,5.87,0.0981,up,small (3-8pts),down,20.9,elevated (20-25),-0.7,vol falling (1-5%),mixed,far above 50d (>5%),near 200d above (0-5%),False,True,True,True,5.08,3.05,-0.2677,red,red (0-1%),1.5475,green,green (1-3%),1.4343,green,up,bonds up (0-1%),43.97,very high (>5%),-1
2025-06-20,5999.67,-31.329999999999927,Friday,bullish,19.34,0.3234,up,large (15-30pts),down,20.74,elevated (20-25),-1.43,vol crushing (>5%),mixed,above 50d (2-5%),near 200d above (0-5%),False,True,True,True,4.94,3.22,-0.0721,red,red (0-1%),1.7466,green,green (1-3%),1.6332,green,down,bonds down (0-1%),43.75,very high (>5%),-2
2025-06-23,5969.67,55.07999999999993,Monday,bearish,1.33,0.0223,up,tiny (<3pts),down,21.15,elevated (20-25),0.53,vol rising (1-5%),mixed,above 50d (2-5%),near 200d above (0-5%),False,True,True,True,4.06,2.67,,,,1.2378,green,green (1-3%),1.125,green,up,bonds up (0-1%),43.2,very high (>5%),-3
2025-06-24,6061.21,32.06999999999971,Tuesday,bullish,36.46,0.6052,up,very large (30-50pts),up,18.19,normal (16-20),-1.64,vol crushing (>5%),all above,far above 50d (>5%),near 200d above (0-5%),True,True,True,True,5.45,4.2,1.5334,green,strong green (>1%),2.7902,green,green (1-3%),2.6756,green,down,bonds rallying (>1%),42.93,very high (>5%),1
2025-06-25,6104.2300000000005,-10.3700000000008,Wednesday,bullish,10.95,0.1797,up,medium (8-15pts),up,17.28,normal (16-20),-0.2,vol falling (1-5%),all above,far above 50d (>5%),near 200d above (0-5%),True,True,True,True,5.89,4.89,2.2541,green,strong green (>1%),3.5198,green,strong green (>3%),3.4044,green,up,bonds rallying (>1%),42.93,very high (>5%),2
2025-06-26,6112.09,30.529999999999745,Thursday,bullish,18.23,0.2992,up,large (15-30pts),down,16.67,normal (16-20),-0.09,vol flat,all above,far above 50d (>5%),near 200d above (0-5%),True,True,True,True,5.76,4.97,2.3857,green,strong green (>1%),3.6531,green,strong green (>3%),3.5375,green,up,bonds up (0-1%),42.53,very high (>5%),-1
2025-06-27,6150.7,21.270000000000437,Friday,bullish,8.08,0.1315,up,medium (8-15pts),up,16.31,normal (16-20),-0.28,vol falling (1-5%),all above,far above 50d (>5%),above 200d (5-10%),True,True,True,True,6.16,5.57,3.0325,green,strong green (>1%),4.3078,green,strong green (>3%),4.1916,green,up,bonds rallying (>1%),42.83,very high (>5%),1
2025-06-30,6193.360000000001,10.989999999999782,Monday,bullish,21.39,0.3466,up,large (15-30pts),up,17.19,normal (16-20),0.87,vol spiking (>5%),all above,far above 50d (>5%),above 200d (5-10%),True,True,True,True,6.61,6.24,,,,5.0313,green,strong green (>3%),4.9142,green,down,bonds up (0-1%),42.300000000000004,very high (>5%),2
2025-07-01,6187.25,10.329999999999927,Tuesday,bearish,-17.1,-0.2756,down,large (15-30pts),up,16.98,normal (16-20),0.25,vol rising (1-5%),all above,far above 50d (>5%),above 200d (5-10%),True,True,True,True,6.16,6.07,-0.0987,red,red (0-1%),0.0,flat,slight red (0-1%),4.8107,green,up,bonds up (0-1%),42.51,very high (>5%),3
2025-07-02,6193.88,33.39000000000033,Wednesday,bullish,-3.7,-0.0597,down,small (3-8pts),up,16.75,normal (16-20),-0.08,vol flat,all above,far above 50d (>5%),above 200d (5-10%),True,True,True,True,5.94,6.13,0.0084,flat,green (0-1%),0.1072,green,slight green (0-1%),4.923,green,flat,bonds up (0-1%),42.93,very high (>5%),4
2025-07-03,6246.46,32.89000000000033,Thursday,bullish,19.19,0.3082,up,large (15-30pts),up,16.65,normal (16-20),0.01,vol flat,all above,far above 50d (>5%),above 200d (5-10%),True,True,True,True,6.45,6.97,0.8574,green,green (0-1%),0.957,green,slight green (0-1%),5.8137,green,up,bonds down (0-1%),43.480000000000004,very high (>5%),5
2025-07-07,6259.04,-28.279999999999745,Monday,bullish,-20.31,-0.3234,down,large (15-30pts),up,17.83,normal (16-20),0.35,vol rising (1-5%),all above,far above 50d (>5%),above 200d (5-10%),True,True,True,True,6.31,7.12,,,,1.1603,green,green (1-3%),6.0268,green,down,bonds down (0-1%),43.95,very high (>5%),6
2025-07-08,6234.03,-8.549999999999272,Tuesday,bearish,3.27,0.0525,up,small (3-8pts),down,17.41,normal (16-20),-0.38,vol falling (1-5%),all above,far above 50d (>5%),above 200d (5-10%),True,True,True,True,5.58,6.64,-0.3996,red,red (0-1%),0.7561,green,slight green (0-1%),5.6032,green,down,bonds selling (>1%),44.15,very high (>5%),-1
2025-07-09,6243.33,18.94000000000051,Wednesday,bullish,17.85,0.2867,up,large (15-30pts),down,16.76,normal (16-20),-0.05,vol flat,all above,far above 50d (>5%),above 200d (5-10%),True,True,True,True,5.47,6.75,-0.251,red,red (0-1%),0.9064,green,slight green (0-1%),5.7607,green,up,bonds selling (>1%),43.42,very high (>5%),-2
2025-07-10,6266.8,13.340000000000146,Thursday,bearish,4.53,0.0723,up,small (3-8pts),up,16.23,normal (16-20),0.29,vol rising (1-5%),all above,far above 50d (>5%),above 200d (5-10%),True,True,True,True,5.6,7.09,0.124,green,green (0-1%),1.2857,green,green (1-3%),6.1583,green,up,bonds down (0-1%),43.46,very high (>5%),1
2025-07-11,6255.68,2.6700000000000728,Friday,bearish,-24.46,-0.3895,down,large (15-30pts),up,16.41,normal (16-20),0.63,vol rising (1-5%),all above,far above 50d (>5%),above 200d (5-10%),True,True,True,True,5.15,6.85,-0.0537,red,red (0-1%),1.106,green,green (1-3%),5.9699,green,up,bonds up (0-1%),44.230000000000004,very high (>5%),2
2025-07-14,6255.150000000001,12.960000000000036,Monday,bearish,-3.2,-0.0511,down,small (3-8pts),flat,17.73,normal (16-20),1.33,vol spiking (>5%),all above,above 50d (2-5%),above 200d (5-10%),True,True,True,True,4.9,6.79,,,,1.0974,green,green (1-3%),5.9609,green,down,bonds down (0-1%),44.27,very high (>5%),3
2025-07-15,6295.29,-52.1899999999996,Tuesday,bullish,27.18,0.4336,up,large (15-30pts),up,16.89,normal (16-20),-0.31,vol falling (1-5%),all above,far above 50d (>5%),above 200d (5-10%),True,True,True,True,5.32,7.42,0.6417,green,green (0-1%),1.7462,green,green (1-3%),6.6409,green,flat,bonds down (0-1%),44.89,very high (>5%),4
2025-07-16,6254.5,9.079999999999927,Wednesday,bullish,11.4,0.1826,up,medium (8-15pts),down,17.66,normal (16-20),0.28,vol rising (1-5%),all above,above 50d (2-5%),above 200d (5-10%),True,True,True,True,4.42,6.68,-0.0104,flat,red (0-1%),1.0869,green,green (1-3%),5.9499,green,down,bonds selling (>1%),44.550000000000004,very high (>5%),-1
2025-07-17,6263.400000000001,35.61999999999989,Thursday,bullish,-0.18,-0.0029,down,tiny (<3pts),up,17.16,normal (16-20),0.0,vol flat,all above,above 50d (2-5%),above 200d (5-10%),True,True,True,True,4.36,6.78,0.1319,green,green (0-1%),1.2308,green,green (1-3%),6.1007,green,down,bonds selling (>1%),44.63,very high (>5%),1
2025-07-18,6312.95,-16.269999999999527,Friday,bearish,13.93,0.2211,up,medium (8-15pts),up,16.43,normal (16-20),-0.09,vol flat,all above,above 50d (2-5%),above 200d (5-10%),True,True,True,True,4.96,7.58,0.924,green,green (0-1%),2.0316,green,green (1-3%),6.9401,green,down,bonds down (0-1%),44.32,very high (>5%),2
2025-07-21,6304.74,2.7200000000002547,Monday,bullish,8.06,0.128,up,medium (8-15pts),down,16.87,normal (16-20),0.46,vol rising (1-5%),all above,above 50d (2-5%),above 200d (5-10%),True,True,True,True,4.59,7.38,,,,1.8989,green,green (1-3%),6.801,green,down,bonds down (0-1%),43.72,very high (>5%),-1
2025-07-22,6306.6,2.5299999999997453,Tuesday,bearish,-0.86,-0.0136,down,tiny (<3pts),flat,16.75,normal (16-20),0.1,vol flat,all above,above 50d (2-5%),above 200d (5-10%),True,True,True,True,4.38,7.37,0.0295,flat,green (0-1%),1.929,green,green (1-3%),6.8325,green,down,bonds rallying (>1%),43.36,very high (>5%),1
2025-07-23,6326.900000000001,33.00999999999931,Wednesday,bullish,17.77,0.2817,up,large (15-30pts),flat,16.23,normal (16-20),-0.27,vol falling (1-5%),all above,above 50d (2-5%),above 200d (5-10%),True,True,True,True,4.5,7.66,0.3515,green,green (0-1%),2.2571,green,green (1-3%),7.1764,green,up,bonds rallying (>1%),43.88,very high (>5%),2
2025-07-24,6368.6,-4.579999999999927,Thursday,bullish,8.69,0.1366,up,medium (8-15pts),up,15.39,low (13-16),0.02,vol flat,all above,above 50d (2-5%),above 200d (5-10%),True,True,True,True,4.94,8.31,1.0129,green,strong green (>1%),2.931,green,green (1-3%),7.8828,green,flat,bonds rallying (>1%),44.08,very high (>5%),3
2025-07-25,6370.01,19.579999999999927,Friday,bullish,5.99,0.0941,up,small (3-8pts),flat,15.33,low (13-16),-0.06,vol flat,all above,above 50d (2-5%),above 200d (5-10%),True,True,True,True,4.79,8.27,1.0353,green,strong green (>1%),2.9538,green,green (1-3%),7.9066,green,up,bonds up (0-1%),43.86,very high (>5%),-1
2025-07-28,6397.6900000000005,-8.110000000000582,Monday,bullish,8.1,0.1268,up,medium (8-15pts),up,15.15,low (13-16),0.22,vol rising (1-5%),all above,far above 50d (>5%),above 200d (5-10%),True,True,True,True,5.07,8.68,,,,3.4012,green,strong green (>3%),8.3755,green,up,bonds up (0-1%),44.2,very high (>5%),1
2025-07-29,6405.62,-33.98999999999978,Tuesday,bullish,16.04,0.251,up,large (15-30pts),down,14.95,low (13-16),-0.08,vol flat,all above,far above 50d (>5%),above 200d (5-10%),True,True,True,True,5.03,8.75,0.124,green,green (0-1%),3.5294,green,strong green (>3%),8.5099,green,down,bonds down (0-1%),43.300000000000004,very high (>5%),-1
2025-07-30,6381.2300000000005,-16.400000000000546,Wednesday,bearish,9.6,0.1507,up,medium (8-15pts),down,15.87,low (13-16),-0.11,vol flat,all above,above 50d (2-5%),above 200d (5-10%),True,True,True,True,4.47,8.28,-0.2573,red,red (0-1%),3.1352,green,strong green (>3%),8.0967,green,up,bonds rallying (>1%),43.76,very high (>5%),-2
2025-07-31,6427.02,-73.74000000000069,Thursday,bearish,62.19,0.9771,up,huge (>50pts),down,14.99,low (13-16),-0.49,vol falling (1-5%),all above,far above 50d (>5%),above 200d (5-10%),True,True,True,True,5.08,9.01,0.4584,green,green (0-1%),3.8752,green,strong green (>3%),8.8724,green,up,bonds rallying (>1%),43.6,very high (>5%),-3
2025-08-01,6287.28,-49.97999999999956,Friday,bearish,-66.0,-1.0388,down,huge (>50pts),down,17.4,normal (16-20),0.68,vol rising (1-5%),mixed,above 50d (2-5%),above 200d (5-10%),False,False,True,True,2.67,6.58,-1.7258,red,deep red (>1%),0.0,flat,slight red (0-1%),6.5052,green,down,bonds up (0-1%),42.2,very high (>5%),-4
2025-08-04,6271.71,57.82999999999993,Monday,bullish,34.41,0.5517,up,very large (30-50pts),down,19.56,normal (16-20),1.41,vol spiking (>5%),mixed,above 50d (2-5%),above 200d (5-10%),False,False,True,True,2.32,6.28,,,,-0.2476,red,slight red (0-1%),6.2415,green,up,bonds rallying (>1%),42.0,very high (>5%),-5
2025-08-05,6336.63,-37.4399999999996,Tuesday,bearish,7.09,0.112,up,small (3-8pts),up,17.21,normal (16-20),-0.31,vol falling (1-5%),mixed,above 50d (2-5%),above 200d (5-10%),False,True,True,True,3.21,7.34,1.0351,green,strong green (>1%),0.7849,green,slight green (0-1%),7.3412,green,up,bonds up (0-1%),41.96,very high (>5%),1
2025-08-06,6309.3,35.86999999999989,Wednesday,bearish,10.11,0.1605,up,medium (8-15pts),down,17.22,normal (16-20),-0.63,vol falling (1-5%),mixed,above 50d (2-5%),above 200d (5-10%),False,False,True,True,2.61,6.83,0.5994,green,green (0-1%),0.3502,green,slight green (0-1%),6.8782,green,up,bonds rallying (>1%),42.2,very high (>5%),-1
2025-08-07,6374.32,-33.23999999999978,Thursday,bullish,29.15,0.4594,up,large (15-30pts),up,16.41,normal (16-20),-0.36,vol falling (1-5%),all above,above 50d (2-5%),above 200d (5-10%),True,True,True,True,3.49,7.89,1.6361,green,strong green (>1%),1.3844,green,green (1-3%),7.9797,green,flat,bonds rallying (>1%),42.44,very high (>5%),1
2025-08-08,6355.22,34.970000000000255,Friday,bullish,14.14,0.223,up,medium (8-15pts),down,16.48,normal (16-20),-0.09,vol flat,all above,above 50d (2-5%),above 200d (5-10%),True,True,True,True,3.04,7.52,1.3315,green,strong green (>1%),1.0806,green,green (1-3%),7.6561,green,down,bonds down (0-1%),42.85,very high (>5%),-1
2025-08-11,6389.67,-15.180000000000291,Monday,bullish,-0.52,-0.0081,down,tiny (<3pts),up,15.81,low (13-16),0.66,vol rising (1-5%),all above,above 50d (2-5%),above 200d (5-10%),True,True,True,True,3.43,8.05,,,,1.6285,green,green (1-3%),8.2397,green,flat,bonds down (0-1%),42.730000000000004,very high (>5%),1
2025-08-12,6395.17,50.13000000000011,Tuesday,bullish,20.68,0.3244,up,large (15-30pts),down,16.09,normal (16-20),-0.16,vol flat,all above,above 50d (2-5%),above 200d (5-10%),True,True,True,True,3.37,8.1,0.0861,green,green (0-1%),1.716,green,green (1-3%),8.3329,green,down,bonds selling (>1%),42.93,very high (>5%),-1
2025-08-13,6462.67,4.119999999999891,Wednesday,bullish,17.37,0.2695,up,large (15-30pts),up,14.62,low (13-16),-0.11,vol flat,all above,above 50d (2-5%),above 200d (5-10%),True,True,True,True,4.28,9.19,1.1425,green,strong green (>1%),2.7896,green,green (1-3%),9.4763,green,flat,bonds down (0-1%),42.38,very high (>5%),1
2025-08-14,6453.46,14.340000000000146,Thursday,bearish,-13.33,-0.2061,down,medium (8-15pts),flat,14.66,low (13-16),0.17,vol rising (1-5%),all above,above 50d (2-5%),above 200d (5-10%),True,True,True,True,3.95,8.97,0.9983,green,green (0-1%),2.6431,green,green (1-3%),9.3203,green,up,bonds down (0-1%),42.93,very high (>5%),2
2025-08-15,6477.38,-27.26000000000022,Friday,bearish,9.58,0.1481,up,medium (8-15pts),up,14.43,low (13-16),-0.4,vol falling (1-5%),all above,above 50d (2-5%),above 200d (5-10%),True,True,True,True,4.17,9.31,1.3727,green,strong green (>1%),3.0236,green,strong green (>3%),9.7255,green,down,bonds down (0-1%),43.28,very high (>5%),3
2025-08-18,6445.02,4.219999999999345,Monday,bullish,-5.1,-0.0791,down,small (3-8pts),down,15.73,low (13-16),0.64,vol rising (1-5%),all above,above 50d (2-5%),above 200d (5-10%),True,True,True,True,3.49,8.71,,,,2.5089,green,green (1-3%),9.1773,green,down,bonds selling (>1%),43.410000000000004,very high (>5%),-1
2025-08-19,6446.24,-34.4399999999996,Tuesday,bullish,-3.0,-0.0465,down,small (3-8pts),flat,15.23,low (13-16),0.24,vol rising (1-5%),all above,above 50d (2-5%),above 200d (5-10%),True,True,True,True,3.34,8.67,0.0189,flat,green (0-1%),2.5283,green,green (1-3%),9.198,green,down,bonds down (0-1%),43.02,very high (>5%),1
2025-08-20,6406.62,-11.739999999999782,Wednesday,bearish,-5.18,-0.0808,down,small (3-8pts),down,15.95,low (13-16),0.38,vol rising (1-5%),mixed,above 50d (2-5%),above 200d (5-10%),False,True,True,True,2.57,7.95,-0.5958,red,red (0-1%),1.8981,green,green (1-3%),8.5268,green,up,bonds selling (>1%),42.96,very high (>5%),-1
2025-08-21,6380.83,-10.649999999999636,Thursday,bearish,-14.05,-0.2197,down,medium (8-15pts),down,15.72,low (13-16),0.03,vol flat,mixed,above 50d (2-5%),above 200d (5-10%),False,False,True,True,2.03,7.46,-0.996,red,red (0-1%),1.4879,green,green (1-3%),8.0899,green,up,bonds down (0-1%),43.300000000000004,very high (>5%),-2
2025-08-22,6384.59,81.76000000000022,Friday,bullish,14.41,0.2262,up,medium (8-15pts),down,16.81,normal (16-20),0.21,vol rising (1-5%),mixed,just above 50d (0-2%),above 200d (5-10%),False,True,True,True,1.98,7.47,-0.9376,red,red (0-1%),1.5477,green,green (1-3%),8.1536,green,down,bonds up (0-1%),42.6,very high (>5%),-3
2025-08-25,6457.67,-18.220000000000255,Monday,bearish,-8.68,-0.1342,down,medium (8-15pts),up,15.05,low (13-16),0.83,vol spiking (>5%),all above,above 50d (2-5%),above 200d (5-10%),True,True,True,True,3.0,8.63,,,,2.7101,green,green (1-3%),9.3916,green,up,bonds rallying (>1%),42.75,very high (>5%),1
2025-08-26,6435.49,30.210000000000036,Tuesday,bearish,-3.96,-0.0615,down,small (3-8pts),down,15.75,low (13-16),0.96,vol spiking (>5%),mixed,above 50d (2-5%),above 200d (5-10%),False,True,True,True,2.52,8.19,-0.3435,red,red (0-1%),2.3573,green,green (1-3%),9.0159,green,flat,bonds up (0-1%),42.58,very high (>5%),-1
2025-08-27,6462.26,18.590000000000146,Wednesday,bearish,-3.44,-0.0532,down,small (3-8pts),up,14.66,low (13-16),0.04,vol flat,all above,above 50d (2-5%),above 200d (5-10%),True,True,True,True,2.78,8.58,0.0711,green,green (0-1%),2.7831,green,green (1-3%),9.4693,green,up,bonds down (0-1%),42.38,very high (>5%),1
2025-08-28,6483.84,18.470000000000255,Thursday,bullish,2.99,0.0461,up,tiny (<3pts),up,14.42,low (13-16),-0.43,vol falling (1-5%),all above,above 50d (2-5%),above 200d (5-10%),True,True,True,True,2.98,8.89,0.4053,green,green (0-1%),3.1263,green,strong green (>3%),9.8349,green,up,bonds up (0-1%),42.07,very high (>5%),2
2025-08-29,6489.28,-27.460000000000036,Friday,bearish,-13.03,-0.2004,down,medium (8-15pts),up,14.31,low (13-16),-0.12,vol flat,all above,above 50d (2-5%),above 200d (5-10%),True,True,True,True,2.9,8.93,0.4895,green,green (0-1%),3.2128,green,strong green (>3%),9.9271,green,up,bonds up (0-1%),42.27,very high (>5%),3
2025-09-02,6401.51,13.4399999999996,Tuesday,bearish,-60.31,-0.9333,down,huge (>50pts),down,16.65,normal (16-20),0.53,vol rising (1-5%),mixed,just above 50d (0-2%),above 200d (5-10%),False,False,True,True,1.35,7.42,,,,0.0,flat,slight red (0-1%),8.4403,green,down,bonds down (0-1%),42.77,very high (>5%),-1
2025-09-03,6445.82,1.9900000000006912,Wednesday,bearish,30.87,0.4812,up,very large (30-50pts),up,17.4,normal (16-20),0.23,vol rising (1-5%),all above,just above 50d (0-2%),above 200d (5-10%),True,True,True,True,1.91,8.12,,,,0.6922,green,slight green (0-1%),9.1909,green,flat,bonds selling (>1%),42.11,very high (>5%),1
2025-09-04,6456.6,44.899999999999636,Thursday,bearish,8.79,0.1363,up,medium (8-15pts),flat,16.22,normal (16-20),-0.13,vol flat,all above,just above 50d (0-2%),above 200d (5-10%),True,True,True,True,1.94,8.26,,,,0.8606,green,slight green (0-1%),9.3735,green,up,bonds down (0-1%),41.76,very high (>5%),2
2025-09-05,6529.08,-46.92000000000007,Friday,bearish,27.58,0.4242,up,large (15-30pts),up,15.23,low (13-16),-0.07,vol flat,all above,above 50d (2-5%),above 200d (5-10%),True,True,True,True,2.95,9.43,,,,1.9928,green,green (1-3%),10.6013,green,up,bonds up (0-1%),40.86,very high (>5%),3
2025-09-08,6498.09,-2.0299999999997453,Monday,bearish,15.93,0.2458,up,large (15-30pts),down,15.58,low (13-16),0.4,vol rising (1-5%),all above,above 50d (2-5%),above 200d (5-10%),True,True,True,True,2.34,8.86,,,,1.5087,green,green (1-3%),10.0763,green,up,bonds rallying (>1%),40.46,very high (>5%),-1
2025-09-09,6501.93,10.470000000000255,Tuesday,bearish,5.87,0.0904,up,small (3-8pts),flat,15.02,low (13-16),-0.09,vol flat,all above,above 50d (2-5%),above 200d (5-10%),True,True,True,True,2.29,8.87,0.0591,green,green (0-1%),1.5687,green,green (1-3%),10.1413,green,up,bonds rallying (>1%),40.74,very high (>5%),-2
2025-09-10,6550.29,-18.389999999999418,Wednesday,bearish,37.89,0.5818,up,very large (30-50pts),up,14.98,low (13-16),-0.06,vol flat,all above,above 50d (2-5%),above 200d (5-10%),True,True,True,True,2.94,9.62,0.8033,green,green (0-1%),2.3241,green,green (1-3%),10.9606,green,down,bonds rallying (>1%),40.32,very high (>5%),1
2025-09-11,6554.41,32.289999999999964,Thursday,bearish,22.51,0.3446,up,large (15-30pts),down,15.19,low (13-16),-0.16,vol falling (1-5%),all above,above 50d (2-5%),above 200d (5-10%),True,True,True,True,2.9,9.63,0.8667,green,green (0-1%),2.3885,green,green (1-3%),11.0303,green,up,bonds rallying (>1%),40.11,very high (>5%),-1
2025-09-12,6590.66,-6.6899999999996,Friday,bearish,3.96,0.0601,up,small (3-8pts),up,14.62,low (13-16),-0.09,vol flat,all above,above 50d (2-5%),far above 200d (>10%),True,True,True,True,3.34,10.18,1.4246,green,strong green (>1%),2.9548,green,green (1-3%),11.6444,green,up,bonds rallying (>1%),40.61,very high (>5%),1
2025-09-15,6603.49,12.480000000000473,Monday,bullish,19.52,0.2965,up,large (15-30pts),down,15.14,low (13-16),0.38,vol rising (1-5%),all above,above 50d (2-5%),far above 200d (>10%),True,True,True,True,3.42,10.33,,,,3.1552,green,strong green (>3%),11.8618,green,up,bonds up (0-1%),40.34,very high (>5%),-1
2025-09-16,6624.13,-17.48999999999978,Tuesday,bullish,8.16,0.1233,up,medium (8-15pts),up,15.6,low (13-16),-0.09,vol flat,all above,above 50d (2-5%),far above 200d (>10%),True,True,True,True,3.64,10.62,0.3126,green,green (0-1%),3.4776,green,strong green (>3%),12.2114,green,flat,bonds rallying (>1%),40.26,very high (>5%),1
2025-09-17,6604.87,-3.9799999999995634,Wednesday,bullish,-1.77,-0.0268,down,tiny (<3pts),down,16.42,normal (16-20),0.06,vol flat,all above,above 50d (2-5%),far above 200d (>10%),True,True,True,True,3.21,10.24,0.0209,flat,green (0-1%),3.1768,green,strong green (>3%),11.8851,green,up,bonds up (0-1%),40.76,very high (>5%),-1
2025-09-18,6626.85,4.319999999999709,Thursday,bearish,25.96,0.3933,up,large (15-30pts),flat,14.93,low (13-16),-0.79,vol crushing (>5%),all above,above 50d (2-5%),far above 200d (>10%),True,True,True,True,3.44,10.55,0.3538,green,green (0-1%),3.5201,green,strong green (>3%),12.2575,green,down,bonds down (0-1%),41.04,very high (>5%),-2
2025-09-19,6647.110000000001,15.729999999999563,Friday,bullish,15.94,0.2404,up,large (15-30pts),flat,15.76,low (13-16),0.06,vol flat,all above,above 50d (2-5%),far above 200d (>10%),True,True,True,True,3.63,10.83,0.6606,green,green (0-1%),3.8366,green,strong green (>3%),12.6007,green,flat,bonds down (0-1%),41.39,very high (>5%),1
2025-09-22,6654.28,39.48000000000047,Monday,bearish,-8.56,-0.1285,down,medium (8-15pts),up,16.14,normal (16-20),0.69,vol rising (1-5%),all above,above 50d (2-5%),far above 200d (>10%),True,True,True,True,3.62,10.9,,,,3.9486,green,strong green (>3%),12.7221,green,flat,bonds selling (>1%),41.43,very high (>5%),2
2025-09-23,6692.4400000000005,-34.350000000000364,Tuesday,bullish,-1.32,-0.0197,down,tiny (<3pts),up,16.1,normal (16-20),0.0,vol flat,all above,above 50d (2-5%),far above 200d (>10%),True,True,True,True,4.08,11.47,0.5735,green,green (0-1%),4.5447,green,strong green (>3%),13.3685,green,down,bonds selling (>1%),41.2,very high (>5%),3
2025-09-24,6669.79,-33.10999999999967,Wednesday,bearish,11.7,0.1757,up,medium (8-15pts),down,16.57,normal (16-20),-0.07,vol flat,all above,above 50d (2-5%),far above 200d (>10%),True,True,True,True,3.6,11.04,0.2331,green,green (0-1%),4.1909,green,strong green (>3%),12.9849,green,up,bonds down (0-1%),41.47,very high (>5%),-1
2025-09-25,6608.1900000000005,-3.990000000000691,Thursday,bearish,-28.49,-0.4293,down,large (15-30pts),down,16.55,normal (16-20),0.37,vol rising (1-5%),mixed,above 50d (2-5%),above 200d (5-10%),False,True,True,True,2.52,9.96,-0.6926,red,red (0-1%),3.2286,green,strong green (>3%),11.9414,green,down,bonds down (0-1%),41.72,very high (>5%),-2
2025-09-26,6615.38,28.159999999999854,Friday,bullish,11.18,0.1693,up,medium (8-15pts),flat,16.89,normal (16-20),0.15,vol flat,mixed,above 50d (2-5%),far above 200d (>10%),False,True,True,True,2.52,10.03,-0.5846,red,red (0-1%),3.3409,green,strong green (>3%),12.0632,green,up,bonds down (0-1%),41.87,very high (>5%),-3
2025-09-29,6661.58,0.13000000000010914,Monday,bullish,18.04,0.2715,up,large (15-30pts),up,15.84,low (13-16),0.55,vol rising (1-5%),all above,above 50d (2-5%),far above 200d (>10%),True,True,True,True,3.12,10.75,,,,4.0626,green,strong green (>3%),12.8458,green,down,bonds up (0-1%),41.410000000000004,very high (>5%),1
2025-09-30,6656.1900000000005,30.86999999999989,Tuesday,bearish,-5.52,-0.0829,down,small (3-8pts),flat,16.49,normal (16-20),0.37,vol rising (1-5%),all above,above 50d (2-5%),far above 200d (>10%),True,True,True,True,2.92,10.6,-0.0809,red,red (0-1%),3.9784,green,strong green (>3%),12.7545,green,up,bonds up (0-1%),41.480000000000004,very high (>5%),2
2025-10-01,6664.92,46.0,Wednesday,bearish,-22.14,-0.3311,down,large (15-30pts),up,17.28,normal (16-20),1.0,vol spiking (>5%),all above,above 50d (2-5%),far above 200d (>10%),True,True,True,True,2.94,10.69,0.0501,green,green (0-1%),0.0,flat,slight red (0-1%),12.9024,green,down,bonds up (0-1%),41.06,very high (>5%),3
2025-10-02,6731.31,-15.510000000000218,Thursday,bearish,20.39,0.3038,up,large (15-30pts),up,16.12,normal (16-20),-0.17,vol falling (1-5%),all above,above 50d (2-5%),far above 200d (>10%),True,True,True,True,3.83,11.73,1.0467,green,strong green (>1%),0.9961,green,slight green (0-1%),14.027,green,down,bonds up (0-1%),40.88,very high (>5%),4
2025-10-03,6722.14,-6.279999999999745,Friday,bullish,6.34,0.0944,up,small (3-8pts),down,16.35,normal (16-20),-0.28,vol falling (1-5%),all above,above 50d (2-5%),far above 200d (>10%),True,True,True,True,3.58,11.52,0.9091,green,green (0-1%),0.8585,green,slight green (0-1%),13.8717,green,up,bonds up (0-1%),41.19,very high (>5%),-1
2025-10-06,6733.860000000001,6.4299999999993815,Monday,bullish,18.0,0.268,up,large (15-30pts),flat,16.74,normal (16-20),0.09,vol flat,all above,above 50d (2-5%),far above 200d (>10%),True,True,True,True,3.65,11.65,,,,1.0344,green,green (1-3%),14.0702,green,down,bonds down (0-1%),41.62,very high (>5%),-2
2025-10-07,6746.14,-31.860000000000582,Tuesday,bullish,5.85,0.0868,up,small (3-8pts),flat,16.58,normal (16-20),0.21,vol rising (1-5%),all above,above 50d (2-5%),far above 200d (>10%),True,True,True,True,3.72,11.8,0.1824,green,green (0-1%),1.2186,green,green (1-3%),14.2782,green,flat,bonds down (0-1%),41.27,very high (>5%),1
2025-10-08,6723.87,29.710000000000036,Wednesday,bullish,9.59,0.1428,up,medium (8-15pts),down,17.17,normal (16-20),-0.07,vol flat,all above,above 50d (2-5%),far above 200d (>10%),True,True,True,True,3.28,11.36,-0.1484,red,red (0-1%),0.8845,green,slight green (0-1%),13.901,green,up,bonds down (0-1%),41.29,very high (>5%),-1
2025-10-09,6760.5,-25.590000000000146,Thursday,bullish,6.92,0.1025,up,small (3-8pts),up,16.31,normal (16-20),0.01,vol flat,all above,above 50d (2-5%),far above 200d (>10%),True,True,True,True,3.72,11.89,0.3956,green,green (0-1%),1.4341,green,green (1-3%),14.5215,green,down,bonds down (0-1%),41.480000000000004,very high (>5%),1
2025-10-10,6740.49,-187.6899999999996,Friday,bullish,5.58,0.0829,up,small (3-8pts),down,16.36,normal (16-20),-0.07,vol flat,all above,above 50d (2-5%),far above 200d (>10%),True,True,True,True,3.29,11.48,0.0985,green,green (0-1%),1.1338,green,green (1-3%),14.1825,green,flat,bonds down (0-1%),40.51,very high (>5%),-1
2025-10-13,6622.53,31.38000000000011,Monday,bullish,69.73,1.0641,up,huge (>50pts),down,19.45,normal (16-20),-2.21,vol crushing (>5%),mixed,just above 50d (0-2%),above 200d (5-10%),False,False,True,True,1.42,9.47,,,,-0.636,red,slight red (0-1%),12.1843,green,up,bonds rallying (>1%),,,-2
2025-10-14,6602.49,41.42000000000007,Tuesday,bearish,-51.42,-0.7728,down,huge (>50pts),up,21.46,elevated (20-25),2.43,vol spiking (>5%),mixed,just above 50d (0-2%),above 200d (5-10%),False,False,True,True,0.98,9.08,-0.3026,red,red (0-1%),-0.9367,red,slight red (0-1%),11.8448,green,up,bonds rallying (>1%),40.22,very high (>5%),1
2025-10-15,6688.27,-16.770000000000437,Wednesday,bearish,44.36,0.6677,up,very large (30-50pts),up,20.02,elevated (20-25),-0.79,vol falling (1-5%),mixed,above 50d (2-5%),far above 200d (>10%),False,True,True,True,2.2,10.44,0.9927,green,green (0-1%),0.3503,green,slight green (0-1%),13.2979,green,up,bonds rallying (>1%),40.46,very high (>5%),2
2025-10-16,6689.02,-60.02000000000044,Thursday,bullish,17.52,0.2626,up,large (15-30pts),down,20.49,elevated (20-25),-0.15,vol flat,mixed,above 50d (2-5%),far above 200d (>10%),False,True,True,True,2.09,10.4,1.004,green,strong green (>1%),0.3616,green,slight green (0-1%),13.3106,green,down,bonds rallying (>1%),39.76,very high (>5%),-1
2025-10-17,6613.27,49.63999999999942,Friday,bearish,-15.73,-0.2373,down,large (15-30pts),down,28.41,high (25-30),3.1,vol spiking (>5%),mixed,just above 50d (0-2%),above 200d (5-10%),False,False,True,True,0.85,9.09,-0.1398,red,red (0-1%),-0.775,red,slight red (0-1%),12.0274,green,up,bonds up (0-1%),40.07,very high (>5%),-2
2025-10-20,6690.05,44.720000000000255,Monday,bullish,27.14,0.4073,up,large (15-30pts),up,20.53,elevated (20-25),-0.25,vol falling (1-5%),all above,just above 50d (0-2%),far above 200d (>10%),True,True,True,True,1.92,10.28,,,,0.377,green,slight green (0-1%),13.3281,green,flat,bonds up (0-1%),39.86,very high (>5%),1
2025-10-21,6736.75,-1.9899999999997817,Tuesday,bearish,1.98,0.0294,up,tiny (<3pts),up,18.65,normal (16-20),0.42,vol rising (1-5%),all above,above 50d (2-5%),far above 200d (>10%),True,True,True,True,2.52,10.98,0.6981,green,green (0-1%),1.0777,green,green (1-3%),14.1191,green,flat,bonds up (0-1%),39.63,very high (>5%),2
2025-10-22,6741.34,-41.5600000000004,Wednesday,bearish,6.58,0.0977,up,small (3-8pts),flat,17.84,normal (16-20),-0.03,vol flat,all above,above 50d (2-5%),far above 200d (>10%),True,True,True,True,2.48,10.97,0.7667,green,green (0-1%),1.1466,green,green (1-3%),14.1969,green,flat,bonds rallying (>1%),39.53,very high (>5%),-1
2025-10-23,6703.650000000001,34.51999999999953,Thursday,bullish,3.87,0.0578,up,small (3-8pts),down,18.36,normal (16-20),-0.24,vol falling (1-5%),all above,just above 50d (0-2%),far above 200d (>10%),True,True,True,True,1.83,10.28,0.2033,green,green (0-1%),0.5811,green,slight green (0-1%),13.5584,green,flat,bonds up (0-1%),39.910000000000004,very high (>5%),-2
2025-10-24,6772.07,19.07000000000062,Friday,bullish,33.9,0.5031,up,very large (30-50pts),up,17.02,normal (16-20),-0.28,vol falling (1-5%),all above,above 50d (2-5%),far above 200d (>10%),True,True,True,True,2.78,11.34,1.226,green,strong green (>1%),1.6077,green,green (1-3%),14.7175,green,down,bonds up (0-1%),39.97,very high (>5%),1
2025-10-27,6845.46,29.039999999999964,Monday,bullish,54.32,0.7999,up,huge (>50pts),up,15.73,low (13-16),-0.64,vol falling (1-5%),all above,above 50d (2-5%),far above 200d (>10%),True,True,True,True,3.8,12.46,,,,2.7088,green,green (1-3%),15.9607,green,down,bonds down (0-1%),39.97,very high (>5%),2
2025-10-28,6897.74,-6.849999999999454,Tuesday,bearish,23.24,0.3381,up,large (15-30pts),up,15.95,low (13-16),0.16,vol rising (1-5%),all above,above 50d (2-5%),far above 200d (>10%),True,True,True,True,4.45,13.23,0.7637,green,green (0-1%),3.4932,green,strong green (>3%),16.8463,green,up,bonds down (0-1%),39.83,very high (>5%),3
2025-10-29,6910.95,-18.779999999999745,Wednesday,bearish,20.06,0.2911,up,large (15-30pts),flat,16.34,normal (16-20),-0.08,vol flat,all above,above 50d (2-5%),far above 200d (>10%),True,True,True,True,4.51,13.35,0.9567,green,green (0-1%),3.6914,green,strong green (>3%),17.0701,green,up,bonds down (0-1%),40.58,very high (>5%),-1
2025-10-30,6860.5,-38.06999999999971,Thursday,bearish,-31.67,-0.4595,down,very large (30-50pts),down,16.26,normal (16-20),-0.66,vol falling (1-5%),all above,above 50d (2-5%),far above 200d (>10%),True,True,True,True,3.6,12.43,0.2197,green,green (0-1%),2.9345,green,green (1-3%),16.2154,green,down,bonds down (0-1%),40.93,very high (>5%),-2
2025-10-31,6879.17,-38.9399999999996,Friday,bearish,56.74,0.8317,up,huge (>50pts),down,16.43,normal (16-20),-0.48,vol falling (1-5%),all above,above 50d (2-5%),far above 200d (>10%),True,True,True,True,3.75,12.64,0.4924,green,green (0-1%),3.2146,green,strong green (>3%),16.5317,green,up,bonds down (0-1%),41.01,very high (>5%),-3
2025-11-03,6882.32,-30.289999999999964,Monday,bearish,42.09,0.6153,up,very large (30-50pts),down,18.06,normal (16-20),0.62,vol rising (1-5%),all above,above 50d (2-5%),far above 200d (>10%),True,True,True,True,3.65,12.61,,,,0.0,flat,slight red (0-1%),16.5851,green,down,bonds selling (>1%),41.06,very high (>5%),-4
2025-11-04,6788.52,-16.11999999999989,Tuesday,bearish,-63.51,-0.9269,down,huge (>50pts),down,19.73,normal (16-20),2.56,vol spiking (>5%),mixed,above 50d (2-5%),far above 200d (>10%),False,True,True,True,2.12,10.99,-1.3629,red,deep red (>1%),-1.3629,red,red (1-3%),14.9961,green,up,bonds selling (>1%),40.89,very high (>5%),-5
2025-11-05,6769.77,26.17999999999938,Wednesday,bullish,-2.63,-0.0388,down,tiny (<3pts),down,19.37,normal (16-20),0.37,vol rising (1-5%),mixed,just above 50d (0-2%),far above 200d (>10%),False,True,True,True,1.73,10.62,-1.6353,red,deep red (>1%),-1.6353,red,red (1-3%),14.6785,green,up,bonds selling (>1%),41.57,very high (>5%),-6
2025-11-06,6787.59,-65.86999999999989,Thursday,bearish,-8.36,-0.123,down,medium (8-15pts),up,18.36,normal (16-20),0.35,vol rising (1-5%),mixed,just above 50d (0-2%),far above 200d (>10%),False,True,True,True,1.9,10.84,-1.3764,red,deep red (>1%),-1.3764,red,red (1-3%),14.9804,green,down,bonds selling (>1%),40.93,very high (>5%),1
2025-11-07,6696.18,32.840000000000146,Friday,bearish,-25.54,-0.38,down,large (15-30pts),down,19.52,normal (16-20),0.02,vol flat,mixed,just above 50d (0-2%),above 200d (5-10%),False,False,True,True,0.46,9.29,-2.7046,red,deep red (>1%),-2.7046,red,red (1-3%),13.4319,green,up,bonds down (0-1%),40.93,very high (>5%),-1
2025-11-10,6785.360000000001,46.45999999999913,Monday,bullish,56.34,0.8373,up,huge (>50pts),up,18.58,normal (16-20),-0.5,vol falling (1-5%),mixed,just above 50d (0-2%),far above 200d (>10%),False,True,True,True,1.73,10.69,,,,-1.4088,red,red (1-3%),14.9426,green,up,bonds down (0-1%),41.1,very high (>5%),1
2025-11-11,6815.64,32.44999999999982,Tuesday,bullish,-16.18,-0.2368,down,large (15-30pts),up,17.9,normal (16-20),0.3,vol rising (1-5%),all above,above 50d (2-5%),far above 200d (>10%),True,True,True,True,2.07,11.12,0.4463,green,green (0-1%),-0.9689,red,slight red (0-1%),15.4555,green,flat,bonds down (0-1%),41.2,very high (>5%),2
2025-11-12,6867.77,-15.770000000000437,Wednesday,bearish,19.68,0.2874,up,large (15-30pts),up,17.21,normal (16-20),-0.07,vol flat,all above,above 50d (2-5%),far above 200d (>10%),True,True,True,True,2.71,11.89,1.2145,green,strong green (>1%),-0.2114,red,slight red (0-1%),16.3386,green,flat,bonds rallying (>1%),40.65,very high (>5%),3
2025-11-13,6826.47,-87.94999999999982,Thursday,bearish,-25.53,-0.3726,down,large (15-30pts),down,17.61,normal (16-20),0.1,vol flat,all above,just above 50d (0-2%),far above 200d (>10%),True,True,True,True,1.97,11.15,0.6059,green,green (0-1%),-0.8115,red,slight red (0-1%),15.639,green,up,bonds up (0-1%),41.12,very high (>5%),-1
2025-11-14,6672.14,62.960000000000036,Friday,bearish,-66.38,-0.9851,down,huge (>50pts),down,21.33,elevated (20-25),1.33,vol spiking (>5%),mixed,just below 50d (0-2%),above 200d (5-10%),False,False,False,True,-0.4,8.58,-1.6686,red,deep red (>1%),-3.0539,red,deep red (>3%),13.0247,green,down,bonds down (0-1%),41.480000000000004,very high (>5%),-2
2025-11-17,6713.610000000001,-40.70000000000073,Monday,bearish,-21.49,-0.3191,down,large (15-30pts),up,19.58,normal (16-20),-0.25,vol falling (1-5%),mixed,just above 50d (0-2%),above 200d (5-10%),False,False,True,True,0.14,9.19,,,,-2.4514,red,red (1-3%),13.7272,green,down,bonds down (0-1%),41.33,very high (>5%),1
2025-11-18,6641.1900000000005,-24.25,Tuesday,bearish,-31.72,-0.4754,down,very large (30-50pts),down,23.54,elevated (20-25),1.16,vol spiking (>5%),mixed,just below 50d (0-2%),above 200d (5-10%),False,False,False,True,-0.99,7.96,-1.0787,red,deep red (>1%),-3.5036,red,deep red (>3%),12.5004,green,flat,bonds down (0-1%),41.230000000000004,very high (>5%),-1
2025-11-19,6625.84,17.090000000000146,Wednesday,bearish,8.9,0.1345,up,medium (8-15pts),down,24.52,elevated (20-25),-0.17,vol flat,mixed,just below 50d (0-2%),above 200d (5-10%),False,False,False,True,-1.25,7.65,-1.3073,red,deep red (>1%),-3.7267,red,deep red (>3%),12.2404,green,down,bonds selling (>1%),41.33,very high (>5%),-2
2025-11-20,6737.93,-198.75,Thursday,bullish,95.0,1.4301,up,huge (>50pts),up,20.78,elevated (20-25),-2.88,vol crushing (>5%),mixed,just above 50d (0-2%),above 200d (5-10%),False,False,True,True,0.39,9.42,0.3622,green,green (0-1%),-2.098,red,red (1-3%),14.1391,green,down,bonds down (0-1%),41.06,very high (>5%),1
2025-11-21,6555.77,48.029999999999745,Friday,bullish,16.59,0.2537,up,large (15-30pts),down,25.97,high (25-30),-0.45,vol falling (1-5%),mixed,below 50d (2-5%),above 200d (5-10%),False,False,False,True,-2.31,6.42,-2.351,red,deep red (>1%),-4.7448,red,deep red (>3%),11.0534,green,up,bonds up (0-1%),40.63,very high (>5%),-1
2025-11-24,6636.54,68.13000000000011,Monday,bullish,32.74,0.4958,up,very large (30-50pts),up,22.69,elevated (20-25),-0.74,vol falling (1-5%),mixed,just below 50d (0-2%),above 200d (5-10%),False,False,False,True,-1.12,7.69,,,,-3.5712,red,deep red (>3%),12.4216,green,down,bonds up (0-1%),40.38,very high (>5%),1
2025-11-25,6697.03,69.07000000000062,Tuesday,bullish,-7.64,-0.114,down,small (3-8pts),up,20.55,elevated (20-25),0.03,vol flat,mixed,just below 50d (0-2%),above 200d (5-10%),True,False,False,True,-0.24,8.61,0.9115,green,green (0-1%),-2.6923,red,red (1-3%),13.4463,green,flat,bonds rallying (>1%),40.02,very high (>5%),2
2025-11-26,6793.55,18.210000000000036,Wednesday,bullish,27.45,0.4057,up,large (15-30pts),up,18.25,normal (16-20),-0.31,vol falling (1-5%),all above,just above 50d (0-2%),far above 200d (>10%),True,True,True,True,1.15,10.11,2.3658,green,strong green (>1%),-1.2898,red,red (1-3%),15.0813,green,flat,bonds rallying (>1%),39.980000000000004,very high (>5%),3
2025-11-28,6822.52,26.56999999999971,Friday,bullish,10.76,0.158,up,medium (8-15pts),up,17.41,normal (16-20),0.2,vol rising (1-5%),all above,just above 50d (0-2%),far above 200d (>10%),True,True,True,True,1.52,10.52,2.8024,green,strong green (>1%),-0.8689,red,slight red (0-1%),15.5721,green,up,bonds rallying (>1%),40.17,very high (>5%),4
2025-12-01,6812.3,2.350000000000364,Monday,bearish,-36.79,-0.5372,down,very large (30-50pts),up,17.05,normal (16-20),0.7,vol rising (1-5%),all above,just above 50d (0-2%),far above 200d (>10%),True,True,True,True,1.3,10.28,,,,-0.1636,red,slight red (0-1%),15.3989,green,down,bonds up (0-1%),40.96,very high (>5%),5
2025-12-02,6830.96,-3.130000000000109,Tuesday,bullish,16.31,0.2393,up,large (15-30pts),flat,17.28,normal (16-20),0.04,vol flat,all above,just above 50d (0-2%),far above 200d (>10%),True,True,True,True,1.53,10.52,0.1099,green,green (0-1%),0.1099,green,slight green (0-1%),15.715,green,flat,bonds selling (>1%),40.86,very high (>5%),6
2025-12-03,6815.29,35.220000000000255,Wednesday,bearish,-12.54,-0.1837,down,medium (8-15pts),flat,16.43,normal (16-20),-0.16,vol flat,all above,just above 50d (0-2%),far above 200d (>10%),True,True,True,True,1.26,10.2,-0.1197,red,red (0-1%),-0.1197,red,slight red (0-1%),15.4496,green,up,bonds selling (>1%),40.57,very high (>5%),-1
2025-12-04,6866.47,-8.510000000000218,Thursday,bearish,15.96,0.233,up,large (15-30pts),up,16.23,normal (16-20),0.15,vol flat,all above,just above 50d (0-2%),far above 200d (>10%),True,True,True,True,1.96,10.96,0.6303,green,green (0-1%),0.6303,green,slight green (0-1%),16.3166,green,up,bonds selling (>1%),41.08,very high (>5%),1
2025-12-05,6866.32,2.75,Friday,bullish,8.36,0.1219,up,medium (8-15pts),down,15.58,low (13-16),-0.2,vol falling (1-5%),all above,just above 50d (0-2%),far above 200d (>10%),True,True,True,True,1.89,10.9,0.6281,green,green (0-1%),0.6281,green,slight green (0-1%),16.314,green,down,bonds selling (>1%),41.39,very high (>5%),-1
2025-12-08,6875.2,-27.359999999999673,Monday,bearish,6.13,0.0892,up,small (3-8pts),flat,16.15,normal (16-20),0.74,vol rising (1-5%),all above,just above 50d (0-2%),far above 200d (>10%),True,True,True,True,1.94,10.97,,,,0.7583,green,slight green (0-1%),16.4645,green,down,bonds down (0-1%),41.72,very high (>5%),1
2025-12-09,6840.610000000001,-0.2900000000008731,Tuesday,bullish,-7.23,-0.1056,down,small (3-8pts),down,16.66,normal (16-20),0.0,vol flat,all above,just above 50d (0-2%),far above 200d (>10%),True,True,True,True,1.37,10.34,-0.5031,red,red (0-1%),0.2513,green,slight green (0-1%),15.8785,green,down,bonds selling (>1%),41.86,very high (>5%),-1
2025-12-10,6833.49,53.460000000000036,Wednesday,bullish,-6.83,-0.0998,down,small (3-8pts),flat,16.94,normal (16-20),0.01,vol flat,all above,just above 50d (0-2%),far above 200d (>10%),True,True,True,True,1.21,10.15,-0.6067,red,red (0-1%),0.147,green,slight green (0-1%),15.7579,green,down,bonds selling (>1%),41.64,very high (>5%),-2
2025-12-11,6861.3,40.80000000000018,Thursday,bearish,-25.65,-0.3724,down,large (15-30pts),up,16.84,normal (16-20),1.07,vol spiking (>5%),all above,just above 50d (0-2%),far above 200d (>10%),True,True,True,True,1.56,10.52,-0.2022,red,red (0-1%),0.5546,green,slight green (0-1%),16.229,green,up,bonds down (0-1%),41.410000000000004,very high (>5%),1
2025-12-12,6886.85,-58.960000000000036,Friday,bullish,-15.25,-0.2209,down,large (15-30pts),up,14.99,low (13-16),0.14,vol flat,all above,just above 50d (0-2%),far above 200d (>10%),True,True,True,True,1.88,10.84,0.1694,green,green (0-1%),0.929,green,slight green (0-1%),16.6618,green,down,bonds up (0-1%),41.94,very high (>5%),2
2025-12-15,6860.1900000000005,-43.850000000000364,Monday,bearish,32.3,0.4731,up,very large (30-50pts),down,16.51,normal (16-20),0.77,vol rising (1-5%),all above,just above 50d (0-2%),far above 200d (>10%),True,True,True,True,1.45,10.33,,,,0.5383,green,slight green (0-1%),16.2102,green,flat,bonds down (0-1%),41.82,very high (>5%),-1
2025-12-16,6800.12,-1.6099999999996726,Tuesday,bullish,-16.22,-0.238,down,large (15-30pts),down,17.28,normal (16-20),0.78,vol rising (1-5%),mixed,just above 50d (0-2%),above 200d (5-10%),False,True,True,True,0.54,9.29,-0.8756,red,red (0-1%),-0.3421,red,slight red (0-1%),15.1926,green,down,bonds down (0-1%),41.49,very high (>5%),-2
2025-12-17,6802.88,-80.65999999999985,Wednesday,bearish,4.37,0.0643,up,small (3-8pts),flat,16.45,normal (16-20),-0.03,vol flat,mixed,just above 50d (0-2%),above 200d (5-10%),False,True,True,True,0.56,9.25,-0.8354,red,red (0-1%),-0.3016,red,slight red (0-1%),15.2394,green,up,bonds down (0-1%),41.51,very high (>5%),-3
2025-12-18,6778.06,-3.7100000000000364,Thursday,bullish,55.84,0.8307,up,huge (>50pts),down,17.61,normal (16-20),-0.01,vol flat,mixed,just above 50d (0-2%),above 200d (5-10%),False,False,True,True,0.19,8.77,-1.1972,red,deep red (>1%),-0.6654,red,slight red (0-1%),14.8189,green,up,bonds down (0-1%),41.160000000000004,very high (>5%),-4
2025-12-19,6792.62,42.07999999999993,Friday,bullish,18.27,0.2697,up,large (15-30pts),flat,16.31,normal (16-20),-0.56,vol falling (1-5%),mixed,just above 50d (0-2%),above 200d (5-10%),False,False,True,True,0.4,8.92,-0.985,red,red (0-1%),-0.452,red,slight red (0-1%),15.0656,green,up,bonds rallying (>1%),41.51,very high (>5%),-5
2025-12-22,6865.21,11.279999999999745,Monday,bullish,30.51,0.4464,up,very large (30-50pts),up,15.16,low (13-16),0.25,vol rising (1-5%),all above,just above 50d (0-2%),above 200d (5-10%),True,True,True,True,1.44,9.99,,,,0.6119,green,slight green (0-1%),16.2952,green,flat,bonds up (0-1%),41.69,very high (>5%),1
2025-12-23,6872.41,36.61000000000058,Tuesday,bullish,-4.08,-0.0593,down,small (3-8pts),up,14.09,low (13-16),0.01,vol flat,all above,just above 50d (0-2%),above 200d (5-10%),True,True,True,True,1.45,10.0,0.1049,green,green (0-1%),0.7174,green,slight green (0-1%),16.4172,green,flat,bonds down (0-1%),41.69,very high (>5%),2
2025-12-24,6904.91,27.140000000000327,Wednesday,bullish,-4.11,-0.0595,down,small (3-8pts),up,14.09,low (13-16),0.09,vol flat,all above,just above 50d (0-2%),far above 200d (>10%),True,True,True,True,1.85,10.41,0.5783,green,green (0-1%),1.1937,green,green (1-3%),16.9677,green,up,bonds down (0-1%),41.36,very high (>5%),3
2025-12-26,6936.02,-5.5,Friday,bearish,3.97,0.0573,up,small (3-8pts),up,14.12,low (13-16),0.65,vol rising (1-5%),all above,above 50d (2-5%),far above 200d (>10%),True,True,True,True,2.23,10.79,1.0314,green,strong green (>1%),1.6496,green,green (1-3%),17.4947,green,up,bonds down (0-1%),41.36,very high (>5%),4
2025-12-29,6903.6,3.3599999999996726,Monday,bearish,-26.92,-0.3884,down,large (15-30pts),flat,14.69,low (13-16),1.09,vol spiking (>5%),all above,just above 50d (0-2%),far above 200d (>10%),True,True,True,True,1.67,10.15,,,,1.1745,green,green (1-3%),16.9456,green,down,bonds up (0-1%),41.160000000000004,very high (>5%),-1
2025-12-30,6900.4400000000005,-3.990000000000691,Tuesday,bullish,-6.52,-0.0944,down,small (3-8pts),flat,14.43,low (13-16),0.23,vol rising (1-5%),all above,just above 50d (0-2%),above 200d (5-10%),True,True,True,True,1.54,9.98,-0.0458,flat,red (0-1%),1.1282,green,green (1-3%),16.892,green,up,bonds up (0-1%),41.300000000000004,very high (>5%),1
2025-12-31,6898.82,-53.04999999999927,Wednesday,bullish,2.37,0.0344,up,tiny (<3pts),flat,14.77,low (13-16),0.44,vol rising (1-5%),all above,just above 50d (0-2%),above 200d (5-10%),True,True,True,True,1.45,9.84,-0.0692,red,red (0-1%),1.1044,green,green (1-3%),16.8646,green,up,bonds up (0-1%),41.63,very high (>5%),-1
2026-01-02,6878.110000000001,-19.57000000000062,Friday,bullish,32.34,0.4724,up,very large (30-50pts),down,14.85,low (13-16),-0.1,vol flat,all above,just above 50d (0-2%),above 200d (5-10%),True,True,True,True,1.11,9.41,-0.3692,red,red (0-1%),0.0,flat,slight red (0-1%),0.0,flat,down,bonds down (0-1%),41.87,very high (>5%),-2
2026-01-05,6892.1900000000005,10.549999999999272,Monday,bullish,33.65,0.4906,up,very large (30-50pts),down,15.14,low (13-16),0.63,vol rising (1-5%),all above,just above 50d (0-2%),above 200d (5-10%),True,True,True,True,1.28,9.53,,,,0.2047,green,slight green (0-1%),0.2047,flat,down,bonds down (0-1%),41.65,very high (>5%),-3
2026-01-06,6908.03,36.49000000000069,Tuesday,bullish,5.29,0.0766,up,small (3-8pts),up,15.0,low (13-16),0.1,vol flat,all above,just above 50d (0-2%),above 200d (5-10%),True,True,True,True,1.45,9.67,0.2298,green,green (0-1%),0.435,green,slight green (0-1%),0.435,flat,up,bonds down (0-1%),41.79,very high (>5%),1
2026-01-07,6945.07,-23.539999999999964,Wednesday,bearish,0.55,0.0079,up,tiny (<3pts),up,14.95,low (13-16),0.2,vol rising (1-5%),all above,just above 50d (0-2%),far above 200d (>10%),True,True,True,True,1.94,10.15,0.7672,green,green (0-1%),0.9735,green,slight green (0-1%),0.9735,green,up,bonds down (0-1%),41.38,very high (>5%),2
2026-01-08,6914.110000000001,6.989999999999782,Thursday,bearish,-7.42,-0.1072,down,small (3-8pts),down,15.69,low (13-16),0.31,vol rising (1-5%),all above,just above 50d (0-2%),above 200d (5-10%),True,True,True,True,1.44,9.55,0.318,green,green (0-1%),0.5234,green,slight green (0-1%),0.5234,green,flat,bonds up (0-1%),41.83,very high (>5%),-1
2026-01-09,6927.83,38.159999999999854,Friday,bullish,6.73,0.0972,up,small (3-8pts),up,15.68,low (13-16),0.23,vol rising (1-5%),all above,just above 50d (0-2%),above 200d (5-10%),True,True,True,True,1.63,9.67,0.5171,green,green (0-1%),0.7229,green,slight green (0-1%),0.7229,green,flat,bonds up (0-1%),41.71,very high (>5%),1
2026-01-12,6944.12,32.600000000000364,Monday,bearish,-21.87,-0.314,down,large (15-30pts),up,16.06,normal (16-20),1.57,vol spiking (>5%),all above,just above 50d (0-2%),above 200d (5-10%),True,True,True,True,1.85,9.82,,,,0.9597,green,slight green (0-1%),0.9597,green,up,bonds up (0-1%),41.87,very high (>5%),2
2026-01-13,6977.41,-14.429999999999382,Tuesday,bullish,0.69,0.0099,up,tiny (<3pts),up,15.36,low (13-16),0.24,vol rising (1-5%),all above,above 50d (2-5%),far above 200d (>10%),True,True,True,True,2.31,10.24,0.4794,green,green (0-1%),1.4437,green,green (1-3%),1.4437,green,up,bonds up (0-1%),41.71,very high (>5%),3
2026-01-14,6937.41,-9.0,Wednesday,bullish,-25.57,-0.3672,down,large (15-30pts),down,16.33,normal (16-20),0.35,vol rising (1-5%),all above,just above 50d (0-2%),above 200d (5-10%),True,True,True,True,1.68,9.49,-0.0966,red,red (0-1%),0.8622,green,slight green (0-1%),0.8622,green,flat,bonds up (0-1%),41.4,very high (>5%),-1
2026-01-15,6969.46,-24.48999999999978,Thursday,bearish,41.05,0.5925,up,very large (30-50pts),down,16.52,normal (16-20),-0.23,vol falling (1-5%),all above,above 50d (2-5%),above 200d (5-10%),True,True,True,True,2.12,9.88,0.3649,green,green (0-1%),1.3281,green,green (1-3%),1.3281,green,up,bonds rallying (>1%),41.6,very high (>5%),-2
2026-01-16,6960.54,-21.079999999999927,Friday,bullish,15.57,0.2242,up,large (15-30pts),down,15.44,low (13-16),-0.4,vol falling (1-5%),all above,just above 50d (0-2%),above 200d (5-10%),True,True,True,True,1.97,9.63,0.2365,green,green (0-1%),1.1984,green,green (1-3%),1.1984,green,down,bonds up (0-1%),42.31,very high (>5%),-3
2026-01-20,6865.24,-68.47999999999956,Tuesday,bearish,-74.22,-1.0695,down,huge (>50pts),down,19.94,normal (16-20),1.1,vol spiking (>5%),mixed,just above 50d (0-2%),above 200d (5-10%),False,False,True,True,0.52,8.02,,,,-0.1871,red,slight red (0-1%),-0.1871,flat,down,bonds up (0-1%),42.95,very high (>5%),-4
2026-01-21,6810.71,64.77000000000044,Wednesday,bullish,13.95,0.2052,up,medium (8-15pts),down,19.31,normal (16-20),-0.78,vol falling (1-5%),mixed,just below 50d (0-2%),above 200d (5-10%),False,False,False,True,-0.28,7.06,,,,-0.9799,red,slight red (0-1%),-0.9799,red,flat,bonds selling (>1%),42.53,very high (>5%),-5
2026-01-22,6914.4400000000005,-1.9000000000005457,Thursday,bullish,38.96,0.5667,up,very large (30-50pts),up,16.65,normal (16-20),-0.25,vol falling (1-5%),mixed,just above 50d (0-2%),above 200d (5-10%),False,True,True,True,1.19,8.57,,,,0.5282,green,slight green (0-1%),0.5282,green,up,bonds selling (>1%),42.49,very high (>5%),1
2026-01-23,6907.85,7.309999999999491,Friday,bullish,-4.69,-0.0678,down,small (3-8pts),flat,15.68,low (13-16),0.04,vol flat,mixed,just above 50d (0-2%),above 200d (5-10%),False,False,True,True,1.04,8.31,,,,0.4324,green,slight green (0-1%),0.4324,flat,up,bonds down (0-1%),42.39,very high (>5%),-1
2026-01-26,6923.2300000000005,26.920000000000073,Monday,bullish,8.07,0.1167,up,medium (8-15pts),up,16.9,normal (16-20),0.81,vol spiking (>5%),all above,just above 50d (0-2%),above 200d (5-10%),True,True,True,True,1.24,8.39,,,,0.656,green,slight green (0-1%),0.656,green,up,bonds up (0-1%),42.13,very high (>5%),1
2026-01-27,6965.96,12.61999999999989,Tuesday,bullish,15.81,0.2275,up,large (15-30pts),up,16.02,normal (16-20),-0.13,vol flat,all above,just above 50d (0-2%),above 200d (5-10%),True,True,True,True,1.84,8.89,0.6172,green,green (0-1%),1.2772,green,green (1-3%),1.2772,green,flat,bonds rallying (>1%),42.230000000000004,very high (>5%),2
2026-01-28,7002.0,-25.720000000000255,Wednesday,bearish,23.42,0.3356,up,large (15-30pts),up,16.09,normal (16-20),-0.26,vol falling (1-5%),all above,above 50d (2-5%),above 200d (5-10%),True,True,True,True,2.33,9.33,1.1378,green,strong green (>1%),1.8012,green,green (1-3%),1.8012,green,down,bonds up (0-1%),42.51,very high (>5%),3
2026-01-29,6977.74,-11.469999999999345,Thursday,bullish,1.46,0.0209,up,tiny (<3pts),down,16.04,normal (16-20),-0.31,vol falling (1-5%),all above,just above 50d (0-2%),above 200d (5-10%),True,True,True,True,1.9,8.8,0.7873,green,green (0-1%),1.4485,green,green (1-3%),1.4485,green,up,bonds down (0-1%),42.27,very high (>5%),-1
2026-01-30,6947.27,-9.770000000000437,Friday,bullish,-19.0,-0.2727,down,large (15-30pts),down,18.72,normal (16-20),1.84,vol spiking (>5%),all above,just above 50d (0-2%),above 200d (5-10%),True,True,True,True,1.39,8.19,0.3472,green,green (0-1%),1.0055,green,green (1-3%),1.0055,green,up,bonds down (0-1%),42.410000000000004,very high (>5%),-2
2026-02-02,6916.64,59.590000000000146,Monday,bullish,-20.86,-0.3007,down,large (15-30pts),down,16.83,normal (16-20),-0.61,vol falling (1-5%),mixed,just above 50d (0-2%),above 200d (5-10%),False,False,True,True,0.86,7.59,,,,-0.8484,red,slight red (0-1%),0.5602,green,down,bonds selling (>1%),42.75,very high (>5%),-3
2026-02-03,6985.45,-68.04999999999927,Tuesday,bullish,9.22,0.1322,up,medium (8-15pts),up,16.16,normal (16-20),-0.18,vol falling (1-5%),all above,just above 50d (0-2%),above 200d (5-10%),True,True,True,True,1.76,8.52,0.138,green,green (0-1%),0.138,green,slight green (0-1%),1.5606,green,down,bonds selling (>1%),42.74,very high (>5%),1
2026-02-04,6924.5,-41.73999999999978,Wednesday,bearish,7.1,0.1026,up,small (3-8pts),down,17.63,normal (16-20),-0.37,vol falling (1-5%),mixed,just above 50d (0-2%),above 200d (5-10%),False,False,True,True,0.79,7.44,-0.7357,red,red (0-1%),-0.7357,red,slight red (0-1%),0.6745,green,up,bonds down (0-1%),42.75,very high (>5%),-1
2026-02-05,6837.39,-37.400000000000546,Thursday,bearish,-45.37,-0.6592,down,very large (30-50pts),down,19.24,normal (16-20),0.6,vol rising (1-5%),mixed,just below 50d (0-2%),above 200d (5-10%),False,False,False,True,-0.58,5.96,-1.9844,red,deep red (>1%),-1.9844,red,red (1-3%),-0.592,red,down,bonds selling (>1%),42.1,very high (>5%),-2
2026-02-06,6816.74,113.53000000000065,Friday,bullish,16.75,0.2463,up,large (15-30pts),down,21.24,elevated (20-25),-0.53,vol falling (1-5%),mixed,just below 50d (0-2%),above 200d (5-10%),False,False,False,True,-0.94,5.5,-2.2804,red,deep red (>1%),-2.2804,red,red (1-3%),-0.8923,red,up,bonds up (0-1%),42.06,very high (>5%),-3
2026-02-09,6917.26,45.909999999999854,Monday,bearish,-13.01,-0.1877,down,medium (8-15pts),up,17.95,normal (16-20),0.19,vol rising (1-5%),mixed,just above 50d (0-2%),above 200d (5-10%),False,False,True,True,0.46,6.92,,,,-0.8395,red,slight red (0-1%),0.5692,green,up,bonds rallying (>1%),41.980000000000004,very high (>5%),1
2026-02-10,6974.49,-34.47999999999956,Tuesday,bearish,11.32,0.1626,up,medium (8-15pts),up,17.47,normal (16-20),0.11,vol flat,all above,just above 50d (0-2%),above 200d (5-10%),True,True,True,True,1.23,7.67,0.8274,green,green (0-1%),-0.0191,flat,slight red (0-1%),1.4013,green,up,bonds up (0-1%),41.47,very high (>5%),2
2026-02-11,6976.4800000000005,-36.80000000000018,Wednesday,bullish,36.47,0.5255,up,very large (30-50pts),down,17.87,normal (16-20),0.08,vol flat,all above,just above 50d (0-2%),above 200d (5-10%),True,True,True,True,1.22,7.58,0.8561,green,green (0-1%),0.0095,flat,slight green (0-1%),1.4302,green,up,bonds rallying (>1%),41.72,very high (>5%),-1
2026-02-12,6957.54,-124.0,Thursday,bullish,17.86,0.2574,up,large (15-30pts),down,17.44,normal (16-20),-0.21,vol falling (1-5%),all above,just above 50d (0-2%),above 200d (5-10%),True,True,True,True,0.92,7.17,0.5823,green,green (0-1%),-0.262,red,slight red (0-1%),1.1548,green,flat,bonds up (0-1%),41.04,very high (>5%),-2
2026-02-13,6834.27,0.8099999999994907,Friday,bullish,0.73,0.0107,up,tiny (<3pts),down,21.48,elevated (20-25),0.66,vol rising (1-5%),mixed,just below 50d (0-2%),above 200d (5-10%),False,False,False,True,-0.87,5.17,-1.1998,red,deep red (>1%),-2.0292,red,red (1-3%),-0.6374,red,up,bonds rallying (>1%),40.56,very high (>5%),-3
2026-02-17,6819.860000000001,26.169999999999163,Tuesday,bullish,-15.22,-0.2227,down,large (15-30pts),flat,21.74,elevated (20-25),0.54,vol rising (1-5%),mixed,just below 50d (0-2%),near 200d above (0-5%),False,False,False,True,-1.08,4.84,,,,-2.2357,red,red (1-3%),-0.8469,red,up,bonds rallying (>1%),40.52,very high (>5%),1
2026-02-18,6855.4800000000005,24.17999999999938,Wednesday,bearish,9.45,0.138,up,medium (8-15pts),up,19.78,normal (16-20),-0.51,vol falling (1-5%),mixed,just below 50d (0-2%),above 200d (5-10%),False,False,False,True,-0.57,5.29,,,,-1.7251,red,red (1-3%),-0.329,flat,flat,bonds rallying (>1%),40.79,very high (>5%),2
2026-02-19,6861.34,0.3100000000004002,Thursday,bearish,-18.32,-0.2663,down,large (15-30pts),up,19.34,normal (16-20),-0.28,vol falling (1-5%),mixed,just below 50d (0-2%),above 200d (5-10%),False,False,False,True,-0.49,5.28,,,,-1.6411,red,red (1-3%),-0.2438,flat,down,bonds rallying (>1%),40.75,very high (>5%),3
2026-02-20,6843.26,66.96000000000004,Friday,bearish,-18.39,-0.268,down,large (15-30pts),flat,20.04,elevated (20-25),-0.19,vol flat,mixed,just below 50d (0-2%),near 200d above (0-5%),False,False,False,True,-0.75,4.9,,,,-1.9003,red,red (1-3%),-0.5067,red,up,bonds up (0-1%),40.86,very high (>5%),4
2026-02-23,6901.25,-61.659999999999854,Monday,bullish,-8.97,-0.1298,down,medium (8-15pts),up,20.49,elevated (20-25),1.4,vol spiking (>5%),mixed,just above 50d (0-2%),above 200d (5-10%),True,False,True,True,0.08,5.69,,,,-1.069,red,red (1-3%),0.3364,flat,down,bonds down (0-1%),40.29,very high (>5%),5
2026-02-24,6837.37,53.67000000000007,Tuesday,bearish,-2.22,-0.0325,down,tiny (<3pts),down,21.24,elevated (20-25),0.23,vol rising (1-5%),mixed,just below 50d (0-2%),near 200d above (0-5%),False,False,False,True,-0.85,4.61,-0.9256,red,red (0-1%),-1.9847,red,red (1-3%),-0.5923,red,up,bonds down (0-1%),40.33,very high (>5%),-1
2026-02-25,6915.150000000001,31.73999999999978,Wednesday,bullish,24.11,0.3499,up,large (15-30pts),up,19.59,normal (16-20),0.04,vol flat,all above,just above 50d (0-2%),above 200d (5-10%),True,True,True,True,0.28,5.7,0.2014,green,green (0-1%),-0.8697,red,slight red (0-1%),0.5385,green,flat,bonds up (0-1%),40.480000000000004,very high (>5%),1
2026-02-26,6944.74,-35.72999999999956,Thursday,bearish,-2.15,-0.0309,down,tiny (<3pts),up,18.07,normal (16-20),0.14,vol flat,all above,just above 50d (0-2%),above 200d (5-10%),True,True,True,True,0.69,6.05,0.6302,green,green (0-1%),-0.4455,red,slight red (0-1%),0.9687,green,up,bonds up (0-1%),40.17,very high (>5%),2
2026-02-27,6856.54,-11.849999999999454,Friday,bearish,-52.47,-0.7594,down,huge (>50pts),down,19.28,normal (16-20),0.65,vol rising (1-5%),mixed,just below 50d (0-2%),near 200d above (0-5%),False,False,False,True,-0.61,4.6,-0.6479,red,red (0-1%),-1.7099,red,red (1-3%),-0.3136,flat,up,bonds up (0-1%),39.62,very high (>5%),-1
2026-03-02,6824.360000000001,55.6899999999996,Monday,bearish,-20.33,-0.297,down,large (15-30pts),down,24.66,elevated (20-25),4.8,vol spiking (>5%),mixed,just below 50d (0-2%),near 200d above (0-5%),False,False,False,True,-1.09,4.03,,,,0.0,flat,slight red (0-1%),-0.7815,red,up,bonds rallying (>1%),40.480000000000004,very high (>5%),-2
2026-03-03,6800.26,16.329999999999927,Tuesday,bearish,-79.79,-1.1597,down,huge (>50pts),up,24.57,elevated (20-25),3.13,vol spiking (>5%),mixed,just below 50d (0-2%),near 200d above (0-5%),False,False,False,True,-1.47,3.59,-0.3531,red,red (0-1%),-0.3531,red,slight red (0-1%),-1.1319,red,down,bonds down (0-1%),40.56,very high (>5%),1
2026-03-04,6831.6900000000005,40.86999999999989,Wednesday,bullish,15.1,0.2215,up,large (15-30pts),up,24.39,elevated (20-25),0.82,vol rising (1-5%),mixed,just below 50d (0-2%),near 200d above (0-5%),False,False,False,True,-1.04,3.99,0.1074,green,green (0-1%),0.1074,green,slight green (0-1%),-0.6749,red,up,bonds down (0-1%),40.800000000000004,very high (>5%),2
