condition,profit_target,stop_loss,time_stop,n_trades,win_rate,avg_pnl,total_pnl,median_pnl,profit_factor,max_consec_loss,avg_hold_min,pct_pt_exit,pct_sl_exit,pct_ts_exit,expectancy
ALL,2,2,15,765,50.46,0.02,14,2,1.018,8,1.1,50.5,49.5,0.0,0.0183
ALL,2,2,30,765,50.46,0.02,14,2,1.018,8,1.1,50.5,49.5,0.0,0.0183
ALL,2,2,60,765,50.46,0.02,14,2,1.018,8,1.1,50.5,49.5,0.0,0.0183
ALL,2,2,120,765,50.46,0.02,14,2,1.018,8,1.1,50.5,49.5,0.0,0.0183
ALL,2,2,240,765,50.46,0.02,14,2,1.018,8,1.1,50.5,49.5,0.0,0.0183
ALL,2,2,390,765,50.46,0.02,14,2,1.018,8,1.1,50.5,49.5,0.0,0.0183
ALL,2,5,15,765,63.27,-0.56,-426.97,2,0.693,8,1.9,62.9,36.1,1.0,-0.5581
ALL,2,5,30,765,63.4,-0.56,-429.53,2,0.693,8,2.0,63.3,36.5,0.3,-0.5615
ALL,2,5,60,765,63.53,-0.55,-423.95,2,0.696,8,2.1,63.4,36.5,0.1,-0.5542
ALL,2,5,120,765,63.53,-0.55,-423,2,0.697,8,2.1,63.5,36.5,0.0,-0.5529
ALL,2,5,240,765,63.53,-0.55,-423,2,0.697,8,2.1,63.5,36.5,0.0,-0.5529
ALL,2,5,390,765,63.53,-0.55,-423,2,0.697,8,2.1,63.5,36.5,0.0,-0.5529
ALL,2,8,15,765,69.93,-0.82,-624.91,2,0.63,8,2.9,69.3,25.8,5.0,-0.8169
ALL,2,8,30,765,70.98,-0.81,-621.83,2,0.635,8,3.4,70.8,27.5,1.7,-0.8128
ALL,2,8,60,765,72.03,-0.8,-610.95,2,0.643,8,3.6,71.9,28.0,0.1,-0.7986
ALL,2,8,120,765,72.03,-0.8,-610,2,0.644,8,3.6,72.0,28.0,0.0,-0.7974
ALL,2,8,240,765,72.03,-0.8,-610,2,0.644,8,3.6,72.0,28.0,0.0,-0.7974
ALL,2,8,390,765,72.03,-0.8,-610,2,0.644,8,3.6,72.0,28.0,0.0,-0.7974
ALL,2,10,15,765,71.9,-0.99,-756.95,2,0.59,4,3.6,71.0,21.2,7.8,-0.9895
ALL,2,10,30,765,72.94,-1.03,-788.58,2,0.585,4,4.4,72.7,23.7,3.7,-1.0308
ALL,2,10,60,765,75.16,-0.96,-736.46,2,0.609,4,5.0,74.8,24.6,0.7,-0.9627
ALL,2,10,120,765,75.29,-0.96,-734.19,2,0.611,4,5.2,75.2,24.6,0.3,-0.9597
ALL,2,10,240,765,75.29,-0.96,-738,2,0.61,4,5.3,75.3,24.7,0.0,-0.9647
ALL,2,10,390,765,75.29,-0.96,-738,2,0.61,4,5.3,75.3,24.7,0.0,-0.9647
ALL,2,15,15,765,73.99,-1.17,-895.43,2,0.556,4,4.7,73.1,11.8,15.2,-1.1705
ALL,2,15,30,765,76.73,-1.17,-896.04,2,0.566,4,6.5,76.2,15.0,8.8,-1.1713
ALL,2,15,60,765,80.39,-1.11,-852.86,2,0.59,4,8.1,79.9,17.3,2.9,-1.1148
ALL,2,15,120,765,81.44,-1.08,-827.94,2,0.601,4,9.1,81.3,17.6,1.0,-1.0823
ALL,2,15,240,765,81.7,-1.09,-831.47,2,0.601,4,9.8,81.7,18.0,0.3,-1.0869
ALL,2,15,390,765,81.7,-1.11,-850,2,0.595,4,9.8,81.7,18.3,0.0,-1.1111
ALL,2,20,15,765,74.38,-1.4,-1074.56,2,0.512,4,5.1,73.5,7.5,19.1,-1.4047
ALL,2,20,30,765,77.25,-1.55,-1187.34,2,0.498,4,7.4,76.7,11.5,11.8,-1.5521
ALL,2,20,60,765,81.57,-1.46,-1118.45,2,0.527,4,9.7,81.0,13.7,5.2,-1.462
ALL,2,20,120,765,83.4,-1.46,-1118.54,2,0.533,4,11.4,83.3,15.0,1.7,-1.4621
ALL,2,20,240,765,83.79,-1.48,-1131.15,2,0.531,4,12.7,83.8,15.3,0.9,-1.4786
ALL,2,20,390,765,84.31,-1.45,-1111.21,2,0.537,4,13.4,84.2,15.7,0.1,-1.4526
ALL,2,30,15,765,74.9,-1.49,-1140.84,2,0.499,4,5.5,74.0,3.0,23.0,-1.4913
ALL,2,30,30,765,78.82,-1.61,-1228.28,2,0.494,4,8.5,78.2,4.8,17.0,-1.6056
ALL,2,30,60,765,83.66,-1.59,-1219.05,2,0.511,3,12.2,83.1,7.6,9.3,-1.5935
ALL,2,30,120,765,86.01,-1.59,-1215.89,2,0.52,2,16.0,85.9,9.2,5.0,-1.5894
ALL,2,30,240,765,87.19,-1.6,-1222.33,2,0.522,2,20.1,87.1,10.1,2.9,-1.5978
ALL,2,30,390,765,88.5,-1.59,-1216.61,2,0.527,2,22.1,88.4,11.0,0.7,-1.5903
ALL,2,50,15,765,75.16,-1.5,-1145.43,2,0.499,4,5.7,74.2,0.7,25.1,-1.4973
ALL,2,50,30,765,79.22,-1.64,-1255.67,2,0.49,4,9.1,78.6,1.3,20.1,-1.6414
ALL,2,50,60,765,85.1,-1.48,-1128.45,2,0.535,3,13.9,84.6,2.4,13.1,-1.4751
ALL,2,50,120,765,87.71,-1.56,-1190.27,2,0.53,2,20.1,87.6,3.4,9.0,-1.5559
ALL,2,50,240,765,89.15,-1.63,-1247.83,2,0.522,2,29.3,89.0,4.3,6.7,-1.6312
ALL,2,50,390,765,90.98,-1.68,-1284.9,2,0.52,2,36.8,90.8,5.2,3.9,-1.6796
ALL,5,2,15,765,43.01,1.0,768.29,-2,1.885,11,1.9,42.5,56.6,0.9,1.0043
ALL,5,2,30,765,43.14,1.01,771.72,-2,1.887,11,2.0,42.7,56.9,0.4,1.0088
ALL,5,2,60,765,43.01,1.01,772.62,-2,1.886,11,2.0,42.9,57.0,0.1,1.01
ALL,5,2,120,765,43.01,1.01,773,-2,1.886,11,2.0,43.0,57.0,0.0,1.0105
ALL,5,2,240,765,43.01,1.01,773,-2,1.886,11,2.0,43.0,57.0,0.0,1.0105
ALL,5,2,390,765,43.01,1.01,773,-2,1.886,11,2.0,43.0,57.0,0.0,1.0105
ALL,5,5,15,765,52.55,0.27,208.94,3.15,1.121,8,3.6,49.3,43.9,6.8,0.2731
ALL,5,5,30,765,52.68,0.24,180.54,5,1.101,8,4.3,50.6,46.3,3.1,0.236
ALL,5,5,60,765,52.81,0.26,201.41,5,1.112,8,4.8,52.0,46.9,1.0,0.2633
ALL,5,5,120,765,52.81,0.28,213.4,5,1.119,8,5.1,52.5,47.1,0.4,0.279
ALL,5,5,240,765,52.81,0.28,213.5,5,1.118,8,5.2,52.7,47.2,0.1,0.2791
ALL,5,5,390,765,52.81,0.28,213.5,5,1.118,8,5.2,52.7,47.2,0.1,0.2791
ALL,5,8,15,765,58.43,-0.03,-23.89,5,0.989,8,5.2,53.1,30.8,16.1,-0.0312
ALL,5,8,30,765,60.0,-0.04,-30.88,5,0.986,8,6.9,57.0,35.4,7.6,-0.0404
ALL,5,8,60,765,60.78,-0.06,-42.53,5,0.982,8,8.2,59.7,37.8,2.5,-0.0556
ALL,5,8,120,765,61.05,-0.06,-42.14,5,0.982,8,9.1,60.7,38.4,0.9,-0.0551
ALL,5,8,240,765,61.18,-0.05,-35.31,5,0.985,8,9.7,60.9,38.7,0.4,-0.0462
ALL,5,8,390,765,61.18,-0.05,-37.5,5,0.984,8,9.8,61.0,38.8,0.1,-0.049
ALL,5,10,15,765,60.39,-0.18,-139.09,5,0.939,5,6.0,54.1,24.2,21.7,-0.1818
ALL,5,10,30,765,62.09,-0.25,-188.23,5,0.924,7,8.4,58.7,29.5,11.8,-0.2461
ALL,5,10,60,765,64.31,-0.18,-134.53,5,0.947,5,10.6,62.7,32.4,4.8,-0.1759
ALL,5,10,120,765,65.23,-0.17,-133.5,5,0.949,5,12.3,64.6,33.6,1.8,-0.1745
ALL,5,10,240,765,65.49,-0.13,-102.36,5,0.961,5,14.1,65.2,33.9,0.9,-0.1338
ALL,5,10,390,765,65.75,-0.14,-106.5,5,0.959,5,14.5,65.6,34.2,0.1,-0.1392
ALL,5,15,15,765,62.09,-0.36,-276.12,5,0.889,5,7.3,55.7,13.1,31.2,-0.3609
ALL,5,15,30,765,65.75,-0.38,-290.4,5,0.892,5,11.1,61.2,17.6,21.2,-0.3796
ALL,5,15,60,765,69.8,-0.35,-266.09,5,0.908,5,15.5,67.5,22.6,9.9,-0.3478
ALL,5,15,120,765,72.29,-0.26,-202.72,5,0.931,5,19.6,70.8,24.1,5.1,-0.265
ALL,5,15,240,765,73.2,-0.21,-161.14,5,0.945,5,23.7,72.7,25.2,2.1,-0.2106
ALL,5,15,390,765,73.73,-0.22,-171.64,5,0.943,5,25.4,73.6,25.8,0.7,-0.2244
ALL,5,20,15,765,62.35,-0.59,-452.77,5,0.831,5,7.7,55.9,7.8,36.2,-0.5919
ALL,5,20,30,765,66.67,-0.69,-526.98,5,0.822,5,12.3,62.0,12.4,25.6,-0.6889
ALL,5,20,60,765,71.24,-0.66,-507.62,5,0.84,5,18.0,68.8,16.9,14.4,-0.6636
ALL,5,20,120,765,74.9,-0.64,-491.02,5,0.852,4,23.8,73.2,19.7,7.1,-0.6419
ALL,5,20,240,765,76.21,-0.56,-432.15,5,0.87,4,29.9,75.7,20.5,3.8,-0.5649
ALL,5,20,390,765,77.52,-0.56,-428.8,5,0.873,4,32.7,77.3,21.8,0.9,-0.5605
ALL,5,30,15,765,62.75,-0.68,-517.98,5,0.812,5,8.2,56.3,3.0,40.7,-0.6771
ALL,5,30,30,765,68.1,-0.72,-553.92,5,0.818,5,13.5,63.3,5.1,31.6,-0.7241
ALL,5,30,60,765,73.2,-0.87,-667.2,5,0.804,5,21.1,70.6,8.9,20.5,-0.8722
ALL,5,30,120,765,77.39,-0.84,-643.4,5,0.819,3,30.3,75.7,11.6,12.7,-0.841
ALL,5,30,240,765,79.87,-0.88,-670.02,5,0.819,3,41.4,79.1,14.0,6.9,-0.8758
ALL,5,30,390,765,81.96,-0.86,-658.6,5,0.826,3,48.1,81.4,15.6,3.0,-0.8609
ALL,5,50,15,765,63.01,-0.68,-516.57,5,0.813,5,8.3,56.6,0.7,42.7,-0.6753
ALL,5,50,30,765,68.5,-0.75,-576.43,5,0.813,5,14.2,63.7,1.3,35.0,-0.7535
ALL,5,50,60,765,74.51,-0.73,-562.16,5,0.832,5,23.0,71.8,2.6,25.6,-0.7348
ALL,5,50,120,765,79.08,-0.74,-569.01,5,0.84,3,35.9,77.4,3.7,19.0,-0.7438
ALL,5,50,240,765,82.09,-0.92,-707.53,5,0.815,3,54.6,81.3,5.5,13.2,-0.9249
ALL,5,50,390,765,84.97,-1.06,-814.66,5,0.799,3,70.1,84.4,7.6,8.0,-1.0649
ALL,8,2,15,765,38.04,1.65,1259.77,-2,2.345,11,3.2,33.9,60.9,5.2,1.6468
ALL,8,2,30,765,37.65,1.67,1278.89,-2,2.341,11,3.6,35.6,62.4,2.1,1.6718
ALL,8,2,60,765,36.99,1.67,1275.94,-2,2.324,11,4.0,36.2,63.0,0.8,1.6679
ALL,8,2,120,765,36.86,1.67,1277.87,-2,2.323,11,4.3,36.6,63.1,0.3,1.6704
ALL,8,2,240,765,36.73,1.66,1272.01,-2,2.314,11,4.5,36.6,63.3,0.1,1.6628
ALL,8,2,390,765,36.6,1.66,1270,-2,2.309,11,4.5,36.6,63.4,0.0,1.6601
ALL,8,5,15,765,48.1,0.92,707.5,-0.77,1.382,8,5.3,37.0,46.8,16.2,0.9248
ALL,8,5,30,765,47.58,0.93,712.03,-5,1.363,8,7.1,41.3,50.7,8.0,0.9308
ALL,8,5,60,765,46.27,0.88,669.41,-5,1.329,8,8.7,43.3,53.1,3.7,0.875
ALL,8,5,120,765,45.75,0.89,681.88,-5,1.33,8,10.0,44.4,54.0,1.6,0.8913
ALL,8,5,240,765,45.75,0.93,707.66,-5,1.341,8,10.9,45.4,54.2,0.4,0.925
ALL,8,5,390,765,45.49,0.91,694.5,-5,1.333,8,11.3,45.4,54.5,0.1,0.9078
ALL,8,8,15,765,54.12,0.61,469.44,1.69,1.206,8,7.1,38.8,32.7,28.5,0.6136
ALL,8,8,30,765,55.16,0.69,528.84,3.25,1.212,8,10.4,45.5,38.8,15.7,0.6913
ALL,8,8,60,765,54.12,0.57,436.31,7.76,1.161,8,13.6,49.9,43.4,6.7,0.5703
ALL,8,8,120,765,53.99,0.6,455.25,8,1.164,8,16.4,52.2,44.8,3.0,0.5951
ALL,8,8,240,765,53.99,0.62,470.8,8,1.168,8,18.5,53.3,45.6,1.0,0.6154
ALL,8,8,390,765,53.59,0.58,444.18,8,1.157,8,19.3,53.5,46.1,0.4,0.5806
ALL,8,10,15,765,56.21,0.47,358.38,2.16,1.146,6,8.0,39.6,25.6,34.8,0.4685
ALL,8,10,30,765,57.12,0.45,345.6,4.25,1.125,7,12.1,46.8,32.4,20.8,0.4518
ALL,8,10,60,765,57.25,0.36,278.37,8,1.092,6,16.5,51.9,37.5,10.6,0.3639
ALL,8,10,120,765,57.78,0.38,293.9,8,1.094,6,20.7,55.2,40.1,4.7,0.3842
ALL,8,10,240,765,57.78,0.42,320.46,8,1.101,6,24.8,56.6,41.0,2.4,0.4189
ALL,8,10,390,765,57.52,0.38,288.66,8,1.09,6,26.7,57.1,41.8,1.0,0.3773
ALL,8,15,15,765,57.78,0.28,215.91,2.55,1.08,6,9.3,40.8,13.7,45.5,0.2822
ALL,8,15,30,765,60.92,0.3,229.62,5.57,1.075,7,15.1,48.9,19.9,31.2,0.3002
ALL,8,15,60,765,62.48,0.14,107.13,8,1.031,5,22.4,55.2,25.9,19.0,0.14
ALL,8,15,120,765,64.44,0.18,136.23,8,1.037,5,30.4,60.5,29.5,9.9,0.1781
ALL,8,15,240,765,64.97,0.16,126.17,8,1.033,5,38.9,63.3,32.0,4.7,0.1649
ALL,8,15,390,765,65.1,0.07,55.81,8,1.014,5,43.4,64.6,33.5,2.0,0.073
ALL,8,20,15,765,58.17,0.07,53.72,2.69,1.019,6,9.8,41.0,8.1,50.8,0.0702
ALL,8,20,30,765,61.96,0.0,3.01,6.83,1.001,7,16.4,49.7,13.3,37.0,0.0039
ALL,8,20,60,765,64.31,-0.09,-71.04,8,0.981,5,25.4,56.7,19.0,24.3,-0.0929
ALL,8,20,120,765,67.45,-0.19,-145.32,8,0.964,5,36.1,63.0,23.4,13.6,-0.19
ALL,8,20,240,765,68.37,-0.18,-140.7,8,0.967,4,48.5,66.5,25.2,8.2,-0.1839
ALL,8,20,390,765,69.8,-0.24,-185.31,8,0.958,4,55.8,68.6,28.0,3.4,-0.2422
ALL,8,30,15,765,58.69,0.01,10.98,3.03,1.004,6,10.3,41.4,3.1,55.4,0.0144
ALL,8,30,30,765,63.4,-0.04,-30.07,8,0.991,7,17.8,50.7,5.5,43.8,-0.0393
ALL,8,30,60,765,66.41,-0.31,-233.34,8,0.942,5,28.8,58.6,10.1,31.4,-0.305
ALL,8,30,120,765,70.2,-0.43,-331.25,8,0.925,5,43.8,65.5,13.7,20.8,-0.433
ALL,8,30,240,765,72.29,-0.61,-463.59,8,0.903,3,63.1,69.7,17.4,12.9,-0.606
ALL,8,30,390,765,74.77,-0.55,-419.62,8,0.915,3,77.3,72.9,19.6,7.5,-0.5485
ALL,8,50,15,765,58.95,0.03,19.5,3.05,1.007,6,10.5,41.7,0.7,57.6,0.0255
ALL,8,50,30,765,63.79,-0.06,-48.02,8,0.986,7,18.4,51.1,1.3,47.6,-0.0628
ALL,8,50,60,765,67.71,-0.26,-200.4,8,0.95,5,31.0,59.7,3.4,36.9,-0.262
ALL,8,50,120,765,71.76,-0.5,-379.99,8,0.917,5,50.1,67.1,4.7,28.2,-0.4967
ALL,8,50,240,765,74.51,-0.84,-644.68,8,0.874,3,78.6,71.8,7.1,21.2,-0.8427
ALL,8,50,390,765,77.39,-1.04,-796.34,8,0.854,3,104.4,75.3,9.7,15.0,-1.041
ALL,10,2,15,765,34.9,1.75,1336.13,-2,2.358,11,4.1,25.9,63.9,10.2,1.7466
ALL,10,2,30,765,33.33,1.76,1347.47,-2,2.321,14,5.1,29.3,66.7,4.1,1.7614
ALL,10,2,60,765,31.76,1.74,1332.55,-2,2.277,14,5.7,30.6,68.1,1.3,1.7419
ALL,10,2,120,765,31.37,1.73,1325.83,-2,2.263,14,6.2,30.8,68.6,0.5,1.7331
ALL,10,2,240,765,31.11,1.72,1316.01,-2,2.249,14,6.7,31.0,68.9,0.1,1.7203
ALL,10,2,390,765,30.98,1.72,1314,-2,2.244,14,6.7,31.0,69.0,0.0,1.7176
ALL,10,5,15,765,45.36,1.05,802.28,-2.89,1.414,9,6.4,28.9,48.6,22.5,1.0487
ALL,10,5,30,765,43.79,1.03,790.56,-5,1.379,9,9.0,33.9,53.7,12.4,1.0334
ALL,10,5,60,765,41.31,0.94,716.91,-5,1.323,9,11.4,36.9,57.8,5.4,0.9371
ALL,10,5,120,765,40.26,0.92,707.15,-5,1.311,11,13.6,37.8,59.2,3.0,0.9244
ALL,10,5,240,765,39.87,0.93,711.18,-5,1.31,11,15.7,39.0,59.9,1.2,0.9296
ALL,10,5,390,765,39.61,0.94,718.04,-5,1.311,11,16.6,39.5,60.3,0.3,0.9386
ALL,10,8,15,765,51.5,0.73,559.75,0.42,1.236,8,8.3,30.2,33.6,36.2,0.7317
ALL,10,8,30,765,51.63,0.78,596.62,0.77,1.224,8,12.6,37.0,41.3,21.7,0.7799
ALL,10,8,60,765,49.54,0.64,489.09,-0.46,1.165,9,17.2,42.6,47.3,10.1,0.6393
ALL,10,8,120,765,48.37,0.6,455.54,-4.79,1.148,9,21.6,44.8,49.7,5.5,0.5955
ALL,10,8,240,765,47.97,0.58,444.43,-8,1.141,9,25.5,46.5,51.4,2.1,0.581
ALL,10,8,390,765,47.58,0.58,441.72,-8,1.138,9,26.9,47.5,52.0,0.5,0.5774
ALL,10,10,15,765,53.73,0.62,473.97,0.91,1.187,6,9.2,30.7,26.0,43.3,0.6196
ALL,10,10,30,765,53.86,0.58,441.5,1.81,1.151,7,14.5,38.0,34.1,27.8,0.5771
ALL,10,10,60,765,52.94,0.47,357.18,1.77,1.109,8,20.6,44.6,40.7,14.8,0.4669
ALL,10,10,120,765,52.68,0.47,358.72,4.4,1.104,8,26.8,48.2,44.1,7.7,0.4689
ALL,10,10,240,765,52.68,0.51,387.28,10,1.11,8,33.4,50.3,45.6,4.1,0.5062
ALL,10,10,390,765,52.03,0.43,328.9,10,1.091,8,36.6,51.5,47.2,1.3,0.4299
ALL,10,15,15,765,55.16,0.43,330.41,1.51,1.12,6,10.6,31.6,13.9,54.5,0.4319
ALL,10,15,30,765,57.52,0.4,307.02,2.81,1.095,7,17.6,39.7,21.0,39.2,0.4013
ALL,10,15,60,765,58.17,0.17,132.79,5.45,1.035,8,26.9,47.5,28.5,24.1,0.1736
ALL,10,15,120,765,59.22,0.18,136.37,10,1.033,8,37.7,52.9,32.8,14.2,0.1783
ALL,10,15,240,765,59.74,0.15,117.98,10,1.028,8,50.3,56.3,36.1,7.6,0.1542
ALL,10,15,390,765,59.22,-0.07,-50.21,10,0.989,8,57.8,58.2,38.7,3.1,-0.0656
ALL,10,20,15,765,55.56,0.22,170.11,1.67,1.058,6,11.1,31.9,8.1,60.0,0.2224
ALL,10,20,30,765,58.69,0.15,116.98,3.06,1.034,7,19.0,40.4,13.9,45.8,0.1529
ALL,10,20,60,765,60.39,0.04,27.11,7.98,1.007,8,30.2,49.2,20.4,30.5,0.0354
ALL,10,20,120,765,62.75,-0.11,-80.5,10,0.982,6,44.3,55.8,25.8,18.4,-0.1052
ALL,10,20,240,765,63.66,-0.12,-91.28,10,0.981,6,61.5,60.1,28.1,11.8,-0.1193
ALL,10,20,390,765,64.84,-0.28,-211.04,10,0.959,6,72.5,63.0,32.0,5.0,-0.2759
ALL,10,30,15,765,56.08,0.17,133.37,1.72,1.044,6,11.5,32.3,3.1,64.6,0.1743
ALL,10,30,30,765,60.13,0.1,75.83,3.92,1.021,7,20.4,41.3,5.6,53.1,0.0991
ALL,10,30,60,765,62.61,-0.16,-120.1,10,0.972,8,33.9,51.0,10.8,38.2,-0.157
ALL,10,30,120,765,65.75,-0.32,-244.56,10,0.95,5,52.8,58.4,15.3,26.3,-0.3197
ALL,10,30,240,765,67.84,-0.49,-376.95,10,0.93,3,78.0,63.5,19.1,17.4,-0.4927
ALL,10,30,390,765,70.46,-0.48,-364.25,10,0.935,5,97.7,67.5,22.1,10.5,-0.4761
ALL,10,50,15,765,56.34,0.19,145.89,1.83,1.048,6,11.7,32.5,0.7,66.8,0.1907
ALL,10,50,30,765,60.52,0.08,63.51,4.02,1.017,7,21.1,41.7,1.3,57.0,0.083
ALL,10,50,60,765,63.79,-0.12,-89.83,10,0.98,8,36.3,51.9,3.5,44.6,-0.1174
ALL,10,50,120,765,67.32,-0.38,-292.64,10,0.942,5,59.8,60.0,5.1,34.9,-0.3825
ALL,10,50,240,765,70.33,-0.63,-485.13,10,0.914,3,95.2,65.9,7.6,26.5,-0.6342
ALL,10,50,390,765,73.46,-0.8,-615.26,10,0.899,5,128.4,70.2,10.6,19.2,-0.8043
ALL,15,2,15,765,33.2,2.14,1633.66,-2,2.618,11,5.6,14.0,65.5,20.5,2.1355
ALL,15,2,30,765,29.8,2.15,1642.47,-2,2.534,14,7.9,18.7,69.9,11.4,2.147
ALL,15,2,60,765,25.88,2.06,1574.04,-2,2.389,19,9.9,21.6,74.0,4.4,2.0576
ALL,15,2,120,765,24.05,1.98,1514.04,-2,2.303,30,11.4,22.7,75.9,1.3,1.9791
ALL,15,2,240,765,23.53,1.97,1504.75,-2,2.286,30,12.5,23.1,76.5,0.4,1.967
ALL,15,2,390,765,23.27,1.96,1496,-2,2.274,30,12.6,23.3,76.7,0.0,1.9556
ALL,15,5,15,765,43.66,1.4,1067.53,-5,1.535,9,8.0,14.6,50.1,35.3,1.3955
ALL,15,5,30,765,40.39,1.4,1068.18,-5,1.485,11,12.3,21.0,56.6,22.4,1.3963
ALL,15,5,60,765,35.69,1.29,987.3,-5,1.407,12,17.1,25.5,62.9,11.6,1.2906
ALL,15,5,120,765,33.59,1.31,1004.91,-5,1.399,14,21.7,28.8,65.6,5.6,1.3136
ALL,15,5,240,765,32.81,1.37,1048.68,-5,1.409,14,26.3,30.6,66.9,2.5,1.3708
ALL,15,5,390,765,32.16,1.4,1069.52,-5,1.413,14,28.3,31.6,67.7,0.7,1.3981
ALL,15,8,15,765,49.8,1.07,822.11,-0.12,1.335,8,9.9,15.6,34.8,49.7,1.0747
ALL,15,8,30,765,48.1,1.12,859.8,-0.62,1.305,11,16.2,22.7,43.4,33.9,1.1239
ALL,15,8,60,765,43.66,0.91,695.92,-8,1.212,11,23.9,28.8,52.0,19.2,0.9097
ALL,15,8,120,765,41.57,1.0,764.89,-8,1.221,11,32.5,33.6,55.7,10.7,0.9999
ALL,15,8,240,765,40.65,1.05,804.03,-8,1.224,11,41.3,36.7,58.6,4.7,1.051
ALL,15,8,390,765,39.48,1.03,786.24,-8,1.214,11,45.5,38.4,59.7,1.8,1.0278
ALL,15,10,15,765,52.03,0.97,739.98,0.42,1.281,6,10.9,16.1,27.1,56.9,0.9673
ALL,15,10,30,765,50.46,0.92,703.05,0.17,1.226,11,18.1,23.4,35.9,40.7,0.919
ALL,15,10,60,765,47.45,0.78,596.1,-1.58,1.164,9,27.7,30.2,44.7,25.1,0.7792
ALL,15,10,120,765,46.54,1.01,772.61,-5.9,1.2,9,39.2,36.2,48.9,14.9,1.0099
ALL,15,10,240,765,46.41,1.25,952.48,-10,1.239,9,52.0,40.9,51.5,7.6,1.2451
ALL,15,10,390,765,44.97,1.13,867.94,-10,1.21,9,59.7,42.9,53.6,3.5,1.1346
ALL,15,15,15,765,53.2,0.74,565.24,0.76,1.196,6,12.3,16.3,14.4,69.3,0.7389
ALL,15,15,30,765,54.12,0.77,586.84,1.54,1.17,7,21.5,24.8,22.4,52.8,0.7671
ALL,15,15,60,765,52.94,0.53,402.19,1.11,1.096,8,34.8,32.3,30.8,36.9,0.5257
ALL,15,15,120,765,53.33,0.74,565.47,2.58,1.123,8,52.2,39.5,36.5,24.1,0.7392
ALL,15,15,240,765,53.33,0.92,700.35,4.83,1.143,8,74.0,45.9,40.9,13.2,0.9155
ALL,15,15,390,765,52.29,0.67,513.44,6.7,1.098,8,88.1,48.8,44.4,6.8,0.6712
ALL,15,20,15,765,53.59,0.53,407.44,0.82,1.133,6,12.8,16.6,8.5,74.9,0.5326
ALL,15,20,30,765,55.29,0.52,396.51,1.72,1.107,7,23.0,25.4,14.6,60.0,0.5183
ALL,15,20,60,765,55.16,0.43,328.25,1.98,1.074,8,38.5,33.7,21.8,44.4,0.4291
ALL,15,20,120,765,56.86,0.42,319.96,5.07,1.062,6,59.8,41.4,28.9,29.7,0.4182
ALL,15,20,240,765,57.25,0.61,469.37,12.05,1.085,6,87.8,48.9,32.0,19.1,0.6136
ALL,15,20,390,765,58.3,0.57,432.91,15,1.074,6,107.3,53.3,36.7,9.9,0.5659
ALL,15,30,15,765,54.12,0.49,374.2,0.92,1.119,6,13.3,17.0,3.3,79.7,0.4892
ALL,15,30,30,765,56.86,0.48,366.65,2.13,1.095,7,24.4,26.3,6.3,67.5,0.4793
ALL,15,30,60,765,57.52,0.25,189.29,3.0,1.039,8,42.4,35.2,11.8,53.1,0.2474
ALL,15,30,120,765,59.87,0.17,126.71,7.33,1.023,6,69.6,43.4,17.1,39.5,0.1656
ALL,15,30,240,765,61.7,0.22,167.77,15,1.027,6,107.3,52.2,21.8,26.0,0.2193
ALL,15,30,390,765,63.79,0.24,184.46,15,1.028,5,138.1,57.3,25.8,17.0,0.2411
ALL,15,50,15,765,54.51,0.57,432.61,1.0,1.138,6,13.5,17.3,0.7,82.1,0.5655
ALL,15,50,30,765,57.25,0.45,341.24,2.16,1.087,7,25.2,26.5,1.6,71.9,0.4461
ALL,15,50,60,765,58.82,0.36,277.27,3.37,1.058,8,45.0,35.8,3.8,60.4,0.3624
ALL,15,50,120,765,61.44,0.16,125.17,8.64,1.022,6,77.5,44.8,5.5,49.7,0.1636
ALL,15,50,240,765,64.05,0.02,16.64,15,1.003,6,128.0,54.2,8.6,37.1,0.0218
ALL,15,50,390,765,66.93,-0.15,-117.1,15,0.984,5,175.1,60.1,12.4,27.5,-0.1531
ALL,20,2,15,765,31.63,2.06,1572.48,-2,2.523,18,6.3,6.5,66.9,26.5,2.0555
ALL,20,2,30,765,27.58,2.14,1640.7,-2,2.485,18,9.6,10.2,72.2,17.6,2.1447
ALL,20,2,60,765,22.22,2.02,1541.69,-2,2.296,19,13.1,13.7,77.6,8.6,2.0153
ALL,20,2,120,765,19.35,1.89,1448.56,-2,2.174,30,16.5,16.1,80.7,3.3,1.8935
ALL,20,2,240,765,18.3,1.86,1426.7,-2,2.141,30,19.3,16.7,81.7,1.6,1.865
ALL,20,2,390,765,17.78,1.87,1432.33,-2,2.139,30,20.5,17.4,82.2,0.4,1.8723
ALL,20,5,15,765,42.22,1.31,1001.02,-5,1.49,13,8.8,6.9,51.2,41.8,1.3085
ALL,20,5,30,765,37.91,1.34,1024.76,-5,1.448,13,14.2,11.4,58.7,29.9,1.3396
ALL,20,5,60,765,31.63,1.18,902.89,-5,1.351,13,20.8,15.9,66.5,17.5,1.1802
ALL,20,5,120,765,28.37,1.16,889.0,-5,1.328,16,28.3,20.1,70.5,9.4,1.1621
ALL,20,5,240,765,26.67,1.17,897.96,-5,1.321,18,36.5,22.0,72.9,5.1,1.1738
ALL,20,5,390,765,25.62,1.24,946.93,-5,1.333,18,40.7,24.2,74.2,1.6,1.2378
ALL,20,8,15,765,48.24,0.93,713.83,-0.5,1.282,8,10.7,7.3,35.9,56.7,0.9331
ALL,20,8,30,765,45.49,1.02,781.62,-2.26,1.264,11,18.2,12.5,45.6,41.8,1.0217
ALL,20,8,60,765,39.61,0.75,575.46,-8,1.165,11,28.1,17.9,55.3,26.8,0.7522
ALL,20,8,120,765,36.34,0.86,659.51,-8,1.176,11,40.6,23.9,60.1,15.9,0.8621
ALL,20,8,240,765,34.77,0.92,703.79,-8,1.178,11,54.8,27.2,64.3,8.5,0.92
ALL,20,8,390,765,32.94,0.93,710.78,-8,1.175,11,62.7,30.5,66.3,3.3,0.9291
ALL,20,10,15,765,50.46,0.84,640.45,0.16,1.236,6,11.7,7.7,28.0,64.3,0.8372
ALL,20,10,30,765,47.97,0.86,654.54,-0.52,1.2,11,20.2,13.2,37.8,49.0,0.8556
ALL,20,10,60,765,43.66,0.68,522.26,-4.97,1.135,11,32.1,19.1,47.5,33.5,0.6827
ALL,20,10,120,765,41.96,1.03,789.57,-10,1.189,11,47.9,26.3,52.7,21.0,1.0321
ALL,20,10,240,765,40.92,1.22,931.83,-10,1.212,11,67.9,30.6,56.6,12.8,1.2181
ALL,20,10,390,765,38.56,1.14,870.3,-10,1.189,11,80.8,34.6,59.7,5.6,1.1376
ALL,20,15,15,765,51.76,0.62,471.96,0.39,1.159,6,13.2,7.8,14.8,77.4,0.6169
ALL,20,15,30,765,51.9,0.73,556.0,0.6,1.152,7,23.7,14.1,23.8,62.1,0.7268
ALL,20,15,60,765,49.28,0.37,280.69,-0.25,1.063,10,39.8,20.5,33.2,46.3,0.3669
ALL,20,15,120,765,48.89,0.79,603.14,-0.64,1.121,11,62.3,28.9,39.3,31.8,0.7884
ALL,20,15,240,765,48.1,0.89,684.02,-2.03,1.126,11,93.2,34.6,45.1,20.3,0.8941
ALL,20,15,390,765,45.88,0.61,464.38,-15,1.079,11,115.4,39.9,50.1,10.1,0.607
ALL,20,20,15,765,52.16,0.4,308.52,0.43,1.098,6,13.7,7.8,8.6,83.5,0.4033
ALL,20,20,30,765,53.07,0.43,330.2,0.78,1.083,7,25.3,14.4,15.8,69.8,0.4316
ALL,20,20,60,765,51.37,0.16,124.54,0.7,1.026,8,43.7,21.2,24.1,54.8,0.1628
ALL,20,20,120,765,52.29,0.32,243.49,1.24,1.043,8,70.6,30.2,31.6,38.2,0.3183
ALL,20,20,240,765,51.9,0.52,400.33,2.3,1.065,8,109.4,36.6,35.6,27.8,0.5233
ALL,20,20,390,765,52.03,0.46,351.32,2.46,1.053,8,139.8,43.7,41.6,14.8,0.4592
ALL,20,30,15,765,52.68,0.36,275.33,0.45,1.085,6,14.2,8.1,3.4,88.5,0.3599
ALL,20,30,30,765,54.64,0.36,275.97,1.42,1.066,7,26.8,15.2,6.9,77.9,0.3607
ALL,20,30,60,765,53.73,-0.04,-32.05,1.48,0.994,8,47.9,22.2,13.1,64.7,-0.0419
ALL,20,30,120,765,55.29,-0.02,-11.92,2.75,0.998,8,81.4,31.9,19.1,49.0,-0.0156
ALL,20,30,240,765,56.34,0.06,43.22,5.11,1.006,8,131.5,39.5,24.7,35.8,0.0565
ALL,20,30,390,765,57.78,0.11,85.65,7.57,1.011,8,175.4,47.3,29.0,23.7,0.112
ALL,20,50,15,765,53.07,0.47,356.69,0.75,1.111,6,14.4,8.2,0.7,91.1,0.4663
ALL,20,50,30,765,55.16,0.39,299.66,1.65,1.071,7,27.6,15.4,1.6,83.0,0.3917
ALL,20,50,60,765,55.16,0.12,90.73,1.88,1.017,8,50.9,22.7,4.2,73.1,0.1186
ALL,20,50,120,765,56.99,-0.04,-34.22,3.69,0.995,8,90.2,33.3,6.4,60.3,-0.0447
ALL,20,50,240,765,59.08,-0.24,-184.41,6.9,0.976,6,154.6,41.3,10.2,48.5,-0.2411
ALL,20,50,390,765,61.18,-0.42,-321.31,16.32,0.962,5,216.7,49.9,14.5,35.6,-0.42
ALL,30,2,15,765,31.5,2.22,1696.6,-2,2.64,18,6.7,1.4,66.9,31.6,2.2178
ALL,30,2,30,765,26.93,2.23,1702.92,-2,2.528,18,10.8,3.4,72.8,23.8,2.226
ALL,30,2,60,765,20.13,2.08,1593.52,-2,2.306,19,16.3,6.1,79.6,14.2,2.083
ALL,30,2,120,765,16.08,1.92,1467.53,-2,2.143,30,22.8,7.8,83.9,8.2,1.9183
ALL,30,2,240,765,14.51,1.98,1513.25,-2,2.157,30,29.8,10.3,85.5,4.2,1.9781
ALL,30,2,390,765,13.07,1.97,1506.37,-2,2.133,30,34.4,11.4,86.9,1.7,1.9691
ALL,30,5,15,765,42.09,1.49,1137.85,-5,1.556,13,9.2,1.7,51.2,47.1,1.4874
ALL,30,5,30,765,37.25,1.41,1077.8,-5,1.466,13,15.5,3.7,59.3,37.0,1.4089
ALL,30,5,60,765,29.93,1.32,1009.92,-5,1.385,13,24.5,6.9,68.0,25.1,1.3202
ALL,30,5,120,765,25.49,1.18,899.95,-5,1.319,17,36.8,9.3,73.2,17.5,1.1764
ALL,30,5,240,765,23.27,1.4,1074.01,-5,1.367,18,53.0,12.7,76.3,11.0,1.4039
ALL,30,5,390,765,21.31,1.6,1224.11,-5,1.408,18,65.5,15.4,78.4,6.1,1.6001
ALL,30,8,15,765,48.1,1.11,851.78,-0.5,1.336,8,11.1,1.7,35.9,62.4,1.1134
ALL,30,8,30,765,44.84,1.08,825.44,-2.53,1.275,11,19.6,3.8,46.3,49.9,1.079
ALL,30,8,60,765,37.91,0.94,722.87,-8,1.202,11,32.2,8.0,56.3,35.7,0.9449
ALL,30,8,120,765,33.99,0.96,737.24,-8,1.189,11,50.7,10.7,62.4,26.9,0.9637
ALL,30,8,240,765,31.37,1.3,992.83,-8,1.239,11,76.3,15.7,67.5,16.9,1.2978
ALL,30,8,390,765,28.1,1.41,1076.08,-8,1.247,12,95.6,19.6,70.8,9.5,1.4066
ALL,30,10,15,765,50.33,1.05,805.77,0.14,1.296,6,12.2,2.0,28.0,70.1,1.0533
ALL,30,10,30,765,47.32,0.98,749.5,-0.68,1.227,11,21.7,4.4,38.2,57.4,0.9797
ALL,30,10,60,765,41.96,0.93,709.28,-6.1,1.179,11,36.3,8.8,48.5,42.7,0.9272
ALL,30,10,120,765,39.48,1.23,939.34,-10,1.216,11,58.7,12.3,54.9,32.8,1.2279
ALL,30,10,240,765,37.52,1.71,1307.58,-10,1.282,11,91.2,17.9,59.7,22.4,1.7093
ALL,30,10,390,765,33.59,1.7,1301.62,-10,1.262,12,117.7,22.2,64.2,13.6,1.7015
ALL,30,15,15,765,51.63,0.83,632.34,0.37,1.214,6,13.6,2.0,14.8,83.3,0.8266
ALL,30,15,30,765,51.24,0.82,630.87,0.31,1.17,7,25.3,4.7,24.1,71.2,0.8247
ALL,30,15,60,765,47.45,0.62,472.97,-0.9,1.103,10,44.3,9.5,34.0,56.5,0.6183
ALL,30,15,120,765,46.14,0.91,697.96,-2.49,1.134,11,74.5,13.5,41.0,45.5,0.9124
ALL,30,15,240,765,45.23,1.51,1158.3,-5.23,1.203,11,120.8,20.4,47.6,32.0,1.5141
ALL,30,15,390,765,41.05,1.32,1010.52,-15,1.158,11,159.6,25.8,53.9,20.4,1.3209
ALL,30,20,15,765,52.03,0.61,468.9,0.42,1.149,6,14.1,2.0,8.6,89.4,0.6129
ALL,30,20,30,765,52.55,0.57,432.66,0.71,1.108,7,26.9,4.7,15.9,79.3,0.5656
ALL,30,20,60,765,49.41,0.38,288.38,-0.15,1.058,8,48.4,9.8,24.6,65.6,0.377
ALL,30,20,120,765,49.41,0.34,262.91,-0.44,1.044,8,83.4,14.1,33.3,52.5,0.3437
ALL,30,20,240,765,48.89,1.02,782.52,-1.04,1.119,10,138.6,21.2,38.2,40.7,1.0229
ALL,30,20,390,765,47.06,1.06,810.55,-4.58,1.111,10,187.7,27.3,45.2,27.5,1.0595
ALL,30,30,15,765,52.55,0.58,440.68,0.45,1.136,6,14.6,2.0,3.4,94.6,0.5761
ALL,30,30,30,765,54.12,0.53,404.76,1.22,1.096,7,28.4,5.2,7.1,87.7,0.5291
ALL,30,30,60,765,51.76,0.2,151.11,0.79,1.028,8,52.8,10.5,13.3,76.2,0.1975
ALL,30,30,120,765,52.55,0.04,28.55,1.16,1.004,8,94.8,15.2,20.3,64.6,0.0373
ALL,30,30,240,765,53.46,0.52,396.37,3.05,1.053,10,163.1,23.0,26.5,50.5,0.5181
ALL,30,30,390,765,52.55,0.64,486.61,1.91,1.058,10,228.4,29.8,31.8,38.4,0.6361
ALL,30,50,15,765,52.94,0.68,521.69,0.59,1.163,6,14.8,2.0,0.7,97.4,0.6819
ALL,30,50,30,765,54.51,0.52,394.81,1.41,1.092,7,29.3,5.4,1.6,93.1,0.5161
ALL,30,50,60,765,53.07,0.28,213.16,1.14,1.039,8,55.9,10.6,4.3,85.1,0.2786
ALL,30,50,120,765,54.38,0.02,17.25,1.97,1.003,8,104.4,15.8,6.9,77.3,0.0225
ALL,30,50,240,765,56.21,0.16,125.79,4.29,1.015,6,188.0,24.6,11.5,63.9,0.1644
ALL,30,50,390,765,56.08,0.08,58.42,4.66,1.006,7,273.5,32.3,16.1,51.6,0.0764
ALL,50,2,15,765,31.5,2.24,1714.95,-2,2.658,18,6.7,0.3,66.9,32.8,2.2418
ALL,50,2,30,765,26.8,2.32,1774.14,-2,2.589,18,11.1,0.5,72.9,26.5,2.3191
ALL,50,2,60,765,19.74,2.15,1643.6,-2,2.34,19,17.8,0.7,80.0,19.3,2.1485
ALL,50,2,120,765,15.56,2.06,1573.23,-2,2.218,30,27.8,1.0,84.4,14.5,2.0565
ALL,50,2,240,765,13.2,2.07,1583.24,-2,2.192,30,42.7,2.1,86.8,11.1,2.0696
ALL,50,2,390,765,11.11,2.09,1598.93,-2,2.176,37,55.5,3.7,88.9,7.5,2.0901
ALL,50,5,15,765,42.09,1.51,1153.24,-5,1.564,13,9.2,0.3,51.2,48.5,1.5075
ALL,50,5,30,765,37.12,1.48,1128.73,-5,1.487,13,15.9,0.5,59.5,40.0,1.4755
ALL,50,5,60,765,29.54,1.33,1013.91,-5,1.384,13,26.2,0.7,68.4,31.0,1.3254
ALL,50,5,120,765,24.71,1.16,883.8,-5,1.31,22,42.5,1.0,74.0,25.0,1.1553
ALL,50,5,240,765,21.57,1.48,1131.67,-5,1.379,22,68.3,2.6,78.0,19.3,1.4793
ALL,50,5,390,765,18.95,1.83,1397.51,-5,1.452,22,91.8,4.8,80.8,14.4,1.8268
ALL,50,8,15,765,48.1,1.13,867.17,-0.5,1.342,8,11.2,0.3,35.9,63.8,1.1336
ALL,50,8,30,765,44.84,1.21,923.28,-2.53,1.307,11,20.0,0.5,46.3,53.2,1.2069
ALL,50,8,60,765,37.65,1.06,810.17,-8,1.226,11,34.2,1.0,56.6,42.4,1.059
ALL,50,8,120,765,33.46,1.14,875.8,-8,1.223,11,57.2,1.7,62.9,35.4,1.1448
ALL,50,8,240,765,29.93,1.56,1191.83,-8,1.282,16,94.5,3.5,68.8,27.7,1.5579
ALL,50,8,390,765,25.49,1.81,1381.08,-8,1.306,16,128.8,6.1,73.3,20.5,1.8053
ALL,50,10,15,765,50.33,1.1,843.24,0.14,1.31,6,12.2,0.4,28.0,71.6,1.1023
ALL,50,10,30,765,47.32,1.12,860.34,-0.68,1.26,11,22.1,0.7,38.2,61.2,1.1246
ALL,50,10,60,765,41.7,1.11,847.27,-6.93,1.213,11,38.5,1.4,48.8,49.8,1.1075
ALL,50,10,120,765,38.82,1.39,1063.96,-10,1.242,11,65.8,2.1,55.6,42.4,1.3908
ALL,50,10,240,765,35.95,2.0,1533.33,-10,1.323,16,111.7,3.9,61.2,34.9,2.0044
ALL,50,10,390,765,30.98,2.28,1744.41,-10,1.337,16,155.1,7.5,66.7,25.9,2.2803
ALL,50,15,15,765,51.63,0.88,669.81,0.37,1.226,6,13.7,0.4,14.8,84.8,0.8756
ALL,50,15,30,765,51.24,0.97,740.66,0.31,1.2,7,25.7,0.7,24.1,75.3,0.9682
ALL,50,15,60,765,47.32,0.89,682.11,-1.14,1.148,10,46.6,1.7,34.0,64.3,0.8916
ALL,50,15,120,765,45.75,1.18,905.06,-2.93,1.172,11,82.3,2.6,41.4,55.9,1.1831
ALL,50,15,240,765,43.4,1.76,1348.65,-9.89,1.228,16,143.6,4.4,49.2,46.4,1.7629
ALL,50,15,390,765,38.04,1.85,1414.15,-15,1.21,16,202.4,8.9,56.6,34.5,1.8486
ALL,50,20,15,765,52.03,0.66,506.37,0.42,1.161,6,14.2,0.4,8.6,91.0,0.6619
ALL,50,20,30,765,52.55,0.71,542.45,0.71,1.135,7,27.3,0.7,15.9,83.4,0.7091
ALL,50,20,60,765,49.28,0.66,503.04,-0.18,1.101,8,50.8,1.7,24.6,73.7,0.6576
ALL,50,20,120,765,49.15,0.65,497.73,-0.52,1.083,9,91.5,2.6,33.6,63.8,0.6506
ALL,50,20,240,765,47.45,1.37,1047.52,-2.17,1.155,10,162.8,4.8,38.8,56.3,1.3693
ALL,50,20,390,765,44.05,1.69,1290.6,-8.55,1.168,10,234.0,9.7,47.5,42.9,1.6871
ALL,50,30,15,765,52.55,0.63,478.15,0.45,1.147,6,14.7,0.4,3.4,96.2,0.625
ALL,50,30,30,765,54.12,0.6,457.03,1.22,1.108,7,28.9,0.7,7.1,92.3,0.5974
ALL,50,30,60,765,51.5,0.43,328.33,0.75,1.06,8,55.4,1.7,13.5,84.8,0.4292
ALL,50,30,120,765,52.16,0.27,205.94,0.96,1.031,9,103.4,2.9,20.7,76.5,0.2692
ALL,50,30,240,765,51.63,0.76,579.86,1.82,1.075,10,188.8,5.4,27.2,67.5,0.758
ALL,50,30,390,765,49.15,1.12,854.54,-0.43,1.096,10,279.2,10.3,33.2,56.5,1.117
ALL,50,50,15,765,52.94,0.73,559.16,0.59,1.175,6,14.9,0.4,0.7,99.0,0.7309
ALL,50,50,30,765,54.51,0.61,467.08,1.41,1.109,7,29.8,0.8,1.6,97.6,0.6106
ALL,50,50,60,765,52.81,0.55,422.04,1.1,1.077,8,58.5,1.8,4.3,93.9,0.5517
ALL,50,50,120,765,53.99,0.25,195.01,1.93,1.028,8,113.4,3.0,6.9,90.1,0.2549
ALL,50,50,240,765,54.51,0.56,430.75,3.39,1.05,6,215.1,6.3,12.0,81.7,0.5631
ALL,50,50,390,765,52.81,0.74,562.78,1.91,1.056,7,327.3,11.6,17.0,71.4,0.7357
ALL,75,2,15,765,31.5,2.26,1732.66,-2,2.675,18,6.8,0.0,66.9,33.1,2.2649
ALL,75,2,30,765,26.8,2.34,1791.05,-2,2.604,18,11.2,0.0,72.9,27.1,2.3412
ALL,75,2,60,765,19.74,2.21,1694.14,-2,2.382,19,18.1,0.1,80.0,19.9,2.2146
ALL,75,2,120,765,15.42,2.03,1551.19,-2,2.199,30,28.4,0.3,84.6,15.2,2.0277
ALL,75,2,240,765,12.81,2.04,1559.13,-2,2.169,30,44.3,0.5,87.2,12.3,2.0381
ALL,75,2,390,765,10.72,2.11,1610.4,-2,2.179,37,59.9,0.7,89.3,10.1,2.1051
ALL,75,5,15,765,42.09,1.53,1170.95,-5,1.572,13,9.3,0.0,51.2,48.8,1.5307
ALL,75,5,30,765,37.12,1.5,1145.64,-5,1.494,13,15.9,0.0,59.5,40.5,1.4976
ALL,75,5,60,765,29.54,1.39,1064.45,-5,1.403,13,26.5,0.1,68.4,31.5,1.3914
ALL,75,5,120,765,24.58,1.12,858.76,-5,1.301,22,43.1,0.3,74.1,25.6,1.1226
ALL,75,5,240,765,21.18,1.43,1095.11,-5,1.365,22,70.1,0.5,78.4,21.0,1.4315
ALL,75,5,390,765,18.56,1.8,1378.59,-5,1.444,22,97.7,0.7,81.2,18.2,1.8021
ALL,75,8,15,765,48.1,1.16,884.88,-0.5,1.349,8,11.2,0.0,35.9,64.1,1.1567
ALL,75,8,30,765,44.84,1.23,940.19,-2.53,1.313,11,20.1,0.0,46.3,53.7,1.229
ALL,75,8,60,765,37.65,1.13,863.09,-8,1.241,11,34.5,0.1,56.6,43.3,1.1282
ALL,75,8,120,765,33.33,1.08,824.89,-8,1.21,19,58.2,0.4,63.0,36.6,1.0783
ALL,75,8,240,765,29.54,1.52,1161.59,-8,1.273,19,97.5,0.8,69.2,30.1,1.5184
ALL,75,8,390,765,25.1,1.84,1407.97,-8,1.31,19,136.8,1.0,73.7,25.2,1.8405
ALL,75,10,15,765,50.33,1.09,833.02,0.14,1.306,6,12.3,0.0,28.0,72.0,1.0889
ALL,75,10,30,765,47.32,1.18,902.25,-0.68,1.273,11,22.2,0.1,38.2,61.7,1.1794
ALL,75,10,60,765,41.7,1.22,931.34,-6.93,1.234,11,38.9,0.3,48.8,51.0,1.2174
ALL,75,10,120,765,38.69,1.4,1068.45,-10,1.242,11,67.0,0.7,55.7,43.7,1.3967
ALL,75,10,240,765,35.56,2.06,1572.09,-10,1.329,16,115.0,1.2,61.6,37.3,2.055
ALL,75,10,390,765,30.59,2.37,1816.58,-10,1.349,16,164.1,1.4,67.1,31.5,2.3746
ALL,75,15,15,765,51.63,0.86,659.59,0.37,1.223,6,13.7,0.0,14.8,85.2,0.8622
ALL,75,15,30,765,51.24,1.02,782.57,0.31,1.211,7,25.8,0.1,24.1,75.8,1.023
ALL,75,15,60,765,47.32,0.98,753.0,-1.14,1.164,10,47.0,0.3,34.0,65.8,0.9843
ALL,75,15,120,765,45.62,1.16,891.04,-3.13,1.169,11,83.7,0.7,41.6,57.8,1.1648
ALL,75,15,240,765,43.01,1.8,1378.49,-10.72,1.232,16,147.6,1.4,49.5,49.0,1.8019
ALL,75,15,390,765,37.65,1.93,1474.71,-15,1.218,16,213.0,1.8,57.0,41.2,1.9277
ALL,75,20,15,765,52.03,0.65,496.15,0.42,1.157,6,14.2,0.0,8.6,91.4,0.6486
ALL,75,20,30,765,52.55,0.76,584.36,0.71,1.146,7,27.4,0.1,15.9,83.9,0.7639
ALL,75,20,60,765,49.28,0.75,573.93,-0.18,1.115,8,51.2,0.3,24.6,75.2,0.7502
ALL,75,20,120,765,49.02,0.63,478.71,-0.53,1.08,9,93.0,0.7,33.7,65.6,0.6258
ALL,75,20,240,765,47.06,1.44,1104.75,-2.62,1.162,10,167.1,1.4,39.2,59.3,1.4441
ALL,75,20,390,765,43.53,1.76,1348.85,-9.03,1.174,10,245.4,2.4,47.8,49.8,1.7632
ALL,75,30,15,765,52.55,0.61,467.93,0.45,1.144,6,14.7,0.0,3.4,96.6,0.6117
ALL,75,30,30,765,54.12,0.65,498.94,1.22,1.118,7,29.0,0.1,7.1,92.8,0.6522
ALL,75,30,60,765,51.5,0.52,399.22,0.75,1.074,8,55.8,0.3,13.5,86.3,0.5219
ALL,75,30,120,765,52.03,0.28,217.84,0.95,1.033,9,105.0,0.8,20.8,78.4,0.2848
ALL,75,30,240,765,51.37,0.84,641.4,1.21,1.082,10,193.8,1.6,27.5,71.0,0.8384
ALL,75,30,390,765,48.76,1.16,884.31,-1.16,1.099,10,292.0,2.5,33.5,64.1,1.156
ALL,75,50,15,765,52.94,0.72,548.94,0.59,1.171,6,15.0,0.0,0.7,99.3,0.7176
ALL,75,50,30,765,54.51,0.68,518.74,1.41,1.121,7,29.9,0.1,1.6,98.3,0.6781
ALL,75,50,60,765,52.81,0.6,455.43,1.1,1.083,8,58.9,0.3,4.3,95.4,0.5953
ALL,75,50,120,765,53.86,0.3,229.79,1.9,1.033,8,115.1,0.8,6.9,92.3,0.3004
ALL,75,50,240,765,54.38,0.71,546.91,3.15,1.064,6,220.9,2.0,12.2,85.9,0.7149
ALL,75,50,390,765,52.29,0.83,635.49,1.42,1.063,7,341.9,3.4,17.1,79.5,0.8307
ALL,100,2,15,765,31.5,2.26,1732.66,-2,2.675,18,6.8,0.0,66.9,33.1,2.2649
ALL,100,2,30,765,26.8,2.34,1791.05,-2,2.604,18,11.2,0.0,72.9,27.1,2.3412
ALL,100,2,60,765,19.74,2.22,1694.81,-2,2.382,19,18.1,0.0,80.0,20.0,2.2154
ALL,100,2,120,765,15.42,2.05,1571.87,-2,2.215,30,28.5,0.0,84.6,15.4,2.0547
ALL,100,2,240,765,12.81,2.12,1618.44,-2,2.213,30,44.8,0.3,87.2,12.5,2.1156
ALL,100,2,390,765,10.72,2.16,1649.76,-2,2.208,37,60.8,0.3,89.3,10.5,2.1565
ALL,100,5,15,765,42.09,1.53,1170.95,-5,1.572,13,9.3,0.0,51.2,48.8,1.5307
ALL,100,5,30,765,37.12,1.5,1145.64,-5,1.494,13,15.9,0.0,59.5,40.5,1.4976
ALL,100,5,60,765,29.54,1.39,1065.12,-5,1.403,13,26.5,0.0,68.4,31.6,1.3923
ALL,100,5,120,765,24.58,1.15,879.44,-5,1.308,22,43.3,0.0,74.1,25.9,1.1496
ALL,100,5,240,765,21.18,1.51,1154.42,-5,1.384,22,70.6,0.3,78.4,21.3,1.509
ALL,100,5,390,765,18.56,1.85,1417.95,-5,1.457,22,98.6,0.3,81.2,18.6,1.8535
ALL,100,8,15,765,48.1,1.16,884.88,-0.5,1.349,8,11.2,0.0,35.9,64.1,1.1567
ALL,100,8,30,765,44.84,1.23,940.19,-2.53,1.313,11,20.1,0.0,46.3,53.7,1.229
ALL,100,8,60,765,37.65,1.13,863.76,-8,1.241,11,34.5,0.0,56.6,43.4,1.1291
ALL,100,8,120,765,33.33,1.14,870.57,-8,1.221,19,58.4,0.1,63.0,36.9,1.138
ALL,100,8,240,765,29.54,1.62,1237.63,-8,1.291,19,98.1,0.4,69.2,30.5,1.6178
ALL,100,8,390,765,25.1,1.9,1455.23,-8,1.32,19,138.0,0.4,73.7,25.9,1.9023
ALL,100,10,15,765,50.33,1.09,833.02,0.14,1.306,6,12.3,0.0,28.0,72.0,1.0889
ALL,100,10,30,765,47.32,1.18,901.77,-0.68,1.273,11,22.2,0.0,38.2,61.8,1.1788
ALL,100,10,60,765,41.7,1.18,901.39,-6.93,1.227,11,38.9,0.0,48.8,51.2,1.1783
ALL,100,10,120,765,38.56,1.34,1028.01,-10,1.233,12,67.3,0.1,55.8,44.1,1.3438
ALL,100,10,240,765,35.42,2.1,1604.35,-10,1.335,16,115.8,0.5,61.7,37.8,2.0972
ALL,100,10,390,765,30.46,2.39,1828.84,-10,1.351,16,165.7,0.7,67.2,32.2,2.3906
ALL,100,15,15,765,51.63,0.86,659.59,0.37,1.223,6,13.7,0.0,14.8,85.2,0.8622
ALL,100,15,30,765,51.24,1.02,782.09,0.31,1.211,7,25.8,0.0,24.1,75.9,1.0223
ALL,100,15,60,765,47.32,0.95,723.05,-1.14,1.157,10,47.0,0.0,34.0,66.0,0.9452
ALL,100,15,120,765,45.49,1.11,845.6,-3.17,1.16,11,83.9,0.1,41.7,58.2,1.1054
ALL,100,15,240,765,42.88,1.85,1418.08,-10.94,1.238,16,148.6,0.5,49.7,49.8,1.8537
ALL,100,15,390,765,37.52,1.94,1480.66,-15,1.218,16,215.1,0.8,57.1,42.1,1.9355
ALL,100,20,15,765,52.03,0.65,496.15,0.42,1.157,6,14.2,0.0,8.6,91.4,0.6486
ALL,100,20,30,765,52.55,0.76,583.88,0.71,1.146,7,27.4,0.0,15.9,84.1,0.7632
ALL,100,20,60,765,49.28,0.71,543.98,-0.18,1.109,8,51.2,0.0,24.6,75.4,0.7111
ALL,100,20,120,765,49.02,0.64,491.04,-0.53,1.082,9,93.3,0.1,33.7,66.1,0.6419
ALL,100,20,240,765,47.06,1.65,1259.34,-2.62,1.185,10,168.3,0.7,39.2,60.1,1.6462
ALL,100,20,390,765,43.53,1.91,1464.61,-9.03,1.189,10,248.1,1.0,47.8,51.1,1.9145
ALL,100,30,15,765,52.55,0.61,467.93,0.45,1.144,6,14.7,0.0,3.4,96.6,0.6117
ALL,100,30,30,765,54.12,0.65,498.46,1.22,1.118,7,29.0,0.0,7.1,92.9,0.6516
ALL,100,30,60,765,51.5,0.48,369.27,0.75,1.068,8,55.8,0.0,13.5,86.5,0.4827
ALL,100,30,120,765,52.03,0.32,242.71,0.95,1.036,9,105.3,0.1,20.8,79.1,0.3173
ALL,100,30,240,765,51.37,1.07,820.99,1.21,1.105,10,195.0,0.8,27.5,71.8,1.0732
ALL,100,30,390,765,48.76,1.34,1025.07,-1.16,1.115,10,294.7,1.2,33.5,65.4,1.34
ALL,100,50,15,765,52.94,0.72,548.94,0.59,1.171,6,15.0,0.0,0.7,99.3,0.7176
ALL,100,50,30,765,54.51,0.68,518.26,1.41,1.121,7,29.9,0.0,1.6,98.4,0.6775
ALL,100,50,60,765,52.81,0.56,425.48,1.1,1.078,8,59.0,0.0,4.3,95.7,0.5562
ALL,100,50,120,765,53.86,0.33,254.66,1.9,1.036,8,115.4,0.1,6.9,92.9,0.3329
ALL,100,50,240,765,54.38,0.92,702.2,3.15,1.082,6,222.3,0.8,12.2,87.1,0.9179
ALL,100,50,390,765,52.29,0.97,742.02,1.42,1.073,7,345.5,1.4,17.1,81.4,0.97
Gap Up Days,2,2,15,445,67.42,0.7,310,2,2.069,4,1.1,67.4,32.6,0.0,0.6966
Gap Up Days,2,2,30,445,67.42,0.7,310,2,2.069,4,1.1,67.4,32.6,0.0,0.6966
Gap Up Days,2,2,60,445,67.42,0.7,310,2,2.069,4,1.1,67.4,32.6,0.0,0.6966
Gap Up Days,2,2,120,445,67.42,0.7,310,2,2.069,4,1.1,67.4,32.6,0.0,0.6966
Gap Up Days,2,2,240,445,67.42,0.7,310,2,2.069,4,1.1,67.4,32.6,0.0,0.6966
Gap Up Days,2,2,390,445,67.42,0.7,310,2,2.069,4,1.1,67.4,32.6,0.0,0.6966
Gap Up Days,2,5,15,445,79.33,0.56,250.56,2,1.552,4,1.8,79.1,20.2,0.7,0.5631
Gap Up Days,2,5,30,445,79.55,0.56,251.08,2,1.552,4,1.9,79.3,20.4,0.2,0.5642
Gap Up Days,2,5,60,445,79.55,0.57,252.05,2,1.554,4,1.9,79.3,20.4,0.2,0.5664
Gap Up Days,2,5,120,445,79.55,0.57,253,2,1.556,4,1.9,79.6,20.4,0.0,0.5685
Gap Up Days,2,5,240,445,79.55,0.57,253,2,1.556,4,1.9,79.6,20.4,0.0,0.5685
Gap Up Days,2,5,390,445,79.55,0.57,253,2,1.556,4,1.9,79.6,20.4,0.0,0.5685
Gap Up Days,2,8,15,445,82.47,0.38,169.83,2,1.303,4,2.5,82.0,14.6,3.4,0.3816
Gap Up Days,2,8,30,445,83.15,0.36,161.51,2,1.28,4,2.8,82.9,16.0,1.1,0.3629
Gap Up Days,2,8,60,445,83.6,0.36,159.05,2,1.272,4,2.9,83.4,16.4,0.2,0.3574
Gap Up Days,2,8,120,445,83.6,0.36,160,2,1.274,4,2.9,83.6,16.4,0.0,0.3596
Gap Up Days,2,8,240,445,83.6,0.36,160,2,1.274,4,2.9,83.6,16.4,0.0,0.3596
Gap Up Days,2,8,390,445,83.6,0.36,160,2,1.274,4,2.9,83.6,16.4,0.0,0.3596
Gap Up Days,2,10,15,445,84.49,0.39,171.47,2,1.299,4,3.0,83.6,10.1,6.3,0.3853
Gap Up Days,2,10,30,445,84.94,0.33,147.75,2,1.244,4,3.6,84.5,12.6,2.9,0.332
Gap Up Days,2,10,60,445,86.29,0.37,163.98,2,1.272,4,4.1,85.8,13.5,0.7,0.3685
Gap Up Days,2,10,120,445,86.29,0.36,161.81,2,1.267,4,4.3,86.1,13.5,0.4,0.3636
Gap Up Days,2,10,240,445,86.29,0.36,158,2,1.259,4,4.5,86.3,13.7,0.0,0.3551
Gap Up Days,2,10,390,445,86.29,0.36,158,2,1.259,4,4.5,86.3,13.7,0.0,0.3551
Gap Up Days,2,15,15,445,85.84,0.39,175.19,2,1.301,4,3.6,84.9,3.8,11.2,0.3937
Gap Up Days,2,15,30,445,86.97,0.35,156.45,2,1.255,4,5.0,86.3,7.0,6.7,0.3516
Gap Up Days,2,15,60,445,88.99,0.35,155.48,2,1.245,4,6.3,88.5,8.8,2.7,0.3494
Gap Up Days,2,15,120,445,89.66,0.3,132.34,2,1.199,2,7.4,89.4,9.4,1.1,0.2974
Gap Up Days,2,15,240,445,89.66,0.28,126.53,2,1.188,2,8.2,89.7,9.9,0.4,0.2843
Gap Up Days,2,15,390,445,89.66,0.24,108,2,1.157,2,8.3,89.7,10.3,0.0,0.2427
Gap Up Days,2,20,15,445,85.84,0.34,149.3,2,1.245,4,3.8,84.9,1.8,13.3,0.3355
Gap Up Days,2,20,30,445,87.19,0.25,112.14,2,1.17,4,5.4,86.5,4.5,9.0,0.252
Gap Up Days,2,20,60,445,89.66,0.29,130.03,2,1.195,4,7.4,89.2,5.8,4.9,0.2922
Gap Up Days,2,20,120,445,91.24,0.24,108.21,2,1.154,2,9.0,91.0,7.2,1.8,0.2432
Gap Up Days,2,20,240,445,91.46,0.22,98.7,2,1.138,2,10.3,91.5,7.6,0.9,0.2218
Gap Up Days,2,20,390,445,92.13,0.27,118.79,2,1.17,2,11.1,91.9,7.9,0.2,0.2669
Gap Up Days,2,30,15,445,85.84,0.29,129.03,2,1.205,4,3.9,84.9,0.7,14.4,0.29
Gap Up Days,2,30,30,445,87.42,0.14,62.34,2,1.088,4,5.9,86.7,1.8,11.5,0.1401
Gap Up Days,2,30,60,445,89.89,0.07,33.31,2,1.044,4,8.7,89.4,2.9,7.6,0.0749
Gap Up Days,2,30,120,445,91.46,0.07,31.56,2,1.04,2,12.0,91.2,4.3,4.5,0.0709
Gap Up Days,2,30,240,445,92.58,0.05,21.08,2,1.026,2,15.5,92.4,5.2,2.5,0.0474
Gap Up Days,2,30,390,445,93.71,0.01,5.3,2,1.006,2,17.1,93.5,6.1,0.4,0.0119
Gap Up Days,2,50,15,445,85.84,0.29,130.22,2,1.208,4,3.9,84.9,0.0,15.1,0.2926
Gap Up Days,2,50,30,445,87.42,0.15,67.54,2,1.096,4,6.1,86.7,0.2,13.0,0.1518
Gap Up Days,2,50,60,445,90.11,0.16,71.19,2,1.098,4,9.4,89.7,0.7,9.7,0.16
Gap Up Days,2,50,120,445,91.69,0.15,65.13,2,1.087,2,14.4,91.5,0.9,7.6,0.1464
Gap Up Days,2,50,240,445,93.26,0.14,64.44,2,1.084,2,21.7,93.0,1.6,5.4,0.1448
Gap Up Days,2,50,390,445,94.38,-0.01,-2.49,2,0.997,2,28.1,94.2,2.2,3.6,-0.0056
Gap Up Days,5,2,15,445,57.98,2.06,916.26,5,3.475,8,2.0,57.8,41.3,0.9,2.059
Gap Up Days,5,2,30,445,58.2,2.06,916.66,5,3.464,8,2.0,57.8,41.8,0.4,2.0599
Gap Up Days,5,2,60,445,57.98,2.06,915.62,5,3.448,8,2.1,57.8,42.0,0.2,2.0576
Gap Up Days,5,2,120,445,57.98,2.06,916,5,3.449,8,2.1,58.0,42.0,0.0,2.0584
Gap Up Days,5,2,240,445,57.98,2.06,916,5,3.449,8,2.1,58.0,42.0,0.0,2.0584
Gap Up Days,5,2,390,445,57.98,2.06,916,5,3.449,8,2.1,58.0,42.0,0.0,2.0584
Gap Up Days,5,5,15,445,67.19,1.72,766.6,5,2.127,4,3.7,63.8,29.2,7.0,1.7227
Gap Up Days,5,5,30,445,67.19,1.67,741.31,5,2.027,4,4.3,64.9,31.9,3.1,1.6659
Gap Up Days,5,5,60,445,66.74,1.68,745.49,5,2.014,4,4.8,66.3,32.8,0.9,1.6753
Gap Up Days,5,5,120,445,66.97,1.69,752.42,5,2.024,4,5.0,66.7,33.0,0.2,1.6908
Gap Up Days,5,5,240,445,66.97,1.7,755,5,2.027,4,5.1,67.0,33.0,0.0,1.6966
Gap Up Days,5,5,390,445,66.97,1.7,755,5,2.027,4,5.1,67.0,33.0,0.0,1.6966
Gap Up Days,5,8,15,445,69.89,1.47,654.4,5,1.784,4,4.8,65.4,19.8,14.8,1.4706
Gap Up Days,5,8,30,445,71.46,1.42,630.54,5,1.692,4,6.5,68.1,23.8,8.1,1.4169
Gap Up Days,5,8,60,445,70.79,1.29,572.01,5,1.573,4,7.7,70.3,27.4,2.2,1.2854
Gap Up Days,5,8,120,445,71.01,1.23,549.49,5,1.535,4,8.6,70.8,28.5,0.7,1.2348
Gap Up Days,5,8,240,445,71.24,1.26,561,5,1.548,4,8.9,71.2,28.8,0.0,1.2607
Gap Up Days,5,8,390,445,71.24,1.26,561,5,1.548,4,8.9,71.2,28.8,0.0,1.2607
Gap Up Days,5,10,15,445,71.91,1.49,662.73,5,1.781,4,5.6,66.1,13.0,20.9,1.4893
Gap Up Days,5,10,30,445,73.48,1.39,616.8,5,1.641,4,7.8,69.4,18.9,11.7,1.3861
Gap Up Days,5,10,60,445,74.38,1.4,621.37,5,1.609,4,10.1,73.3,21.6,5.2,1.3963
Gap Up Days,5,10,120,445,75.28,1.32,587.77,5,1.546,4,12.0,74.6,23.4,2.0,1.3208
Gap Up Days,5,10,240,445,75.51,1.37,610.88,5,1.571,4,13.7,75.5,23.8,0.7,1.3728
Gap Up Days,5,10,390,445,75.73,1.36,605,5,1.56,4,14.2,75.7,24.3,0.0,1.3596
Gap Up Days,5,15,15,445,73.03,1.48,658.27,5,1.753,4,6.3,67.0,5.2,27.9,1.4793
Gap Up Days,5,15,30,445,75.51,1.35,600.16,5,1.596,4,9.8,70.6,10.1,19.3,1.3487
Gap Up Days,5,15,60,445,77.3,1.24,552.53,5,1.481,4,14.0,75.5,14.4,10.1,1.2416
Gap Up Days,5,15,120,445,79.55,1.18,523.92,5,1.427,3,18.1,78.2,16.4,5.4,1.1773
Gap Up Days,5,15,240,445,80.22,1.22,542.24,5,1.439,3,22.7,79.8,18.0,2.2,1.2185
Gap Up Days,5,15,390,445,80.9,1.2,533.31,5,1.421,3,24.6,80.9,18.7,0.4,1.1984
Gap Up Days,5,20,15,445,73.03,1.43,635.61,5,1.708,4,6.5,67.0,2.0,31.0,1.4283
Gap Up Days,5,20,30,445,75.96,1.3,580.36,5,1.56,4,10.5,71.0,5.4,23.6,1.3042
Gap Up Days,5,20,60,445,78.2,1.21,536.42,5,1.453,4,16.1,76.4,9.0,14.6,1.2054
Gap Up Days,5,20,120,445,81.8,1.09,486.4,5,1.372,3,22.1,80.0,12.1,7.9,1.093
Gap Up Days,5,20,240,445,82.92,1.14,506.81,5,1.381,3,29.0,82.5,13.5,4.0,1.1389
Gap Up Days,5,20,390,445,84.49,1.16,514.1,5,1.378,3,32.0,84.3,15.1,0.7,1.1553
Gap Up Days,5,30,15,445,73.03,1.37,610.49,5,1.662,4,6.7,67.0,0.7,32.4,1.3719
Gap Up Days,5,30,30,445,75.96,1.19,529.52,5,1.487,4,11.1,71.0,2.0,27.0,1.1899
Gap Up Days,5,30,60,445,78.43,0.89,397.78,5,1.299,4,17.9,76.6,4.0,19.3,0.8939
Gap Up Days,5,30,120,445,82.02,0.8,357.59,5,1.248,2,27.0,80.2,7.0,12.8,0.8036
Gap Up Days,5,30,240,445,84.27,0.62,275.78,5,1.174,2,38.2,83.6,9.7,6.7,0.6197
Gap Up Days,5,30,390,445,86.74,0.7,311.72,5,1.193,2,44.7,86.5,11.2,2.2,0.7005
Gap Up Days,5,50,15,445,73.03,1.37,611.68,5,1.664,4,6.7,67.0,0.0,33.0,1.3746
Gap Up Days,5,50,30,445,75.96,1.2,535.26,5,1.495,4,11.3,71.0,0.2,28.8,1.2028
Gap Up Days,5,50,60,445,78.65,1.02,453.79,5,1.355,4,18.8,76.9,0.9,22.2,1.0198
Gap Up Days,5,50,120,445,82.7,1.11,493.69,5,1.374,2,30.6,80.9,1.1,18.0,1.1094
Gap Up Days,5,50,240,445,85.62,0.93,415.81,5,1.282,2,48.6,84.9,2.2,12.8,0.9344
Gap Up Days,5,50,390,445,88.54,0.79,353.42,5,1.219,2,64.1,88.3,4.0,7.6,0.7942
Gap Up Days,8,2,15,445,51.69,2.99,1328.61,3.04,4.163,8,3.6,47.0,46.7,6.3,2.9856
Gap Up Days,8,2,30,445,50.79,2.97,1322.27,3.25,4.019,8,4.1,48.5,49.2,2.2,2.9714
Gap Up Days,8,2,60,445,50.11,2.97,1321.96,0.52,3.977,8,4.5,49.0,49.9,1.1,2.9707
Gap Up Days,8,2,120,445,50.11,2.98,1327.87,0.05,3.991,8,4.9,49.7,49.9,0.4,2.984
Gap Up Days,8,2,240,445,49.89,2.97,1322.01,-2,3.964,8,5.4,49.7,50.1,0.2,2.9708
Gap Up Days,8,2,390,445,49.66,2.97,1320,-2,3.946,8,5.4,49.7,50.3,0.0,2.9663
Gap Up Days,8,5,15,445,61.8,2.68,1194.16,7.85,2.559,4,5.8,49.9,32.6,17.5,2.6835
Gap Up Days,8,5,30,445,60.9,2.64,1173.04,8,2.384,4,7.7,54.6,37.3,8.1,2.636
Gap Up Days,8,5,60,445,59.33,2.57,1142.09,8,2.269,5,9.2,56.2,40.2,3.6,2.5665
Gap Up Days,8,5,120,445,59.1,2.62,1166.77,8,2.282,5,10.4,57.8,40.9,1.3,2.622
Gap Up Days,8,5,240,445,59.1,2.65,1181.16,8,2.298,5,11.3,58.7,40.9,0.4,2.6543
Gap Up Days,8,5,390,445,58.65,2.62,1168,8,2.27,5,11.9,58.7,41.3,0.0,2.6247
Gap Up Days,8,8,15,445,64.72,2.39,1063.54,8,2.122,4,7.0,50.8,22.5,26.7,2.39
Gap Up Days,8,8,30,445,65.39,2.33,1038.07,8,1.953,4,10.2,56.6,28.3,15.1,2.3327
Gap Up Days,8,8,60,445,63.6,2.1,933.32,8,1.754,5,13.1,59.8,33.9,6.3,2.0973
Gap Up Days,8,8,120,445,63.6,2.11,937.93,8,1.733,5,15.9,61.6,35.5,2.9,2.1077
Gap Up Days,8,8,240,445,63.6,2.14,951.69,8,1.737,5,18.0,62.9,36.2,0.9,2.1386
Gap Up Days,8,8,390,445,62.92,2.08,925.68,8,1.704,5,18.8,62.9,36.9,0.2,2.0802
Gap Up Days,8,10,15,445,66.97,2.4,1069.13,8,2.1,4,7.8,51.2,15.1,33.7,2.4025
Gap Up Days,8,10,30,445,67.42,2.26,1004.43,8,1.862,4,11.8,57.5,22.5,20.0,2.2571
Gap Up Days,8,10,60,445,66.97,2.11,939.98,8,1.716,4,16.2,61.6,27.4,11.0,2.1123
Gap Up Days,8,10,120,445,67.42,2.07,919.58,8,1.652,4,20.6,64.5,30.8,4.7,2.0665
Gap Up Days,8,10,240,445,66.97,2.08,926.25,8,1.647,4,24.9,65.8,31.7,2.5,2.0815
Gap Up Days,8,10,390,445,66.74,2.02,899.43,8,1.612,4,26.7,66.3,32.8,0.9,2.0212
Gap Up Days,8,15,15,445,68.31,2.43,1081.87,8,2.088,4,8.6,51.9,5.6,42.5,2.4312
Gap Up Days,8,15,30,445,70.11,2.27,1009.22,8,1.824,4,14.0,59.1,12.4,28.5,2.2679
Gap Up Days,8,15,60,445,70.56,1.96,873.16,8,1.591,4,20.9,63.6,18.2,18.2,1.9622
Gap Up Days,8,15,120,445,72.36,1.92,855.95,8,1.526,4,28.7,68.5,21.8,9.7,1.9235
Gap Up Days,8,15,240,445,72.36,1.84,820.7,8,1.48,4,37.2,70.6,24.7,4.7,1.8443
Gap Up Days,8,15,390,445,72.81,1.78,794.25,8,1.445,4,41.6,72.1,26.1,1.8,1.7848
Gap Up Days,8,20,15,445,68.31,2.37,1053.25,8,2.03,4,8.8,51.9,2.2,45.8,2.3669
Gap Up Days,8,20,30,445,70.56,2.22,986.03,8,1.783,4,14.9,59.3,6.1,34.6,2.2158
Gap Up Days,8,20,60,445,71.69,1.98,878.9,8,1.582,4,23.5,64.5,11.5,24.0,1.9751
Gap Up Days,8,20,120,445,74.83,1.79,798.49,8,1.454,4,34.1,70.6,16.0,13.5,1.7944
Gap Up Days,8,20,240,445,75.51,1.75,778.3,8,1.418,3,46.8,73.5,18.0,8.5,1.749
Gap Up Days,8,20,390,445,77.75,1.82,810.8,8,1.423,3,54.1,76.0,20.9,3.1,1.822
Gap Up Days,8,30,15,445,68.31,2.29,1018.13,8,1.962,4,9.0,51.9,0.9,47.2,2.2879
Gap Up Days,8,30,30,445,70.56,2.05,911.87,8,1.684,4,15.5,59.3,2.5,38.2,2.0491
Gap Up Days,8,30,60,445,72.13,1.61,714.23,8,1.423,4,25.6,64.9,5.4,29.7,1.605
Gap Up Days,8,30,120,445,75.51,1.37,608.65,8,1.309,4,39.8,71.0,9.7,19.3,1.3678
Gap Up Days,8,30,240,445,77.3,1.07,475.82,8,1.215,3,58.1,74.8,13.0,12.1,1.0693
Gap Up Days,8,30,390,445,80.67,1.27,563.68,8,1.249,3,71.2,78.2,15.3,6.5,1.2667
Gap Up Days,8,50,15,445,68.31,2.29,1020.43,8,1.967,4,9.0,51.9,0.0,48.1,2.2931
Gap Up Days,8,50,30,445,70.56,2.04,909.12,8,1.681,4,15.8,59.3,0.2,40.4,2.043
Gap Up Days,8,50,60,445,72.36,1.65,734.14,8,1.437,4,26.9,65.2,1.6,33.3,1.6498
Gap Up Days,8,50,120,445,76.18,1.49,662.37,8,1.341,4,44.5,71.7,2.2,26.1,1.4885
Gap Up Days,8,50,240,445,78.88,1.21,537.58,8,1.243,3,70.7,76.2,4.0,19.8,1.208
Gap Up Days,8,50,390,445,82.47,1.18,523.55,8,1.222,3,95.2,79.8,5.8,14.4,1.1765
Gap Up Days,10,2,15,445,46.97,3.11,1382.32,-2,3.995,10,4.9,36.2,51.2,12.6,3.1063
Gap Up Days,10,2,30,445,44.72,3.1,1377.33,-2,3.799,10,6.0,40.2,55.3,4.5,3.0951
Gap Up Days,10,2,60,445,43.15,3.09,1375.07,-2,3.718,10,6.6,41.6,56.9,1.6,3.09
Gap Up Days,10,2,120,445,42.7,3.07,1365.83,-2,3.678,10,7.4,41.8,57.3,0.9,3.0693
Gap Up Days,10,2,240,445,42.25,3.05,1356.01,-2,3.638,10,8.2,42.0,57.8,0.2,3.0472
Gap Up Days,10,2,390,445,42.02,3.04,1354,-2,3.624,10,8.3,42.0,58.0,0.0,3.0427
Gap Up Days,10,5,15,445,57.98,2.83,1259.57,3.53,2.504,6,7.2,39.1,35.3,25.6,2.8305
Gap Up Days,10,5,30,445,55.28,2.72,1209.89,2.86,2.266,8,10.1,44.9,41.8,13.3,2.7189
Gap Up Days,10,5,60,445,51.91,2.54,1128.83,2.72,2.061,8,12.4,47.6,47.4,4.9,2.5367
Gap Up Days,10,5,120,445,51.01,2.55,1133.88,4.4,2.046,8,14.6,48.5,48.5,2.9,2.548
Gap Up Days,10,5,240,445,50.79,2.59,1152.59,10,2.059,8,16.5,50.1,48.8,1.1,2.5901
Gap Up Days,10,5,390,445,50.56,2.58,1150,10,2.045,8,17.3,50.6,49.4,0.0,2.5843
Gap Up Days,10,8,15,445,61.35,2.56,1139.53,4.14,2.117,6,8.6,39.8,23.6,36.6,2.5607
Gap Up Days,10,8,30,445,60.67,2.43,1082.5,5.78,1.891,8,13.0,46.7,31.5,21.8,2.4326
Gap Up Days,10,8,60,445,57.75,2.13,946.26,10,1.661,6,17.4,51.0,39.1,9.9,2.1264
Gap Up Days,10,8,120,445,56.4,2.03,902.61,10,1.597,6,21.8,52.6,41.8,5.6,2.0283
Gap Up Days,10,8,240,445,55.96,2.03,905.23,10,1.584,6,25.6,54.6,43.4,2.0,2.0342
Gap Up Days,10,8,390,445,55.51,2.0,891.68,10,1.565,6,26.7,55.5,44.3,0.2,2.0038
Gap Up Days,10,10,15,445,63.82,2.61,1159.69,4.25,2.123,6,9.4,40.0,15.5,44.5,2.606
Gap Up Days,10,10,30,445,63.15,2.42,1076.72,6.17,1.842,8,14.8,47.4,24.3,28.3,2.4196
Gap Up Days,10,10,60,445,61.57,2.19,976.54,10,1.646,4,21.1,52.8,31.5,15.7,2.1945
Gap Up Days,10,10,120,445,60.9,2.06,917.27,10,1.554,5,27.8,56.0,36.0,8.1,2.0613
Gap Up Days,10,10,240,445,60.22,2.09,928.66,10,1.546,4,34.5,58.2,37.5,4.3,2.0869
Gap Up Days,10,10,390,445,60.0,2.0,889.43,10,1.503,6,37.4,59.6,39.6,0.9,1.9987
Gap Up Days,10,15,15,445,64.72,2.58,1148.34,4.35,2.078,6,10.3,40.2,5.8,53.9,2.5805
Gap Up Days,10,15,30,445,65.84,2.4,1068.48,7.38,1.787,8,17.2,48.8,13.7,37.5,2.4011
Gap Up Days,10,15,60,445,65.39,1.99,885.84,10,1.516,4,26.3,54.8,21.1,24.0,1.9907
Gap Up Days,10,15,120,445,65.84,1.83,814.21,10,1.42,4,37.3,59.8,25.6,14.6,1.8297
Gap Up Days,10,15,240,445,65.84,1.74,776.41,10,1.377,4,50.5,62.5,29.4,8.1,1.7447
Gap Up Days,10,15,390,445,66.07,1.59,705.99,10,1.321,4,58.1,64.7,31.9,3.4,1.5865
Gap Up Days,10,20,15,445,64.72,2.51,1117.61,4.35,2.02,6,10.5,40.2,2.2,57.5,2.5115
Gap Up Days,10,20,30,445,66.52,2.46,1092.65,7.53,1.807,8,18.2,49.0,6.3,44.7,2.4554
Gap Up Days,10,20,60,445,66.97,2.14,950.31,10,1.554,4,29.4,56.0,12.8,31.2,2.1355
Gap Up Days,10,20,120,445,68.99,1.84,820.19,10,1.399,4,43.9,62.5,18.4,19.1,1.8431
Gap Up Days,10,20,240,445,69.89,1.79,797.45,10,1.36,4,62.0,66.3,21.3,12.4,1.792
Gap Up Days,10,20,390,445,71.91,1.7,757.99,10,1.319,4,73.4,69.4,25.6,4.9,1.7033
Gap Up Days,10,30,15,445,64.72,2.43,1082.49,4.35,1.957,6,10.7,40.2,0.9,58.9,2.4326
Gap Up Days,10,30,30,445,66.52,2.31,1026.89,7.53,1.723,8,18.8,49.0,2.5,48.5,2.3076
Gap Up Days,10,30,60,445,67.42,1.76,781.18,10,1.411,4,31.8,56.2,6.1,37.8,1.7555
Gap Up Days,10,30,120,445,69.89,1.38,614.57,10,1.267,4,50.3,63.1,11.5,25.4,1.3811
Gap Up Days,10,30,240,445,71.91,1.08,481.97,10,1.185,4,75.2,67.9,15.1,17.1,1.0831
Gap Up Days,10,30,390,445,75.73,1.23,546.21,10,1.2,3,94.4,72.1,18.2,9.7,1.2274
Gap Up Days,10,50,15,445,64.72,2.44,1084.79,4.35,1.961,6,10.7,40.2,0.0,59.8,2.4377
Gap Up Days,10,50,30,445,66.52,2.3,1024.14,7.53,1.72,8,19.1,49.0,0.2,50.8,2.3014
Gap Up Days,10,50,60,445,67.64,1.82,809.56,10,1.43,4,33.1,56.4,1.6,42.0,1.8192
Gap Up Days,10,50,120,445,70.56,1.5,668.5,10,1.294,4,55.7,63.8,2.5,33.7,1.5022
Gap Up Days,10,50,240,445,73.71,1.3,576.55,10,1.223,4,90.1,69.4,4.5,26.1,1.2956
Gap Up Days,10,50,390,445,77.98,1.25,557.49,10,1.198,3,123.1,74.2,7.0,18.9,1.2528
Gap Up Days,15,2,15,445,44.49,3.7,1647.23,-2,4.411,10,6.9,21.1,53.5,25.4,3.7016
Gap Up Days,15,2,30,445,39.78,3.65,1622.79,-2,4.046,12,9.7,26.3,59.8,13.9,3.6467
Gap Up Days,15,2,60,445,35.06,3.51,1564.01,-2,3.706,12,12.2,29.7,64.9,5.4,3.5146
Gap Up Days,15,2,120,445,32.58,3.36,1496.98,-2,3.495,20,14.3,30.6,67.4,2.0,3.364
Gap Up Days,15,2,240,445,31.91,3.37,1498.75,-2,3.473,20,16.0,31.2,68.1,0.7,3.368
Gap Up Days,15,2,390,445,31.46,3.35,1490,-2,3.443,20,16.1,31.5,68.5,0.0,3.3483
Gap Up Days,15,5,15,445,55.51,3.35,1490.96,2.14,2.683,6,9.4,21.3,37.3,41.3,3.3505
Gap Up Days,15,5,30,445,50.79,3.25,1448.14,0.32,2.392,8,14.4,29.0,45.4,25.6,3.2542
Gap Up Days,15,5,60,445,45.17,3.11,1383.0,-5,2.143,8,19.6,33.9,53.9,12.1,3.1079
Gap Up Days,15,5,120,445,42.7,3.05,1356.62,-5,2.076,9,24.8,36.9,56.4,6.7,3.0486
Gap Up Days,15,5,240,445,41.8,3.18,1413.86,-5,2.098,9,30.5,39.3,57.8,2.9,3.1772
Gap Up Days,15,5,390,445,40.9,3.15,1402.43,-5,2.066,9,32.7,40.4,59.1,0.4,3.1515
Gap Up Days,15,8,15,445,58.88,3.07,1364.29,2.79,2.252,6,10.8,22.0,25.4,52.6,3.0658
Gap Up Days,15,8,30,445,56.18,2.96,1316.93,2.44,1.993,8,17.4,30.1,33.9,36.0,2.9594
Gap Up Days,15,8,60,445,51.69,2.71,1205.43,1.05,1.739,6,25.4,36.4,44.3,19.3,2.7088
Gap Up Days,15,8,120,445,48.99,2.65,1177.92,-1.46,1.671,9,34.1,40.7,48.3,11.0,2.647
Gap Up Days,15,8,240,445,47.64,2.7,1203.09,-8,1.654,9,43.3,43.8,51.5,4.7,2.7036
Gap Up Days,15,8,390,445,46.52,2.66,1185.31,-8,1.629,9,47.4,45.6,52.8,1.6,2.6636
Gap Up Days,15,10,15,445,61.35,3.09,1375.1,3.04,2.232,6,11.7,22.2,17.1,60.7,3.0901
Gap Up Days,15,10,30,445,58.65,2.93,1301.79,2.81,1.924,8,19.3,30.6,26.5,42.9,2.9254
Gap Up Days,15,10,60,445,55.96,2.77,1234.15,3.08,1.711,5,29.5,37.5,36.2,26.3,2.7734
Gap Up Days,15,10,120,445,53.93,2.73,1214.7,3.2,1.628,5,41.5,42.9,41.8,15.3,2.7297
Gap Up Days,15,10,240,445,52.58,2.95,1310.77,6.88,1.648,7,54.8,47.9,44.5,7.6,2.9456
Gap Up Days,15,10,390,445,51.69,2.83,1259.36,10.66,1.597,7,62.1,49.9,47.0,3.1,2.83
Gap Up Days,15,15,15,445,62.25,3.04,1351.58,3.3,2.165,6,12.6,22.2,6.7,71.0,3.0373
Gap Up Days,15,15,30,445,61.57,2.92,1297.52,3.63,1.854,8,21.9,31.7,15.5,52.8,2.9158
Gap Up Days,15,15,60,445,60.22,2.58,1149.42,4.6,1.581,5,35.4,39.3,23.8,36.9,2.583
Gap Up Days,15,15,120,445,59.1,2.43,1080.11,7.27,1.472,5,52.9,45.4,30.3,24.3,2.4272
Gap Up Days,15,15,240,445,58.2,2.5,1112.84,15,1.446,7,75.2,51.5,35.3,13.3,2.5008
Gap Up Days,15,15,390,445,57.75,2.31,1026.12,15,1.384,5,89.7,54.2,38.7,7.2,2.3059
Gap Up Days,15,20,15,445,62.25,2.95,1313.35,3.3,2.096,6,12.8,22.2,2.9,74.8,2.9513
Gap Up Days,15,20,30,445,62.25,2.96,1315.14,3.91,1.861,8,23.0,31.9,7.4,60.7,2.9554
Gap Up Days,15,20,60,445,61.8,2.75,1223.13,5.39,1.615,5,38.9,40.2,14.4,45.4,2.7486
Gap Up Days,15,20,120,445,62.02,2.29,1018.64,9.72,1.409,4,60.8,46.7,22.5,30.8,2.2891
Gap Up Days,15,20,240,445,62.02,2.39,1062.13,15,1.384,5,90.2,53.9,26.3,19.8,2.3868
Gap Up Days,15,20,390,445,64.04,2.48,1102.97,15,1.378,4,110.6,58.4,31.2,10.3,2.4786
Gap Up Days,15,30,15,445,62.25,2.85,1266.73,3.3,2.017,6,13.0,22.2,1.1,76.6,2.8466
Gap Up Days,15,30,30,445,62.47,2.78,1235.67,3.92,1.766,8,23.7,31.9,3.4,64.7,2.7768
Gap Up Days,15,30,60,445,62.47,2.34,1042.45,5.72,1.475,5,41.4,40.4,7.0,52.6,2.3426
Gap Up Days,15,30,120,445,63.15,1.77,786.44,10.4,1.282,4,68.2,47.6,13.7,38.7,1.7673
Gap Up Days,15,30,240,445,64.94,1.72,763.93,15,1.239,4,106.4,55.7,18.2,26.1,1.7167
Gap Up Days,15,30,390,445,68.09,1.87,834.13,15,1.246,4,137.5,60.9,22.5,16.6,1.8744
Gap Up Days,15,50,15,445,62.47,2.93,1304.92,3.53,2.076,6,13.0,22.2,0.0,77.8,2.9324
Gap Up Days,15,50,30,445,62.47,2.73,1215.0,3.92,1.744,8,24.0,31.9,0.7,67.4,2.7303
Gap Up Days,15,50,60,445,62.92,2.48,1102.06,5.96,1.509,5,42.9,40.9,2.0,57.1,2.4765
Gap Up Days,15,50,120,445,64.04,1.98,882.16,11.14,1.321,4,74.6,48.3,2.9,48.8,1.9824
Gap Up Days,15,50,240,445,66.74,1.84,820.64,15,1.254,4,124.5,57.1,5.8,37.1,1.8441
Gap Up Days,15,50,390,445,70.56,1.84,821.02,15,1.23,4,172.3,63.1,9.0,27.9,1.845
Gap Up Days,20,2,15,445,42.25,3.62,1611.06,-2,4.209,10,8.0,10.1,55.5,34.4,3.6204
Gap Up Days,20,2,30,445,36.63,3.69,1642.55,-2,3.929,12,12.1,15.3,62.9,21.8,3.6911
Gap Up Days,20,2,60,445,29.89,3.51,1562.93,-2,3.505,12,16.5,19.6,70.1,10.3,3.5122
Gap Up Days,20,2,120,445,26.52,3.35,1491.92,-2,3.281,20,20.7,22.2,73.5,4.3,3.3526
Gap Up Days,20,2,240,445,25.39,3.33,1480.39,-2,3.23,20,24.7,22.9,74.6,2.5,3.3267
Gap Up Days,20,2,390,445,24.49,3.32,1478.33,-2,3.2,20,26.4,23.8,75.5,0.7,3.3221
Gap Up Days,20,5,15,445,53.48,3.24,1442.93,1.46,2.56,7,10.5,10.1,38.9,51.0,3.2425
Gap Up Days,20,5,30,445,47.19,3.19,1417.91,-2.16,2.274,8,17.0,16.4,48.3,35.3,3.1863
Gap Up Days,20,5,60,445,39.55,3.0,1334.22,-5,2.001,8,24.4,22.0,59.3,18.7,2.9982
Gap Up Days,20,5,120,445,35.96,2.9,1291.53,-5,1.92,9,32.7,26.5,62.7,10.8,2.9023
Gap Up Days,20,5,240,445,33.93,2.93,1304.0,-5,1.894,12,42.4,28.3,65.4,6.3,2.9303
Gap Up Days,20,5,390,445,32.58,2.99,1331.53,-5,1.888,12,47.3,31.2,67.4,1.3,2.9922
Gap Up Days,20,8,15,445,56.85,2.95,1311.91,2.14,2.147,6,12.0,10.6,26.7,62.7,2.9481
Gap Up Days,20,8,30,445,52.58,2.85,1269.64,0.77,1.883,8,20.2,17.3,36.9,45.8,2.8531
Gap Up Days,20,8,60,445,46.29,2.58,1148.68,-4.41,1.637,8,30.7,23.8,48.8,27.4,2.5813
Gap Up Days,20,8,120,445,42.47,2.46,1094.19,-8,1.555,9,43.2,29.7,54.2,16.2,2.4589
Gap Up Days,20,8,240,445,40.0,2.4,1069.76,-8,1.508,10,58.3,32.1,58.9,9.0,2.404
Gap Up Days,20,8,390,445,38.43,2.5,1113.87,-8,1.513,10,66.5,36.2,60.9,2.9,2.5031
Gap Up Days,20,10,15,445,59.33,2.96,1317.28,2.59,2.12,6,12.9,10.6,18.2,71.2,2.9602
Gap Up Days,20,10,30,445,55.06,2.8,1247.17,1.72,1.813,8,22.1,17.5,29.0,53.5,2.8026
Gap Up Days,20,10,60,445,50.79,2.65,1178.16,0.36,1.611,8,35.0,24.5,40.0,35.5,2.6476
Gap Up Days,20,10,120,445,48.09,2.68,1194.07,-3.23,1.55,8,51.4,31.9,47.0,21.1,2.6833
Gap Up Days,20,10,240,445,45.39,2.77,1230.68,-10,1.531,8,72.1,35.7,51.0,13.3,2.7656
Gap Up Days,20,10,390,445,43.6,2.69,1196.49,-10,1.486,8,85.2,40.0,54.6,5.4,2.6887
Gap Up Days,20,15,15,445,60.45,2.93,1303.63,2.71,2.075,6,13.8,10.6,7.2,82.2,2.9295
Gap Up Days,20,15,30,445,58.43,2.81,1250.25,2.17,1.749,8,24.9,18.2,17.3,64.5,2.8096
Gap Up Days,20,15,60,445,55.51,2.45,1089.37,1.99,1.492,7,41.5,26.1,27.0,47.0,2.448
Gap Up Days,20,15,120,445,53.48,2.36,1048.76,2.04,1.403,8,64.1,34.2,34.4,31.5,2.3568
Gap Up Days,20,15,240,445,51.24,2.25,999.4,1.84,1.345,8,94.9,39.1,40.9,20.0,2.2458
Gap Up Days,20,15,390,445,49.21,1.93,858.19,-1.68,1.27,8,116.9,43.8,45.8,10.3,1.9285
Gap Up Days,20,20,15,445,60.45,2.85,1268.98,2.71,2.018,6,14.1,10.6,3.1,86.3,2.8516
Gap Up Days,20,20,30,445,59.33,2.87,1277.84,2.61,1.758,8,26.1,18.4,8.5,73.0,2.8716
Gap Up Days,20,20,60,445,57.3,2.6,1158.16,3.0,1.513,5,45.2,26.7,17.1,56.2,2.6026
Gap Up Days,20,20,120,445,56.63,2.19,976.58,3.6,1.342,6,72.4,35.5,25.8,38.7,2.1946
Gap Up Days,20,20,240,445,55.73,2.31,1028.44,5.6,1.324,6,112.1,41.1,30.3,28.5,2.3111
Gap Up Days,20,20,390,445,56.85,2.35,1046.55,7.38,1.304,6,143.8,48.1,36.6,15.3,2.3518
Gap Up Days,20,30,15,445,60.45,2.72,1212.36,2.71,1.93,6,14.2,10.6,1.3,88.1,2.7244
Gap Up Days,20,30,30,445,59.55,2.61,1161.09,2.61,1.642,8,26.8,18.4,4.0,77.5,2.6092
Gap Up Days,20,30,60,445,57.98,2.12,944.08,3.19,1.377,5,48.0,27.0,8.5,64.5,2.1215
Gap Up Days,20,30,120,445,57.53,1.42,631.49,4.32,1.194,6,80.7,36.0,16.4,47.6,1.4191
Gap Up Days,20,30,240,445,58.65,1.35,600.33,7.66,1.16,6,130.7,42.5,22.0,35.5,1.3491
Gap Up Days,20,30,390,445,60.67,1.42,633.87,14.17,1.156,6,174.8,49.9,26.5,23.6,1.4244
Gap Up Days,20,50,15,445,60.67,2.85,1269.97,2.74,2.014,6,14.3,10.6,0.0,89.4,2.8539
Gap Up Days,20,50,30,445,59.55,2.59,1150.5,2.61,1.632,8,27.2,18.4,0.7,80.9,2.5854
Gap Up Days,20,50,60,445,58.43,2.28,1016.02,3.29,1.411,5,49.9,27.4,2.5,70.1,2.2832
Gap Up Days,20,50,120,445,58.43,1.49,660.86,5.07,1.2,6,88.2,36.6,4.0,59.3,1.4851
Gap Up Days,20,50,240,445,60.9,1.24,553.51,10.03,1.141,4,152.3,43.6,7.9,48.5,1.2438
Gap Up Days,20,50,390,445,63.37,1.05,466.76,20,1.105,4,215.5,51.9,11.7,36.4,1.0489
Gap Up Days,30,2,15,445,42.25,3.89,1730.67,-2,4.448,10,8.5,2.0,55.5,42.5,3.8891
Gap Up Days,30,2,30,445,35.73,3.9,1733.66,-2,4.048,12,14.0,5.4,63.8,30.8,3.8959
Gap Up Days,30,2,60,445,26.74,3.56,1582.99,-2,3.432,12,21.2,8.5,73.0,18.4,3.5573
Gap Up Days,30,2,120,445,21.57,3.33,1483.82,-2,3.126,20,29.5,11.5,78.4,10.1,3.3344
Gap Up Days,30,2,240,445,19.55,3.4,1512.36,-2,3.112,20,38.0,14.4,80.4,5.2,3.3986
Gap Up Days,30,2,390,445,18.2,3.49,1551.19,-2,3.131,20,43.2,15.7,81.8,2.5,3.4858
Gap Up Days,30,5,15,445,53.48,3.51,1562.54,1.46,2.69,7,11.1,2.0,38.9,59.1,3.5113
Gap Up Days,30,5,30,445,46.52,3.38,1506.19,-3.13,2.335,8,19.0,5.4,49.0,45.6,3.3847
Gap Up Days,30,5,60,445,37.3,3.19,1421.19,-5,2.034,11,29.8,9.2,61.1,29.7,3.1937
Gap Up Days,30,5,120,445,31.69,2.87,1275.56,-5,1.852,11,44.2,13.0,66.7,20.2,2.8664
Gap Up Days,30,5,240,445,28.76,3.2,1422.59,-5,1.904,14,62.9,17.1,70.6,12.4,3.1968
Gap Up Days,30,5,390,445,26.52,3.43,1527.33,-5,1.934,14,75.8,20.7,73.5,5.8,3.4322
Gap Up Days,30,8,15,445,56.85,3.22,1432.32,2.14,2.252,6,12.6,2.0,26.7,71.2,3.2187
Gap Up Days,30,8,30,445,51.69,3.01,1337.57,0.43,1.91,8,22.3,5.6,37.8,56.6,3.0058
Gap Up Days,30,8,60,445,43.82,2.76,1227.77,-8,1.657,8,36.3,10.1,50.3,39.6,2.759
Gap Up Days,30,8,120,445,38.88,2.48,1102.23,-8,1.527,9,56.1,14.2,57.5,28.3,2.4769
Gap Up Days,30,8,240,445,34.61,2.7,1202.76,-8,1.526,10,82.7,19.3,63.8,16.9,2.7028
Gap Up Days,30,8,390,445,31.91,2.95,1312.97,-8,1.546,11,101.2,23.8,67.4,8.8,2.9505
Gap Up Days,30,10,15,445,59.33,3.23,1437.69,2.59,2.222,6,13.4,2.0,18.2,79.8,3.2308
Gap Up Days,30,10,30,445,54.16,2.98,1328.24,1.58,1.85,8,24.3,5.8,29.4,64.7,2.9848
Gap Up Days,30,10,60,445,48.54,2.9,1288.45,-0.71,1.645,8,40.8,10.6,41.3,48.1,2.8954
Gap Up Days,30,10,120,445,44.49,2.85,1268.55,-10,1.548,8,65.3,16.0,50.1,33.9,2.8507
Gap Up Days,30,10,240,445,40.45,3.24,1443.95,-10,1.572,8,98.6,21.8,55.5,22.7,3.2448
Gap Up Days,30,10,390,445,37.3,3.32,1477.49,-10,1.54,11,124.2,26.7,60.7,12.6,3.3202
Gap Up Days,30,15,15,445,60.45,3.2,1424.04,2.71,2.175,6,14.4,2.0,7.2,90.8,3.2001
Gap Up Days,30,15,30,445,57.53,2.97,1319.73,2.04,1.774,8,27.1,6.1,17.5,76.4,2.9657
Gap Up Days,30,15,60,445,53.26,2.73,1215.64,1.14,1.529,7,47.7,11.2,27.9,60.9,2.7318
Gap Up Days,30,15,120,445,49.66,2.45,1089.23,-0.16,1.39,8,79.3,16.9,36.9,46.3,2.4477
Gap Up Days,30,15,240,445,47.42,2.9,1288.37,-2.03,1.412,8,125.7,23.8,44.0,32.1,2.8952
Gap Up Days,30,15,390,445,43.15,2.65,1181.18,-15,1.333,8,163.7,29.7,50.8,19.6,2.6543
Gap Up Days,30,20,15,445,60.45,3.12,1389.39,2.71,2.114,6,14.6,2.0,3.1,94.8,3.1222
Gap Up Days,30,20,30,445,58.65,3.12,1388.58,2.44,1.812,8,28.3,6.1,8.5,85.4,3.1204
Gap Up Days,30,20,60,445,54.83,2.86,1273.06,1.69,1.542,5,51.7,11.5,17.5,71.0,2.8608
Gap Up Days,30,20,120,445,52.58,2.12,944.13,1.12,1.303,6,88.3,17.5,28.3,54.2,2.1216
Gap Up Days,30,20,240,445,51.69,2.76,1229.66,1.88,1.352,7,144.8,24.5,33.7,41.8,2.7633
Gap Up Days,30,20,390,445,50.56,2.84,1263.55,0.79,1.323,7,194.8,31.0,41.3,27.6,2.8394
Gap Up Days,30,30,15,445,60.45,2.99,1332.77,2.71,2.022,6,14.8,2.0,1.3,96.6,2.995
Gap Up Days,30,30,30,445,58.88,2.86,1271.83,2.5,1.694,8,29.0,6.1,4.0,89.9,2.858
Gap Up Days,30,30,60,445,55.51,2.41,1070.43,1.99,1.412,5,54.4,11.7,8.5,79.8,2.4055
Gap Up Days,30,30,120,445,53.71,1.33,593.7,1.4,1.168,6,97.1,17.8,18.0,64.3,1.3342
Gap Up Days,30,30,240,445,54.83,1.73,771.19,3.8,1.187,7,165.3,25.4,24.5,50.1,1.733
Gap Up Days,30,30,390,445,54.38,1.84,820.45,4.08,1.177,7,230.0,32.4,29.9,37.8,1.8437
Gap Up Days,30,50,15,445,60.67,3.12,1390.38,2.74,2.111,6,14.9,2.0,0.0,98.0,3.1244
Gap Up Days,30,50,30,445,58.88,2.83,1261.24,2.5,1.684,8,29.4,6.1,0.7,93.3,2.8342
Gap Up Days,30,50,60,445,55.96,2.57,1144.39,2.35,1.446,5,56.4,11.7,2.5,85.8,2.5717
Gap Up Days,30,50,120,445,54.83,1.47,652.39,2.04,1.183,6,105.3,18.0,4.5,77.5,1.466
Gap Up Days,30,50,240,445,57.53,1.84,820.99,4.85,1.19,4,188.7,26.7,9.0,64.3,1.8449
Gap Up Days,30,50,390,445,57.75,1.72,763.26,6.36,1.151,4,275.2,34.6,13.0,52.4,1.7152
Gap Up Days,50,2,15,445,42.25,3.92,1746.29,-2,4.479,10,8.6,0.4,55.5,44.0,3.9242
Gap Up Days,50,2,30,445,35.51,4.04,1796.93,-2,4.148,12,14.5,0.9,64.0,35.1,4.038
Gap Up Days,50,2,60,445,26.07,3.63,1617.04,-2,3.462,12,23.4,0.9,73.7,25.4,3.6338
Gap Up Days,50,2,120,445,20.67,3.6,1601.43,-2,3.268,20,36.5,1.6,79.3,19.1,3.5987
Gap Up Days,50,2,240,445,17.3,3.59,1596.17,-2,3.169,20,56.0,3.1,82.7,14.2,3.5869
Gap Up Days,50,2,390,445,15.28,3.6,1600.53,-2,3.123,20,72.5,5.6,84.7,9.7,3.5967
Gap Up Days,50,5,15,445,53.48,3.55,1578.16,1.46,2.707,7,11.2,0.4,38.9,60.7,3.5464
Gap Up Days,50,5,30,445,46.29,3.52,1566.46,-3.39,2.383,8,19.4,0.9,49.2,49.9,3.5201
Gap Up Days,50,5,60,445,36.63,3.27,1454.99,-5,2.047,11,32.1,0.9,61.8,37.3,3.2696
Gap Up Days,50,5,120,445,30.56,2.95,1313.44,-5,1.863,11,52.0,1.6,67.9,30.6,2.9516
Gap Up Days,50,5,240,445,26.07,3.34,1487.8,-5,1.911,14,83.2,3.8,73.3,22.9,3.3434
Gap Up Days,50,5,390,445,22.92,3.56,1582.13,-5,1.923,14,110.6,7.0,77.1,16.0,3.5553
Gap Up Days,50,8,15,445,56.85,3.25,1447.94,2.14,2.266,6,12.7,0.4,26.7,72.8,3.2538
Gap Up Days,50,8,30,445,51.69,3.25,1444.75,0.43,1.983,8,22.8,0.9,37.8,61.3,3.2466
Gap Up Days,50,8,60,445,43.37,2.95,1310.8,-8,1.695,8,38.8,1.1,50.8,48.1,2.9456
Gap Up Days,50,8,120,445,38.2,2.82,1253.67,-8,1.592,9,64.8,2.2,58.2,39.6,2.8172
Gap Up Days,50,8,240,445,32.36,2.94,1310.08,-8,1.554,10,105.8,4.5,65.8,29.7,2.944
Gap Up Days,50,8,390,445,28.09,3.15,1400.59,-8,1.551,11,142.0,7.9,71.2,20.9,3.1474
Gap Up Days,50,10,15,445,59.33,3.27,1453.31,2.59,2.236,6,13.6,0.4,18.2,81.3,3.2659
Gap Up Days,50,10,30,445,54.16,3.24,1439.74,1.58,1.921,8,24.8,0.9,29.4,69.7,3.2354
Gap Up Days,50,10,60,445,48.09,3.12,1389.33,-0.9,1.688,8,43.4,1.3,41.8,56.9,3.1221
Gap Up Days,50,10,120,445,43.82,3.22,1433.89,-10,1.611,8,74.3,2.5,50.8,46.7,3.2222
Gap Up Days,50,10,240,445,38.2,3.55,1579.17,-10,1.603,8,124.5,4.7,57.5,37.8,3.5487
Gap Up Days,50,10,390,445,33.71,3.7,1644.45,-10,1.568,11,170.6,9.0,64.3,26.7,3.6954
Gap Up Days,50,15,15,445,60.45,3.24,1439.66,2.71,2.188,6,14.5,0.4,7.2,92.4,3.2352
Gap Up Days,50,15,30,445,57.53,3.2,1424.81,2.04,1.835,8,27.6,0.9,17.5,81.6,3.2018
Gap Up Days,50,15,60,445,53.03,3.04,1354.88,1.1,1.588,7,50.5,1.6,27.9,70.6,3.0447
Gap Up Days,50,15,120,445,49.44,2.92,1299.13,-0.43,1.463,8,89.1,2.7,37.1,60.2,2.9194
Gap Up Days,50,15,240,445,44.94,3.04,1353.67,-5.04,1.414,8,154.5,4.9,46.1,49.0,3.042
Gap Up Days,50,15,390,445,39.33,3.04,1353.38,-15,1.356,8,215.8,10.1,54.6,35.3,3.0413
Gap Up Days,50,20,15,445,60.45,3.16,1405.01,2.71,2.127,6,14.7,0.4,3.1,96.4,3.1573
Gap Up Days,50,20,30,445,58.65,3.36,1493.66,2.44,1.874,8,28.8,0.9,8.5,90.6,3.3565
Gap Up Days,50,20,60,445,54.61,3.2,1423.0,1.56,1.604,5,54.5,1.6,17.5,80.9,3.1978
Gap Up Days,50,20,120,445,52.36,2.6,1157.36,1.09,1.368,6,98.5,2.7,28.5,68.8,2.6008
Gap Up Days,50,20,240,445,49.66,2.99,1332.44,-0.28,1.367,7,174.9,5.2,34.6,60.2,2.9942
Gap Up Days,50,20,390,445,46.97,3.29,1461.91,-4.58,1.348,8,250.9,10.6,44.5,44.9,3.2852
Gap Up Days,50,30,15,445,60.45,3.03,1348.39,2.71,2.034,6,14.9,0.4,1.3,98.2,3.0301
Gap Up Days,50,30,30,445,58.88,3.09,1376.91,2.5,1.752,8,29.5,0.9,4.0,95.1,3.0942
Gap Up Days,50,30,60,445,55.28,2.77,1231.95,1.88,1.474,5,57.2,1.6,8.5,89.9,2.7684
Gap Up Days,50,30,120,445,53.48,1.82,807.8,1.31,1.227,6,107.4,2.7,18.2,79.1,1.8153
Gap Up Days,50,30,240,445,53.03,2.07,923.36,2.55,1.216,7,196.0,5.4,25.2,69.4,2.075
Gap Up Days,50,30,390,445,51.01,2.43,1082.35,0.92,1.219,7,289.4,11.0,31.2,57.8,2.4322
Gap Up Days,50,50,15,445,60.67,3.16,1406.0,2.74,2.123,6,15.0,0.4,0.0,99.6,3.1596
Gap Up Days,50,50,30,445,58.88,3.07,1366.32,2.5,1.741,8,29.9,0.9,0.7,98.4,3.0704
Gap Up Days,50,50,60,445,55.73,2.93,1305.91,2.32,1.508,5,59.2,1.6,2.5,96.0,2.9346
Gap Up Days,50,50,120,445,54.61,1.89,842.41,1.99,1.234,6,115.6,2.7,4.5,92.8,1.8931
Gap Up Days,50,50,240,445,55.73,2.16,960.14,3.83,1.212,4,220.3,5.8,9.7,84.5,2.1576
Gap Up Days,50,50,390,445,54.38,2.32,1032.56,3.66,1.192,4,337.3,11.7,13.7,74.6,2.3204
Gap Up Days,75,2,15,445,42.25,3.96,1764.0,-2,4.514,10,8.7,0.0,55.5,44.5,3.964
Gap Up Days,75,2,30,445,35.51,4.08,1813.84,-2,4.178,12,14.6,0.0,64.0,36.0,4.076
Gap Up Days,75,2,60,445,26.07,3.74,1665.91,-2,3.536,12,23.7,0.2,73.7,26.1,3.7436
Gap Up Days,75,2,120,445,20.45,3.53,1568.82,-2,3.216,20,37.5,0.4,79.6,20.0,3.5254
Gap Up Days,75,2,240,445,16.63,3.46,1540.27,-2,3.076,20,58.2,0.7,83.4,16.0,3.4613
Gap Up Days,75,2,390,445,14.61,3.53,1570.64,-2,3.067,20,78.8,0.9,85.4,13.7,3.5295
Gap Up Days,75,5,15,445,53.48,3.59,1595.87,1.46,2.726,7,11.2,0.0,38.9,61.1,3.5862
Gap Up Days,75,5,30,445,46.29,3.56,1583.37,-3.39,2.398,8,19.6,0.0,49.2,50.8,3.5581
Gap Up Days,75,5,60,445,36.63,3.38,1503.86,-5,2.082,11,32.4,0.2,61.8,38.0,3.3795
Gap Up Days,75,5,120,445,30.34,2.87,1277.83,-5,1.837,11,52.9,0.4,68.1,31.5,2.8715
Gap Up Days,75,5,240,445,25.39,3.19,1420.37,-5,1.862,14,85.7,0.7,73.9,25.4,3.1918
Gap Up Days,75,5,390,445,22.25,3.42,1522.6,-5,1.88,14,118.5,0.9,77.8,21.3,3.4216
Gap Up Days,75,8,15,445,56.85,3.29,1465.65,2.14,2.281,6,12.7,0.0,26.7,73.3,3.2936
Gap Up Days,75,8,30,445,51.69,3.28,1461.66,0.43,1.995,8,22.9,0.0,37.8,62.2,3.2846
Gap Up Days,75,8,60,445,43.37,3.06,1361.89,-8,1.723,8,39.3,0.2,50.8,49.0,3.0604
Gap Up Days,75,8,120,445,37.98,2.65,1181.4,-8,1.556,9,66.1,0.4,58.4,41.1,2.6548
Gap Up Days,75,8,240,445,31.69,2.74,1217.26,-8,1.51,10,109.5,0.9,66.5,32.6,2.7354
Gap Up Days,75,8,390,445,27.42,3.05,1356.53,-8,1.529,11,151.6,1.3,71.9,26.7,3.0484
Gap Up Days,75,10,15,445,59.33,3.31,1471.02,2.59,2.251,6,13.6,0.0,18.2,81.8,3.3057
Gap Up Days,75,10,30,445,54.16,3.27,1456.65,1.58,1.932,8,24.9,0.0,29.4,70.6,3.2734
Gap Up Days,75,10,60,445,48.09,3.25,1448.31,-0.9,1.718,8,43.9,0.2,41.8,58.0,3.2546
Gap Up Days,75,10,120,445,43.6,3.07,1367.02,-10,1.58,8,75.8,0.4,51.0,48.5,3.072
Gap Up Days,75,10,240,445,37.53,3.38,1505.35,-10,1.568,9,128.5,1.1,58.2,40.7,3.3828
Gap Up Days,75,10,390,445,33.03,3.59,1596.57,-10,1.546,11,181.1,1.6,64.9,33.5,3.5878
Gap Up Days,75,15,15,445,60.45,3.27,1457.37,2.71,2.202,6,14.6,0.0,7.2,92.8,3.275
Gap Up Days,75,15,30,445,57.53,3.24,1441.72,2.04,1.845,8,27.7,0.0,17.5,82.5,3.2398
Gap Up Days,75,15,60,445,53.03,3.14,1395.91,1.1,1.606,7,50.9,0.2,27.9,71.9,3.1369
Gap Up Days,75,15,120,445,49.21,2.73,1213.55,-0.44,1.43,8,90.8,0.4,37.3,62.2,2.7271
Gap Up Days,75,15,240,445,44.27,2.9,1289.85,-5.84,1.389,8,158.7,1.3,46.7,51.9,2.8985
Gap Up Days,75,15,390,445,38.65,2.98,1326.86,-15,1.345,8,226.9,2.0,55.3,42.7,2.9817
Gap Up Days,75,20,15,445,60.45,3.2,1422.72,2.71,2.141,6,14.8,0.0,3.1,96.9,3.1971
Gap Up Days,75,20,30,445,58.65,3.39,1510.57,2.44,1.884,8,28.9,0.0,8.5,91.5,3.3945
Gap Up Days,75,20,60,445,54.61,3.29,1464.03,1.56,1.622,5,54.9,0.2,17.5,82.2,3.29
Gap Up Days,75,20,120,445,52.13,2.4,1066.78,0.96,1.337,6,100.1,0.4,28.8,70.8,2.3973
Gap Up Days,75,20,240,445,48.99,2.85,1266.5,-0.86,1.344,7,179.3,1.3,35.3,63.4,2.8461
Gap Up Days,75,20,390,445,46.29,3.19,1419.54,-5.44,1.333,8,262.6,2.2,45.2,52.6,3.19
Gap Up Days,75,30,15,445,60.45,3.07,1366.1,2.71,2.048,6,15.0,0.0,1.3,98.7,3.0699
Gap Up Days,75,30,30,445,58.88,3.13,1393.82,2.5,1.761,8,29.6,0.0,4.0,96.0,3.1322
Gap Up Days,75,30,60,445,55.28,2.86,1272.98,1.88,1.489,5,57.7,0.2,8.5,91.2,2.8606
Gap Up Days,75,30,120,445,53.26,1.59,707.22,1.3,1.197,6,109.1,0.4,18.4,81.1,1.5893
Gap Up Days,75,30,240,445,52.58,1.92,856.15,2.39,1.197,7,200.8,1.3,25.6,73.0,1.9239
Gap Up Days,75,30,390,445,50.56,2.28,1012.41,0.32,1.202,7,302.1,2.2,31.7,66.1,2.2751
Gap Up Days,75,50,15,445,60.67,3.2,1423.71,2.74,2.137,6,15,0.0,0.0,100.0,3.1993
Gap Up Days,75,50,30,445,58.88,3.11,1383.23,2.5,1.751,8,30,0.0,0.7,99.3,3.1084
Gap Up Days,75,50,60,445,55.73,3.03,1346.94,2.32,1.524,5,59.7,0.2,2.5,97.3,3.0268
Gap Up Days,75,50,120,445,54.38,1.68,748.24,1.97,1.206,6,117.3,0.4,4.5,95.1,1.6814
Gap Up Days,75,50,240,445,55.51,2.01,893.71,3.65,1.196,5,225.7,1.3,9.9,88.8,2.0083
Gap Up Days,75,50,390,445,53.71,2.07,919.74,2.75,1.168,4,351.5,2.7,13.9,83.4,2.0668
Gap Up Days,100,2,15,445,42.25,3.96,1764.0,-2,4.514,10,8.7,0.0,55.5,44.5,3.964
Gap Up Days,100,2,30,445,35.51,4.08,1813.84,-2,4.178,12,14.6,0.0,64.0,36.0,4.076
Gap Up Days,100,2,60,445,26.07,3.75,1666.58,-2,3.537,12,23.7,0.0,73.7,26.3,3.7451
Gap Up Days,100,2,120,445,20.45,3.57,1589.5,-2,3.245,20,37.7,0.0,79.6,20.4,3.5719
Gap Up Days,100,2,240,445,16.63,3.61,1606.61,-2,3.165,20,59.0,0.4,83.4,16.2,3.6104
Gap Up Days,100,2,390,445,14.61,3.65,1625.41,-2,3.139,20,79.9,0.4,85.4,14.2,3.6526
Gap Up Days,100,5,15,445,53.48,3.59,1595.87,1.46,2.726,7,11.2,0.0,38.9,61.1,3.5862
Gap Up Days,100,5,30,445,46.29,3.56,1583.37,-3.39,2.398,8,19.6,0.0,49.2,50.8,3.5581
Gap Up Days,100,5,60,445,36.63,3.38,1504.53,-5,2.083,11,32.5,0.0,61.8,38.2,3.381
Gap Up Days,100,5,120,445,30.34,2.92,1298.51,-5,1.851,11,53.1,0.0,68.1,31.9,2.918
Gap Up Days,100,5,240,445,25.39,3.34,1486.71,-5,1.902,14,86.4,0.4,73.9,25.6,3.3409
Gap Up Days,100,5,390,445,22.25,3.54,1577.37,-5,1.912,14,119.6,0.4,77.8,21.8,3.5447
Gap Up Days,100,8,15,445,56.85,3.29,1465.65,2.14,2.281,6,12.7,0.0,26.7,73.3,3.2936
Gap Up Days,100,8,30,445,51.69,3.28,1461.66,0.43,1.995,8,22.9,0.0,37.8,62.2,3.2846
Gap Up Days,100,8,60,445,43.37,3.06,1362.56,-8,1.723,8,39.3,0.0,50.8,49.2,3.0619
Gap Up Days,100,8,120,445,37.98,2.7,1202.08,-8,1.566,9,66.3,0.0,58.4,41.6,2.7013
Gap Up Days,100,8,240,445,31.69,2.87,1275.33,-8,1.534,10,110.3,0.4,66.5,33.0,2.8659
Gap Up Days,100,8,390,445,27.42,3.13,1394.2,-8,1.543,11,153.2,0.4,71.9,27.6,3.133
Gap Up Days,100,10,15,445,59.33,3.31,1471.02,2.59,2.251,6,13.6,0.0,18.2,81.8,3.3057
Gap Up Days,100,10,30,445,54.16,3.27,1456.65,1.58,1.932,8,24.9,0.0,29.4,70.6,3.2734
Gap Up Days,100,10,60,445,48.09,3.26,1448.98,-0.9,1.718,8,43.9,0.0,41.8,58.2,3.2561
Gap Up Days,100,10,120,445,43.6,3.12,1387.7,-10,1.589,8,76.0,0.0,51.0,49.0,3.1184
Gap Up Days,100,10,240,445,37.53,3.55,1579.64,-10,1.596,9,129.4,0.4,58.2,41.3,3.5498
Gap Up Days,100,10,390,445,33.03,3.73,1659.24,-10,1.567,11,183.1,0.7,64.9,34.4,3.7286
Gap Up Days,100,15,15,445,60.45,3.27,1457.37,2.71,2.202,6,14.6,0.0,7.2,92.8,3.275
Gap Up Days,100,15,30,445,57.53,3.24,1441.72,2.04,1.845,8,27.7,0.0,17.5,82.5,3.2398
Gap Up Days,100,15,60,445,53.03,3.14,1396.58,1.1,1.606,7,50.9,0.0,27.9,72.1,3.1384
Gap Up Days,100,15,120,445,49.21,2.77,1234.23,-0.44,1.437,8,91.0,0.0,37.3,62.7,2.7736
Gap Up Days,100,15,240,445,44.27,3.1,1377.98,-5.84,1.415,8,159.8,0.4,46.7,52.8,3.0966
Gap Up Days,100,15,390,445,38.65,3.11,1382.44,-15,1.36,8,229.3,0.9,55.3,43.8,3.1066
Gap Up Days,100,20,15,445,60.45,3.2,1422.72,2.71,2.141,6,14.8,0.0,3.1,96.9,3.1971
Gap Up Days,100,20,30,445,58.65,3.39,1510.57,2.44,1.884,8,28.9,0.0,8.5,91.5,3.3945
Gap Up Days,100,20,60,445,54.61,3.29,1464.7,1.56,1.622,5,54.9,0.0,17.5,82.5,3.2915
Gap Up Days,100,20,120,445,52.13,2.44,1087.46,0.96,1.344,6,100.4,0.0,28.8,71.2,2.4437
Gap Up Days,100,20,240,445,48.99,3.04,1354.63,-0.86,1.367,7,180.4,0.4,35.3,64.3,3.0441
Gap Up Days,100,20,390,445,46.29,3.29,1466.14,-5.44,1.344,8,265.2,0.9,45.2,53.9,3.2947
Gap Up Days,100,30,15,445,60.45,3.07,1366.1,2.71,2.048,6,15.0,0.0,1.3,98.7,3.0699
Gap Up Days,100,30,30,445,58.88,3.13,1393.82,2.5,1.761,8,29.6,0.0,4.0,96.0,3.1322
Gap Up Days,100,30,60,445,55.28,2.86,1273.65,1.88,1.49,5,57.7,0.0,8.5,91.5,2.8621
Gap Up Days,100,30,120,445,53.26,1.64,727.9,1.3,1.203,6,109.3,0.0,18.4,81.6,1.6357
Gap Up Days,100,30,240,445,52.58,2.12,944.28,2.39,1.218,7,201.9,0.4,25.6,73.9,2.122
Gap Up Days,100,30,390,445,50.56,2.38,1059.01,0.32,1.212,7,304.7,0.9,31.7,67.4,2.3798
Gap Up Days,100,50,15,445,60.67,3.2,1423.71,2.74,2.137,6,15,0.0,0.0,100.0,3.1993
Gap Up Days,100,50,30,445,58.88,3.11,1383.23,2.5,1.751,8,30,0.0,0.7,99.3,3.1084
Gap Up Days,100,50,60,445,55.73,3.03,1347.61,2.32,1.525,5,59.7,0.0,2.5,97.5,3.0283
Gap Up Days,100,50,120,445,54.38,1.73,768.92,1.97,1.212,6,117.5,0.0,4.5,95.5,1.7279
Gap Up Days,100,50,240,445,55.51,2.21,981.84,3.65,1.215,5,226.8,0.4,9.9,89.7,2.2064
Gap Up Days,100,50,390,445,53.71,2.19,975.93,2.75,1.178,4,354.3,1.1,13.9,84.9,2.1931
Gap Down Days,2,2,15,319,26.96,-0.92,-294,-2,0.369,17,1.1,27.0,73.0,0.0,-0.9216
Gap Down Days,2,2,30,319,26.96,-0.92,-294,-2,0.369,17,1.1,27.0,73.0,0.0,-0.9216
Gap Down Days,2,2,60,319,26.96,-0.92,-294,-2,0.369,17,1.1,27.0,73.0,0.0,-0.9216
Gap Down Days,2,2,120,319,26.96,-0.92,-294,-2,0.369,17,1.1,27.0,73.0,0.0,-0.9216
Gap Down Days,2,2,240,319,26.96,-0.92,-294,-2,0.369,17,1.1,27.0,73.0,0.0,-0.9216
Gap Down Days,2,2,390,319,26.96,-0.92,-294,-2,0.369,17,1.1,27.0,73.0,0.0,-0.9216
Gap Down Days,2,5,15,319,41.07,-2.11,-672.53,-5,0.278,17,2.0,40.4,58.0,1.6,-2.1082
Gap Down Days,2,5,30,319,41.07,-2.12,-675.61,-5,0.279,17,2.2,41.1,58.6,0.3,-2.1179
Gap Down Days,2,5,60,319,41.38,-2.1,-671,-5,0.282,17,2.2,41.4,58.6,0.0,-2.1034
Gap Down Days,2,5,120,319,41.38,-2.1,-671,-5,0.282,17,2.2,41.4,58.6,0.0,-2.1034
Gap Down Days,2,5,240,319,41.38,-2.1,-671,-5,0.282,17,2.2,41.4,58.6,0.0,-2.1034
Gap Down Days,2,5,390,319,41.38,-2.1,-671,-5,0.282,17,2.2,41.4,58.6,0.0,-2.1034
Gap Down Days,2,8,15,319,52.66,-2.48,-790.39,2,0.295,11,3.5,51.7,41.4,6.9,-2.4777
Gap Down Days,2,8,30,319,54.23,-2.43,-775.34,2,0.309,11,4.2,54.2,43.3,2.5,-2.4305
Gap Down Days,2,8,60,319,56.11,-2.39,-762,2,0.32,11,4.6,56.1,43.9,0.0,-2.3887
Gap Down Days,2,8,120,319,56.11,-2.39,-762,2,0.32,11,4.6,56.1,43.9,0.0,-2.3887
Gap Down Days,2,8,240,319,56.11,-2.39,-762,2,0.32,11,4.6,56.1,43.9,0.0,-2.3887
Gap Down Days,2,8,390,319,56.11,-2.39,-762,2,0.32,11,4.6,56.1,43.9,0.0,-2.3887
Gap Down Days,2,10,15,319,54.55,-2.9,-924.07,2,0.271,10,4.4,53.6,36.7,9.7,-2.8968
Gap Down Days,2,10,30,319,56.43,-2.9,-926.33,2,0.28,10,5.5,56.4,38.9,4.7,-2.9039
Gap Down Days,2,10,60,319,59.87,-2.79,-890.44,2,0.3,7,6.2,59.6,39.8,0.6,-2.7913
Gap Down Days,2,10,120,319,60.19,-2.78,-886,2,0.302,7,6.3,60.2,39.8,0.0,-2.7774
Gap Down Days,2,10,240,319,60.19,-2.78,-886,2,0.302,7,6.3,60.2,39.8,0.0,-2.7774
Gap Down Days,2,10,390,319,60.19,-2.78,-886,2,0.302,7,6.3,60.2,39.8,0.0,-2.7774
Gap Down Days,2,15,15,319,57.68,-3.34,-1066.27,2,0.254,8,6.1,56.7,22.9,20.4,-3.3425
Gap Down Days,2,15,30,319,62.7,-3.29,-1048.84,2,0.275,5,8.6,62.4,26.3,11.3,-3.2879
Gap Down Days,2,15,60,319,68.65,-3.11,-993.34,2,0.305,5,10.5,68.0,28.8,3.1,-3.1139
Gap Down Days,2,15,120,319,70.22,-2.96,-945.28,2,0.322,5,11.5,70.2,28.8,0.9,-2.9633
Gap Down Days,2,15,240,319,70.85,-2.96,-943,2,0.324,5,11.9,70.8,29.2,0.0,-2.9561
Gap Down Days,2,15,390,319,70.85,-2.96,-943,2,0.324,5,11.9,70.8,29.2,0.0,-2.9561
Gap Down Days,2,20,15,319,58.62,-3.82,-1219.51,2,0.232,8,6.8,57.7,15.4,27.0,-3.8229
Gap Down Days,2,20,30,319,63.64,-4.06,-1295.83,2,0.238,5,10.1,63.3,21.3,15.4,-4.0622
Gap Down Days,2,20,60,319,70.53,-3.9,-1244.21,2,0.265,4,12.8,69.9,24.8,5.3,-3.9003
Gap Down Days,2,20,120,319,72.41,-3.85,-1228.75,2,0.273,4,14.5,72.4,26.0,1.6,-3.8519
Gap Down Days,2,20,240,319,73.04,-3.86,-1231.85,2,0.274,4,15.9,73.0,26.0,0.9,-3.8616
Gap Down Days,2,20,390,319,73.35,-3.86,-1232,2,0.275,4,16.3,73.4,26.6,0.0,-3.8621
Gap Down Days,2,30,15,319,59.87,-3.97,-1265.52,2,0.23,8,7.7,58.9,6.3,34.8,-3.9671
Gap Down Days,2,30,30,319,67.08,-4.03,-1286.97,2,0.248,4,12.1,66.5,9.1,24.5,-4.0344
Gap Down Days,2,30,60,319,75.24,-3.91,-1248.09,2,0.277,4,17.0,74.6,14.1,11.3,-3.9125
Gap Down Days,2,30,120,319,78.37,-3.92,-1249.45,2,0.286,3,21.4,78.4,16.0,5.6,-3.9168
Gap Down Days,2,30,240,319,79.62,-3.9,-1245.41,2,0.29,3,26.4,79.6,16.9,3.4,-3.9041
Gap Down Days,2,30,390,319,81.19,-3.84,-1223.91,2,0.297,3,29.1,81.2,17.9,0.9,-3.8367
Gap Down Days,2,50,15,319,60.5,-3.99,-1271.3,2,0.231,8,8.1,59.6,1.6,38.9,-3.9853
Gap Down Days,2,50,30,319,68.03,-4.14,-1319.56,2,0.246,4,13.4,67.4,2.8,29.8,-4.1366
Gap Down Days,2,50,60,319,78.37,-3.75,-1195.37,2,0.294,4,20.1,77.7,4.7,17.6,-3.7472
Gap Down Days,2,50,120,319,82.13,-3.94,-1257.4,2,0.294,3,27.9,82.1,6.9,11.0,-3.9417
Gap Down Days,2,50,240,319,83.39,-4.12,-1314.27,2,0.288,3,39.7,83.4,8.2,8.5,-4.12
Gap Down Days,2,50,390,319,86.21,-4.03,-1284.41,2,0.3,3,48.7,86.2,9.4,4.4,-4.0264
Gap Down Days,5,2,15,319,22.26,-0.46,-145.97,-2,0.706,17,1.8,21.3,77.7,0.9,-0.4576
Gap Down Days,5,2,30,319,22.26,-0.45,-142.94,-2,0.712,17,1.9,21.9,77.7,0.3,-0.4481
Gap Down Days,5,2,60,319,22.26,-0.44,-141,-2,0.716,17,1.9,22.3,77.7,0.0,-0.442
Gap Down Days,5,2,120,319,22.26,-0.44,-141,-2,0.716,17,1.9,22.3,77.7,0.0,-0.442
Gap Down Days,5,2,240,319,22.26,-0.44,-141,-2,0.716,17,1.9,22.3,77.7,0.0,-0.442
Gap Down Days,5,2,390,319,22.26,-0.44,-141,-2,0.716,17,1.9,22.3,77.7,0.0,-0.442
Gap Down Days,5,5,15,319,32.29,-1.73,-552.66,-5,0.47,17,3.5,29.2,64.3,6.6,-1.7325
Gap Down Days,5,5,30,319,32.6,-1.74,-555.77,-5,0.476,17,4.2,30.7,66.1,3.1,-1.7422
Gap Down Days,5,5,60,319,33.54,-1.69,-539.08,-5,0.491,17,4.7,32.3,66.5,1.3,-1.6899
Gap Down Days,5,5,120,319,33.23,-1.67,-534.02,-5,0.496,17,5.1,32.9,66.5,0.6,-1.674
Gap Down Days,5,5,240,319,33.23,-1.68,-536.5,-5,0.496,17,5.5,32.9,66.8,0.3,-1.6818
Gap Down Days,5,5,390,319,33.23,-1.68,-536.5,-5,0.496,17,5.5,32.9,66.8,0.3,-1.6818
Gap Down Days,5,8,15,319,42.63,-2.11,-673.94,-4.08,0.478,11,5.6,36.1,46.4,17.6,-2.1127
Gap Down Days,5,8,30,319,44.2,-2.05,-653.42,-8,0.512,11,7.5,41.7,51.4,6.9,-2.0483
Gap Down Days,5,8,60,319,47.02,-1.9,-606.54,-8,0.546,11,8.8,45.1,52.0,2.8,-1.9014
Gap Down Days,5,8,120,319,47.34,-1.83,-583.63,-8,0.561,11,9.7,46.7,52.0,1.3,-1.8296
Gap Down Days,5,8,240,319,47.34,-1.84,-588.31,-8,0.56,11,10.9,46.7,52.4,0.9,-1.8442
Gap Down Days,5,8,390,319,47.34,-1.85,-590.5,-8,0.561,11,11.0,47.0,52.7,0.3,-1.8511
Gap Down Days,5,10,15,319,44.51,-2.5,-797.47,-2.2,0.446,10,6.7,37.6,39.8,22.6,-2.4999
Gap Down Days,5,10,30,319,46.39,-2.49,-795.03,-2.04,0.475,10,9.2,43.9,44.2,11.9,-2.4923
Gap Down Days,5,10,60,319,50.47,-2.34,-745.9,0.96,0.511,7,11.3,48.3,47.3,4.4,-2.3382
Gap Down Days,5,10,120,319,51.41,-2.23,-711.27,5,0.533,7,12.7,50.8,47.6,1.6,-2.2297
Gap Down Days,5,10,240,319,51.72,-2.2,-703.24,5,0.538,7,14.5,51.1,47.6,1.3,-2.2045
Gap Down Days,5,10,390,319,52.04,-2.2,-701.5,5,0.542,7,15.0,51.7,48.0,0.3,-2.1991
Gap Down Days,5,15,15,319,47.02,-2.92,-930.04,-0.86,0.423,10,8.6,40.1,24.1,35.7,-2.9155
Gap Down Days,5,15,30,319,52.35,-2.78,-886.91,2.44,0.474,5,13.0,48.3,28.2,23.5,-2.7803
Gap Down Days,5,15,60,319,59.56,-2.52,-803.62,5,0.532,5,17.5,56.4,33.9,9.7,-2.5192
Gap Down Days,5,15,120,319,62.38,-2.23,-711.64,5,0.579,5,21.5,60.8,34.5,4.7,-2.2308
Gap Down Days,5,15,240,319,63.64,-2.16,-688.38,5,0.594,5,24.9,63.0,35.1,1.9,-2.1579
Gap Down Days,5,15,390,319,63.95,-2.16,-689.95,5,0.596,5,26.4,63.6,35.4,0.9,-2.1629
Gap Down Days,5,20,15,319,47.65,-3.4,-1084.03,-0.71,0.39,10,9.3,40.8,16.0,43.3,-3.3982
Gap Down Days,5,20,30,319,53.92,-3.46,-1103.69,3.53,0.426,5,14.7,49.5,22.3,28.2,-3.4598
Gap Down Days,5,20,60,319,61.76,-3.26,-1039.77,5,0.477,5,20.5,58.3,27.9,13.8,-3.2595
Gap Down Days,5,20,120,319,65.2,-3.08,-982.42,5,0.51,4,26.0,63.6,30.4,6.0,-3.0797
Gap Down Days,5,20,240,319,66.77,-2.96,-943.96,5,0.529,4,31.1,66.1,30.4,3.4,-2.9591
Gap Down Days,5,20,390,319,67.71,-2.97,-947.9,5,0.532,4,33.6,67.4,31.3,1.3,-2.9715
Gap Down Days,5,30,15,319,48.59,-3.52,-1124.12,-0.36,0.386,10,10.2,41.7,6.3,52.0,-3.5239
Gap Down Days,5,30,30,319,57.37,-3.38,-1079.79,5,0.446,5,16.9,52.7,9.4,37.9,-3.3849
Gap Down Days,5,30,60,319,66.14,-3.33,-1060.71,5,0.489,5,25.4,62.4,15.7,21.9,-3.3251
Gap Down Days,5,30,120,319,70.85,-3.15,-1005.99,5,0.525,4,34.9,69.3,18.2,12.5,-3.1536
Gap Down Days,5,30,240,319,73.67,-2.98,-950.8,5,0.551,3,45.7,72.7,20.1,7.2,-2.9806
Gap Down Days,5,30,390,319,75.24,-3.06,-975.32,5,0.55,3,52.6,74.3,21.6,4.1,-3.0574
Gap Down Days,5,50,15,319,49.22,-3.52,-1123.9,-0.31,0.389,10,10.6,42.3,1.6,56.1,-3.5232
Gap Down Days,5,50,30,319,58.31,-3.47,-1108.04,5,0.444,5,18.2,53.6,2.8,43.6,-3.4735
Gap Down Days,5,50,60,319,68.97,-3.17,-1011.68,5,0.511,5,28.8,64.9,5.0,30.1,-3.1714
Gap Down Days,5,50,120,319,73.98,-3.35,-1067.7,5,0.521,4,43.1,72.4,7.2,20.4,-3.347
Gap Down Days,5,50,240,319,77.12,-3.54,-1128.34,5,0.52,3,63.1,76.2,10.0,13.8,-3.5371
Gap Down Days,5,50,390,319,79.94,-3.68,-1173.08,5,0.519,3,78.5,79.0,12.5,8.5,-3.6774
Gap Down Days,8,2,15,319,19.12,-0.21,-66.84,-2,0.87,19,2.6,15.7,80.6,3.8,-0.2095
Gap Down Days,8,2,30,319,19.44,-0.13,-41.38,-2,0.919,19,3.0,17.6,80.6,1.9,-0.1297
Gap Down Days,8,2,60,319,18.81,-0.14,-44.02,-2,0.915,19,3.3,18.5,81.2,0.3,-0.138
Gap Down Days,8,2,120,319,18.5,-0.15,-48,-2,0.908,19,3.3,18.5,81.5,0.0,-0.1505
Gap Down Days,8,2,240,319,18.5,-0.15,-48,-2,0.908,19,3.3,18.5,81.5,0.0,-0.1505
Gap Down Days,8,2,390,319,18.5,-0.15,-48,-2,0.908,19,3.3,18.5,81.5,0.0,-0.1505
Gap Down Days,8,5,15,319,29.15,-1.51,-481.66,-5,0.555,17,4.8,19.1,66.5,14.4,-1.5099
Gap Down Days,8,5,30,319,29.15,-1.43,-456.01,-5,0.59,17,6.4,22.9,69.3,7.8,-1.4295
Gap Down Days,8,5,60,319,28.21,-1.47,-467.68,-5,0.587,17,8.0,25.4,70.8,3.8,-1.4661
Gap Down Days,8,5,120,319,27.27,-1.5,-479.89,-5,0.584,17,9.5,26.0,72.1,1.9,-1.5044
Gap Down Days,8,5,240,319,27.27,-1.47,-468.5,-5,0.596,17,10.4,27.0,72.7,0.3,-1.4687
Gap Down Days,8,5,390,319,27.27,-1.47,-468.5,-5,0.596,17,10.4,27.0,72.7,0.3,-1.4687
Gap Down Days,8,8,15,319,39.5,-1.85,-589.75,-4.54,0.556,11,7.2,22.3,47.0,30.7,-1.8487
Gap Down Days,8,8,30,319,41.07,-1.57,-501.23,-8,0.641,11,10.8,30.1,53.3,16.6,-1.5713
Gap Down Days,8,8,60,319,41.07,-1.53,-489.01,-8,0.665,11,14.1,36.4,56.4,7.2,-1.5329
Gap Down Days,8,8,120,319,40.75,-1.49,-474.68,-8,0.68,11,16.9,39.2,57.7,3.1,-1.488
Gap Down Days,8,8,240,319,40.75,-1.48,-472.89,-8,0.685,11,19.2,40.1,58.6,1.3,-1.4824
Gap Down Days,8,8,390,319,40.75,-1.48,-473.5,-8,0.686,11,19.9,40.4,58.9,0.6,-1.4843
Gap Down Days,8,10,15,319,41.38,-2.21,-706.4,-2.88,0.523,10,8.3,23.5,40.4,36.1,-2.2144
Gap Down Days,8,10,30,319,42.95,-2.03,-648.83,-4.61,0.592,10,12.6,32.0,46.1,21.9,-2.0339
Gap Down Days,8,10,60,319,43.89,-2.04,-651.61,-10,0.614,9,17.0,38.6,51.4,10.0,-2.0427
Gap Down Days,8,10,120,319,44.51,-1.93,-615.68,-10,0.641,9,20.8,42.3,53.0,4.7,-1.93
Gap Down Days,8,10,240,319,45.14,-1.87,-595.79,-10,0.655,9,24.8,43.9,53.9,2.2,-1.8677
Gap Down Days,8,10,390,319,44.83,-1.88,-600.77,-10,0.655,9,26.7,44.5,54.2,1.3,-1.8833
Gap Down Days,8,15,15,319,43.26,-2.7,-861.61,-1.24,0.488,10,10.2,25.4,25.1,49.5,-2.701
Gap Down Days,8,15,30,319,48.28,-2.43,-775.95,-0.52,0.572,9,16.6,34.8,30.4,34.8,-2.4324
Gap Down Days,8,15,60,319,51.41,-2.35,-751.03,0.97,0.612,7,24.4,43.6,36.4,20.1,-2.3543
Gap Down Days,8,15,120,319,53.61,-2.21,-704.72,5.92,0.648,6,32.8,49.5,40.1,10.3,-2.2092
Gap Down Days,8,15,240,319,54.86,-2.13,-679.53,8,0.669,6,41.2,53.3,42.0,4.7,-2.1302
Gap Down Days,8,15,390,319,54.55,-2.27,-723.44,8,0.657,6,45.9,54.2,43.6,2.2,-2.2678
Gap Down Days,8,20,15,319,44.2,-3.12,-995.18,-1.08,0.459,10,11.1,26.0,16.3,57.7,-3.1197
Gap Down Days,8,20,30,319,50.16,-3.07,-979.37,0.12,0.524,7,18.5,36.4,23.5,40.1,-3.0701
Gap Down Days,8,20,60,319,54.23,-2.96,-945.67,2.28,0.569,7,27.8,46.1,29.5,24.5,-2.9645
Gap Down Days,8,20,120,319,57.05,-2.97,-947.33,8,0.594,5,38.6,52.7,33.9,13.5,-2.9697
Gap Down Days,8,20,240,319,58.62,-2.87,-916.94,8,0.616,5,50.5,57.1,35.4,7.5,-2.8744
Gap Down Days,8,20,390,319,58.93,-3.12,-994.05,8,0.601,5,57.9,58.6,37.9,3.4,-3.1161
Gap Down Days,8,30,15,319,45.45,-3.14,-1002.8,-0.93,0.465,10,12.0,27.0,6.3,66.8,-3.1436
Gap Down Days,8,30,30,319,53.61,-2.94,-938.29,2.11,0.551,7,20.9,38.9,9.7,51.4,-2.9413
Gap Down Days,8,30,60,319,58.62,-2.96,-943.3,7.76,0.59,7,33.2,49.8,16.6,33.5,-2.9571
Gap Down Days,8,30,120,319,62.7,-2.96,-943.42,8,0.617,5,49.2,58.0,19.4,22.6,-2.9574
Gap Down Days,8,30,240,319,65.52,-2.94,-937.35,8,0.635,5,69.8,62.7,23.5,13.8,-2.9384
Gap Down Days,8,30,390,319,66.77,-3.08,-981.24,8,0.632,5,85.6,65.8,25.7,8.5,-3.076
Gap Down Days,8,50,15,319,46.08,-3.12,-996.58,-0.77,0.471,10,12.4,27.6,1.6,70.8,-3.1241
Gap Down Days,8,50,30,319,54.55,-2.99,-953.49,2.27,0.553,7,22.2,39.8,2.8,57.4,-2.989
Gap Down Days,8,50,60,319,61.44,-2.92,-930.27,8,0.604,7,36.7,52.4,6.0,41.7,-2.9162
Gap Down Days,8,50,120,319,65.52,-3.28,-1045.88,8,0.604,5,57.7,60.8,8.2,31.0,-3.2786
Gap Down Days,8,50,240,319,68.65,-3.7,-1180.2,8,0.592,5,89.2,65.8,11.3,22.9,-3.6997
Gap Down Days,8,50,390,319,70.53,-4.13,-1317.83,8,0.574,5,117.2,69.3,15.0,15.7,-4.1311
Gap Down Days,10,2,15,319,18.18,-0.14,-44.19,-2,0.915,19,3.1,11.6,81.5,6.9,-0.1385
Gap Down Days,10,2,30,319,17.55,-0.09,-27.86,-2,0.947,19,3.9,14.1,82.4,3.4,-0.0873
Gap Down Days,10,2,60,319,15.99,-0.13,-40.52,-2,0.924,26,4.5,15.4,83.7,0.9,-0.127
Gap Down Days,10,2,120,319,15.67,-0.12,-38,-2,0.929,26,4.5,15.7,84.3,0.0,-0.1191
Gap Down Days,10,2,240,319,15.67,-0.12,-38,-2,0.929,26,4.5,15.7,84.3,0.0,-0.1191
Gap Down Days,10,2,390,319,15.67,-0.12,-38,-2,0.929,26,4.5,15.7,84.3,0.0,-0.1191
Gap Down Days,10,5,15,319,27.9,-1.42,-452.29,-5,0.587,17,5.3,14.7,67.1,18.2,-1.4178
Gap Down Days,10,5,30,319,27.9,-1.3,-414.33,-5,0.632,17,7.5,18.5,70.2,11.3,-1.2988
Gap Down Days,10,5,60,319,26.65,-1.28,-406.92,-5,0.647,17,10.1,21.9,72.1,6.0,-1.2756
Gap Down Days,10,5,120,319,25.39,-1.32,-421.73,-5,0.644,17,12.4,22.9,74.0,3.1,-1.322
Gap Down Days,10,5,240,319,24.76,-1.37,-436.41,-5,0.636,17,14.7,23.5,75.2,1.3,-1.3681
Gap Down Days,10,5,390,319,24.45,-1.34,-426.96,-5,0.644,17,15.7,24.1,75.2,0.6,-1.3384
Gap Down Days,10,8,15,319,37.93,-1.8,-575.43,-4.85,0.573,11,7.8,16.9,47.6,35.4,-1.8039
Gap Down Days,10,8,30,319,39.18,-1.5,-477.88,-8,0.667,11,12.1,23.5,54.9,21.6,-1.4981
Gap Down Days,10,8,60,319,38.24,-1.41,-449.17,-8,0.705,11,16.9,31.0,58.6,10.3,-1.4081
Gap Down Days,10,8,120,319,37.3,-1.38,-439.07,-8,0.719,11,21.3,34.2,60.5,5.3,-1.3764
Gap Down Days,10,8,240,319,36.99,-1.42,-452.8,-8,0.716,11,25.4,35.4,62.4,2.2,-1.4194
Gap Down Days,10,8,390,319,36.68,-1.39,-441.96,-8,0.725,11,27.0,36.4,62.7,0.9,-1.3855
Gap Down Days,10,10,15,319,39.81,-2.14,-681.37,-3.45,0.544,10,8.9,17.9,40.8,41.4,-2.136
Gap Down Days,10,10,30,319,41.07,-1.96,-625.22,-6.07,0.619,10,14.1,25.1,47.6,27.3,-1.9599
Gap Down Days,10,10,60,319,41.07,-1.91,-609.36,-10,0.654,10,19.8,33.2,53.3,13.5,-1.9102
Gap Down Days,10,10,120,319,41.38,-1.72,-548.55,-10,0.694,10,25.5,37.6,55.2,7.2,-1.7196
Gap Down Days,10,10,240,319,42.32,-1.67,-531.38,-10,0.707,10,31.9,39.5,56.7,3.8,-1.6658
Gap Down Days,10,10,390,319,41.07,-1.73,-550.53,-10,0.703,10,35.5,40.4,57.7,1.9,-1.7258
Gap Down Days,10,15,15,319,42.01,-2.55,-813.58,-1.31,0.518,10,11.0,19.7,25.1,55.2,-2.5504
Gap Down Days,10,15,30,319,46.08,-2.38,-757.81,-1.45,0.596,9,18.2,27.3,31.3,41.4,-2.3756
Gap Down Days,10,15,60,319,48.28,-2.31,-738.05,-0.89,0.641,7,27.6,37.3,38.6,24.1,-2.3136
Gap Down Days,10,15,120,319,50.16,-2.08,-662.84,0.02,0.689,6,38.3,43.6,42.6,13.8,-2.0779
Gap Down Days,10,15,240,319,51.41,-2.02,-643.43,2.88,0.708,6,50.2,48.0,45.1,6.9,-2.017
Gap Down Days,10,15,390,319,49.84,-2.32,-741.2,-0.07,0.681,6,57.3,49.2,48.0,2.8,-2.3235
Gap Down Days,10,20,15,319,42.95,-2.96,-943.15,-1.08,0.488,10,11.8,20.4,16.3,63.3,-2.9566
Gap Down Days,10,20,30,319,47.96,-3.05,-972.02,-0.52,0.544,7,20.1,28.5,24.5,47.0,-3.0471
Gap Down Days,10,20,60,319,51.41,-2.88,-918.93,0.97,0.605,7,31.2,39.8,31.0,29.2,-2.8807
Gap Down Days,10,20,120,319,53.92,-2.83,-904.21,3.68,0.636,5,44.7,46.7,36.1,17.2,-2.8345
Gap Down Days,10,20,240,319,55.17,-2.78,-886.67,10,0.655,5,60.6,51.7,37.6,10.7,-2.7795
Gap Down Days,10,20,390,319,55.17,-3.03,-966.97,10,0.643,5,71.0,54.2,41.1,4.7,-3.0313
Gap Down Days,10,30,15,319,44.2,-2.96,-944.77,-0.94,0.497,10,12.7,21.3,6.3,72.4,-2.9617
Gap Down Days,10,30,30,319,51.41,-2.97,-947.41,0.32,0.568,7,22.6,30.7,10.0,59.2,-2.9699
Gap Down Days,10,30,60,319,56.11,-2.81,-897.01,2.63,0.633,7,36.9,43.9,17.6,38.6,-2.8119
Gap Down Days,10,30,120,319,59.87,-2.7,-862.65,10,0.67,5,56.2,52.0,20.7,27.3,-2.7042
Gap Down Days,10,30,240,319,62.38,-2.69,-856.86,10,0.688,5,81.7,57.7,24.8,17.6,-2.6861
Gap Down Days,10,30,390,319,63.32,-2.85,-908.4,10,0.685,5,102.2,61.1,27.6,11.3,-2.8476
Gap Down Days,10,50,15,319,44.83,-2.93,-934.55,-0.93,0.505,10,13.1,21.9,1.6,76.5,-2.9296
Gap Down Days,10,50,30,319,52.35,-3.0,-956.98,0.78,0.571,7,23.9,31.7,2.8,65.5,-2.9999
Gap Down Days,10,50,60,319,58.62,-2.81,-895.12,5.08,0.642,7,40.7,45.8,6.3,48.0,-2.806
Gap Down Days,10,50,120,319,62.7,-3.02,-964.66,10,0.657,5,65.4,54.9,8.8,36.4,-3.024
Gap Down Days,10,50,240,319,65.83,-3.32,-1059.62,10,0.654,5,102.2,61.1,11.9,27.0,-3.3217
Gap Down Days,10,50,390,319,67.4,-3.67,-1170.69,10,0.642,5,135.9,64.9,15.7,19.4,-3.6699
Gap Down Days,15,2,15,319,17.55,-0.04,-11.57,-2,0.978,29,3.8,4.1,82.1,13.8,-0.0363
Gap Down Days,15,2,30,319,15.99,0.07,21.68,-2,1.04,32,5.4,8.2,84.0,7.8,0.068
Gap Down Days,15,2,60,319,13.17,0.04,12.03,-2,1.022,32,6.8,10.3,86.5,3.1,0.0377
Gap Down Days,15,2,120,319,12.23,0.06,19.06,-2,1.034,32,7.5,11.9,87.8,0.3,0.0597
Gap Down Days,15,2,240,319,11.91,0.03,8,-2,1.014,32,7.7,11.9,88.1,0.0,0.0251
Gap Down Days,15,2,390,319,11.91,0.03,8,-2,1.014,32,7.7,11.9,88.1,0.0,0.0251
Gap Down Days,15,5,15,319,27.27,-1.31,-418.43,-5,0.621,17,6.1,5.3,67.7,27.0,-1.3117
Gap Down Days,15,5,30,319,26.02,-1.18,-374.96,-5,0.676,17,9.5,10.0,72.1,17.9,-1.1754
Gap Down Days,15,5,60,319,22.57,-1.22,-390.7,-5,0.677,20,13.6,13.8,75.2,11.0,-1.2248
Gap Down Days,15,5,120,319,21.0,-1.09,-346.71,-5,0.723,20,17.4,17.6,78.4,4.1,-1.0869
Gap Down Days,15,5,240,319,20.38,-1.13,-360.18,-5,0.716,20,20.6,18.5,79.6,1.9,-1.1291
Gap Down Days,15,5,390,319,20.06,-1.03,-327.91,-5,0.742,20,22.3,19.4,79.6,0.9,-1.0279
Gap Down Days,15,8,15,319,37.3,-1.69,-537.83,-5.17,0.605,11,8.7,6.6,48.0,45.5,-1.686
Gap Down Days,15,8,30,319,36.99,-1.41,-449.13,-8,0.698,15,14.5,12.5,56.4,31.0,-1.4079
Gap Down Days,15,8,60,319,32.6,-1.57,-501.51,-8,0.694,15,21.8,18.2,62.7,19.1,-1.5721
Gap Down Days,15,8,120,319,31.35,-1.27,-405.03,-8,0.762,15,30.4,23.8,65.8,10.3,-1.2697
Gap Down Days,15,8,240,319,31.03,-1.23,-391.06,-8,0.776,15,38.6,27.0,68.3,4.7,-1.2259
Gap Down Days,15,8,390,319,29.78,-1.23,-391.07,-8,0.78,15,42.9,28.5,69.3,2.2,-1.2259
Gap Down Days,15,10,15,319,39.18,-1.98,-630.77,-3.75,0.583,10,9.8,7.5,41.1,51.4,-1.9773
Gap Down Days,15,10,30,319,39.18,-1.85,-588.74,-6.99,0.652,10,16.5,13.5,48.9,37.6,-1.8456
Gap Down Days,15,10,60,319,35.74,-1.97,-628.05,-10,0.666,14,25.2,20.1,56.4,23.5,-1.9688
Gap Down Days,15,10,120,319,36.36,-1.35,-432.09,-10,0.776,10,36.0,27.0,58.6,14.4,-1.3545
Gap Down Days,15,10,240,319,37.93,-1.09,-348.29,-10,0.822,11,48.2,31.3,61.1,7.5,-1.0918
Gap Down Days,15,10,390,319,35.74,-1.2,-381.42,-10,0.811,11,56.5,33.2,62.7,4.1,-1.1957
Gap Down Days,15,15,15,319,40.75,-2.45,-781.99,-1.8,0.543,10,12.0,8.2,25.1,66.8,-2.4514
Gap Down Days,15,15,30,319,43.89,-2.22,-707.03,-2.13,0.634,9,21.0,15.4,32.0,52.7,-2.2164
Gap Down Days,15,15,60,319,42.95,-2.3,-732.23,-3.36,0.664,7,33.9,22.6,40.4,37.0,-2.2954
Gap Down Days,15,15,120,319,45.45,-1.57,-499.64,-3.4,0.781,6,51.3,31.3,44.8,23.8,-1.5663
Gap Down Days,15,15,240,319,46.71,-1.25,-397.49,-4.75,0.833,6,72.4,38.2,48.6,13.2,-1.2461
Gap Down Days,15,15,390,319,44.83,-1.56,-497.68,-15,0.804,6,86.1,41.4,52.4,6.3,-1.5601
Gap Down Days,15,20,15,319,41.69,-2.83,-901.56,-1.24,0.517,10,12.8,8.8,16.3,74.9,-2.8262
Gap Down Days,15,20,30,319,45.77,-2.87,-914.98,-1.45,0.582,7,22.9,16.3,24.8,58.9,-2.8683
Gap Down Days,15,20,60,319,46.08,-2.79,-890.61,-1.34,0.639,7,37.8,24.8,32.3,42.9,-2.7919
Gap Down Days,15,20,120,319,49.53,-2.2,-702.2,-0.48,0.735,6,58.3,34.2,37.9,27.9,-2.2013
Gap Down Days,15,20,240,319,50.78,-1.85,-590.7,1.21,0.787,6,84.3,42.0,40.1,17.9,-1.8517
Gap Down Days,15,20,390,319,50.47,-2.09,-668.0,0.88,0.774,6,102.6,46.4,44.5,9.1,-2.094
Gap Down Days,15,30,15,319,42.95,-2.78,-888.18,-1.03,0.533,10,13.7,9.7,6.3,84.0,-2.7843
Gap Down Days,15,30,30,319,49.22,-2.71,-865.37,-0.1,0.617,7,25.5,18.5,10.3,71.2,-2.7128
Gap Down Days,15,30,60,319,50.78,-2.66,-848.89,0.75,0.674,7,43.8,27.9,18.5,53.6,-2.6611
Gap Down Days,15,30,120,319,55.17,-2.08,-663.25,3.42,0.766,6,71.2,37.6,21.9,40.4,-2.0792
Gap Down Days,15,30,240,319,57.37,-1.86,-594.1,7.47,0.805,5,108.5,47.3,27.0,25.7,-1.8624
Gap Down Days,15,30,390,319,57.99,-2.03,-647.61,15,0.8,5,138.9,52.4,30.4,17.2,-2.0301
Gap Down Days,15,50,15,319,43.57,-2.72,-867.96,-0.98,0.546,10,14.2,10.3,1.6,88.1,-2.7209
Gap Down Days,15,50,30,319,50.16,-2.73,-870.11,0.12,0.622,7,26.8,19.1,2.8,78.1,-2.7276
Gap Down Days,15,50,60,319,53.29,-2.57,-820.52,1.47,0.69,7,47.9,28.8,6.3,64.9,-2.5722
Gap Down Days,15,50,120,319,57.68,-2.38,-760.51,5.7,0.75,6,81.6,40.1,9.1,50.8,-2.384
Gap Down Days,15,50,240,319,60.5,-2.51,-801.94,15,0.764,5,132.8,50.5,12.5,37.0,-2.5139
Gap Down Days,15,50,390,319,62.07,-2.93,-936.06,15,0.748,5,179.1,56.1,17.2,26.6,-2.9344
Gap Down Days,20,2,15,319,16.93,-0.11,-36.58,-2,0.931,29,4.0,1.6,82.8,15.7,-0.1147
Gap Down Days,20,2,30,319,15.05,0.0,0.15,-2,1.0,34,6.0,3.1,85.0,11.9,0.0005
Gap Down Days,20,2,60,319,11.6,-0.06,-19.24,-2,0.966,34,8.5,5.6,88.1,6.3,-0.0603
Gap Down Days,20,2,120,319,9.4,-0.13,-41.36,-2,0.928,34,10.7,7.5,90.6,1.9,-0.1297
Gap Down Days,20,2,240,319,8.46,-0.16,-51.69,-2,0.911,34,11.8,8.2,91.5,0.3,-0.162
Gap Down Days,20,2,390,319,8.46,-0.14,-44,-2,0.925,34,12.2,8.5,91.5,0.0,-0.1379
Gap Down Days,20,5,15,319,26.65,-1.37,-436.91,-5,0.608,17,6.3,2.5,68.3,29.2,-1.3696
Gap Down Days,20,5,30,319,25.08,-1.22,-388.15,-5,0.669,17,10.3,4.4,73.0,22.6,-1.2168
Gap Down Days,20,5,60,319,20.69,-1.34,-426.33,-5,0.654,22,15.8,7.5,76.5,16.0,-1.3365
Gap Down Days,20,5,120,319,17.87,-1.25,-397.53,-5,0.694,22,22.3,11.3,81.2,7.5,-1.2462
Gap Down Days,20,5,240,319,16.61,-1.26,-401.04,-5,0.698,22,28.2,13.2,83.4,3.4,-1.2572
Gap Down Days,20,5,390,319,15.99,-1.19,-379.6,-5,0.716,22,31.5,14.4,83.7,1.9,-1.19
Gap Down Days,20,8,15,319,36.36,-1.86,-593.73,-6.2,0.572,11,9.0,2.8,48.9,48.3,-1.8612
Gap Down Days,20,8,30,319,35.74,-1.5,-480.02,-8,0.684,17,15.4,6.0,57.7,36.4,-1.5048
Gap Down Days,20,8,60,319,30.41,-1.77,-565.22,-8,0.664,17,24.6,9.7,64.3,26.0,-1.7718
Gap Down Days,20,8,120,319,27.9,-1.34,-426.68,-8,0.76,17,37.0,16.0,68.3,15.7,-1.3376
Gap Down Days,20,8,240,319,27.59,-1.12,-357.97,-8,0.805,17,50.1,20.4,71.8,7.8,-1.1222
Gap Down Days,20,8,390,319,25.39,-1.24,-395.09,-8,0.791,17,57.6,22.6,73.7,3.8,-1.2385
Gap Down Days,20,10,15,319,38.24,-2.11,-672.48,-3.88,0.562,10,10.2,3.8,41.7,54.5,-2.1081
Gap Down Days,20,10,30,319,38.24,-1.83,-582.63,-8.34,0.662,10,17.5,7.2,49.8,42.9,-1.8264
Gap Down Days,20,10,60,319,33.86,-2.02,-645.9,-10,0.664,14,28.1,11.6,57.7,30.7,-2.0248
Gap Down Days,20,10,120,319,33.54,-1.24,-394.5,-10,0.802,10,43.0,18.5,60.5,21.0,-1.2367
Gap Down Days,20,10,240,319,34.8,-0.91,-288.85,-10,0.859,11,62.2,23.5,64.3,12.2,-0.9055
Gap Down Days,20,10,390,319,31.66,-0.99,-316.19,-10,0.853,11,74.7,27.3,66.8,6.0,-0.9912
Gap Down Days,20,15,15,319,39.81,-2.59,-827.32,-2.16,0.525,10,12.3,4.1,25.4,70.5,-2.5935
Gap Down Days,20,15,30,319,42.95,-2.16,-690.6,-2.49,0.651,9,22.1,8.5,32.9,58.6,-2.1649
Gap Down Days,20,15,60,319,40.75,-2.49,-793.68,-4.14,0.646,7,37.3,12.9,41.7,45.5,-2.488
Gap Down Days,20,15,120,319,42.63,-1.35,-430.62,-5.9,0.818,6,60.0,21.6,46.1,32.3,-1.3499
Gap Down Days,20,15,240,319,43.89,-0.94,-300.38,-15,0.88,6,91.1,28.5,50.8,20.7,-0.9416
Gap Down Days,20,15,390,319,41.38,-1.19,-378.81,-15,0.86,6,113.4,34.5,55.8,9.7,-1.1875
Gap Down Days,20,20,15,319,40.75,-3.0,-956.11,-1.61,0.496,10,13.2,4.1,16.3,79.6,-2.9972
Gap Down Days,20,20,30,319,44.51,-2.96,-943.99,-2.01,0.584,7,24.2,8.8,26.0,65.2,-2.9592
Gap Down Days,20,20,60,319,43.26,-3.23,-1029.35,-2.11,0.6,7,41.5,13.5,33.9,52.7,-3.2268
Gap Down Days,20,20,120,319,46.08,-2.31,-736.61,-2.31,0.736,6,68.0,22.9,39.8,37.3,-2.3091
Gap Down Days,20,20,240,319,46.71,-1.96,-626.05,-3.58,0.79,6,105.4,30.4,42.9,26.6,-1.9625
Gap Down Days,20,20,390,319,45.45,-2.17,-693.17,-13.38,0.786,6,134.2,37.6,48.6,13.8,-2.1729
Gap Down Days,20,30,15,319,42.01,-2.92,-932.68,-1.08,0.518,10,14.2,4.7,6.3,89.0,-2.9238
Gap Down Days,20,30,30,319,47.96,-2.76,-881.47,-0.44,0.626,7,26.8,10.7,11.0,78.4,-2.7632
Gap Down Days,20,30,60,319,47.96,-3.05,-971.86,-0.75,0.643,7,47.9,15.7,19.4,64.9,-3.0466
Gap Down Days,20,30,120,319,52.04,-2.03,-646.93,1.24,0.782,6,82.1,26.3,22.9,50.8,-2.028
Gap Down Days,20,30,240,319,53.29,-1.74,-555.05,3.1,0.83,5,132.6,35.4,28.5,36.1,-1.74
Gap Down Days,20,30,390,319,53.92,-1.71,-546.16,3.36,0.845,5,176.2,43.9,32.6,23.5,-1.7121
Gap Down Days,20,50,15,319,42.63,-2.85,-908.93,-1.07,0.532,10,14.6,5.0,1.6,93.4,-2.8493
Gap Down Days,20,50,30,319,49.22,-2.66,-847.19,-0.1,0.643,7,28.2,11.3,2.8,85.9,-2.6558
Gap Down Days,20,50,60,319,50.78,-2.89,-921.02,0.75,0.666,7,52.3,16.3,6.6,77.1,-2.8872
Gap Down Days,20,50,120,319,54.86,-2.19,-698.6,2.65,0.782,6,92.9,28.8,9.7,61.4,-2.19
Gap Down Days,20,50,240,319,56.74,-2.31,-735.86,5.14,0.798,5,157.8,38.2,13.5,48.3,-2.3068
Gap Down Days,20,50,390,319,58.31,-2.46,-786.01,8.51,0.804,5,218.5,47.3,18.5,34.2,-2.464
Gap Down Days,30,2,15,319,16.61,-0.1,-32.07,-2,0.94,29,4.1,0.6,82.8,16.6,-0.1005
Gap Down Days,30,2,30,319,14.73,-0.09,-28.74,-2,0.947,34,6.3,0.6,85.3,14.1,-0.0901
Gap Down Days,30,2,60,319,10.97,0.04,12.53,-2,1.022,34,9.6,2.8,88.7,8.5,0.0393
Gap Down Days,30,2,120,319,8.46,-0.04,-14.29,-2,0.976,34,13.5,2.8,91.5,5.6,-0.0448
Gap Down Days,30,2,240,319,7.52,0.01,2.89,-2,1.005,34,18.5,4.7,92.5,2.8,0.0091
Gap Down Days,30,2,390,319,5.96,-0.13,-42.82,-2,0.929,39,22.1,5.3,94.0,0.6,-0.1342
Gap Down Days,30,5,15,319,26.33,-1.32,-419.69,-5,0.624,17,6.5,1.3,68.3,30.4,-1.3156
Gap Down Days,30,5,30,319,24.45,-1.33,-423.39,-5,0.642,17,10.6,1.3,73.7,25.1,-1.3272
Gap Down Days,30,5,60,319,19.75,-1.27,-406.27,-5,0.674,22,17.1,3.8,77.4,18.8,-1.2736
Gap Down Days,30,5,120,319,16.93,-1.16,-370.61,-5,0.718,22,26.5,4.1,82.1,13.8,-1.1618
Gap Down Days,30,5,240,319,15.67,-1.08,-343.58,-5,0.745,22,39.5,6.6,84.3,9.1,-1.0771
Gap Down Days,30,5,390,319,14.11,-0.93,-298.22,-5,0.781,22,51.4,8.2,85.3,6.6,-0.9349
Gap Down Days,30,8,15,319,36.05,-1.81,-576.19,-6.2,0.585,11,9.1,1.3,48.9,49.8,-1.8062
Gap Down Days,30,8,30,319,35.42,-1.58,-504.13,-8,0.67,17,15.9,1.3,58.0,40.8,-1.5803
Gap Down Days,30,8,60,319,29.78,-1.56,-496.9,-8,0.706,17,26.5,5.0,64.6,30.4,-1.5577
Gap Down Days,30,8,120,319,27.27,-1.12,-356.99,-8,0.801,17,43.2,6.0,69.0,25.1,-1.1191
Gap Down Days,30,8,240,319,26.96,-0.63,-201.93,-8,0.891,17,67.6,10.7,72.4,16.9,-0.633
Gap Down Days,30,8,390,319,22.88,-0.72,-228.89,-8,0.882,17,88.0,13.8,75.5,10.7,-0.7175
Gap Down Days,30,10,15,319,37.93,-1.97,-627.57,-3.88,0.592,10,10.4,1.9,41.7,56.4,-1.9673
Gap Down Days,30,10,30,319,37.93,-1.78,-568.74,-10,0.672,10,18.1,2.5,50.2,47.3,-1.7829
Gap Down Days,30,10,60,319,32.92,-1.78,-569.17,-10,0.708,14,30.1,6.3,58.3,35.4,-1.7842
Gap Down Days,30,10,120,319,32.6,-1.0,-319.21,-10,0.842,10,49.7,7.2,61.4,31.3,-1.0007
Gap Down Days,30,10,240,319,33.54,-0.4,-126.37,-10,0.94,11,81.3,12.5,65.5,21.9,-0.3961
Gap Down Days,30,10,390,319,28.53,-0.52,-165.87,-10,0.926,17,108.8,16.0,69.0,15.0,-0.52
Gap Down Days,30,15,15,319,39.5,-2.47,-787.35,-2.16,0.549,10,12.5,1.9,25.4,72.7,-2.4682
Gap Down Days,30,15,30,319,42.63,-2.15,-685.21,-2.53,0.656,9,22.8,2.8,33.2,63.9,-2.148
Gap Down Days,30,15,60,319,39.5,-2.28,-727.67,-5.11,0.682,7,39.5,7.2,42.3,50.5,-2.2811
Gap Down Days,30,15,120,319,41.38,-1.18,-376.27,-6.71,0.843,8,67.9,8.8,46.7,44.5,-1.1795
Gap Down Days,30,15,240,319,42.32,-0.36,-115.07,-15,0.955,6,114.2,15.7,52.4,32.0,-0.3607
Gap Down Days,30,15,390,319,38.24,-0.49,-155.66,-15,0.945,7,154.2,20.4,58.0,21.6,-0.488
Gap Down Days,30,20,15,319,40.44,-2.87,-916.14,-1.74,0.518,10,13.4,1.9,16.3,81.8,-2.8719
Gap Down Days,30,20,30,319,44.2,-2.99,-952.27,-2.03,0.584,7,24.9,2.8,26.3,70.8,-2.9852
Gap Down Days,30,20,60,319,42.01,-3.07,-980.41,-2.83,0.627,7,43.9,7.5,34.5,58.0,-3.0734
Gap Down Days,30,20,120,319,44.83,-2.15,-684.74,-2.49,0.759,8,76.5,9.4,40.4,50.2,-2.1465
Gap Down Days,30,20,240,319,45.14,-1.4,-445.08,-4.75,0.855,6,130.0,16.6,44.5,38.9,-1.3952
Gap Down Days,30,20,390,319,42.32,-1.41,-450.94,-20,0.867,7,177.9,22.3,50.8,27.0,-1.4136
Gap Down Days,30,30,15,319,41.69,-2.78,-887.74,-1.18,0.541,10,14.4,1.9,6.3,91.8,-2.7829
Gap Down Days,30,30,30,319,47.65,-2.71,-863.42,-0.52,0.638,7,27.7,4.1,11.3,84.6,-2.7066
Gap Down Days,30,30,60,319,46.71,-2.87,-915.05,-0.89,0.672,7,50.5,8.8,20.1,71.2,-2.8685
Gap Down Days,30,30,120,319,50.78,-1.78,-568.67,0.26,0.813,7,91.4,11.6,23.5,64.9,-1.7827
Gap Down Days,30,30,240,319,51.72,-1.17,-372.76,1.98,0.89,5,159.9,19.7,29.5,50.8,-1.1685
Gap Down Days,30,30,390,319,50.16,-1.04,-331.78,0.05,0.911,5,226.3,26.3,34.5,39.2,-1.0401
Gap Down Days,30,50,15,319,42.32,-2.71,-864.34,-1.08,0.556,10,14.8,1.9,1.6,96.6,-2.7095
Gap Down Days,30,50,30,319,48.59,-2.7,-862.78,-0.29,0.645,7,29.1,4.4,2.8,92.8,-2.7046
Gap Down Days,30,50,60,319,49.22,-2.91,-926.96,-0.15,0.679,7,55.3,9.1,6.9,84.0,-2.9058
Gap Down Days,30,50,120,319,53.61,-2.0,-638.66,1.63,0.807,7,103.2,12.9,10.3,76.8,-2.0021
Gap Down Days,30,50,240,319,54.55,-2.17,-693.14,3.5,0.824,5,187.2,21.6,15.0,63.3,-2.1729
Gap Down Days,30,50,390,319,53.92,-2.2,-702.78,2.53,0.841,5,271.4,29.2,20.4,50.5,-2.2031
Gap Down Days,50,2,15,319,16.61,-0.09,-29.34,-2,0.945,29,4.1,0.0,82.8,17.2,-0.092
Gap Down Days,50,2,30,319,14.73,-0.07,-20.79,-2,0.962,34,6.4,0.0,85.3,14.7,-0.0652
Gap Down Days,50,2,60,319,10.97,0.09,28.56,-2,1.05,34,10.2,0.3,88.7,11.0,0.0895
Gap Down Days,50,2,120,319,8.46,-0.08,-26.2,-2,0.955,34,15.6,0.3,91.5,8.2,-0.0821
Gap Down Days,50,2,240,319,7.52,-0.03,-10.93,-2,0.981,34,24.2,0.6,92.5,6.9,-0.0343
Gap Down Days,50,2,390,319,5.33,0.0,0.4,-2,1.001,39,32.0,0.9,94.7,4.4,0.0013
Gap Down Days,50,5,15,319,26.33,-1.32,-419.92,-5,0.624,17,6.5,0.0,68.3,31.7,-1.3164
Gap Down Days,50,5,30,319,24.45,-1.36,-432.73,-5,0.634,17,10.9,0.0,73.7,26.3,-1.3565
Gap Down Days,50,5,60,319,19.75,-1.37,-436.08,-5,0.65,22,18.1,0.3,77.4,22.3,-1.367
Gap Down Days,50,5,120,319,16.61,-1.33,-424.64,-5,0.679,22,29.4,0.3,82.4,17.2,-1.3312
Gap Down Days,50,5,240,319,15.36,-1.1,-351.13,-5,0.74,22,47.7,0.9,84.6,14.4,-1.1007
Gap Down Days,50,5,390,319,13.48,-0.56,-179.62,-5,0.869,22,65.9,1.9,85.9,12.2,-0.5631
Gap Down Days,50,8,15,319,36.05,-1.81,-576.42,-6.2,0.585,11,9.2,0.0,48.9,51.1,-1.807
Gap Down Days,50,8,30,319,35.42,-1.61,-513.47,-8,0.664,17,16.1,0.0,58.0,42.0,-1.6096
Gap Down Days,50,8,60,319,29.78,-1.54,-492.63,-8,0.709,17,27.7,0.9,64.6,34.5,-1.5443
Gap Down Days,50,8,120,319,26.96,-1.16,-369.87,-8,0.794,17,46.8,0.9,69.3,29.8,-1.1595
Gap Down Days,50,8,240,319,26.65,-0.35,-110.25,-8,0.941,17,79.0,2.2,72.7,25.1,-0.3456
Gap Down Days,50,8,390,319,21.94,-0.04,-11.51,-8,0.994,17,110.7,3.8,76.2,20.1,-0.0361
Gap Down Days,50,10,15,319,37.93,-1.9,-605.72,-3.88,0.606,10,10.4,0.3,41.7,58.0,-1.8988
Gap Down Days,50,10,30,319,37.93,-1.78,-569.4,-10,0.671,10,18.4,0.3,50.2,49.5,-1.785
Gap Down Days,50,10,60,319,32.92,-1.67,-532.06,-10,0.727,14,31.7,1.6,58.3,40.1,-1.6679
Gap Down Days,50,10,120,319,31.97,-1.13,-359.93,-10,0.824,10,54.1,1.6,62.1,36.4,-1.1283
Gap Down Days,50,10,240,319,32.92,-0.11,-35.84,-10,0.983,11,94.1,2.8,66.1,31.0,-0.1124
Gap Down Days,50,10,390,319,27.27,0.34,109.96,-10,1.049,17,134.0,5.3,69.9,24.8,0.3447
Gap Down Days,50,15,15,319,39.5,-2.4,-765.5,-2.16,0.561,10,12.6,0.3,25.4,74.3,-2.3997
Gap Down Days,50,15,30,319,42.63,-2.13,-680.5,-2.53,0.658,9,23.2,0.3,33.2,66.5,-2.1332
Gap Down Days,50,15,60,319,39.5,-2.06,-657.77,-5.11,0.712,7,41.3,1.9,42.3,55.8,-2.062
Gap Down Days,50,15,120,319,40.75,-1.19,-379.07,-7.18,0.844,8,72.8,2.5,47.3,50.2,-1.1883
Gap Down Days,50,15,240,319,41.38,0.03,9.98,-15,1.004,10,128.8,3.8,53.3,42.9,0.0313
Gap Down Days,50,15,390,319,36.36,0.24,75.77,-15,1.026,10,184.2,7.2,59.2,33.5,0.2375
Gap Down Days,50,20,15,319,40.44,-2.8,-894.29,-1.74,0.529,10,13.5,0.3,16.3,83.4,-2.8034
Gap Down Days,50,20,30,319,44.2,-2.97,-947.56,-2.03,0.586,7,25.3,0.3,26.3,73.4,-2.9704
Gap Down Days,50,20,60,319,42.01,-2.87,-915.69,-2.83,0.651,7,45.7,1.9,34.5,63.6,-2.8705
Gap Down Days,50,20,120,319,44.51,-2.08,-663.15,-2.54,0.768,8,81.8,2.5,40.8,56.7,-2.0788
Gap Down Days,50,20,240,319,44.51,-0.89,-282.86,-5.23,0.909,6,145.8,4.4,44.8,50.8,-0.8867
Gap Down Days,50,20,390,319,40.13,-0.53,-169.25,-20,0.951,7,210.5,8.5,51.7,39.8,-0.5306
Gap Down Days,50,30,15,319,41.69,-2.71,-865.89,-1.18,0.553,10,14.4,0.3,6.3,93.4,-2.7144
Gap Down Days,50,30,30,319,47.65,-2.87,-916.23,-0.52,0.616,7,28.1,0.3,11.3,88.4,-2.8722
Gap Down Days,50,30,60,319,46.39,-2.82,-899.35,-1.07,0.681,7,52.8,1.9,20.4,77.7,-2.8193
Gap Down Days,50,30,120,319,50.16,-1.9,-605.38,0.02,0.805,7,97.8,3.1,24.1,72.7,-1.8977
Gap Down Days,50,30,240,319,49.84,-1.07,-341.44,-0.41,0.902,6,179.0,5.3,30.1,64.6,-1.0703
Gap Down Days,50,30,390,319,46.71,-0.71,-225.75,-2.22,0.943,6,265.3,9.4,36.1,54.5,-0.7077
Gap Down Days,50,50,15,319,42.32,-2.64,-842.49,-1.08,0.567,10,14.9,0.3,1.6,98.1,-2.641
Gap Down Days,50,50,30,319,48.59,-2.81,-895.59,-0.29,0.631,7,29.6,0.6,2.8,96.6,-2.8075
Gap Down Days,50,50,60,319,48.9,-2.76,-879.6,-0.18,0.697,7,57.6,2.2,6.9,90.9,-2.7574
Gap Down Days,50,50,120,319,52.98,-2.04,-650.92,1.31,0.806,7,110.3,3.4,10.3,86.2,-2.0405
Gap Down Days,50,50,240,319,52.98,-1.65,-527.33,2.39,0.869,6,208.2,6.9,15.4,77.7,-1.6531
Gap Down Days,50,50,390,319,50.78,-1.47,-467.72,0.54,0.9,6,313.8,11.6,21.6,66.8,-1.4662
Gap Down Days,75,2,15,319,16.61,-0.09,-29.34,-2,0.945,29,4.1,0.0,82.8,17.2,-0.092
Gap Down Days,75,2,30,319,14.73,-0.07,-20.79,-2,0.962,34,6.4,0.0,85.3,14.7,-0.0652
Gap Down Days,75,2,60,319,10.97,0.09,30.23,-2,1.053,34,10.3,0.0,88.7,11.3,0.0948
Gap Down Days,75,2,120,319,8.46,-0.05,-15.63,-2,0.973,34,15.9,0.0,91.5,8.5,-0.049
Gap Down Days,75,2,240,319,7.52,0.07,20.86,-2,1.035,34,25.1,0.3,92.5,7.2,0.0654
Gap Down Days,75,2,390,319,5.33,0.13,41.76,-2,1.069,39,33.7,0.3,94.7,5.0,0.1309
Gap Down Days,75,5,15,319,26.33,-1.32,-419.92,-5,0.624,17,6.5,0.0,68.3,31.7,-1.3164
Gap Down Days,75,5,30,319,24.45,-1.36,-432.73,-5,0.634,17,10.9,0.0,73.7,26.3,-1.3565
Gap Down Days,75,5,60,319,19.75,-1.36,-434.41,-5,0.652,22,18.2,0.0,77.4,22.6,-1.3618
Gap Down Days,75,5,120,319,16.61,-1.3,-414.07,-5,0.687,22,29.6,0.0,82.4,17.6,-1.298
Gap Down Days,75,5,240,319,15.36,-1.0,-320.26,-5,0.763,22,48.6,0.3,84.6,15.0,-1.0039
Gap Down Days,75,5,390,319,13.48,-0.44,-139.01,-5,0.899,22,68.9,0.3,85.9,13.8,-0.4358
Gap Down Days,75,8,15,319,36.05,-1.81,-576.42,-6.2,0.585,11,9.2,0.0,48.9,51.1,-1.807
Gap Down Days,75,8,30,319,35.42,-1.61,-513.47,-8,0.664,17,16.1,0.0,58.0,42.0,-1.6096
Gap Down Days,75,8,60,319,29.78,-1.54,-490.8,-8,0.71,17,27.8,0.0,64.6,35.4,-1.5386
Gap Down Days,75,8,120,319,26.96,-1.09,-348.51,-8,0.806,17,47.4,0.3,69.3,30.4,-1.0925
Gap Down Days,75,8,240,319,26.65,-0.15,-47.67,-8,0.974,17,81.1,0.6,72.7,26.6,-0.1494
Gap Down Days,75,8,390,319,21.94,0.19,59.44,-8,1.03,17,116.5,0.6,76.2,23.2,0.1863
Gap Down Days,75,10,15,319,37.93,-1.99,-633.65,-3.88,0.588,10,10.4,0.0,41.7,58.3,-1.9864
Gap Down Days,75,10,30,319,37.93,-1.71,-544.4,-10,0.686,10,18.5,0.3,50.2,49.5,-1.7066
Gap Down Days,75,10,60,319,32.92,-1.59,-506.97,-10,0.74,14,31.9,0.3,58.3,41.4,-1.5892
Gap Down Days,75,10,120,319,31.97,-0.9,-288.57,-10,0.859,10,54.9,0.9,62.1,37.0,-0.9046
Gap Down Days,75,10,240,319,32.92,0.24,76.74,-10,1.036,11,96.4,1.3,66.1,32.6,0.2406
Gap Down Days,75,10,390,319,27.27,0.72,230.01,-10,1.101,17,140.8,1.3,69.9,28.8,0.721
Gap Down Days,75,15,15,319,39.5,-2.49,-793.43,-2.16,0.545,10,12.6,0.0,25.4,74.6,-2.4872
Gap Down Days,75,15,30,319,42.63,-2.05,-655.5,-2.53,0.671,9,23.2,0.3,33.2,66.5,-2.0549
Gap Down Days,75,15,60,319,39.5,-1.97,-627.91,-5.11,0.725,7,41.5,0.3,42.3,57.4,-1.9684
Gap Down Days,75,15,120,319,40.75,-0.96,-307.51,-7.18,0.874,8,74.0,0.9,47.3,51.7,-0.964
Gap Down Days,75,15,240,319,41.38,0.32,103.64,-15,1.04,10,132.5,1.6,53.3,45.1,0.3249
Gap Down Days,75,15,390,319,36.36,0.51,162.85,-15,1.056,10,194.2,1.6,59.2,39.2,0.5105
Gap Down Days,75,20,15,319,40.44,-2.89,-922.22,-1.74,0.515,10,13.5,0.0,16.3,83.7,-2.891
Gap Down Days,75,20,30,319,44.2,-2.89,-922.56,-2.03,0.597,7,25.3,0.3,26.3,73.4,-2.892
Gap Down Days,75,20,60,319,42.01,-2.78,-885.83,-2.83,0.663,7,45.9,0.3,34.5,65.2,-2.7769
Gap Down Days,75,20,120,319,44.51,-1.85,-591.59,-2.54,0.793,8,82.9,0.9,40.8,58.3,-1.8545
Gap Down Days,75,20,240,319,44.51,-0.5,-159.69,-5.23,0.949,6,150.2,1.6,44.8,53.6,-0.5006
Gap Down Days,75,20,390,319,39.81,-0.22,-68.63,-20,0.98,7,221.7,2.5,51.7,45.8,-0.2151
Gap Down Days,75,30,15,319,41.69,-2.8,-893.82,-1.18,0.538,10,14.4,0.0,6.3,93.7,-2.8019
Gap Down Days,75,30,30,319,47.65,-2.79,-891.23,-0.52,0.627,7,28.2,0.3,11.3,88.4,-2.7938
Gap Down Days,75,30,60,319,46.39,-2.73,-869.49,-1.07,0.692,7,53.1,0.3,20.4,79.3,-2.7257
Gap Down Days,75,30,120,319,50.16,-1.55,-492.9,0.02,0.841,7,99.2,1.3,24.1,74.6,-1.5451
Gap Down Days,75,30,240,319,49.84,-0.67,-212.69,-0.41,0.939,6,184.1,1.9,30.1,68.0,-0.6667
Gap Down Days,75,30,390,319,46.39,-0.4,-126.04,-2.23,0.968,6,278.3,2.8,36.1,61.1,-0.3951
Gap Down Days,75,50,15,319,42.32,-2.73,-870.42,-1.08,0.552,10,14.9,0.0,1.6,98.4,-2.7286
Gap Down Days,75,50,30,319,48.59,-2.7,-860.84,-0.29,0.645,7,29.7,0.3,2.8,96.9,-2.6986
Gap Down Days,75,50,60,319,48.9,-2.78,-887.24,-0.18,0.695,7,58.0,0.3,6.9,92.8,-2.7813
Gap Down Days,75,50,120,319,52.98,-1.64,-521.97,1.31,0.845,7,112.0,1.3,10.3,88.4,-1.6363
Gap Down Days,75,50,240,319,52.98,-1.08,-344.74,2.39,0.914,6,214.3,2.8,15.4,81.8,-1.0807
Gap Down Days,75,50,390,319,50.47,-0.88,-282.19,0.31,0.94,6,329.1,4.4,21.6,74.0,-0.8846
Gap Down Days,100,2,15,319,16.61,-0.09,-29.34,-2,0.945,29,4.1,0.0,82.8,17.2,-0.092
Gap Down Days,100,2,30,319,14.73,-0.07,-20.79,-2,0.962,34,6.4,0.0,85.3,14.7,-0.0652
Gap Down Days,100,2,60,319,10.97,0.09,30.23,-2,1.053,34,10.3,0.0,88.7,11.3,0.0948
Gap Down Days,100,2,120,319,8.46,-0.05,-15.63,-2,0.973,34,15.9,0.0,91.5,8.5,-0.049
Gap Down Days,100,2,240,319,7.52,0.04,13.83,-2,1.023,34,25.2,0.0,92.5,7.5,0.0434
Gap Down Days,100,2,390,319,5.33,0.08,26.35,-2,1.044,39,34.3,0.0,94.7,5.3,0.0826
Gap Down Days,100,5,15,319,26.33,-1.32,-419.92,-5,0.624,17,6.5,0.0,68.3,31.7,-1.3164
Gap Down Days,100,5,30,319,24.45,-1.36,-432.73,-5,0.634,17,10.9,0.0,73.7,26.3,-1.3565
Gap Down Days,100,5,60,319,19.75,-1.36,-434.41,-5,0.652,22,18.2,0.0,77.4,22.6,-1.3618
Gap Down Days,100,5,120,319,16.61,-1.3,-414.07,-5,0.687,22,29.6,0.0,82.4,17.6,-1.298
Gap Down Days,100,5,240,319,15.36,-1.03,-327.29,-5,0.758,22,48.7,0.0,84.6,15.4,-1.026
Gap Down Days,100,5,390,319,13.48,-0.48,-154.42,-5,0.887,22,69.5,0.0,85.9,14.1,-0.4841
Gap Down Days,100,8,15,319,36.05,-1.81,-576.42,-6.2,0.585,11,9.2,0.0,48.9,51.1,-1.807
Gap Down Days,100,8,30,319,35.42,-1.61,-513.47,-8,0.664,17,16.1,0.0,58.0,42.0,-1.6096
Gap Down Days,100,8,60,319,29.78,-1.54,-490.8,-8,0.71,17,27.8,0.0,64.6,35.4,-1.5386
Gap Down Days,100,8,120,319,26.96,-1.01,-323.51,-8,0.82,17,47.5,0.3,69.3,30.4,-1.0141
Gap Down Days,100,8,240,319,26.65,-0.09,-29.7,-8,0.984,17,81.2,0.3,72.7,27.0,-0.0931
Gap Down Days,100,8,390,319,21.94,0.22,69.03,-8,1.035,17,117.2,0.3,76.2,23.5,0.2164
Gap Down Days,100,10,15,319,37.93,-1.99,-633.65,-3.88,0.588,10,10.4,0.0,41.7,58.3,-1.9864
Gap Down Days,100,10,30,319,37.93,-1.71,-544.88,-10,0.685,10,18.5,0.0,50.2,49.8,-1.7081
Gap Down Days,100,10,60,319,32.92,-1.69,-537.59,-10,0.724,14,32,0.0,58.3,41.7,-1.6852
Gap Down Days,100,10,120,319,31.66,-1.1,-349.69,-10,0.83,10,55.2,0.3,62.4,37.3,-1.0962
Gap Down Days,100,10,240,319,32.6,0.11,34.71,-10,1.016,11,97.1,0.6,66.5,32.9,0.1088
Gap Down Days,100,10,390,319,26.96,0.56,179.6,-10,1.079,17,141.9,0.6,70.2,29.2,0.563
Gap Down Days,100,15,15,319,39.5,-2.49,-793.43,-2.16,0.545,10,12.6,0.0,25.4,74.6,-2.4872
Gap Down Days,100,15,30,319,42.63,-2.06,-655.98,-2.53,0.671,9,23.2,0.0,33.2,66.8,-2.0564
Gap Down Days,100,15,60,319,39.5,-2.06,-658.53,-5.11,0.712,7,41.6,0.0,42.3,57.7,-2.0644
Gap Down Days,100,15,120,319,40.44,-1.17,-373.63,-7.76,0.847,8,74.2,0.3,47.6,52.0,-1.1713
Gap Down Days,100,15,240,319,41.07,0.17,55.1,-15,1.021,10,133.2,0.6,53.6,45.8,0.1727
Gap Down Days,100,15,390,319,36.05,0.35,113.22,-15,1.039,10,195.9,0.6,59.6,39.8,0.3549
Gap Down Days,100,20,15,319,40.44,-2.89,-922.22,-1.74,0.515,10,13.5,0.0,16.3,83.7,-2.891
Gap Down Days,100,20,30,319,44.2,-2.89,-923.04,-2.03,0.597,7,25.3,0.0,26.3,73.7,-2.8935
Gap Down Days,100,20,60,319,42.01,-2.87,-916.45,-2.83,0.651,7,46.0,0.0,34.5,65.5,-2.8729
Gap Down Days,100,20,120,319,44.51,-1.88,-599.94,-2.54,0.79,8,83.3,0.3,40.8,58.9,-1.8807
Gap Down Days,100,20,240,319,44.51,-0.29,-93.23,-5.23,0.97,6,151.3,0.9,44.8,54.2,-0.2923
Gap Down Days,100,20,390,319,39.81,0.0,0.53,-20,1.0,7,224.5,1.3,51.7,47.0,0.0017
Gap Down Days,100,30,15,319,41.69,-2.8,-893.82,-1.18,0.538,10,14.4,0.0,6.3,93.7,-2.8019
Gap Down Days,100,30,30,319,47.65,-2.8,-891.71,-0.52,0.626,7,28.2,0.0,11.3,88.7,-2.7953
Gap Down Days,100,30,60,319,46.39,-2.82,-900.11,-1.07,0.681,7,53.2,0.0,20.4,79.6,-2.8217
Gap Down Days,100,30,120,319,50.16,-1.53,-488.71,0.02,0.843,7,99.6,0.3,24.1,75.5,-1.532
Gap Down Days,100,30,240,319,49.84,-0.38,-121.23,-0.41,0.965,6,185.4,1.3,30.1,68.7,-0.38
Gap Down Days,100,30,390,319,46.39,-0.1,-31.88,-2.23,0.992,6,281.3,1.6,36.1,62.4,-0.0999
Gap Down Days,100,50,15,319,42.32,-2.73,-870.42,-1.08,0.552,10,14.9,0.0,1.6,98.4,-2.7286
Gap Down Days,100,50,30,319,48.59,-2.7,-861.32,-0.29,0.645,7,29.7,0.0,2.8,97.2,-2.7001
Gap Down Days,100,50,60,319,48.9,-2.88,-917.86,-0.18,0.684,7,58.0,0.0,6.9,93.1,-2.8773
Gap Down Days,100,50,120,319,52.98,-1.62,-517.78,1.31,0.846,7,112.4,0.3,10.3,89.3,-1.6231
Gap Down Days,100,50,240,319,52.98,-0.87,-277.58,2.39,0.931,6,216.3,1.3,15.4,83.4,-0.8702
Gap Down Days,100,50,390,319,50.47,-0.73,-231.85,0.31,0.95,6,333.8,1.9,21.6,76.5,-0.7268
After Up Day,2,2,15,353,49.86,-0.01,-2,-2,0.994,7,1.1,49.9,50.1,0.0,-0.0057
After Up Day,2,2,30,353,49.86,-0.01,-2,-2,0.994,7,1.1,49.9,50.1,0.0,-0.0057
After Up Day,2,2,60,353,49.86,-0.01,-2,-2,0.994,7,1.1,49.9,50.1,0.0,-0.0057
After Up Day,2,2,120,353,49.86,-0.01,-2,-2,0.994,7,1.1,49.9,50.1,0.0,-0.0057
After Up Day,2,2,240,353,49.86,-0.01,-2,-2,0.994,7,1.1,49.9,50.1,0.0,-0.0057
After Up Day,2,2,390,353,49.86,-0.01,-2,-2,0.994,7,1.1,49.9,50.1,0.0,-0.0057
After Up Day,2,5,15,353,65.72,-0.39,-137.6,2,0.77,5,2.1,65.2,33.7,1.1,-0.3898
After Up Day,2,5,30,353,66.01,-0.39,-135.92,2,0.773,5,2.1,65.7,34.0,0.3,-0.385
After Up Day,2,5,60,353,66.01,-0.38,-134.95,2,0.775,5,2.2,65.7,34.0,0.3,-0.3823
After Up Day,2,5,120,353,66.01,-0.38,-134,2,0.777,5,2.2,66.0,34.0,0.0,-0.3796
After Up Day,2,5,240,353,66.01,-0.38,-134,2,0.777,5,2.2,66.0,34.0,0.0,-0.3796
After Up Day,2,5,390,353,66.01,-0.38,-134,2,0.777,5,2.2,66.0,34.0,0.0,-0.3796
After Up Day,2,8,15,353,70.82,-0.69,-244.58,2,0.67,4,3.1,70.3,24.4,5.4,-0.6929
After Up Day,2,8,30,353,72.24,-0.67,-237.35,2,0.682,4,3.6,72.0,25.8,2.3,-0.6724
After Up Day,2,8,60,353,73.37,-0.67,-234.95,2,0.688,4,4.0,73.1,26.6,0.3,-0.6656
After Up Day,2,8,120,353,73.37,-0.66,-234,2,0.689,4,4.0,73.4,26.6,0.0,-0.6629
After Up Day,2,8,240,353,73.37,-0.66,-234,2,0.689,4,4.0,73.4,26.6,0.0,-0.6629
After Up Day,2,8,390,353,73.37,-0.66,-234,2,0.689,4,4.0,73.4,26.6,0.0,-0.6629
After Up Day,2,10,15,353,73.09,-0.78,-277.1,2,0.649,4,3.9,72.2,19.0,8.8,-0.785
After Up Day,2,10,30,353,74.79,-0.84,-296.82,2,0.639,4,4.8,74.2,22.1,3.7,-0.8408
After Up Day,2,10,60,353,76.2,-0.86,-303.94,2,0.638,4,5.4,75.6,23.8,0.6,-0.861
After Up Day,2,10,120,353,76.2,-0.86,-302.6,2,0.64,4,5.6,75.9,23.8,0.3,-0.8572
After Up Day,2,10,240,353,76.2,-0.86,-302,2,0.64,4,5.6,76.2,23.8,0.0,-0.8555
After Up Day,2,10,390,353,76.2,-0.86,-302,2,0.64,4,5.6,76.2,23.8,0.0,-0.8555
After Up Day,2,15,15,353,75.35,-0.88,-312.36,2,0.628,4,4.9,74.5,9.3,16.1,-0.8849
After Up Day,2,15,30,353,79.04,-0.88,-310.83,2,0.64,4,6.8,78.2,13.3,8.5,-0.8805
After Up Day,2,15,60,353,82.44,-0.78,-276.21,2,0.677,4,8.6,81.6,15.3,3.1,-0.7825
After Up Day,2,15,120,353,83.57,-0.72,-254.52,2,0.698,4,9.6,83.3,15.6,1.1,-0.721
After Up Day,2,15,240,353,83.85,-0.72,-253.84,2,0.7,4,10.3,83.9,15.9,0.3,-0.7191
After Up Day,2,15,390,353,83.85,-0.75,-263,2,0.692,4,10.4,83.9,16.1,0.0,-0.745
After Up Day,2,20,15,353,75.64,-1.06,-373.84,2,0.586,4,5.2,74.8,5.4,19.8,-1.059
After Up Day,2,20,30,353,79.6,-1.15,-406.73,2,0.578,4,7.7,78.8,9.6,11.6,-1.1522
After Up Day,2,20,60,353,83.57,-1.0,-351.59,2,0.626,4,10.3,82.7,11.6,5.7,-0.996
After Up Day,2,20,120,353,85.84,-0.93,-328.4,2,0.648,4,12.0,85.6,12.7,1.7,-0.9303
After Up Day,2,20,240,353,86.4,-0.91,-321.28,2,0.655,4,13.4,86.4,12.7,0.8,-0.9101
After Up Day,2,20,390,353,86.69,-0.93,-328,2,0.651,4,13.8,86.7,13.3,0.0,-0.9292
After Up Day,2,30,15,353,75.64,-1.16,-408.02,2,0.565,4,5.5,74.8,2.3,22.9,-1.1559
After Up Day,2,30,30,353,80.45,-1.29,-456.48,2,0.552,3,8.6,79.3,3.4,17.3,-1.2931
After Up Day,2,30,60,353,84.42,-1.28,-453.07,2,0.567,3,12.6,83.6,6.5,9.9,-1.2835
After Up Day,2,30,120,353,87.25,-1.33,-469.97,2,0.567,3,16.5,87.0,8.2,4.8,-1.3314
After Up Day,2,30,240,353,88.39,-1.33,-469.63,2,0.571,3,19.9,88.4,9.6,2.0,-1.3304
After Up Day,2,30,390,353,89.24,-1.41,-497.49,2,0.559,3,21.1,89.2,10.5,0.3,-1.4093
After Up Day,2,50,15,353,75.64,-1.24,-439.4,2,0.546,4,5.7,74.8,0.6,24.6,-1.2448
After Up Day,2,50,30,353,80.45,-1.45,-511.25,2,0.524,3,9.1,79.3,0.8,19.8,-1.4483
After Up Day,2,50,60,353,85.27,-1.34,-473.05,2,0.559,3,14.1,84.4,2.0,13.6,-1.3401
After Up Day,2,50,120,353,88.1,-1.33,-470.3,2,0.569,3,20.5,87.8,2.8,9.3,-1.3323
After Up Day,2,50,240,353,89.52,-1.32,-465.09,2,0.576,3,30.3,89.5,3.4,7.1,-1.3175
After Up Day,2,50,390,353,91.22,-1.36,-478.88,2,0.574,3,38.8,91.2,4.5,4.2,-1.3566
After Up Day,5,2,15,353,42.78,0.99,349.12,-2,1.869,8,2.0,42.2,56.7,1.1,0.989
After Up Day,5,2,30,353,43.06,1.0,351.66,-2,1.875,8,2.1,42.5,56.9,0.6,0.9962
After Up Day,5,2,60,353,42.78,0.99,350.62,-2,1.868,8,2.2,42.5,57.2,0.3,0.9933
After Up Day,5,2,120,353,42.78,0.99,351,-2,1.869,8,2.2,42.8,57.2,0.0,0.9943
After Up Day,5,2,240,353,42.78,0.99,351,-2,1.869,8,2.2,42.8,57.2,0.0,0.9943
After Up Day,5,2,390,353,42.78,0.99,351,-2,1.869,8,2.2,42.8,57.2,0.0,0.9943
After Up Day,5,5,15,353,55.24,0.5,175.41,5,1.233,7,4.0,50.7,41.4,7.9,0.4969
After Up Day,5,5,30,353,53.82,0.36,126.47,5,1.158,7,4.8,51.8,44.5,3.7,0.3583
After Up Day,5,5,60,353,54.11,0.38,134.88,5,1.167,7,5.3,53.0,45.6,1.4,0.3821
After Up Day,5,5,120,353,53.82,0.4,139.78,5,1.173,7,5.6,53.8,45.9,0.3,0.396
After Up Day,5,5,240,353,53.82,0.38,135,5,1.166,7,5.7,53.8,46.2,0.0,0.3824
After Up Day,5,5,390,353,53.82,0.38,135,5,1.166,7,5.7,53.8,46.2,0.0,0.3824
After Up Day,5,8,15,353,59.77,0.18,63.28,5,1.068,7,5.6,53.8,28.9,17.3,0.1793
After Up Day,5,8,30,353,60.91,0.12,43.77,5,1.044,6,7.5,57.8,33.4,8.8,0.124
After Up Day,5,8,60,353,61.76,0.07,25.45,5,1.024,6,9.0,60.3,36.8,2.8,0.0721
After Up Day,5,8,120,353,61.76,0.04,13.66,5,1.013,6,10.0,61.5,37.7,0.8,0.0387
After Up Day,5,8,240,353,61.47,0.01,3.96,5,1.004,6,10.6,61.5,38.2,0.3,0.0112
After Up Day,5,8,390,353,61.47,-0.01,-3,5,0.997,6,10.6,61.5,38.5,0.0,-0.0085
After Up Day,5,10,15,353,62.32,0.18,63.43,5,1.066,7,6.6,55.0,20.4,24.6,0.1797
After Up Day,5,10,30,353,63.74,0.05,19.09,5,1.018,6,9.3,59.8,26.6,13.6,0.0541
After Up Day,5,10,60,353,65.72,0.04,15.17,5,1.014,6,11.9,63.5,30.6,5.9,0.043
After Up Day,5,10,120,353,66.57,0.02,5.53,5,1.005,6,14.0,65.7,32.0,2.3,0.0157
After Up Day,5,10,240,353,66.29,0.05,18.91,5,1.016,6,16.3,66.3,32.3,1.4,0.0536
After Up Day,5,10,390,353,66.86,0.03,10,5,1.009,6,17.2,66.9,33.1,0.0,0.0283
After Up Day,5,15,15,353,64.02,0.08,26.75,5,1.026,7,7.7,56.4,10.2,33.4,0.0758
After Up Day,5,15,30,353,67.42,-0.03,-11.1,5,0.99,5,11.8,62.3,15.9,21.8,-0.0314
After Up Day,5,15,60,353,71.39,0.05,18.39,5,1.015,5,16.7,68.0,20.1,11.9,0.0521
After Up Day,5,15,120,353,73.94,0.11,37.32,5,1.03,6,21.1,72.8,21.8,5.4,0.1057
After Up Day,5,15,240,353,74.79,0.18,64.28,5,1.051,6,25.8,74.5,23.2,2.3,0.1821
After Up Day,5,15,390,353,75.92,0.23,79.93,5,1.063,6,27.6,75.9,23.8,0.3,0.2264
After Up Day,5,20,15,353,64.02,-0.13,-45.72,5,0.958,7,8.1,56.4,5.7,38.0,-0.1295
After Up Day,5,20,30,353,68.56,-0.24,-83.14,5,0.932,5,12.9,63.2,10.8,26.1,-0.2355
After Up Day,5,20,60,353,73.09,-0.14,-47.74,5,0.963,5,19.1,69.4,14.4,16.1,-0.1352
After Up Day,5,20,120,353,76.49,-0.17,-59.34,5,0.957,4,25.1,75.4,17.8,6.8,-0.1681
After Up Day,5,20,240,353,77.9,-0.08,-28.89,5,0.979,4,31.4,77.6,18.7,3.7,-0.0818
After Up Day,5,20,390,353,79.32,-0.11,-40.07,5,0.972,4,33.8,79.3,20.4,0.3,-0.1135
After Up Day,5,30,15,353,64.02,-0.23,-80.44,5,0.929,7,8.4,56.4,2.3,41.4,-0.2279
After Up Day,5,30,30,353,69.41,-0.33,-115.4,5,0.909,5,14.0,63.7,3.4,32.9,-0.3269
After Up Day,5,30,60,353,73.94,-0.45,-158.72,5,0.889,5,22.0,70.3,7.4,22.4,-0.4496
After Up Day,5,30,120,353,78.19,-0.67,-236.43,5,0.852,4,31.3,77.1,11.0,11.9,-0.6698
After Up Day,5,30,240,353,80.17,-0.84,-298.02,5,0.826,4,41.5,79.9,14.4,5.7,-0.8442
After Up Day,5,30,390,353,82.15,-0.82,-288.92,5,0.834,4,47.1,82.2,15.9,2.0,-0.8185
After Up Day,5,50,15,353,64.02,-0.32,-111.82,5,0.903,7,8.6,56.4,0.6,43.1,-0.3168
After Up Day,5,50,30,353,69.41,-0.48,-170.17,5,0.872,5,14.5,63.7,0.8,35.4,-0.4821
After Up Day,5,50,60,353,74.79,-0.58,-202.98,5,0.864,5,23.7,71.1,2.5,26.3,-0.575
After Up Day,5,50,120,353,79.04,-0.66,-232.54,5,0.856,4,36.5,77.9,3.4,18.7,-0.6588
After Up Day,5,50,240,353,81.3,-0.97,-342.65,5,0.807,4,56.3,81.0,4.8,14.2,-0.9707
After Up Day,5,50,390,353,84.7,-0.91,-320.6,5,0.823,4,73.1,84.7,7.4,7.9,-0.9082
After Up Day,8,2,15,353,38.24,1.67,589.22,-2,2.369,12,3.3,34.3,60.6,5.1,1.6692
After Up Day,8,2,30,353,38.24,1.7,601.66,-2,2.38,12,3.8,36.0,61.8,2.3,1.7044
After Up Day,8,2,60,353,36.83,1.66,587.39,-2,2.317,12,4.1,36.3,63.2,0.6,1.664
After Up Day,8,2,120,353,36.83,1.66,586.05,-2,2.314,12,4.3,36.5,63.2,0.3,1.6602
After Up Day,8,2,240,353,36.54,1.65,584,-2,2.304,12,4.6,36.5,63.5,0.0,1.6544
After Up Day,8,2,390,353,36.54,1.65,584,-2,2.304,12,4.6,36.5,63.5,0.0,1.6544
After Up Day,8,5,15,353,52.12,1.27,447.1,1.2,1.563,7,5.8,37.7,43.6,18.7,1.2666
After Up Day,8,5,30,353,49.86,1.16,411.04,-0.64,1.477,7,7.9,42.5,47.9,9.6,1.1644
After Up Day,8,5,60,353,47.88,1.06,373.86,-5,1.411,9,9.7,44.5,51.3,4.2,1.0591
After Up Day,8,5,120,353,47.03,1.04,367.45,-5,1.396,9,11.4,45.3,52.4,2.3,1.0409
After Up Day,8,5,240,353,47.03,1.1,388.15,-5,1.415,9,12.5,46.7,53.0,0.3,1.0996
After Up Day,8,5,390,353,46.74,1.08,380,-5,1.404,9,12.9,46.7,53.3,0.0,1.0765
After Up Day,8,8,15,353,56.66,0.94,330.82,2.51,1.335,7,7.5,39.4,30.6,30.0,0.9372
After Up Day,8,8,30,353,57.22,0.95,337.08,3.77,1.313,6,11.1,45.6,35.7,18.7,0.9549
After Up Day,8,8,60,353,55.24,0.75,264.88,8,1.22,7,14.9,50.4,41.9,7.6,0.7504
After Up Day,8,8,120,353,54.96,0.73,257.33,8,1.207,7,18.4,52.4,43.3,4.2,0.729
After Up Day,8,8,240,353,54.67,0.74,262.68,8,1.207,7,21.1,54.1,44.8,1.1,0.7441
After Up Day,8,8,390,353,54.39,0.72,253.68,8,1.198,7,21.9,54.4,45.3,0.3,0.7186
After Up Day,8,10,15,353,59.21,0.93,329.26,3.03,1.322,7,8.6,40.2,21.8,38.0,0.9327
After Up Day,8,10,30,353,60.06,0.86,304.81,4.33,1.263,6,13.1,47.0,28.9,24.1,0.8635
After Up Day,8,10,60,353,58.64,0.61,215.01,8,1.162,7,18.3,52.7,35.7,11.6,0.6091
After Up Day,8,10,120,353,59.49,0.66,231.69,8,1.169,6,23.3,55.5,37.7,6.8,0.6563
After Up Day,8,10,240,353,59.21,0.74,261.45,8,1.188,6,29.4,57.8,38.8,3.4,0.7407
After Up Day,8,10,390,353,59.49,0.73,258.88,8,1.183,6,31.6,58.9,39.9,1.1,0.7334
After Up Day,8,15,15,353,60.91,0.82,290.88,3.56,1.265,7,9.8,41.1,10.8,48.2,0.824
After Up Day,8,15,30,353,63.74,0.79,280.09,6.83,1.223,5,15.9,49.6,17.6,32.9,0.7935
After Up Day,8,15,60,353,63.46,0.53,185.92,8,1.128,7,23.9,55.5,22.9,21.5,0.5267
After Up Day,8,15,120,353,65.72,0.55,195.32,8,1.125,6,33.1,60.6,26.9,12.5,0.5533
After Up Day,8,15,240,353,66.29,0.58,204.17,8,1.125,6,43.6,64.3,30.0,5.7,0.5784
After Up Day,8,15,390,353,66.86,0.5,175.1,8,1.103,6,49.0,66.0,31.7,2.3,0.496
After Up Day,8,20,15,353,60.91,0.61,216.88,3.56,1.185,7,10.2,41.1,5.7,53.3,0.6144
After Up Day,8,20,30,353,64.59,0.54,192.14,7.06,1.142,5,17.1,49.9,11.6,38.5,0.5443
After Up Day,8,20,60,353,65.16,0.35,121.89,8,1.078,7,26.8,56.9,16.4,26.6,0.3453
After Up Day,8,20,120,353,67.99,0.13,47.36,8,1.027,6,38.6,62.9,21.5,15.6,0.1342
After Up Day,8,20,240,353,68.84,0.11,39.72,8,1.021,6,53.2,66.9,23.8,9.3,0.1125
After Up Day,8,20,390,353,70.25,-0.08,-27.82,8,0.986,5,61.2,69.1,27.5,3.4,-0.0788
After Up Day,8,30,15,353,60.91,0.52,182.16,3.56,1.151,7,10.5,41.1,2.3,56.7,0.516
After Up Day,8,30,30,353,65.44,0.39,138.99,8,1.098,5,18.3,50.1,4.0,45.9,0.3937
After Up Day,8,30,60,353,66.29,0.06,21.38,8,1.013,7,30.0,58.1,8.2,33.7,0.0606
After Up Day,8,30,120,353,70.25,-0.33,-115.83,8,0.942,6,46.0,64.9,13.0,22.1,-0.3281
After Up Day,8,30,240,353,71.67,-0.7,-245.99,8,0.89,6,66.8,69.4,17.6,13.0,-0.6969
After Up Day,8,30,390,353,73.94,-0.74,-261.82,8,0.887,5,81.7,72.2,20.1,7.6,-0.7417
After Up Day,8,50,15,353,60.91,0.43,150.78,3.56,1.122,7,10.7,41.1,0.6,58.4,0.4271
After Up Day,8,50,30,353,65.44,0.24,83.66,8,1.057,5,18.8,50.1,0.8,49.0,0.237
After Up Day,8,50,60,353,67.14,-0.13,-46.7,8,0.974,7,31.9,58.9,3.1,38.0,-0.1323
After Up Day,8,50,120,353,71.1,-0.49,-171.3,8,0.918,6,51.9,65.7,4.0,30.3,-0.4853
After Up Day,8,50,240,353,72.8,-0.9,-319.44,8,0.863,5,83.3,70.5,5.9,23.5,-0.9049
After Up Day,8,50,390,353,75.92,-1.05,-369.77,8,0.851,5,112.9,73.7,8.8,17.6,-1.0475
After Up Day,10,2,15,353,34.56,1.67,588.99,-2,2.29,12,4.4,25.2,64.3,10.5,1.6685
After Up Day,10,2,30,353,33.71,1.8,634.21,-2,2.355,12,5.5,29.7,66.3,4.0,1.7966
After Up Day,10,2,60,353,31.73,1.77,625.13,-2,2.297,12,6.0,30.9,68.3,0.8,1.7709
After Up Day,10,2,120,353,31.44,1.73,611.73,-2,2.264,12,6.4,30.9,68.6,0.6,1.7329
After Up Day,10,2,240,353,30.88,1.71,602,-2,2.234,12,7.0,30.9,69.1,0.0,1.7054
After Up Day,10,2,390,353,30.88,1.71,602,-2,2.234,12,7.0,30.9,69.1,0.0,1.7054
After Up Day,10,5,15,353,48.73,1.28,450.83,-0.36,1.537,9,7.1,28.3,45.6,26.1,1.2771
After Up Day,10,5,30,353,45.33,1.2,423.0,-5,1.455,9,10.0,34.6,51.6,13.9,1.1983
After Up Day,10,5,60,353,42.49,1.09,383.92,-5,1.383,9,12.7,37.7,56.4,5.9,1.0876
After Up Day,10,5,120,353,41.08,1.03,364.87,-5,1.353,9,15.1,38.5,58.4,3.1,1.0336
After Up Day,10,5,240,353,40.79,1.06,375.1,-5,1.36,9,17.2,39.9,58.9,1.1,1.0626
After Up Day,10,5,390,353,40.79,1.12,395,-5,1.378,9,18.2,40.8,59.2,0.0,1.119
After Up Day,10,8,15,353,53.26,0.92,324.61,0.91,1.312,7,8.9,29.5,31.7,38.8,0.9196
After Up Day,10,8,30,353,52.97,0.95,334.36,1.39,1.285,7,13.6,36.8,38.8,24.4,0.9472
After Up Day,10,8,60,353,50.99,0.86,302.82,0.97,1.23,8,18.8,42.8,45.6,11.6,0.8578
After Up Day,10,8,120,353,49.58,0.76,269.04,-0.22,1.195,8,24.0,45.3,48.2,6.5,0.7622
After Up Day,10,8,240,353,49.01,0.77,272.86,-8,1.192,8,28.8,47.6,50.1,2.3,0.773
After Up Day,10,8,390,353,49.01,0.84,295.68,-8,1.206,8,30.1,49.0,50.7,0.3,0.8376
After Up Day,10,10,15,353,56.09,0.97,343.85,1.51,1.324,7,10.0,30.0,22.1,47.9,0.9741
After Up Day,10,10,30,353,56.09,0.91,320.06,2.17,1.257,6,15.8,37.7,30.9,31.4,0.9067
After Up Day,10,10,60,353,54.96,0.78,276.87,2.63,1.192,8,22.7,45.0,38.5,16.4,0.7843
After Up Day,10,10,120,353,54.67,0.81,286.51,5.68,1.19,6,30.1,49.0,41.4,9.6,0.8116
After Up Day,10,10,240,353,54.67,0.94,331.88,10,1.216,6,38.8,51.8,42.8,5.4,0.9402
After Up Day,10,10,390,353,54.67,0.94,331.58,10,1.209,6,42.8,53.8,44.8,1.4,0.9393
After Up Day,10,15,15,353,57.51,0.83,293.5,1.85,1.257,7,11.2,30.6,11.0,58.4,0.8314
After Up Day,10,15,30,353,59.21,0.75,264.27,2.84,1.192,5,18.8,39.4,19.0,41.6,0.7486
After Up Day,10,15,60,353,59.49,0.54,189.78,5.2,1.117,8,28.8,47.0,25.8,27.2,0.5376
After Up Day,10,15,120,353,60.34,0.56,196.9,10,1.112,6,41.2,52.7,29.7,17.6,0.5578
After Up Day,10,15,240,353,61.47,0.63,223.68,10,1.121,6,56.5,57.2,33.7,9.1,0.6337
After Up Day,10,15,390,353,61.19,0.44,154.64,10,1.078,6,65.6,59.5,36.5,4.0,0.4381
After Up Day,10,20,15,353,57.51,0.62,217.39,1.85,1.178,7,11.6,30.6,5.7,63.7,0.6158
After Up Day,10,20,30,353,60.34,0.54,191.89,2.95,1.131,5,20.1,39.7,12.5,47.9,0.5436
After Up Day,10,20,60,353,61.47,0.35,123.85,7.74,1.071,8,31.9,48.2,18.7,33.1,0.3508
After Up Day,10,20,120,353,62.89,0.1,36.18,10,1.018,6,47.4,55.0,24.1,21.0,0.1025
After Up Day,10,20,240,353,64.31,0.12,42.23,10,1.02,6,67.0,60.1,27.2,12.7,0.1196
After Up Day,10,20,390,353,64.87,-0.24,-84.44,10,0.964,6,78.7,62.6,31.7,5.7,-0.2392
After Up Day,10,30,15,353,57.51,0.52,182.67,1.85,1.146,7,11.9,30.6,2.3,67.1,0.5175
After Up Day,10,30,30,353,61.19,0.35,125.19,3.11,1.081,5,21.3,39.7,4.2,56.1,0.3546
After Up Day,10,30,60,353,62.89,0.08,28.61,8.18,1.015,8,35.7,49.3,9.3,41.4,0.081
After Up Day,10,30,120,353,65.72,-0.2,-71.83,10,0.967,6,55.9,57.5,14.4,28.0,-0.2035
After Up Day,10,30,240,353,67.99,-0.48,-169.93,10,0.931,6,82.5,63.5,19.0,17.6,-0.4814
After Up Day,10,30,390,353,69.97,-0.53,-186.42,10,0.928,5,103.3,66.9,22.1,11.0,-0.5281
After Up Day,10,50,15,353,57.51,0.43,151.29,1.85,1.118,7,12.1,30.6,0.6,68.8,0.4286
After Up Day,10,50,30,353,61.19,0.2,69.49,3.11,1.044,5,21.9,39.7,0.8,59.5,0.1969
After Up Day,10,50,60,353,63.74,-0.03,-9.57,10,0.995,8,37.7,50.1,3.1,46.7,-0.0271
After Up Day,10,50,120,353,66.86,-0.21,-72.64,10,0.968,6,62.5,58.6,4.2,37.1,-0.2058
After Up Day,10,50,240,353,69.69,-0.45,-158.86,10,0.937,5,100.7,65.2,6.2,28.6,-0.45
After Up Day,10,50,390,353,72.52,-0.6,-210.07,10,0.922,5,137.2,68.8,9.3,21.8,-0.5951
After Up Day,15,2,15,353,33.71,2.13,751.68,-2,2.625,12,5.8,13.0,65.2,21.8,2.1294
After Up Day,15,2,30,353,31.16,2.23,785.44,-2,2.62,12,8.4,17.8,68.6,13.6,2.225
After Up Day,15,2,60,353,26.35,2.05,723.3,-2,2.391,12,10.9,21.2,73.7,5.1,2.049
After Up Day,15,2,120,353,23.8,1.93,680.59,-2,2.265,14,12.5,22.7,76.2,1.1,1.928
After Up Day,15,2,240,353,23.23,1.92,678.45,-2,2.252,14,13.6,22.9,76.8,0.3,1.922
After Up Day,15,2,390,353,22.95,1.9,671,-2,2.233,14,13.7,22.9,77.1,0.0,1.9008
After Up Day,15,5,15,353,47.59,1.66,584.38,-1.05,1.682,9,8.6,13.3,46.5,40.2,1.6555
After Up Day,15,5,30,353,42.78,1.6,566.11,-5,1.583,9,13.5,20.7,53.8,25.5,1.6037
After Up Day,15,5,60,353,37.39,1.4,494.93,-5,1.455,10,19.1,25.2,60.9,13.9,1.4021
After Up Day,15,5,120,353,34.56,1.46,514.19,-5,1.451,10,24.3,29.7,64.3,5.9,1.4566
After Up Day,15,5,240,353,33.99,1.55,546.26,-5,1.47,10,29.7,31.2,65.7,3.1,1.5475
After Up Day,15,5,390,353,33.14,1.58,556.48,-5,1.472,10,32.6,32.3,66.9,0.8,1.5764
After Up Day,15,8,15,353,52.12,1.3,457.9,0.43,1.431,8,10.4,13.9,32.3,53.8,1.2972
After Up Day,15,8,30,353,50.42,1.35,477.82,0.1,1.389,7,17.2,21.8,40.5,37.7,1.3536
After Up Day,15,8,60,353,45.89,1.17,414.53,-4.84,1.288,8,26.0,28.0,49.3,22.7,1.1743
After Up Day,15,8,120,353,43.34,1.27,448.7,-8,1.293,8,36.1,34.3,53.3,12.5,1.2711
After Up Day,15,8,240,353,41.93,1.29,456.67,-8,1.281,8,46.4,37.7,57.2,5.1,1.2937
After Up Day,15,8,390,353,40.51,1.25,441.61,-8,1.266,8,51.5,39.1,58.6,2.3,1.251
After Up Day,15,10,15,353,54.96,1.37,483.14,1.26,1.444,8,11.6,14.4,22.7,62.9,1.3687
After Up Day,15,10,30,353,53.82,1.35,476.79,1.39,1.365,7,19.5,22.7,32.3,45.0,1.3507
After Up Day,15,10,60,353,50.14,1.18,417.12,0.13,1.266,8,30.2,29.7,41.6,28.6,1.1816
After Up Day,15,10,120,353,49.01,1.45,512.58,-0.55,1.307,7,43.3,37.1,45.6,17.3,1.4521
After Up Day,15,10,240,353,48.44,1.71,605.34,-2.91,1.347,7,59.2,41.9,48.4,9.6,1.7148
After Up Day,15,10,390,353,46.74,1.54,543.81,-10,1.297,7,69.3,43.9,51.6,4.5,1.5405
After Up Day,15,15,15,353,56.37,1.24,436.64,1.51,1.371,8,12.8,14.7,11.3,73.9,1.2369
After Up Day,15,15,30,353,57.22,1.28,451.18,1.94,1.314,5,22.6,24.1,19.8,56.1,1.2781
After Up Day,15,15,60,353,55.24,1.1,388.72,1.97,1.223,8,36.9,31.7,26.9,41.4,1.1012
After Up Day,15,15,120,353,55.24,1.37,483.36,2.74,1.254,7,56.3,39.7,32.0,28.3,1.3693
After Up Day,15,15,240,353,56.09,1.68,592.94,6.29,1.285,6,82.1,47.0,37.4,15.6,1.6797
After Up Day,15,15,390,353,54.11,1.27,448.36,10.66,1.198,7,100.1,49.9,41.6,8.5,1.2701
After Up Day,15,20,15,353,56.37,1.01,355.53,1.51,1.283,8,13.2,14.7,5.9,79.3,1.0072
After Up Day,15,20,30,353,58.36,1.05,369.19,2.16,1.241,5,24.0,24.1,12.7,63.2,1.0459
After Up Day,15,20,60,353,57.22,0.96,340.45,2.77,1.183,8,40.5,32.6,19.3,48.2,0.9644
After Up Day,15,20,120,353,57.51,0.86,302.73,3.6,1.14,7,63.8,40.5,25.8,33.7,0.8576
After Up Day,15,20,240,353,58.64,1.09,384.25,11.19,1.159,6,96.4,48.7,29.7,21.5,1.0885
After Up Day,15,20,390,353,57.79,0.55,192.86,15,1.072,6,118.8,52.4,35.7,11.9,0.5463
After Up Day,15,30,15,353,56.37,0.91,322.71,1.51,1.25,8,13.6,14.7,2.3,83.0,0.9142
After Up Day,15,30,30,353,59.49,0.93,328.78,2.18,1.207,5,25.3,24.1,4.2,71.7,0.9314
After Up Day,15,30,60,353,58.92,0.79,280.57,3.35,1.141,8,44.4,33.4,9.6,56.9,0.7948
After Up Day,15,30,120,353,60.62,0.66,234.74,6.84,1.099,7,73.4,42.2,15.0,42.8,0.665
After Up Day,15,30,240,353,62.89,0.75,264.01,15,1.097,6,114.2,52.4,20.1,27.5,0.7479
After Up Day,15,30,390,353,63.17,0.3,105.07,15,1.035,5,147.8,56.4,24.9,18.7,0.2976
After Up Day,15,50,15,353,56.37,0.83,291.33,1.51,1.221,8,13.7,14.7,0.6,84.7,0.8253
After Up Day,15,50,30,353,59.49,0.77,273.08,2.18,1.166,5,25.8,24.1,0.8,75.1,0.7736
After Up Day,15,50,60,353,59.77,0.69,242.31,4.23,1.117,8,46.5,34.0,3.1,62.9,0.6864
After Up Day,15,50,120,353,61.76,0.67,238.14,7.21,1.098,7,80.2,43.3,4.5,52.1,0.6746
After Up Day,15,50,240,353,64.59,0.84,298.07,15,1.107,5,133.3,54.1,6.8,39.1,0.8444
After Up Day,15,50,390,353,65.72,0.16,55.81,15,1.018,5,184.5,58.4,10.5,31.2,0.1581
After Up Day,20,2,15,353,32.58,2.16,763.58,-2,2.623,12,6.4,6.5,66.3,27.2,2.1631
After Up Day,20,2,30,353,29.46,2.32,818.47,-2,2.647,14,9.8,10.8,70.3,19.0,2.3186
After Up Day,20,2,60,353,22.95,1.98,700.24,-2,2.287,19,13.9,13.0,77.1,9.9,1.9837
After Up Day,20,2,120,353,18.7,1.81,637.95,-2,2.111,25,17.5,16.4,81.3,2.3,1.8072
After Up Day,20,2,240,353,17.85,1.84,647.76,-2,2.117,25,19.6,17.0,82.2,0.8,1.835
After Up Day,20,2,390,353,17.28,1.8,636,-2,2.089,25,20.1,17.3,82.7,0.0,1.8017
After Up Day,20,5,15,353,46.46,1.67,589.28,-1.87,1.672,9,9.2,6.8,47.6,45.6,1.6693
After Up Day,20,5,30,353,40.79,1.65,582.67,-5,1.579,9,15.1,12.2,55.8,32.0,1.6506
After Up Day,20,5,60,353,33.43,1.3,457.32,-5,1.399,11,22.7,15.3,64.0,20.7,1.2955
After Up Day,20,5,120,353,28.9,1.25,439.9,-5,1.358,14,31.1,20.7,69.1,10.2,1.2462
After Up Day,20,5,240,353,26.91,1.21,428.38,-5,1.334,14,39.5,22.4,72.5,5.1,1.2135
After Up Day,20,5,390,353,25.5,1.19,419.1,-5,1.319,14,43.8,24.1,74.5,1.4,1.1873
After Up Day,20,8,15,353,50.99,1.28,451.23,0.32,1.412,8,11.1,6.8,33.4,59.8,1.2783
After Up Day,20,8,30,353,48.44,1.39,490.32,-0.71,1.382,7,18.9,13.0,42.5,44.5,1.389
After Up Day,20,8,60,353,41.93,1.02,360.81,-8,1.237,8,30.0,16.4,52.1,31.4,1.0221
After Up Day,20,8,120,353,37.96,1.16,410.96,-8,1.248,9,44.3,24.6,57.5,17.8,1.1642
After Up Day,20,8,240,353,35.69,1.11,391.96,-8,1.219,8,60.3,27.8,63.2,9.1,1.1104
After Up Day,20,8,390,353,33.14,0.92,325.17,-8,1.174,9,69.0,30.3,66.0,3.7,0.9212
After Up Day,20,10,15,353,53.82,1.36,478.47,0.82,1.424,8,12.3,7.4,23.8,68.8,1.3554
After Up Day,20,10,30,353,51.84,1.41,498.96,0.32,1.366,7,21.2,13.6,33.7,52.7,1.4135
After Up Day,20,10,60,353,46.46,1.1,386.67,-2.17,1.232,8,34.5,17.8,43.9,38.2,1.0954
After Up Day,20,10,120,353,44.19,1.48,522.62,-6.54,1.289,7,52.4,27.2,49.3,23.5,1.4805
After Up Day,20,10,240,353,42.78,1.7,599.71,-10,1.311,7,75.4,31.4,53.5,15.0,1.6989
After Up Day,20,10,390,353,39.38,1.31,461.24,-10,1.221,9,91.2,34.8,58.4,6.8,1.3066
After Up Day,20,15,15,353,55.24,1.21,427.07,1.26,1.349,8,13.5,7.6,11.9,80.5,1.2098
After Up Day,20,15,30,353,55.24,1.28,452.87,1.39,1.298,5,24.5,14.4,21.2,64.3,1.2829
After Up Day,20,15,60,353,51.27,0.84,297.11,0.36,1.158,8,41.6,19.0,29.2,51.8,0.8417
After Up Day,20,15,120,353,50.42,1.38,486.07,0.05,1.233,7,66.7,29.2,34.8,36.0,1.377
After Up Day,20,15,240,353,50.71,1.61,567.97,0.71,1.245,7,102.1,35.1,41.4,23.5,1.609
After Up Day,20,15,390,353,46.46,0.91,322.1,-5.44,1.123,9,129.4,39.9,47.6,12.5,0.9125
After Up Day,20,20,15,353,55.24,0.96,340.54,1.26,1.26,8,13.9,7.6,6.2,86.1,0.9647
After Up Day,20,20,30,353,56.37,0.99,349.56,1.69,1.214,5,25.9,14.4,13.9,71.7,0.9903
After Up Day,20,20,60,353,52.97,0.54,190.73,1.03,1.093,8,45.3,19.3,21.5,59.2,0.5403
After Up Day,20,20,120,353,52.69,0.76,266.61,1.09,1.112,7,74.6,29.7,28.0,42.2,0.7553
After Up Day,20,20,240,353,53.26,0.96,337.34,3.15,1.126,6,118.3,36.3,32.9,30.9,0.9556
After Up Day,20,20,390,353,50.99,0.33,116.4,0.87,1.039,6,152.9,42.5,39.9,17.6,0.3297
After Up Day,20,30,15,353,55.24,0.84,297.72,1.26,1.22,8,14.2,7.6,2.5,89.8,0.8434
After Up Day,20,30,30,353,57.51,0.79,278.12,1.72,1.162,5,27.2,14.4,5.1,80.5,0.7879
After Up Day,20,30,60,353,54.67,0.32,114.45,1.76,1.052,8,49.5,19.5,10.8,69.7,0.3242
After Up Day,20,30,120,353,55.52,0.38,132.92,2.04,1.05,7,85.3,30.6,16.7,52.7,0.3765
After Up Day,20,30,240,353,57.51,0.63,223.85,5.28,1.074,6,139.4,39.4,22.4,38.2,0.6341
After Up Day,20,30,390,353,56.66,0.18,63.78,5.06,1.019,6,187.9,46.2,27.2,26.6,0.1807
After Up Day,20,50,15,353,55.24,0.81,285.76,1.26,1.209,8,14.4,7.6,0.6,91.8,0.8095
After Up Day,20,50,30,353,57.79,0.74,260.17,1.77,1.149,5,27.8,14.4,0.8,84.7,0.737
After Up Day,20,50,60,353,55.81,0.44,153.77,1.99,1.07,8,52.0,19.8,3.1,77.1,0.4356
After Up Day,20,50,120,353,56.94,0.45,158.54,2.58,1.058,7,93.1,32.0,5.1,62.9,0.4491
After Up Day,20,50,240,353,59.49,0.69,244.72,6.29,1.077,5,160.4,41.1,8.2,50.7,0.6933
After Up Day,20,50,390,353,59.49,-0.04,-13.93,8.51,0.996,6,227.3,48.2,12.2,39.7,-0.0395
After Up Day,30,2,15,353,32.58,2.36,833.25,-2,2.771,12,6.7,1.4,66.3,32.3,2.3605
After Up Day,30,2,30,353,29.18,2.34,825.28,-2,2.654,14,11.2,2.5,70.5,26.9,2.3379
After Up Day,30,2,60,353,20.68,1.98,699.07,-2,2.251,19,17.5,5.4,79.0,15.6,1.9804
After Up Day,30,2,120,353,15.86,1.82,641.76,-2,2.08,25,24.6,7.1,84.1,8.8,1.818
After Up Day,30,2,240,353,14.16,2.04,720.04,-2,2.188,25,32.0,10.8,85.8,3.4,2.0398
After Up Day,30,2,390,353,12.75,2.05,722.62,-2,2.173,25,34.9,12.2,87.3,0.6,2.0471
After Up Day,30,5,15,353,46.46,1.9,668.95,-1.87,1.763,9,9.5,1.7,47.6,50.7,1.895
After Up Day,30,5,30,353,40.51,1.7,599.89,-5,1.593,11,16.5,2.8,56.1,41.1,1.6994
After Up Day,30,5,60,353,31.73,1.44,507.72,-5,1.433,11,26.7,6.2,65.4,28.3,1.4383
After Up Day,30,5,120,353,26.35,1.14,403.6,-5,1.316,14,40.6,8.2,71.7,20.1,1.1433
After Up Day,30,5,240,353,23.8,1.45,512.98,-5,1.383,14,59.0,12.7,75.6,11.6,1.4532
After Up Day,30,5,390,353,21.53,1.71,603.32,-5,1.436,14,71.3,16.1,78.5,5.4,1.7091
After Up Day,30,8,15,353,50.99,1.5,530.9,0.32,1.485,8,11.4,1.7,33.4,64.9,1.504
After Up Day,30,8,30,353,48.16,1.45,512.19,-0.82,1.396,9,20.4,2.8,42.8,54.4,1.451
After Up Day,30,8,60,353,40.23,1.23,433.22,-8,1.279,9,34.3,7.1,53.0,39.9,1.2273
After Up Day,30,8,120,353,35.69,1.12,394.06,-8,1.229,9,55.5,9.1,59.8,31.2,1.1163
After Up Day,30,8,240,353,32.01,1.32,464.68,-8,1.246,9,85.4,15.0,66.3,18.7,1.3164
After Up Day,30,8,390,353,28.33,1.39,491.22,-8,1.245,9,105.4,19.8,70.8,9.3,1.3916
After Up Day,30,10,15,353,53.82,1.63,575.51,0.82,1.51,8,12.6,2.0,23.8,74.2,1.6303
After Up Day,30,10,30,353,51.56,1.53,538.83,0.27,1.392,7,22.7,3.4,34.0,62.6,1.5264
After Up Day,30,10,60,353,44.48,1.28,451.41,-2.83,1.264,8,38.9,7.9,45.0,47.0,1.2788
After Up Day,30,10,120,353,41.64,1.51,531.3,-10,1.281,8,64.3,10.5,51.6,38.0,1.5051
After Up Day,30,10,240,353,38.81,1.96,693.36,-10,1.338,8,102.0,17.6,56.9,25.5,1.9642
After Up Day,30,10,390,353,33.99,1.73,611.42,-10,1.269,9,130.8,22.4,63.7,13.9,1.7321
After Up Day,30,15,15,353,55.24,1.47,519.17,1.26,1.424,8,13.9,2.0,11.9,86.1,1.4707
After Up Day,30,15,30,353,54.96,1.41,499.08,1.3,1.325,6,26.1,4.0,21.2,74.8,1.4138
After Up Day,30,15,60,353,49.58,1.19,420.49,-0.14,1.22,8,46.4,9.1,29.5,61.5,1.1912
After Up Day,30,15,120,353,48.44,1.6,564.57,-0.48,1.261,8,79.8,12.2,35.7,52.1,1.5993
After Up Day,30,15,240,353,47.59,2.27,800.37,-1.43,1.326,8,132.2,20.7,43.6,35.7,2.2673
After Up Day,30,15,390,353,41.64,1.72,605.79,-15,1.214,9,175.3,26.3,51.3,22.4,1.7161
After Up Day,30,20,15,353,55.24,1.23,432.64,1.26,1.33,8,14.3,2.0,6.2,91.8,1.2256
After Up Day,30,20,30,353,56.09,1.12,395.77,1.68,1.24,6,27.5,4.0,13.9,82.2,1.1212
After Up Day,30,20,60,353,51.27,0.89,315.61,0.36,1.152,8,50.1,9.1,21.8,69.1,0.8941
After Up Day,30,20,120,353,50.71,0.99,350.11,0.13,1.142,8,87.9,12.7,28.9,58.4,0.9918
After Up Day,30,20,240,353,50.42,1.61,568.57,0.41,1.2,8,149.3,21.2,34.8,43.9,1.6107
After Up Day,30,20,390,353,46.46,1.06,373.71,-2.8,1.114,8,201.7,27.2,43.3,29.5,1.0587
After Up Day,30,30,15,353,55.24,1.1,389.82,1.26,1.288,8,14.6,2.0,2.5,95.5,1.1043
After Up Day,30,30,30,353,57.22,0.92,324.33,1.72,1.187,5,28.8,4.0,5.1,90.9,0.9188
After Up Day,30,30,60,353,52.97,0.71,249.09,1.03,1.112,8,54.3,9.3,10.8,79.9,0.7056
After Up Day,30,30,120,353,53.54,0.48,169.95,1.09,1.062,8,98.8,13.0,17.6,69.4,0.4814
After Up Day,30,30,240,353,54.67,1.18,417.71,3.63,1.13,7,172.5,22.7,23.5,53.8,1.1833
After Up Day,30,30,390,353,51.56,0.78,273.72,0.74,1.075,7,242.8,28.9,29.2,41.9,0.7754
After Up Day,30,50,15,353,55.24,1.07,377.86,1.26,1.277,8,14.8,2.0,0.6,97.5,1.0704
After Up Day,30,50,30,353,57.51,0.87,306.38,1.72,1.175,5,29.4,4.0,0.8,95.2,0.8679
After Up Day,30,50,60,353,54.11,0.81,287.39,1.69,1.128,8,56.8,9.3,3.1,87.5,0.8141
After Up Day,30,50,120,353,54.96,0.49,174.32,1.36,1.061,8,107.2,13.6,5.4,81.0,0.4938
After Up Day,30,50,240,353,56.37,1.05,372.4,4.28,1.108,7,195.1,24.1,9.1,66.9,1.055
After Up Day,30,50,390,353,54.11,0.37,130.47,2.46,1.033,7,285.5,30.6,13.3,56.1,0.3696
After Up Day,50,2,15,353,32.58,2.35,828.1,-2,2.76,12,6.8,0.3,66.3,33.4,2.3459
After Up Day,50,2,30,353,28.9,2.33,821.47,-2,2.64,14,11.5,0.6,70.8,28.6,2.3271
After Up Day,50,2,60,353,20.4,2.01,709.96,-2,2.266,19,18.6,0.6,79.3,20.1,2.0112
After Up Day,50,2,120,353,15.3,1.88,662.0,-2,2.107,25,29.0,0.6,84.7,14.7,1.8754
After Up Day,50,2,240,353,12.75,2.04,720.01,-2,2.169,25,44.1,1.7,87.3,11.0,2.0397
After Up Day,50,2,390,353,10.76,1.99,702.48,-2,2.115,38,56.9,2.8,89.2,7.9,1.99
After Up Day,50,5,15,353,46.46,1.89,665.57,-1.87,1.759,9,9.7,0.3,47.6,52.1,1.8855
After Up Day,50,5,30,353,40.23,1.67,591.05,-5,1.582,11,16.8,0.6,56.4,43.1,1.6744
After Up Day,50,5,60,353,31.44,1.41,499.28,-5,1.424,11,28.1,0.6,65.7,33.7,1.4144
After Up Day,50,5,120,353,25.78,1.13,398.26,-5,1.31,14,45.9,0.6,72.2,27.2,1.1282
After Up Day,50,5,240,353,22.1,1.43,503.38,-5,1.368,15,73.5,2.0,77.3,20.7,1.426
After Up Day,50,5,390,353,19.26,1.85,653.58,-5,1.459,15,97.8,4.2,80.7,15.0,1.8515
After Up Day,50,8,15,353,50.99,1.49,527.52,0.32,1.482,8,11.6,0.3,33.4,66.3,1.4944
After Up Day,50,8,30,353,48.16,1.51,532.88,-0.82,1.412,9,20.7,0.6,42.8,56.7,1.5096
After Up Day,50,8,60,353,40.23,1.31,462.47,-8,1.298,9,36.1,0.6,53.0,46.5,1.3101
After Up Day,50,8,120,353,35.41,1.35,475.29,-8,1.274,9,61.6,1.1,60.1,38.8,1.3464
After Up Day,50,8,240,353,30.88,1.58,559.44,-8,1.292,12,102.5,2.8,67.4,29.7,1.5848
After Up Day,50,8,390,353,26.35,1.94,684.19,-8,1.332,12,138.3,5.7,72.8,21.5,1.9382
After Up Day,50,10,15,353,53.82,1.63,574.21,0.82,1.509,8,12.8,0.3,23.8,75.9,1.6267
After Up Day,50,10,30,353,51.56,1.62,571.3,0.27,1.416,7,23.2,0.6,34.0,65.4,1.6184
After Up Day,50,10,60,353,44.48,1.41,497.1,-2.83,1.291,8,40.9,0.8,45.0,54.1,1.4082
After Up Day,50,10,120,353,41.08,1.68,592.87,-10,1.311,8,71.1,1.4,52.1,46.5,1.6795
After Up Day,50,10,240,353,37.39,2.25,792.62,-10,1.377,12,121.8,3.1,58.4,38.5,2.2454
After Up Day,50,10,390,353,31.73,2.39,843.02,-10,1.358,12,168.2,7.1,66.0,26.9,2.3882
After Up Day,50,15,15,353,55.24,1.47,517.87,1.26,1.423,8,14.1,0.3,11.9,87.8,1.4671
After Up Day,50,15,30,353,54.96,1.5,530.5,1.3,1.346,6,26.5,0.6,21.2,78.2,1.5028
After Up Day,50,15,60,353,49.58,1.43,505.75,-0.14,1.264,8,48.6,1.4,29.5,69.1,1.4327
After Up Day,50,15,120,353,47.88,1.97,693.84,-0.63,1.317,8,87.2,2.5,36.3,61.2,1.9656
After Up Day,50,15,240,353,46.18,2.82,996.09,-3.21,1.395,8,153.9,4.2,44.8,51.0,2.8218
After Up Day,50,15,390,353,39.09,2.61,919.77,-15,1.31,9,217.7,9.3,53.8,36.8,2.6056
After Up Day,50,20,15,353,55.24,1.22,431.34,1.26,1.329,8,14.5,0.3,6.2,93.5,1.2219
After Up Day,50,20,30,353,56.09,1.21,427.19,1.68,1.259,6,27.9,0.6,13.9,85.6,1.2102
After Up Day,50,20,60,353,51.27,1.14,400.87,0.36,1.192,8,52.3,1.4,21.8,76.8,1.1356
After Up Day,50,20,120,353,50.42,1.4,493.29,0.05,1.198,8,95.5,2.5,29.2,68.3,1.3974
After Up Day,50,20,240,353,49.01,2.04,720.15,-0.86,1.247,8,172.4,4.2,35.7,60.1,2.0401
After Up Day,50,20,390,353,43.91,1.85,653.76,-6.69,1.189,8,247.2,9.3,45.9,44.8,1.852
After Up Day,50,30,15,353,55.24,1.1,388.52,1.26,1.287,8,14.8,0.3,2.5,97.2,1.1006
After Up Day,50,30,30,353,57.22,1.01,355.75,1.72,1.205,5,29.2,0.6,5.1,94.3,1.0078
After Up Day,50,30,60,353,52.97,0.98,345.93,1.03,1.156,8,56.5,1.4,10.8,87.8,0.98
After Up Day,50,30,120,353,53.26,0.89,314.0,0.96,1.113,8,106.5,2.5,17.8,79.6,0.8895
After Up Day,50,30,240,353,53.26,1.6,564.8,2.39,1.169,7,196.4,4.5,24.4,71.1,1.6
After Up Day,50,30,390,353,49.29,1.71,603.38,-0.43,1.156,7,291.1,9.6,30.9,59.5,1.7093
After Up Day,50,50,15,353,55.24,1.07,376.56,1.26,1.276,8,15.0,0.3,0.6,99.2,1.0667
After Up Day,50,50,30,353,57.51,0.96,337.8,1.72,1.192,5,29.8,0.6,0.8,98.6,0.9569
After Up Day,50,50,60,353,54.11,1.09,384.23,1.69,1.171,8,59.1,1.4,3.1,95.5,1.0885
After Up Day,50,50,120,353,54.67,0.84,297.25,1.31,1.102,8,115.2,2.5,5.4,92.1,0.8421
After Up Day,50,50,240,353,54.96,1.5,528.47,3.65,1.147,7,219.9,5.4,9.9,84.7,1.4971
After Up Day,50,50,390,353,51.84,1.24,436.57,0.87,1.101,7,335.7,10.5,14.7,74.8,1.2367
After Up Day,75,2,15,353,32.58,2.36,833.51,-2,2.772,12,6.9,0.0,66.3,33.7,2.3612
After Up Day,75,2,30,353,28.9,2.35,828.87,-2,2.655,14,11.5,0.0,70.8,29.2,2.3481
After Up Day,75,2,60,353,20.4,2.05,725.25,-2,2.293,19,18.8,0.0,79.3,20.7,2.0545
After Up Day,75,2,120,353,15.01,1.61,567.29,-2,1.945,25,29.5,0.0,85.0,15.0,1.6071
After Up Day,75,2,240,353,12.18,1.8,634.89,-2,2.024,25,45.3,0.0,87.8,12.2,1.7986
After Up Day,75,2,390,353,10.2,1.82,641.31,-2,2.012,38,60.4,0.0,89.8,10.2,1.8167
After Up Day,75,5,15,353,46.46,1.9,670.98,-1.87,1.765,9,9.7,0.0,47.6,52.4,1.9008
After Up Day,75,5,30,353,40.23,1.7,598.45,-5,1.589,11,16.9,0.0,56.4,43.6,1.6953
After Up Day,75,5,60,353,31.44,1.46,514.57,-5,1.437,11,28.4,0.0,65.7,34.3,1.4577
After Up Day,75,5,120,353,25.5,0.85,300.55,-5,1.233,14,46.4,0.0,72.5,27.5,0.8514
After Up Day,75,5,240,353,21.53,1.18,417.67,-5,1.303,19,74.7,0.0,77.9,22.1,1.1832
After Up Day,75,5,390,353,18.7,1.7,600.9,-5,1.419,19,102.3,0.0,81.3,18.7,1.7023
After Up Day,75,8,15,353,50.99,1.51,532.93,0.32,1.487,8,11.6,0.0,33.4,66.6,1.5097
After Up Day,75,8,30,353,48.16,1.53,540.28,-0.82,1.418,9,20.8,0.0,42.8,57.2,1.5305
After Up Day,75,8,60,353,40.23,1.35,477.76,-8,1.307,9,36.3,0.0,53.0,47.0,1.3534
After Up Day,75,8,120,353,35.13,1.07,378.88,-8,1.218,9,62.3,0.0,60.3,39.7,1.0733
After Up Day,75,8,240,353,30.31,1.4,494.54,-8,1.256,17,104.8,0.3,68.0,31.7,1.401
After Up Day,75,8,390,353,25.78,1.79,633.09,-8,1.305,17,144.9,0.3,73.4,26.3,1.7935
After Up Day,75,10,15,353,53.82,1.64,579.62,0.82,1.514,8,12.8,0.0,23.8,76.2,1.642
After Up Day,75,10,30,353,51.56,1.64,578.7,0.27,1.421,7,23.2,0.0,34.0,66.0,1.6394
After Up Day,75,10,60,353,44.48,1.45,510.65,-2.83,1.299,8,41.2,0.0,45.0,55.0,1.4466
After Up Day,75,10,120,353,40.79,1.47,519.46,-10,1.271,8,72.0,0.3,52.4,47.3,1.4716
After Up Day,75,10,240,353,36.83,2.12,748.72,-10,1.353,12,124.2,0.6,58.9,40.5,2.121
After Up Day,75,10,390,353,31.16,2.23,785.97,-10,1.331,12,176.1,0.6,66.6,32.9,2.2265
After Up Day,75,15,15,353,55.24,1.48,523.28,1.26,1.427,8,14.1,0.0,11.9,88.1,1.4824
After Up Day,75,15,30,353,54.96,1.52,537.9,1.3,1.351,6,26.6,0.0,21.2,78.8,1.5238
After Up Day,75,15,60,353,49.58,1.43,506.12,-0.14,1.264,8,48.8,0.0,29.5,70.5,1.4338
After Up Day,75,15,120,353,47.59,1.71,601.92,-0.64,1.273,8,88.6,0.3,36.5,63.2,1.7052
After Up Day,75,15,240,353,45.61,2.69,948.27,-3.58,1.372,11,157.8,1.1,45.3,53.5,2.6863
After Up Day,75,15,390,353,38.53,2.37,836.76,-15,1.279,11,228.9,1.1,54.4,44.5,2.3704
After Up Day,75,20,15,353,55.24,1.24,436.75,1.26,1.333,8,14.5,0.0,6.2,93.8,1.2373
After Up Day,75,20,30,353,56.09,1.23,434.59,1.68,1.263,6,28.0,0.0,13.9,86.1,1.2311
After Up Day,75,20,60,353,51.27,1.14,401.24,0.36,1.193,8,52.6,0.0,21.8,78.2,1.1367
After Up Day,75,20,120,353,50.14,1.12,396.37,0.02,1.158,8,96.9,0.3,29.5,70.3,1.1229
After Up Day,75,20,240,353,48.44,1.88,662.33,-1.04,1.224,8,176.4,1.1,36.3,62.6,1.8763
After Up Day,75,20,390,353,43.34,1.59,560.75,-7.75,1.16,11,258.4,1.1,46.5,52.4,1.5885
After Up Day,75,30,15,353,55.24,1.12,393.93,1.26,1.291,8,14.8,0.0,2.5,97.5,1.1159
After Up Day,75,30,30,353,57.22,1.03,363.15,1.72,1.21,5,29.3,0.0,5.1,94.9,1.0288
After Up Day,75,30,60,353,52.97,0.98,346.3,1.03,1.156,8,56.8,0.0,10.8,89.2,0.981
After Up Day,75,30,120,353,52.97,0.59,207.08,0.95,1.074,8,107.9,0.3,18.1,81.6,0.5866
After Up Day,75,30,240,353,52.69,1.37,482.74,2.3,1.142,8,200.7,1.1,24.9,73.9,1.3675
After Up Day,75,30,390,353,48.73,1.25,440.63,-1.16,1.112,10,303.0,1.1,31.4,67.4,1.2482
After Up Day,75,50,15,353,55.24,1.08,381.97,1.26,1.28,8,15.0,0.0,0.6,99.4,1.0821
After Up Day,75,50,30,353,57.51,0.98,345.2,1.72,1.197,5,29.9,0.0,0.8,99.2,0.9779
After Up Day,75,50,60,353,54.11,1.09,384.6,1.69,1.172,8,59.3,0.0,3.1,96.9,1.0895
After Up Day,75,50,120,353,54.39,0.56,196.74,1.3,1.067,8,116.6,0.3,5.4,94.3,0.5573
After Up Day,75,50,240,353,54.67,1.32,467.13,3.63,1.128,7,225.1,1.4,10.2,88.4,1.3233
After Up Day,75,50,390,353,51.27,0.84,295.71,0.32,1.067,7,349.9,1.7,15.0,83.3,0.8377
After Up Day,100,2,15,353,32.58,2.36,833.51,-2,2.772,12,6.9,0.0,66.3,33.7,2.3612
After Up Day,100,2,30,353,28.9,2.35,828.87,-2,2.655,14,11.5,0.0,70.8,29.2,2.3481
After Up Day,100,2,60,353,20.4,2.05,725.25,-2,2.293,19,18.8,0.0,79.3,20.7,2.0545
After Up Day,100,2,120,353,15.01,1.61,567.29,-2,1.945,25,29.5,0.0,85.0,15.0,1.6071
After Up Day,100,2,240,353,12.18,1.8,634.89,-2,2.024,25,45.3,0.0,87.8,12.2,1.7986
After Up Day,100,2,390,353,10.2,1.82,641.31,-2,2.012,38,60.4,0.0,89.8,10.2,1.8167
After Up Day,100,5,15,353,46.46,1.9,670.98,-1.87,1.765,9,9.7,0.0,47.6,52.4,1.9008
After Up Day,100,5,30,353,40.23,1.7,598.45,-5,1.589,11,16.9,0.0,56.4,43.6,1.6953
After Up Day,100,5,60,353,31.44,1.46,514.57,-5,1.437,11,28.4,0.0,65.7,34.3,1.4577
After Up Day,100,5,120,353,25.5,0.85,300.55,-5,1.233,14,46.4,0.0,72.5,27.5,0.8514
After Up Day,100,5,240,353,21.53,1.18,417.67,-5,1.303,19,74.7,0.0,77.9,22.1,1.1832
After Up Day,100,5,390,353,18.7,1.7,600.9,-5,1.419,19,102.3,0.0,81.3,18.7,1.7023
After Up Day,100,8,15,353,50.99,1.51,532.93,0.32,1.487,8,11.6,0.0,33.4,66.6,1.5097
After Up Day,100,8,30,353,48.16,1.53,540.28,-0.82,1.418,9,20.8,0.0,42.8,57.2,1.5305
After Up Day,100,8,60,353,40.23,1.35,477.76,-8,1.307,9,36.3,0.0,53.0,47.0,1.3534
After Up Day,100,8,120,353,35.13,1.07,378.88,-8,1.218,9,62.3,0.0,60.3,39.7,1.0733
After Up Day,100,8,240,353,30.31,1.38,486.27,-8,1.251,17,104.8,0.0,68.0,32.0,1.3775
After Up Day,100,8,390,353,25.78,1.77,626.22,-8,1.301,17,145.4,0.0,73.4,26.6,1.774
After Up Day,100,10,15,353,53.82,1.64,579.62,0.82,1.514,8,12.8,0.0,23.8,76.2,1.642
After Up Day,100,10,30,353,51.56,1.64,578.7,0.27,1.421,7,23.2,0.0,34.0,66.0,1.6394
After Up Day,100,10,60,353,44.48,1.45,510.65,-2.83,1.299,8,41.2,0.0,45.0,55.0,1.4466
After Up Day,100,10,120,353,40.79,1.47,518.34,-10,1.27,8,72.0,0.0,52.4,47.6,1.4684
After Up Day,100,10,240,353,36.83,2.17,765.45,-10,1.36,12,124.5,0.3,58.9,40.8,2.1684
After Up Day,100,10,390,353,31.16,2.28,804.1,-10,1.339,12,176.8,0.3,66.6,33.1,2.2779
After Up Day,100,15,15,353,55.24,1.48,523.28,1.26,1.427,8,14.1,0.0,11.9,88.1,1.4824
After Up Day,100,15,30,353,54.96,1.52,537.9,1.3,1.351,6,26.6,0.0,21.2,78.8,1.5238
After Up Day,100,15,60,353,49.58,1.43,506.12,-0.14,1.264,8,48.8,0.0,29.5,70.5,1.4338
After Up Day,100,15,120,353,47.59,1.7,600.8,-0.64,1.273,8,88.6,0.0,36.5,63.5,1.702
After Up Day,100,15,240,353,45.61,2.77,977.33,-3.58,1.383,11,158.4,0.3,45.3,54.4,2.7686
After Up Day,100,15,390,353,38.53,2.51,885.67,-15,1.295,11,230.6,0.6,54.4,45.0,2.509
After Up Day,100,20,15,353,55.24,1.24,436.75,1.26,1.333,8,14.5,0.0,6.2,93.8,1.2373
After Up Day,100,20,30,353,56.09,1.23,434.59,1.68,1.263,6,28.0,0.0,13.9,86.1,1.2311
After Up Day,100,20,60,353,51.27,1.14,401.24,0.36,1.193,8,52.6,0.0,21.8,78.2,1.1367
After Up Day,100,20,120,353,50.14,1.12,395.25,0.02,1.157,8,96.9,0.0,29.5,70.5,1.1197
After Up Day,100,20,240,353,48.44,1.96,691.39,-1.04,1.234,8,177.0,0.3,36.3,63.5,1.9586
After Up Day,100,20,390,353,43.34,1.73,609.66,-7.75,1.174,11,260.1,0.6,46.5,53.0,1.7271
After Up Day,100,30,15,353,55.24,1.12,393.93,1.26,1.291,8,14.8,0.0,2.5,97.5,1.1159
After Up Day,100,30,30,353,57.22,1.03,363.15,1.72,1.21,5,29.3,0.0,5.1,94.9,1.0288
After Up Day,100,30,60,353,52.97,0.98,346.3,1.03,1.156,8,56.8,0.0,10.8,89.2,0.981
After Up Day,100,30,120,353,52.97,0.58,205.96,0.95,1.073,8,107.9,0.0,18.1,81.9,0.5835
After Up Day,100,30,240,353,52.69,1.45,511.8,2.3,1.151,8,201.3,0.3,24.9,74.8,1.4499
After Up Day,100,30,390,353,48.73,1.39,489.54,-1.16,1.124,10,304.6,0.6,31.4,68.0,1.3868
After Up Day,100,50,15,353,55.24,1.08,381.97,1.26,1.28,8,15.0,0.0,0.6,99.4,1.0821
After Up Day,100,50,30,353,57.51,0.98,345.2,1.72,1.197,5,29.9,0.0,0.8,99.2,0.9779
After Up Day,100,50,60,353,54.11,1.09,384.6,1.69,1.172,8,59.3,0.0,3.1,96.9,1.0895
After Up Day,100,50,120,353,54.39,0.55,195.62,1.3,1.067,8,116.6,0.0,5.4,94.6,0.5542
After Up Day,100,50,240,353,54.67,1.4,495.96,3.63,1.136,7,225.8,0.3,10.2,89.5,1.405
After Up Day,100,50,390,353,51.27,0.86,305.11,0.32,1.069,7,352.1,0.6,15.0,84.4,0.8643
After Down Day,2,2,15,300,49.67,-0.01,-4,-2.0,0.987,6,1.1,49.7,50.3,0.0,-0.0133
After Down Day,2,2,30,300,49.67,-0.01,-4,-2.0,0.987,6,1.1,49.7,50.3,0.0,-0.0133
After Down Day,2,2,60,300,49.67,-0.01,-4,-2.0,0.987,6,1.1,49.7,50.3,0.0,-0.0133
After Down Day,2,2,120,300,49.67,-0.01,-4,-2.0,0.987,6,1.1,49.7,50.3,0.0,-0.0133
After Down Day,2,2,240,300,49.67,-0.01,-4,-2.0,0.987,6,1.1,49.7,50.3,0.0,-0.0133
After Down Day,2,2,390,300,49.67,-0.01,-4,-2.0,0.987,6,1.1,49.7,50.3,0.0,-0.0133
After Down Day,2,5,15,300,59.67,-0.81,-243.17,2.0,0.594,6,1.7,59.3,39.7,1.0,-0.8106
After Down Day,2,5,30,300,59.67,-0.82,-244.61,2.0,0.594,6,1.9,59.7,40.0,0.3,-0.8154
After Down Day,2,5,60,300,60.0,-0.8,-240,2.0,0.6,6,1.9,60.0,40.0,0.0,-0.8
After Down Day,2,5,120,300,60.0,-0.8,-240,2.0,0.6,6,1.9,60.0,40.0,0.0,-0.8
After Down Day,2,5,240,300,60.0,-0.8,-240,2.0,0.6,6,1.9,60.0,40.0,0.0,-0.8
After Down Day,2,5,390,300,60.0,-0.8,-240,2.0,0.6,6,1.9,60.0,40.0,0.0,-0.8
After Down Day,2,8,15,300,68.0,-1.07,-321.37,2.0,0.556,6,2.7,67.0,29.0,4.0,-1.0712
After Down Day,2,8,30,300,68.0,-1.11,-333.95,2.0,0.55,6,3.1,68.0,30.7,1.3,-1.1132
After Down Day,2,8,60,300,69.0,-1.1,-330,2.0,0.556,6,3.1,69.0,31.0,0.0,-1.1
After Down Day,2,8,120,300,69.0,-1.1,-330,2.0,0.556,6,3.1,69.0,31.0,0.0,-1.1
After Down Day,2,8,240,300,69.0,-1.1,-330,2.0,0.556,6,3.1,69.0,31.0,0.0,-1.1
After Down Day,2,8,390,300,69.0,-1.1,-330,2.0,0.556,6,3.1,69.0,31.0,0.0,-1.1
After Down Day,2,10,15,300,69.33,-1.43,-430.23,2.0,0.488,4,3.2,68.0,26.3,5.7,-1.4341
After Down Day,2,10,30,300,69.0,-1.48,-443.63,2.0,0.483,4,3.8,69.0,27.3,3.7,-1.4788
After Down Day,2,10,60,300,72.0,-1.33,-400.08,2.0,0.519,4,4.2,72.0,27.7,0.3,-1.3336
After Down Day,2,10,120,300,72.0,-1.35,-403.59,2.0,0.517,4,4.4,72.0,27.7,0.3,-1.3453
After Down Day,2,10,240,300,72.0,-1.36,-408,2.0,0.514,4,4.7,72.0,28.0,0.0,-1.36
After Down Day,2,10,390,300,72.0,-1.36,-408,2.0,0.514,4,4.7,72.0,28.0,0.0,-1.36
After Down Day,2,15,15,300,71.0,-1.98,-594.22,2.0,0.414,4,4.3,69.7,17.3,13.0,-1.9807
After Down Day,2,15,30,300,71.33,-2.09,-626.45,2.0,0.405,4,5.9,71.0,20.3,8.7,-2.0882
After Down Day,2,15,60,300,75.33,-2.0,-599.67,2.0,0.43,4,7.2,75.3,22.3,2.3,-1.9989
After Down Day,2,15,120,300,76.0,-1.98,-593.42,2.0,0.435,4,8.4,76.0,22.7,1.3,-1.9781
After Down Day,2,15,240,300,76.33,-1.99,-597.63,2.0,0.434,4,9.2,76.3,23.3,0.3,-1.9921
After Down Day,2,15,390,300,76.33,-2.02,-607,2.0,0.43,4,9.4,76.3,23.7,0.0,-2.0233
After Down Day,2,20,15,300,71.67,-2.39,-716.88,2.0,0.371,4,4.8,70.3,12.0,17.7,-2.3896
After Down Day,2,20,30,300,72.0,-2.72,-817.31,2.0,0.345,4,6.9,71.7,17.0,11.3,-2.7244
After Down Day,2,20,60,300,76.67,-2.61,-782.98,2.0,0.37,4,8.7,76.7,19.0,4.3,-2.6099
After Down Day,2,20,120,300,77.67,-2.65,-794.14,2.0,0.37,4,10.7,77.7,20.0,2.3,-2.6471
After Down Day,2,20,240,300,78.0,-2.71,-813.87,2.0,0.365,4,12.4,78.0,20.7,1.3,-2.7129
After Down Day,2,20,390,300,79.0,-2.62,-787.21,2.0,0.375,4,13.6,78.7,21.0,0.3,-2.624
After Down Day,2,30,15,300,73.0,-2.43,-728.98,2.0,0.372,4,5.6,71.7,4.3,24.0,-2.4299
After Down Day,2,30,30,300,75.0,-2.62,-787.28,2.0,0.363,3,8.7,74.7,7.7,17.7,-2.6243
After Down Day,2,30,60,300,81.0,-2.51,-752.87,2.0,0.392,3,12.0,81.0,10.3,8.7,-2.5096
After Down Day,2,30,120,300,82.33,-2.41,-723.86,2.0,0.406,3,16.2,82.3,11.3,6.3,-2.4129
After Down Day,2,30,240,300,84.0,-2.41,-723.79,2.0,0.41,3,21.8,83.7,12.0,4.3,-2.4126
After Down Day,2,30,390,300,86.0,-2.29,-687.12,2.0,0.428,3,25.3,85.7,13.0,1.3,-2.2904
After Down Day,2,50,15,300,73.67,-2.37,-711.18,2.0,0.38,4,5.8,72.3,1.0,26.7,-2.3706
After Down Day,2,50,30,300,76.0,-2.4,-719.9,2.0,0.387,3,9.5,75.7,1.7,22.7,-2.3997
After Down Day,2,50,60,300,83.67,-1.96,-588.42,2.0,0.46,2,14.4,83.7,3.0,13.3,-1.9614
After Down Day,2,50,120,300,85.67,-2.06,-617.24,2.0,0.454,2,21.1,85.7,4.3,10.0,-2.0575
After Down Day,2,50,240,300,87.67,-2.25,-675.76,2.0,0.437,2,30.8,87.3,5.7,7.0,-2.2525
After Down Day,2,50,390,300,90.0,-2.16,-649.21,2.0,0.454,2,38.1,89.7,6.3,4.0,-2.164
After Down Day,5,2,15,300,42.67,0.99,297.5,-2.0,1.869,12,1.6,42.7,57.0,0.3,0.9917
After Down Day,5,2,30,300,42.67,0.99,296,-2.0,1.86,12,1.6,42.7,57.3,0.0,0.9867
After Down Day,5,2,60,300,42.67,0.99,296,-2.0,1.86,12,1.6,42.7,57.3,0.0,0.9867
After Down Day,5,2,120,300,42.67,0.99,296,-2.0,1.86,12,1.6,42.7,57.3,0.0,0.9867
After Down Day,5,2,240,300,42.67,0.99,296,-2.0,1.86,12,1.6,42.7,57.3,0.0,0.9867
After Down Day,5,2,390,300,42.67,0.99,296,-2.0,1.86,12,1.6,42.7,57.3,0.0,0.9867
After Down Day,5,5,15,300,48.33,-0.07,-21.41,-1.41,0.971,10,2.9,47.3,47.7,5.0,-0.0714
After Down Day,5,5,30,300,50.0,-0.03,-8.64,0.32,0.988,10,3.4,48.3,49.3,2.3,-0.0288
After Down Day,5,5,60,300,50.33,0.04,10.78,3.46,1.015,10,3.7,50.0,49.3,0.7,0.0359
After Down Day,5,5,120,300,50.67,0.06,17.42,5.0,1.024,10,4.0,50.3,49.3,0.3,0.0581
After Down Day,5,5,240,300,50.67,0.07,20,5.0,1.027,10,4.0,50.7,49.3,0.0,0.0667
After Down Day,5,5,390,300,50.67,0.07,20,5.0,1.027,10,4.0,50.7,49.3,0.0,0.0667
After Down Day,5,8,15,300,55.33,-0.41,-124.41,5.0,0.864,6,4.4,51.7,34.7,13.7,-0.4147
After Down Day,5,8,30,300,56.67,-0.46,-139.46,5.0,0.856,6,5.9,54.7,39.3,6.0,-0.4649
After Down Day,5,8,60,300,58.0,-0.43,-127.82,5.0,0.872,6,6.7,57.7,41.0,1.3,-0.4261
After Down Day,5,8,120,300,58.67,-0.38,-114.58,5.0,0.884,6,7.1,58.3,41.3,0.3,-0.3819
After Down Day,5,8,240,300,58.67,-0.37,-112,5.0,0.887,6,7.1,58.7,41.3,0.0,-0.3733
After Down Day,5,8,390,300,58.67,-0.37,-112,5.0,0.887,6,7.1,58.7,41.3,0.0,-0.3733
After Down Day,5,10,15,300,56.33,-0.85,-255.05,5.0,0.759,6,5.0,52.3,31.0,16.7,-0.8502
After Down Day,5,10,30,300,58.0,-0.89,-265.99,5.0,0.762,4,6.9,56.0,34.7,9.3,-0.8866
After Down Day,5,10,60,300,61.33,-0.67,-200.22,5.0,0.821,4,8.3,61.0,36.7,2.3,-0.6674
After Down Day,5,10,120,300,62.33,-0.64,-193.17,5.0,0.828,4,9.1,62.0,37.3,0.7,-0.6439
After Down Day,5,10,240,300,62.33,-0.65,-195,5.0,0.827,4,9.4,62.3,37.7,0.0,-0.65
After Down Day,5,10,390,300,62.33,-0.65,-195,5.0,0.827,4,9.4,62.3,37.7,0.0,-0.65
After Down Day,5,15,15,300,58.0,-1.38,-413.3,5.0,0.667,6,6.4,54.0,19.0,27.0,-1.3777
After Down Day,5,15,30,300,60.67,-1.5,-449.8,5.0,0.661,4,9.8,57.7,23.3,19.0,-1.4993
After Down Day,5,15,60,300,65.67,-1.31,-393.11,5.0,0.713,4,13.2,64.7,28.0,7.3,-1.3104
After Down Day,5,15,120,300,68.33,-1.16,-347.56,5.0,0.744,4,16.6,66.7,29.0,4.3,-1.1585
After Down Day,5,15,240,300,68.67,-1.19,-356.25,5.0,0.742,4,19.4,68.3,30.3,1.3,-1.1875
After Down Day,5,15,390,300,68.33,-1.3,-390.07,5.0,0.724,4,21.1,68.3,30.7,1.0,-1.3002
After Down Day,5,20,15,300,58.67,-1.74,-521.42,5.0,0.616,6,7.0,54.7,12.7,32.7,-1.7381
After Down Day,5,20,30,300,61.67,-2.05,-614.33,5.0,0.592,4,11.0,58.7,18.0,23.3,-2.0478
After Down Day,5,20,60,300,67.33,-1.91,-573.13,5.0,0.636,4,15.6,66.3,22.3,11.3,-1.9104
After Down Day,5,20,120,300,70.67,-1.85,-555.58,5.0,0.652,4,20.7,68.7,24.7,6.7,-1.8519
After Down Day,5,20,240,300,71.33,-1.83,-549.67,5.0,0.66,4,26.1,71.0,25.3,3.7,-1.8322
After Down Day,5,20,390,300,72.33,-1.82,-547.23,5.0,0.664,4,29.5,72.0,26.3,1.7,-1.8241
After Down Day,5,30,15,300,59.67,-1.77,-531.91,5.0,0.615,6,7.8,55.7,4.3,40.0,-1.773
After Down Day,5,30,30,300,64.33,-1.96,-587.79,5.0,0.613,4,12.9,61.3,8.3,30.3,-1.9593
After Down Day,5,30,60,300,71.33,-2.01,-601.67,5.0,0.637,3,19.6,70.0,12.7,17.3,-2.0056
After Down Day,5,30,120,300,75.0,-1.67,-501.15,5.0,0.688,3,28.4,73.0,14.0,13.0,-1.6705
After Down Day,5,30,240,300,78.0,-1.5,-449.12,5.0,0.721,3,39.6,77.0,15.3,7.7,-1.4971
After Down Day,5,30,390,300,80.0,-1.44,-430.92,5.0,0.734,3,47.6,79.0,16.7,4.3,-1.4364
After Down Day,5,50,15,300,60.33,-1.69,-508.11,5.0,0.629,6,8.0,56.3,1.0,42.7,-1.6937
After Down Day,5,50,30,300,65.33,-1.72,-515.53,5.0,0.648,4,13.8,62.3,1.7,36.0,-1.7184
After Down Day,5,50,60,300,73.67,-1.33,-398.5,5.0,0.732,3,22.6,72.0,3.0,25.0,-1.3283
After Down Day,5,50,120,300,78.33,-1.19,-356.83,5.0,0.764,2,35.5,76.3,4.3,19.3,-1.1894
After Down Day,5,50,240,300,82.33,-1.22,-366.79,5.0,0.769,2,52.8,81.3,7.0,11.7,-1.2226
After Down Day,5,50,390,300,84.67,-1.33,-398.96,5.0,0.759,2,66.5,83.7,8.3,8.0,-1.3299
After Down Day,8,2,15,300,37.33,1.66,496.76,-2.0,2.343,12,2.7,34.7,61.3,4.0,1.6559
After Down Day,8,2,30,300,36.67,1.64,492.42,-2.0,2.296,12,2.9,36.0,63.3,0.7,1.6414
After Down Day,8,2,60,300,36.67,1.67,500,-2.0,2.316,12,3.0,36.7,63.3,0.0,1.6667
After Down Day,8,2,120,300,36.67,1.67,500,-2.0,2.316,12,3.0,36.7,63.3,0.0,1.6667
After Down Day,8,2,240,300,36.67,1.67,500,-2.0,2.316,12,3.0,36.7,63.3,0.0,1.6667
After Down Day,8,2,390,300,36.67,1.67,500,-2.0,2.316,12,3.0,36.7,63.3,0.0,1.6667
After Down Day,8,5,15,300,42.67,0.55,165.3,-5.0,1.208,10,4.5,37.7,51.0,11.3,0.551
After Down Day,8,5,30,300,43.67,0.58,172.91,-5.0,1.208,10,5.6,41.0,55.3,3.7,0.5764
After Down Day,8,5,60,300,43.67,0.64,192.59,-5.0,1.23,10,6.3,42.7,55.7,1.7,0.642
After Down Day,8,5,120,300,44.33,0.74,222.41,-5.0,1.266,10,7.1,43.7,55.7,0.7,0.7414
After Down Day,8,5,240,300,44.33,0.76,229,-5.0,1.274,10,7.4,44.3,55.7,0.0,0.7633
After Down Day,8,5,390,300,44.33,0.76,229,-5.0,1.274,10,7.4,44.3,55.7,0.0,0.7633
After Down Day,8,8,15,300,50.33,0.23,69.95,0.16,1.072,7,6.2,39.7,36.3,24.0,0.2332
After Down Day,8,8,30,300,51.33,0.28,85.42,1.49,1.079,7,8.9,46.7,43.7,9.7,0.2847
After Down Day,8,8,60,300,52.0,0.3,90.75,8.0,1.08,7,10.6,50.7,46.7,2.7,0.3025
After Down Day,8,8,120,300,52.67,0.42,126.2,8.0,1.112,7,11.7,52.0,47.0,1.0,0.4207
After Down Day,8,8,240,300,52.67,0.43,128,8.0,1.113,7,12.2,52.7,47.3,0.0,0.4267
After Down Day,8,8,390,300,52.67,0.43,128,8.0,1.113,7,12.2,52.7,47.3,0.0,0.4267
After Down Day,8,10,15,300,51.67,-0.17,-50.72,0.39,0.954,6,6.9,40.3,32.0,27.7,-0.1691
After Down Day,8,10,30,300,52.67,-0.13,-40.42,4.17,0.967,5,10.1,48.0,37.7,14.3,-0.1347
After Down Day,8,10,60,300,55.33,0.06,19.09,8.0,1.015,5,12.9,52.7,41.0,6.3,0.0636
After Down Day,8,10,120,300,56.0,0.08,22.89,8.0,1.017,5,15.0,55.0,43.3,1.7,0.0763
After Down Day,8,10,240,300,55.67,0.03,10.01,8.0,1.008,5,16.2,55.7,44.0,0.3,0.0334
After Down Day,8,10,390,300,55.67,0.02,6,8.0,1.005,5,16.3,55.7,44.3,0.0,0.02
After Down Day,8,15,15,300,53.33,-0.64,-192.45,1.24,0.851,6,8.3,42.0,19.3,38.7,-0.6415
After Down Day,8,15,30,300,55.67,-0.74,-222.67,7.14,0.849,5,13.2,50.0,25.3,24.7,-0.7422
After Down Day,8,15,60,300,60.0,-0.6,-179.53,8.0,0.884,5,18.6,55.3,31.3,13.3,-0.5984
After Down Day,8,15,120,300,62.33,-0.4,-118.79,8.0,0.925,5,24.2,59.7,33.0,7.3,-0.396
After Down Day,8,15,240,300,62.67,-0.45,-136.24,8.0,0.916,5,29.8,62.0,35.3,2.7,-0.4541
After Down Day,8,15,390,300,62.67,-0.55,-166.07,8.0,0.901,5,32.0,62.7,36.3,1.0,-0.5536
After Down Day,8,20,15,300,54.0,-1.0,-299.57,1.76,0.789,6,8.9,42.7,13.0,44.3,-0.9986
After Down Day,8,20,30,300,57.0,-1.23,-368.49,8.0,0.777,5,14.4,51.3,18.3,30.3,-1.2283
After Down Day,8,20,60,300,62.0,-1.1,-329.29,8.0,0.811,5,21.4,57.0,24.3,18.7,-1.0976
After Down Day,8,20,120,300,65.33,-0.96,-289.36,8.0,0.84,5,29.5,62.3,27.3,10.3,-0.9645
After Down Day,8,20,240,300,66.0,-1.02,-304.69,8.0,0.838,5,38.6,65.3,28.7,6.0,-1.0156
After Down Day,8,20,390,300,67.67,-0.98,-292.63,8.0,0.846,5,44.1,66.7,30.7,2.7,-0.9754
After Down Day,8,30,15,300,55.33,-0.93,-277.59,2.32,0.805,6,9.7,43.7,4.3,52.0,-0.9253
After Down Day,8,30,30,300,59.67,-1.06,-318.98,8.0,0.808,5,16.5,53.7,8.3,38.0,-1.0633
After Down Day,8,30,60,300,66.0,-1.19,-357.46,8.0,0.808,4,25.8,60.3,14.0,25.7,-1.1915
After Down Day,8,30,120,300,69.67,-0.91,-274.17,8.0,0.855,4,38.1,66.3,16.3,17.3,-0.9139
After Down Day,8,30,240,300,72.33,-0.82,-245.17,8.0,0.874,3,54.1,70.3,18.3,11.3,-0.8172
After Down Day,8,30,390,300,75.33,-0.51,-151.8,8.0,0.921,3,66.3,73.7,19.7,6.7,-0.506
After Down Day,8,50,15,300,56.0,-0.83,-247.79,2.52,0.824,6,9.9,44.3,1.0,54.7,-0.826
After Down Day,8,50,30,300,60.67,-0.79,-237.72,8.0,0.852,5,17.4,54.7,1.7,43.7,-0.7924
After Down Day,8,50,60,300,68.33,-0.54,-162.57,8.0,0.905,4,28.9,62.3,3.7,34.0,-0.5419
After Down Day,8,50,120,300,72.67,-0.51,-153.62,8.0,0.917,4,46.1,69.3,5.7,25.0,-0.5121
After Down Day,8,50,240,300,76.67,-0.82,-247.03,8.0,0.88,2,69.8,74.3,9.0,16.7,-0.8234
After Down Day,8,50,390,300,79.67,-0.76,-229.41,8.0,0.891,2,89.1,78.0,10.7,11.3,-0.7647
After Down Day,10,2,15,300,35.0,1.95,583.51,-2.0,2.521,13,3.5,29.0,63.3,7.7,1.945
After Down Day,10,2,30,300,33.0,1.8,541.2,-2.0,2.346,13,4.1,30.7,67.0,2.3,1.804
After Down Day,10,2,60,300,31.67,1.8,540,-2.0,2.317,13,4.2,31.7,68.3,0.0,1.8
After Down Day,10,2,120,300,31.67,1.8,540,-2.0,2.317,13,4.2,31.7,68.3,0.0,1.8
After Down Day,10,2,240,300,31.67,1.8,540,-2.0,2.317,13,4.2,31.7,68.3,0.0,1.8
After Down Day,10,2,390,300,31.67,1.8,540,-2.0,2.317,13,4.2,31.7,68.3,0.0,1.8
After Down Day,10,5,15,300,40.67,0.88,263.16,-5.0,1.323,10,5.4,32.0,52.3,15.7,0.8772
After Down Day,10,5,30,300,41.0,0.81,243.89,-5.0,1.281,10,7.1,35.0,57.3,7.7,0.813
After Down Day,10,5,60,300,39.33,0.82,244.56,-5.0,1.271,11,8.5,37.3,60.0,2.7,0.8152
After Down Day,10,5,120,300,39.67,0.87,261.92,-5.0,1.291,11,10.0,37.7,60.0,2.3,0.8731
After Down Day,10,5,240,300,39.33,0.88,262.84,-5.0,1.289,11,11.3,38.7,60.7,0.7,0.8761
After Down Day,10,5,390,300,39.0,0.87,259.54,-5.0,1.285,11,11.9,39.0,60.7,0.3,0.8651
After Down Day,10,8,15,300,48.67,0.58,175.29,-0.5,1.177,7,7.2,33.3,36.7,30.0,0.5843
After Down Day,10,8,30,300,49.0,0.56,166.8,-0.28,1.149,8,10.7,39.3,45.0,15.7,0.556
After Down Day,10,8,60,300,47.33,0.44,131.61,-8.0,1.106,8,13.5,44.3,50.7,5.0,0.4387
After Down Day,10,8,120,300,47.33,0.49,146.38,-8.0,1.117,7,16.0,45.3,51.3,3.3,0.4879
After Down Day,10,8,240,300,47.0,0.44,130.84,-8.0,1.103,8,17.7,46.3,53.0,0.7,0.4361
After Down Day,10,8,390,300,46.67,0.43,127.54,-8.0,1.1,8,18.2,46.7,53.0,0.3,0.4251
After Down Day,10,10,15,300,50.0,0.21,64.18,-0.02,1.057,6,7.9,34.0,32.0,34.0,0.2139
After Down Day,10,10,30,300,50.67,0.19,55.95,0.71,1.044,8,12.0,40.7,38.7,20.7,0.1865
After Down Day,10,10,60,300,50.67,0.2,60.08,1.31,1.043,8,16.1,46.3,44.3,9.3,0.2003
After Down Day,10,10,120,300,51.0,0.18,55.07,4.85,1.038,6,19.7,48.7,47.3,4.0,0.1836
After Down Day,10,10,240,300,50.67,0.12,35.79,6.42,1.024,6,22.8,49.7,48.7,1.7,0.1193
After Down Day,10,10,390,300,50.0,0.03,9.54,4.77,1.006,8,24.1,50.0,49.7,0.3,0.0318
After Down Day,10,15,15,300,51.33,-0.26,-78.02,0.38,0.94,6,9.4,35.3,19.3,45.3,-0.2601
After Down Day,10,15,30,300,54.0,-0.37,-111.75,1.67,0.926,8,15.2,42.7,26.0,31.3,-0.3725
After Down Day,10,15,60,300,55.67,-0.44,-131.68,7.52,0.922,7,22.3,49.3,33.7,17.0,-0.4389
After Down Day,10,15,120,300,57.67,-0.29,-88.43,10.0,0.949,5,30.0,53.7,36.3,10.0,-0.2948
After Down Day,10,15,240,300,57.67,-0.41,-122.13,10.0,0.933,5,38.6,55.7,39.3,5.0,-0.4071
After Down Day,10,15,390,300,57.0,-0.65,-194.9,10.0,0.898,7,43.5,57.0,41.3,1.7,-0.6497
After Down Day,10,20,15,300,52.0,-0.6,-181.14,0.42,0.873,6,10.0,36.0,13.0,51.0,-0.6038
After Down Day,10,20,30,300,55.33,-0.8,-239.59,2.33,0.857,8,16.5,44.0,18.7,37.3,-0.7986
After Down Day,10,20,60,300,58.0,-0.8,-240.56,10.0,0.871,7,25.4,51.3,25.0,23.7,-0.8019
After Down Day,10,20,120,300,61.33,-0.64,-192.56,10.0,0.901,5,36.4,57.0,29.0,14.0,-0.6419
After Down Day,10,20,240,300,62.0,-0.69,-207.78,10.0,0.898,5,49.5,60.0,30.7,9.3,-0.6926
After Down Day,10,20,390,300,63.67,-0.7,-211.01,10.0,0.9,5,58.7,62.7,33.7,3.7,-0.7034
After Down Day,10,30,15,300,53.33,-0.51,-153.16,0.89,0.893,6,10.8,37.0,4.3,58.7,-0.5105
After Down Day,10,30,30,300,58.0,-0.62,-184.6,5.44,0.891,8,18.6,46.3,8.3,45.3,-0.6153
After Down Day,10,30,60,300,62.0,-0.83,-248.91,10.0,0.874,7,30.0,54.7,14.3,31.0,-0.8297
After Down Day,10,30,120,300,65.67,-0.57,-170.68,10.0,0.916,4,45.6,60.7,17.3,22.0,-0.5689
After Down Day,10,30,240,300,68.0,-0.48,-144.59,10.0,0.932,3,67.1,64.7,19.7,15.7,-0.482
After Down Day,10,30,390,300,71.33,-0.15,-45.63,10.0,0.979,4,85.4,69.0,21.3,9.7,-0.1521
After Down Day,10,50,15,300,54.0,-0.4,-119.36,1.63,0.916,6,11.0,37.7,1.0,61.3,-0.3979
After Down Day,10,50,30,300,59.0,-0.32,-97.34,5.84,0.941,8,19.5,47.3,1.7,51.0,-0.3245
After Down Day,10,50,60,300,64.0,-0.28,-85.37,10.0,0.954,7,33.2,56.0,4.0,40.0,-0.2846
After Down Day,10,50,120,300,68.33,-0.26,-77.4,10.0,0.962,4,54.2,63.3,6.0,30.7,-0.258
After Down Day,10,50,240,300,72.33,-0.59,-178.3,10.0,0.922,2,84.0,68.7,9.7,21.7,-0.5943
After Down Day,10,50,390,300,75.67,-0.29,-86.1,10.0,0.963,4,110.6,73.3,11.3,15.3,-0.287
After Down Day,15,2,15,300,32.0,2.38,713.93,-2.0,2.778,13,4.9,17.0,66.3,16.7,2.3798
After Down Day,15,2,30,300,28.33,2.21,663.51,-2.0,2.55,15,6.7,21.3,71.3,7.3,2.2117
After Down Day,15,2,60,300,25.33,2.26,677.03,-2.0,2.511,15,7.6,24.3,74.7,1.0,2.2568
After Down Day,15,2,120,300,25.0,2.23,669.06,-2.0,2.487,15,7.9,24.7,75.0,0.3,2.2302
After Down Day,15,2,240,300,24.67,2.19,658,-2.0,2.456,21,8.1,24.7,75.3,0.0,2.1933
After Down Day,15,2,390,300,24.67,2.19,658,-2.0,2.456,21,8.1,24.7,75.3,0.0,2.1933
After Down Day,15,5,15,300,38.0,1.3,391.18,-5.0,1.457,10,7.0,18.0,55.0,27.0,1.3039
After Down Day,15,5,30,300,36.33,1.19,355.67,-5.0,1.384,11,10.1,23.7,61.0,15.3,1.1856
After Down Day,15,5,60,300,33.67,1.34,402.38,-5.0,1.409,11,13.2,27.7,65.3,7.0,1.3413
After Down Day,15,5,120,300,33.67,1.45,434.8,-5.0,1.439,11,16.4,29.7,66.0,4.3,1.4493
After Down Day,15,5,240,300,33.0,1.48,444.89,-5.0,1.443,11,19.4,31.7,67.0,1.3,1.483
After Down Day,15,5,390,300,32.67,1.55,464.54,-5.0,1.462,11,20.5,32.7,67.0,0.3,1.5485
After Down Day,15,8,15,300,46.0,0.97,290.68,-1.12,1.276,7,8.9,19.0,39.0,42.0,0.9689
After Down Day,15,8,30,300,44.33,0.91,273.92,-3.28,1.228,8,14.1,26.0,47.7,26.3,0.9131
After Down Day,15,8,60,300,40.67,0.79,237.71,-8.0,1.172,11,19.5,32.0,56.3,11.7,0.7924
After Down Day,15,8,120,300,40.67,1.02,306.33,-8.0,1.219,8,25.1,35.0,57.3,7.7,1.0211
After Down Day,15,8,240,300,40.33,1.13,339.91,-8.0,1.238,8,30.5,38.0,59.3,2.7,1.133
After Down Day,15,8,390,300,40.33,1.24,371.12,-8.0,1.261,8,33.0,39.7,59.3,1.0,1.2371
After Down Day,15,10,15,300,47.33,0.59,177.22,-0.78,1.148,6,9.6,19.7,34.0,46.3,0.5907
After Down Day,15,10,30,300,46.0,0.52,156.66,-2.12,1.115,8,15.5,26.7,41.0,32.3,0.5222
After Down Day,15,10,60,300,44.33,0.58,172.84,-7.38,1.111,11,22.5,33.7,49.7,16.7,0.5761
After Down Day,15,10,120,300,45.0,0.86,257.74,-10.0,1.16,8,30.1,37.7,52.7,9.7,0.8591
After Down Day,15,10,240,300,44.67,1.02,306.86,-10.0,1.187,8,37.7,42.0,54.3,3.7,1.0229
After Down Day,15,10,390,300,44.33,1.05,315.12,-10.0,1.19,8,40.9,43.7,55.3,1.0,1.0504
After Down Day,15,15,15,300,48.33,0.05,14.26,-0.5,1.01,6,11.3,20.0,20.3,59.7,0.0475
After Down Day,15,15,30,300,49.33,-0.01,-2.51,-0.04,0.998,8,19.0,28.7,27.7,43.7,-0.0084
After Down Day,15,15,60,300,49.67,-0.08,-25.0,-0.2,0.987,8,29.6,36.0,37.0,27.0,-0.0833
After Down Day,15,15,120,300,52.0,0.26,77.19,2.83,1.039,8,42.8,40.7,41.0,18.3,0.2573
After Down Day,15,15,240,300,50.67,0.25,74.83,1.33,1.036,8,58.3,46.3,45.0,8.7,0.2494
After Down Day,15,15,390,300,50.67,0.18,54.33,4.65,1.025,8,66.8,49.0,47.3,3.7,0.1811
After Down Day,15,20,15,300,49.0,-0.27,-81.36,-0.47,0.946,6,11.9,20.7,13.7,65.7,-0.2712
After Down Day,15,20,30,300,50.67,-0.4,-119.9,0.62,0.933,8,20.5,30.0,20.0,50.0,-0.3997
After Down Day,15,20,60,300,52.0,-0.37,-112.34,1.13,0.946,8,33.0,38.0,26.7,35.3,-0.3745
After Down Day,15,20,120,300,56.0,-0.06,-18.29,5.89,0.992,6,50.1,43.7,33.0,23.3,-0.061
After Down Day,15,20,240,300,55.33,0.01,3.9,15.0,1.002,8,70.8,50.3,35.3,14.3,0.013
After Down Day,15,20,390,300,58.33,0.43,129.94,15.0,1.054,5,85.7,54.7,38.3,7.0,0.4331
After Down Day,15,30,15,300,50.33,-0.17,-51.78,0.16,0.966,6,12.7,21.7,4.7,73.7,-0.1726
After Down Day,15,30,30,300,53.33,-0.23,-69.91,1.22,0.962,8,22.7,32.3,9.7,58.0,-0.233
After Down Day,15,30,60,300,56.0,-0.45,-134.03,3.78,0.94,8,37.8,40.7,15.7,43.7,-0.4468
After Down Day,15,30,120,300,60.0,-0.14,-43.01,9.79,0.982,6,60.6,46.7,20.3,33.0,-0.1434
After Down Day,15,30,240,300,60.67,-0.12,-34.51,15.0,0.987,4,92.1,54.3,23.7,22.0,-0.115
After Down Day,15,30,390,300,65.0,0.7,209.99,15.0,1.082,4,118.7,59.7,25.3,15.0,0.7
After Down Day,15,50,15,300,51.33,0.09,27.91,0.38,1.019,6,13.0,22.3,1.0,76.7,0.093
After Down Day,15,50,30,300,54.33,0.02,6.98,1.61,1.004,8,23.7,33.0,2.3,64.7,0.0233
After Down Day,15,50,60,300,58.33,0.19,57.44,4.93,1.027,8,41.5,41.7,4.7,53.7,0.1915
After Down Day,15,50,120,300,62.67,0.21,62.58,12.42,1.026,6,70.7,49.0,6.7,44.3,0.2086
After Down Day,15,50,240,300,64.33,-0.51,-151.56,15.0,0.947,4,114.3,57.3,11.3,31.3,-0.5052
After Down Day,15,50,390,300,69.33,0.43,128.91,15.0,1.046,4,153.2,64.0,14.0,22.0,0.4297
After Down Day,20,2,15,300,29.33,2.14,640.68,-2.0,2.538,14,5.9,8.0,68.7,23.3,2.1356
After Down Day,20,2,30,300,25.0,2.04,612.65,-2.0,2.367,15,8.7,11.3,74.7,14.0,2.0422
After Down Day,20,2,60,300,20.67,2.18,654.07,-2.0,2.374,15,11.0,16.3,79.3,4.3,2.1802
After Down Day,20,2,120,300,19.67,2.06,618.11,-2.0,2.282,15,12.8,17.3,80.3,2.3,2.0604
After Down Day,20,2,240,300,18.33,1.92,576.11,-2.0,2.176,25,14.5,17.3,81.7,1.0,1.9204
After Down Day,20,2,390,300,18.33,1.97,589.86,-2.0,2.204,25,15.6,17.7,81.7,0.7,1.9662
After Down Day,20,5,15,300,35.67,1.07,322.07,-5.0,1.364,11,8.0,8.7,56.7,34.7,1.0736
After Down Day,20,5,30,300,32.67,0.95,286.07,-5.0,1.293,11,12.3,12.7,64.0,23.3,0.9536
After Down Day,20,5,60,300,28.67,1.17,350.6,-5.0,1.331,12,16.9,18.7,70.3,11.0,1.1687
After Down Day,20,5,120,300,27.67,1.14,341.07,-5.0,1.316,12,22.3,20.7,72.0,7.3,1.1369
After Down Day,20,5,240,300,26.33,1.17,350.97,-5.0,1.318,15,28.8,22.3,73.7,4.0,1.1699
After Down Day,20,5,390,300,25.67,1.35,405.09,-5.0,1.365,15,32.3,24.7,74.0,1.3,1.3503
After Down Day,20,8,15,300,43.33,0.67,199.64,-1.88,1.182,7,10.0,9.3,40.7,50.0,0.6655
After Down Day,20,8,30,300,40.33,0.6,181.3,-8.0,1.141,8,16.5,14.3,51.0,34.7,0.6043
After Down Day,20,8,60,300,35.33,0.53,157.51,-8.0,1.105,12,23.8,22.0,61.3,16.7,0.525
After Down Day,20,8,120,300,34.33,0.65,195.69,-8.0,1.127,12,32.2,25.0,63.3,11.7,0.6523
After Down Day,20,8,240,300,33.33,0.84,252.99,-8.0,1.159,12,42.0,28.3,66.3,5.3,0.8433
After Down Day,20,8,390,300,33.0,1.09,325.67,-8.0,1.203,12,46.9,31.3,66.7,2.0,1.0856
After Down Day,20,10,15,300,44.67,0.31,92.93,-1.45,1.075,6,10.8,9.7,35.0,55.3,0.3098
After Down Day,20,10,30,300,42.33,0.28,84.04,-3.89,1.057,8,18.0,15.3,44.0,40.7,0.2801
After Down Day,20,10,60,300,39.33,0.39,115.99,-10.0,1.069,12,27.0,23.3,54.0,22.7,0.3866
After Down Day,20,10,120,300,39.33,0.63,189.36,-10.0,1.107,12,37.7,27.3,58.0,14.7,0.6312
After Down Day,20,10,240,300,37.67,0.72,215.32,-10.0,1.117,12,51.4,31.3,61.0,7.7,0.7177
After Down Day,20,10,390,300,37.0,0.88,262.62,-10.0,1.14,12,58.3,34.7,62.7,2.7,0.8754
After Down Day,20,15,15,300,46.0,-0.2,-58.88,-0.93,0.959,6,12.4,9.7,20.7,69.7,-0.1963
After Down Day,20,15,30,300,46.33,-0.12,-36.98,-2.0,0.979,8,21.8,16.7,29.7,53.7,-0.1233
After Down Day,20,15,60,300,45.33,-0.23,-68.9,-4.11,0.966,12,35.0,25.3,40.3,34.3,-0.2297
After Down Day,20,15,120,300,46.67,0.05,15.55,-4.15,1.007,12,51.9,30.3,45.0,24.7,0.0518
After Down Day,20,15,240,300,44.0,-0.11,-31.64,-15.0,0.987,12,75.0,35.3,51.0,13.7,-0.1055
After Down Day,20,15,390,300,43.33,-0.2,-59.26,-15.0,0.976,12,88.8,39.3,54.7,6.0,-0.1975
After Down Day,20,20,15,300,46.67,-0.52,-154.72,-0.78,0.899,6,13.1,9.7,13.7,76.7,-0.5157
After Down Day,20,20,30,300,47.67,-0.56,-168.52,-0.47,0.913,8,23.4,17.3,21.7,61.0,-0.5617
After Down Day,20,20,60,300,47.67,-0.59,-177.75,-1.5,0.921,8,38.7,26.7,29.7,43.7,-0.5925
After Down Day,20,20,120,300,50.33,-0.5,-150.69,0.3,0.94,6,60.0,32.3,37.3,30.3,-0.5023
After Down Day,20,20,240,300,48.67,-0.35,-105.0,-1.39,0.961,8,90.4,38.3,40.3,21.3,-0.35
After Down Day,20,20,390,300,50.67,-0.17,-50.37,1.27,0.982,6,113.5,44.0,45.3,10.7,-0.1679
After Down Day,20,30,15,300,48.0,-0.38,-115.09,-0.5,0.926,6,14.0,10.3,4.7,85.0,-0.3836
After Down Day,20,30,30,300,50.33,-0.37,-111.87,0.46,0.945,8,25.8,19.3,10.3,70.3,-0.3729
After Down Day,20,30,60,300,51.67,-0.67,-200.67,1.11,0.918,8,44.0,29.0,17.7,53.3,-0.6689
After Down Day,20,30,120,300,54.67,-0.57,-171.87,3.73,0.937,6,71.9,35.7,23.3,41.0,-0.5729
After Down Day,20,30,240,300,54.0,-0.74,-221.62,4.71,0.927,6,114.2,42.0,28.3,29.7,-0.7387
After Down Day,20,30,390,300,57.67,-0.09,-28.4,12.37,0.991,6,150.8,49.0,31.0,20.0,-0.0947
After Down Day,20,50,15,300,49.0,-0.11,-31.87,-0.43,0.979,6,14.3,10.7,1.0,88.3,-0.1062
After Down Day,20,50,30,300,51.33,-0.08,-23.63,0.66,0.988,8,26.9,20.0,2.3,77.7,-0.0788
After Down Day,20,50,60,300,54.0,-0.17,-51.98,1.99,0.978,8,48.0,30.0,5.7,64.3,-0.1733
After Down Day,20,50,120,300,57.33,-0.36,-109.26,5.89,0.961,6,83.2,37.7,8.3,54.0,-0.3642
After Down Day,20,50,240,300,58.33,-1.34,-402.23,8.89,0.882,4,140.1,44.7,13.7,41.7,-1.3408
After Down Day,20,50,390,300,62.33,-0.63,-188.58,20.0,0.947,4,192.7,53.0,17.3,29.7,-0.6286
After Down Day,30,2,15,300,29.33,2.36,707.47,-2.0,2.698,14,6.4,1.7,68.7,29.7,2.3582
After Down Day,30,2,30,300,24.0,2.29,688.39,-2.0,2.516,15,10.1,5.0,75.7,19.3,2.2946
After Down Day,30,2,60,300,18.67,2.3,690.48,-2.0,2.415,15,14.4,7.3,81.3,11.3,2.3016
After Down Day,30,2,120,300,16.0,2.18,654.85,-2.0,2.299,15,19.3,9.7,84.0,6.3,2.1828
After Down Day,30,2,240,300,14.33,1.97,592.07,-2.0,2.152,25,24.5,11.0,85.7,3.3,1.9736
After Down Day,30,2,390,300,13.0,1.87,561.38,-2.0,2.075,25,29.0,11.0,87.0,2.0,1.8713
After Down Day,30,5,15,300,35.67,1.31,391.57,-5.0,1.443,11,8.6,2.0,56.7,41.3,1.3052
After Down Day,30,5,30,300,31.67,1.15,345.22,-5.0,1.349,11,13.8,5.3,65.0,29.7,1.1507
After Down Day,30,5,60,300,27.0,1.34,402.89,-5.0,1.373,12,20.9,8.3,71.7,20.0,1.343
After Down Day,30,5,120,300,24.67,1.4,420.81,-5.0,1.374,12,30.6,11.7,75.0,13.3,1.4027
After Down Day,30,5,240,300,22.67,1.44,432.62,-5.0,1.373,15,43.4,14.0,77.3,8.7,1.4421
After Down Day,30,5,390,300,20.67,1.51,451.91,-5.0,1.383,21,54.8,15.3,78.7,6.0,1.5064
After Down Day,30,8,15,300,43.33,0.9,269.94,-1.88,1.246,7,10.6,2.0,40.7,57.3,0.8998
After Down Day,30,8,30,300,39.33,0.74,220.9,-8.0,1.169,8,18.2,5.7,52.0,42.3,0.7363
After Down Day,30,8,60,300,33.33,0.68,205.36,-8.0,1.133,12,28.4,9.7,62.7,27.7,0.6845
After Down Day,30,8,120,300,32.0,1.01,304.07,-8.0,1.19,12,42.3,14.0,65.7,20.3,1.0136
After Down Day,30,8,240,300,30.0,1.49,446.52,-8.0,1.267,12,61.1,18.3,69.7,12.0,1.4884
After Down Day,30,8,390,300,27.67,1.56,467.86,-8.0,1.272,12,77.0,20.7,71.3,8.0,1.5595
After Down Day,30,10,15,300,44.67,0.58,173.23,-1.45,1.14,6,11.3,2.3,35.0,62.7,0.5774
After Down Day,30,10,30,300,41.33,0.53,158.78,-3.93,1.107,8,19.8,6.7,44.3,49.0,0.5293
After Down Day,30,10,60,300,37.67,0.71,213.12,-10.0,1.123,12,31.8,10.7,55.0,34.3,0.7104
After Down Day,30,10,120,300,37.33,1.26,378.02,-10.0,1.207,12,48.9,16.3,60.0,23.7,1.2601
After Down Day,30,10,240,300,35.33,1.83,548.5,-10.0,1.287,12,72.5,21.0,63.3,15.7,1.8283
After Down Day,30,10,390,300,32.67,1.75,525.26,-10.0,1.264,12,92.6,23.3,65.7,11.0,1.7509
After Down Day,30,15,15,300,46.0,0.07,21.42,-0.93,1.015,6,13.0,2.3,20.7,77.0,0.0714
After Down Day,30,15,30,300,45.33,0.05,16.33,-2.04,1.009,8,23.6,6.7,30.0,63.3,0.0544
After Down Day,30,15,60,300,43.0,-0.09,-28.18,-5.07,0.987,12,40.1,11.3,41.7,47.0,-0.0939
After Down Day,30,15,120,300,43.67,0.39,118.02,-8.91,1.051,12,64.1,17.3,47.7,35.0,0.3934
After Down Day,30,15,240,300,41.33,0.8,241.39,-15.0,1.097,12,98.9,23.0,53.7,23.3,0.8046
After Down Day,30,15,390,300,38.67,0.72,216.12,-15.0,1.081,12,128.3,26.3,58.0,15.7,0.7204
After Down Day,30,20,15,300,46.67,-0.25,-74.42,-0.78,0.952,6,13.7,2.3,13.7,84.0,-0.2481
After Down Day,30,20,30,300,47.0,-0.28,-82.62,-0.57,0.957,8,25.3,6.7,21.7,71.7,-0.2754
After Down Day,30,20,60,300,45.0,-0.54,-161.97,-3.54,0.931,8,44.3,12.0,30.3,57.7,-0.5399
After Down Day,30,20,120,300,47.0,-0.45,-134.18,-3.3,0.95,6,73.4,18.0,40.0,42.0,-0.4473
After Down Day,30,20,240,300,45.33,0.24,72.11,-5.2,1.025,8,117.0,23.7,43.7,32.7,0.2404
After Down Day,30,20,390,300,45.33,0.5,150.47,-13.43,1.049,8,157.9,28.3,49.0,22.7,0.5016
After Down Day,30,30,15,300,48.0,-0.1,-29.82,-0.5,0.981,6,14.5,2.3,4.7,93.0,-0.0994
After Down Day,30,30,30,300,49.67,0.03,10.36,-0.01,1.005,8,27.8,8.0,10.3,81.7,0.0345
After Down Day,30,30,60,300,49.0,-0.55,-165.33,-0.51,0.935,8,49.9,13.3,18.0,68.7,-0.5511
After Down Day,30,30,120,300,51.67,-0.26,-79.46,1.24,0.973,6,86.6,20.3,25.0,54.7,-0.2649
After Down Day,30,30,240,300,51.0,-0.1,-31.12,1.38,0.991,8,143.8,26.7,31.0,42.3,-0.1037
After Down Day,30,30,390,300,52.33,0.62,184.67,2.34,1.053,8,200.2,32.7,34.3,33.0,0.6156
After Down Day,30,50,15,300,49.0,0.18,53.05,-0.43,1.035,6,14.8,2.3,1.0,96.7,0.1768
After Down Day,30,50,30,300,50.33,0.23,69.77,0.46,1.035,8,28.9,8.3,2.3,89.3,0.2326
After Down Day,30,50,60,300,51.0,-0.24,-73.39,0.78,0.971,8,54.2,13.7,6.0,80.3,-0.2446
After Down Day,30,50,120,300,54.33,-0.07,-21.75,2.71,0.993,6,98.7,21.3,9.3,69.3,-0.0725
After Down Day,30,50,240,300,55.33,-0.73,-218.93,4.45,0.942,5,172.0,29.0,15.7,55.3,-0.7298
After Down Day,30,50,390,300,57.0,-0.07,-21.2,7.18,0.995,5,246.5,36.0,19.3,44.7,-0.0707
After Down Day,50,2,15,300,29.33,2.44,731.03,-2.0,2.755,14,6.4,0.3,68.7,31.0,2.4368
After Down Day,50,2,30,300,24.0,2.52,754.78,-2.0,2.662,15,10.5,0.7,75.7,23.7,2.5159
After Down Day,50,2,60,300,18.33,2.61,784.43,-2.0,2.601,15,16.4,1.0,81.7,17.3,2.6148
After Down Day,50,2,120,300,15.67,2.55,764.21,-2.0,2.51,15,25.4,2.0,84.3,13.7,2.5474
After Down Day,50,2,240,300,13.0,2.33,697.74,-2.0,2.337,25,39.0,3.3,87.0,9.7,2.3258
After Down Day,50,2,390,300,11.0,2.21,662.86,-2.0,2.241,34,50.4,5.3,89.0,5.7,2.2095
After Down Day,50,5,15,300,35.67,1.37,410.4,-5.0,1.464,11,8.6,0.3,56.7,43.0,1.368
After Down Day,50,5,30,300,31.67,1.32,396.35,-5.0,1.4,11,14.3,0.7,65.0,34.3,1.3212
After Down Day,50,5,60,300,26.67,1.58,473.08,-5.0,1.436,12,23.2,1.0,72.0,27.0,1.5769
After Down Day,50,5,120,300,23.67,1.47,440.27,-5.0,1.386,12,37.5,2.0,76.0,22.0,1.4676
After Down Day,50,5,240,300,20.67,1.7,509.95,-5.0,1.429,16,60.6,4.0,79.3,16.7,1.6998
After Down Day,50,5,390,300,18.0,1.77,531.27,-5.0,1.435,25,81.5,6.3,81.3,12.3,1.7709
After Down Day,50,8,15,300,43.33,0.96,288.77,-1.88,1.263,7,10.6,0.3,40.7,59.0,0.9626
After Down Day,50,8,30,300,39.33,0.96,289.41,-8.0,1.221,8,18.7,0.7,52.0,47.3,0.9647
After Down Day,50,8,60,300,33.0,1.01,304.17,-8.0,1.196,12,30.9,1.7,63.0,35.3,1.0139
After Down Day,50,8,120,300,31.33,1.25,374.67,-8.0,1.232,12,50.3,2.7,66.3,31.0,1.2489
After Down Day,50,8,240,300,28.0,1.8,540.78,-8.0,1.315,12,82.5,5.0,71.3,23.7,1.8026
After Down Day,50,8,390,300,24.0,1.71,511.85,-8.0,1.283,12,113.0,7.7,74.7,17.7,1.7062
After Down Day,50,10,15,300,44.67,0.71,212.06,-1.45,1.171,6,11.4,0.7,35.0,64.3,0.7069
After Down Day,50,10,30,300,41.33,0.76,228.51,-3.93,1.154,8,20.3,1.0,44.3,54.7,0.7617
After Down Day,50,10,60,300,37.33,1.16,348.18,-10.0,1.2,12,34.5,2.3,55.3,42.3,1.1606
After Down Day,50,10,120,300,36.67,1.52,456.34,-10.0,1.247,12,57.4,3.3,60.7,36.0,1.5211
After Down Day,50,10,240,300,33.33,2.22,667.01,-10.0,1.339,12,96.6,5.7,65.0,29.3,2.2234
After Down Day,50,10,390,300,29.33,2.16,649.48,-10.0,1.311,12,133.9,9.0,68.7,22.3,2.1649
After Down Day,50,15,15,300,46.0,0.2,60.25,-0.93,1.042,6,13.0,0.7,20.7,78.7,0.2008
After Down Day,50,15,30,300,45.33,0.29,86.06,-2.04,1.049,8,24.2,1.0,30.0,69.0,0.2869
After Down Day,50,15,60,300,43.0,0.44,133.36,-5.07,1.063,12,42.9,2.3,41.7,56.0,0.4445
After Down Day,50,15,120,300,43.33,0.64,191.32,-9.44,1.083,12,73.6,3.3,48.0,48.7,0.6377
After Down Day,50,15,240,300,38.33,0.62,186.97,-15.0,1.072,12,126.1,5.7,56.3,38.0,0.6232
After Down Day,50,15,390,300,34.33,0.71,213.24,-15.0,1.074,12,174.6,10.0,62.0,28.0,0.7108
After Down Day,50,20,15,300,46.67,-0.12,-35.59,-0.78,0.977,6,13.7,0.7,13.7,85.7,-0.1186
After Down Day,50,20,30,300,47.0,-0.04,-12.89,-0.57,0.993,8,25.9,1.0,21.7,77.3,-0.043
After Down Day,50,20,60,300,45.0,0.02,5.09,-3.54,1.002,8,47.3,2.3,30.3,67.3,0.017
After Down Day,50,20,120,300,46.67,-0.19,-56.55,-3.47,0.979,6,83.4,3.3,40.3,56.3,-0.1885
After Down Day,50,20,240,300,43.33,0.46,137.57,-8.88,1.046,8,145.5,6.3,44.3,49.3,0.4586
After Down Day,50,20,390,300,41.33,0.89,267.42,-20.0,1.082,8,208.2,11.7,51.7,36.7,0.8914
After Down Day,50,30,15,300,48.0,0.03,9.01,-0.5,1.006,6,14.6,0.7,4.7,94.7,0.03
After Down Day,50,30,30,300,49.67,0.08,22.57,-0.01,1.011,8,28.4,1.0,10.3,88.7,0.0752
After Down Day,50,30,60,300,48.67,-0.16,-47.29,-0.75,0.982,8,53.4,2.3,18.3,79.3,-0.1576
After Down Day,50,30,120,300,51.0,-0.2,-60.13,0.48,0.98,6,97.8,4.0,25.7,70.3,-0.2004
After Down Day,50,30,240,300,48.0,-0.14,-42.68,-1.38,0.988,8,175.5,7.3,31.7,61.0,-0.1423
After Down Day,50,30,390,300,47.0,0.47,139.89,-3.04,1.037,8,258.8,13.0,36.0,51.0,0.4663
After Down Day,50,50,15,300,49.0,0.31,91.88,-0.43,1.061,6,14.9,0.7,1.0,98.3,0.3063
After Down Day,50,50,30,300,50.33,0.34,101.98,0.46,1.051,8,29.6,1.3,2.3,96.3,0.3399
After Down Day,50,50,60,300,50.67,0.25,76.31,0.65,1.03,8,57.7,2.7,6.0,91.3,0.2544
After Down Day,50,50,120,300,53.67,0.06,19.07,2.54,1.006,6,110.6,4.3,9.3,86.3,0.0636
After Down Day,50,50,240,300,52.67,-0.39,-118.0,2.2,0.969,5,206.1,8.7,16.0,75.3,-0.3933
After Down Day,50,50,390,300,52.0,0.34,101.55,1.63,1.024,5,309.7,15.3,20.0,64.7,0.3385
After Down Day,75,2,15,300,29.33,2.48,743.33,-2.0,2.784,14,6.5,0.0,68.7,31.3,2.4778
After Down Day,75,2,30,300,24.0,2.55,764.29,-2.0,2.683,15,10.6,0.0,75.7,24.3,2.5476
After Down Day,75,2,60,300,18.33,2.73,819.68,-2.0,2.673,15,16.8,0.3,81.7,18.0,2.7323
After Down Day,75,2,120,300,15.67,2.79,836.88,-2.0,2.654,15,26.5,0.7,84.3,15.0,2.7896
After Down Day,75,2,240,300,12.67,2.53,758.75,-2.0,2.448,25,41.8,1.3,87.3,11.3,2.5292
After Down Day,75,2,390,300,10.67,2.44,731.35,-2.0,2.364,34,57.2,1.7,89.3,9.0,2.4378
After Down Day,75,5,15,300,35.67,1.41,422.7,-5.0,1.478,11,8.6,0.0,56.7,43.3,1.409
After Down Day,75,5,30,300,31.67,1.35,405.86,-5.0,1.41,11,14.4,0.0,65.0,35.0,1.3529
After Down Day,75,5,60,300,26.67,1.69,508.33,-5.0,1.469,12,23.5,0.3,72.0,27.7,1.6944
After Down Day,75,5,120,300,23.67,1.71,512.94,-5.0,1.45,12,38.6,0.7,76.0,23.3,1.7098
After Down Day,75,5,240,300,20.33,1.87,560.02,-5.0,1.469,16,63.8,1.3,79.7,19.0,1.8667
After Down Day,75,5,390,300,17.67,1.88,563.26,-5.0,1.46,25,90.2,1.7,81.7,16.7,1.8775
After Down Day,75,8,15,300,43.33,1.0,301.07,-1.88,1.274,7,10.6,0.0,40.7,59.3,1.0036
After Down Day,75,8,30,300,39.33,1.0,298.92,-8.0,1.229,8,18.8,0.0,52.0,48.0,0.9964
After Down Day,75,8,60,300,33.0,1.18,352.6,-8.0,1.227,12,31.3,0.3,63.0,36.7,1.1753
After Down Day,75,8,120,300,31.33,1.45,434.38,-8.0,1.269,12,51.7,1.0,66.3,32.7,1.4479
After Down Day,75,8,240,300,27.67,1.95,585.73,-8.0,1.339,12,86.8,1.7,71.7,26.7,1.9524
After Down Day,75,8,390,300,23.67,1.9,571.11,-8.0,1.315,12,123.5,2.3,75.0,22.7,1.9037
After Down Day,75,10,15,300,44.67,0.65,196.43,-1.45,1.158,6,11.4,0.0,35.0,65.0,0.6548
After Down Day,75,10,30,300,41.33,0.88,263.02,-3.93,1.178,8,20.5,0.3,44.3,55.3,0.8767
After Down Day,75,10,60,300,37.33,1.43,429.5,-10.0,1.247,12,35.0,0.7,55.3,44.0,1.4317
After Down Day,75,10,120,300,36.67,1.83,548.45,-10.0,1.297,12,59.1,1.3,60.7,38.0,1.8282
After Down Day,75,10,240,300,33.0,2.53,759.96,-10.0,1.384,12,101.3,2.3,65.3,32.3,2.5332
After Down Day,75,10,390,300,29.0,2.52,756.51,-10.0,1.361,12,145.1,3.0,69.0,28.0,2.5217
After Down Day,75,15,15,300,46.0,0.15,44.62,-0.93,1.031,6,13.1,0.0,20.7,79.3,0.1487
After Down Day,75,15,30,300,45.33,0.4,120.57,-2.04,1.069,8,24.3,0.3,30.0,69.7,0.4019
After Down Day,75,15,60,300,43.0,0.72,214.68,-5.07,1.101,12,43.4,0.7,41.7,57.7,0.7156
After Down Day,75,15,120,300,43.33,0.94,283.43,-9.44,1.122,12,75.3,1.3,48.0,50.7,0.9448
After Down Day,75,15,240,300,38.0,0.92,274.92,-15.0,1.105,12,130.8,2.3,56.7,41.0,0.9164
After Down Day,75,15,390,300,34.0,1.12,334.62,-15.0,1.116,12,186.0,3.3,62.3,34.3,1.1154
After Down Day,75,20,15,300,46.67,-0.17,-51.22,-0.78,0.967,6,13.8,0.0,13.7,86.3,-0.1707
After Down Day,75,20,30,300,47.0,0.07,21.62,-0.57,1.011,8,26.0,0.3,21.7,78.0,0.0721
After Down Day,75,20,60,300,45.0,0.29,86.41,-3.54,1.037,8,47.8,0.7,30.3,69.0,0.288
After Down Day,75,20,120,300,46.67,0.12,35.56,-3.47,1.013,6,85.2,1.3,40.3,58.3,0.1185
After Down Day,75,20,240,300,43.0,0.8,239.92,-9.3,1.08,8,150.9,2.3,44.7,53.0,0.7997
After Down Day,75,20,390,300,40.67,1.24,371.49,-20.0,1.113,8,221.4,4.3,52.0,43.7,1.2383
After Down Day,75,30,15,300,48.0,-0.02,-6.62,-0.5,0.996,6,14.6,0.0,4.7,95.3,-0.0221
After Down Day,75,30,30,300,49.67,0.19,57.08,-0.01,1.028,8,28.6,0.3,10.3,89.3,0.1903
After Down Day,75,30,60,300,48.67,0.11,34.03,-0.75,1.013,8,53.9,0.7,18.3,81.0,0.1134
After Down Day,75,30,120,300,51.0,0.24,72.9,0.48,1.025,6,99.7,1.7,25.7,72.7,0.243
After Down Day,75,30,240,300,48.0,0.29,88.22,-1.38,1.026,8,181.9,2.7,31.7,65.7,0.2941
After Down Day,75,30,390,300,46.67,0.95,285.22,-3.5,1.076,8,274.5,4.7,36.0,59.3,0.9507
After Down Day,75,50,15,300,49.0,0.25,76.25,-0.43,1.05,6,14.9,0.0,1.0,99.0,0.2542
After Down Day,75,50,30,300,50.33,0.49,146.24,0.46,1.073,8,29.8,0.3,2.3,97.3,0.4875
After Down Day,75,50,60,300,50.67,0.4,120.13,0.65,1.047,8,58.3,0.7,6.0,93.3,0.4004
After Down Day,75,50,120,300,53.67,0.56,168.57,2.54,1.055,6,112.8,1.7,9.3,89.0,0.5619
After Down Day,75,50,240,300,52.67,0.16,46.8,2.2,1.012,5,213.4,3.3,16.0,80.7,0.156
After Down Day,75,50,390,300,51.33,0.89,267.93,1.4,1.062,5,327.5,6.3,20.0,73.7,0.8931
After Down Day,100,2,15,300,29.33,2.48,743.33,-2.0,2.784,14,6.5,0.0,68.7,31.3,2.4778
After Down Day,100,2,30,300,24.0,2.55,764.29,-2.0,2.683,15,10.6,0.0,75.7,24.3,2.5476
After Down Day,100,2,60,300,18.33,2.73,820.35,-2.0,2.674,15,16.8,0.0,81.7,18.3,2.7345
After Down Day,100,2,120,300,15.67,2.86,857.56,-2.0,2.695,15,26.8,0.0,84.3,15.7,2.8585
After Down Day,100,2,240,300,12.67,2.73,818.06,-2.0,2.561,25,43.1,0.7,87.3,12.0,2.7269
After Down Day,100,2,390,300,10.67,2.57,770.71,-2.0,2.438,34,59.4,0.7,89.3,10.0,2.569
After Down Day,100,5,15,300,35.67,1.41,422.7,-5.0,1.478,11,8.6,0.0,56.7,43.3,1.409
After Down Day,100,5,30,300,31.67,1.35,405.86,-5.0,1.41,11,14.4,0.0,65.0,35.0,1.3529
After Down Day,100,5,60,300,26.67,1.7,509.0,-5.0,1.47,12,23.5,0.0,72.0,28.0,1.6967
After Down Day,100,5,120,300,23.67,1.78,533.62,-5.0,1.468,12,38.9,0.0,76.0,24.0,1.7787
After Down Day,100,5,240,300,20.33,2.06,619.33,-5.0,1.518,16,65.0,0.7,79.7,19.7,2.0644
After Down Day,100,5,390,300,17.67,2.01,602.62,-5.0,1.492,25,92.4,0.7,81.7,17.7,2.0087
After Down Day,100,8,15,300,43.33,1.0,301.07,-1.88,1.274,7,10.6,0.0,40.7,59.3,1.0036
After Down Day,100,8,30,300,39.33,1.0,298.92,-8.0,1.229,8,18.8,0.0,52.0,48.0,0.9964
After Down Day,100,8,60,300,33.0,1.18,353.27,-8.0,1.227,12,31.3,0.0,63.0,37.0,1.1776
After Down Day,100,8,120,300,31.33,1.6,480.06,-8.0,1.297,12,52.1,0.3,66.3,33.3,1.6002
After Down Day,100,8,240,300,27.67,2.23,670.04,-8.0,1.388,12,88.1,1.0,71.7,27.3,2.2335
After Down Day,100,8,390,300,23.67,2.08,625.24,-8.0,1.345,12,126.0,1.0,75.0,24.0,2.0841
After Down Day,100,10,15,300,44.67,0.65,196.43,-1.45,1.158,6,11.4,0.0,35.0,65.0,0.6548
After Down Day,100,10,30,300,41.33,0.88,262.54,-3.93,1.177,8,20.5,0.0,44.3,55.7,0.8751
After Down Day,100,10,60,300,37.33,1.33,399.55,-10.0,1.23,12,35.1,0.0,55.3,44.7,1.3318
After Down Day,100,10,120,300,36.33,1.7,509.13,-10.0,1.274,12,59.7,0.3,61.0,38.7,1.6971
After Down Day,100,10,240,300,32.67,2.58,775.49,-10.0,1.39,12,103.0,1.0,65.7,33.3,2.585
After Down Day,100,10,390,300,28.67,2.5,750.64,-10.0,1.356,12,148.4,1.3,69.3,29.3,2.5021
After Down Day,100,15,15,300,46.0,0.15,44.62,-0.93,1.031,6,13.1,0.0,20.7,79.3,0.1487
After Down Day,100,15,30,300,45.33,0.4,120.09,-2.04,1.068,8,24.3,0.0,30.0,70.0,0.4003
After Down Day,100,15,60,300,43.0,0.62,184.73,-5.07,1.087,12,43.6,0.0,41.7,58.3,0.6158
After Down Day,100,15,120,300,43.0,0.8,239.11,-10.25,1.103,12,76.0,0.3,48.3,51.3,0.797
After Down Day,100,15,240,300,37.67,0.95,285.45,-15.0,1.108,12,132.6,1.0,57.0,42.0,0.9515
After Down Day,100,15,390,300,33.67,0.97,291.66,-15.0,1.101,12,189.4,1.3,62.7,36.0,0.9722
After Down Day,100,20,15,300,46.67,-0.17,-51.22,-0.78,0.967,6,13.8,0.0,13.7,86.3,-0.1707
After Down Day,100,20,30,300,47.0,0.07,21.14,-0.57,1.011,8,26.0,0.0,21.7,78.3,0.0705
After Down Day,100,20,60,300,45.0,0.19,56.46,-3.54,1.024,8,48.0,0.0,30.3,69.7,0.1882
After Down Day,100,20,120,300,46.67,0.16,49.01,-3.47,1.018,6,85.9,0.3,40.3,59.3,0.1634
After Down Day,100,20,240,300,43.0,1.22,365.45,-9.3,1.122,8,153.0,1.3,44.7,54.0,1.2182
After Down Day,100,20,390,300,40.67,1.47,440.24,-20.0,1.134,8,225.8,2.0,52.0,46.0,1.4675
After Down Day,100,30,15,300,48.0,-0.02,-6.62,-0.5,0.996,6,14.6,0.0,4.7,95.3,-0.0221
After Down Day,100,30,30,300,49.67,0.19,56.6,-0.01,1.028,8,28.6,0.0,10.3,89.7,0.1887
After Down Day,100,30,60,300,48.67,0.01,4.08,-0.75,1.002,8,54.0,0.0,18.3,81.7,0.0136
After Down Day,100,30,120,300,51.0,0.33,98.89,0.48,1.033,6,100.5,0.3,25.7,74.0,0.3296
After Down Day,100,30,240,300,48.0,0.8,238.75,-1.38,1.07,8,184.3,1.7,31.7,66.7,0.7958
After Down Day,100,30,390,300,46.67,1.26,378.97,-3.5,1.101,8,279.2,2.3,36.0,61.7,1.2632
After Down Day,100,50,15,300,49.0,0.25,76.25,-0.43,1.05,6,14.9,0.0,1.0,99.0,0.2542
After Down Day,100,50,30,300,50.33,0.49,145.76,0.46,1.073,8,29.8,0.0,2.3,97.7,0.4859
After Down Day,100,50,60,300,50.67,0.3,90.18,0.65,1.035,8,58.5,0.0,6.0,94.0,0.3006
After Down Day,100,50,120,300,53.67,0.65,194.56,2.54,1.063,6,113.6,0.3,9.3,90.3,0.6485
After Down Day,100,50,240,300,52.67,0.58,173.26,2.2,1.045,5,216.3,1.7,16.0,82.3,0.5775
After Down Day,100,50,390,300,51.33,1.22,366.96,1.4,1.085,5,333.7,3.0,20.0,77.0,1.2232
Bullish First Bar,2,2,15,410,88.29,1.53,628,2.0,7.542,2,1.1,88.3,11.7,0.0,1.5317
Bullish First Bar,2,2,30,410,88.29,1.53,628,2.0,7.542,2,1.1,88.3,11.7,0.0,1.5317
Bullish First Bar,2,2,60,410,88.29,1.53,628,2.0,7.542,2,1.1,88.3,11.7,0.0,1.5317
Bullish First Bar,2,2,120,410,88.29,1.53,628,2.0,7.542,2,1.1,88.3,11.7,0.0,1.5317
Bullish First Bar,2,2,240,410,88.29,1.53,628,2.0,7.542,2,1.1,88.3,11.7,0.0,1.5317
Bullish First Bar,2,2,390,410,88.29,1.53,628,2.0,7.542,2,1.1,88.3,11.7,0.0,1.5317
Bullish First Bar,2,5,15,410,93.9,1.59,650.09,2.0,6.421,1,1.4,93.9,5.6,0.5,1.5856
Bullish First Bar,2,5,30,410,93.9,1.57,645,2.0,6.16,1,1.4,93.9,6.1,0.0,1.5732
Bullish First Bar,2,5,60,410,93.9,1.57,645,2.0,6.16,1,1.4,93.9,6.1,0.0,1.5732
Bullish First Bar,2,5,120,410,93.9,1.57,645,2.0,6.16,1,1.4,93.9,6.1,0.0,1.5732
Bullish First Bar,2,5,240,410,93.9,1.57,645,2.0,6.16,1,1.4,93.9,6.1,0.0,1.5732
Bullish First Bar,2,5,390,410,93.9,1.57,645,2.0,6.16,1,1.4,93.9,6.1,0.0,1.5732
Bullish First Bar,2,8,15,410,95.37,1.62,663.63,2.0,6.606,1,1.6,95.4,2.7,2.0,1.6186
Bullish First Bar,2,8,30,410,96.34,1.67,683.17,2.0,7.395,1,1.8,96.3,3.2,0.5,1.6663
Bullish First Bar,2,8,60,410,96.83,1.68,690,2.0,7.635,1,1.9,96.8,3.2,0.0,1.6829
Bullish First Bar,2,8,120,410,96.83,1.68,690,2.0,7.635,1,1.9,96.8,3.2,0.0,1.6829
Bullish First Bar,2,8,240,410,96.83,1.68,690,2.0,7.635,1,1.9,96.8,3.2,0.0,1.6829
Bullish First Bar,2,8,390,410,96.83,1.68,690,2.0,7.635,1,1.9,96.8,3.2,0.0,1.6829
Bullish First Bar,2,10,15,410,95.37,1.58,648.31,2.0,5.849,1,1.7,95.4,2.2,2.4,1.5812
Bullish First Bar,2,10,30,410,96.34,1.64,670.95,2.0,6.636,1,2.0,96.3,2.4,1.2,1.6365
Bullish First Bar,2,10,60,410,96.83,1.64,671.92,2.0,6.504,1,2.2,96.8,2.9,0.2,1.6388
Bullish First Bar,2,10,120,410,96.83,1.63,668.41,2.0,6.322,1,2.4,96.8,2.9,0.2,1.6303
Bullish First Bar,2,10,240,410,96.83,1.62,664,2.0,6.108,1,2.6,96.8,3.2,0.0,1.6195
Bullish First Bar,2,10,390,410,96.83,1.62,664,2.0,6.108,1,2.6,96.8,3.2,0.0,1.6195
Bullish First Bar,2,15,15,410,96.34,1.74,712.22,2.0,10.157,1,1.8,96.3,0.0,3.7,1.7371
Bullish First Bar,2,15,30,410,97.8,1.82,746.8,2.0,14.529,1,2.3,97.8,0.5,1.7,1.8215
Bullish First Bar,2,15,60,410,98.29,1.83,750.64,2.0,14.559,1,2.7,98.3,0.7,1.0,1.8308
Bullish First Bar,2,15,120,410,98.54,1.81,741.04,2.0,12.067,1,3.1,98.5,0.7,0.7,1.8074
Bullish First Bar,2,15,240,410,98.54,1.8,736.53,2.0,11.305,1,3.9,98.5,1.0,0.5,1.7964
Bullish First Bar,2,15,390,410,98.54,1.75,718,2.0,8.978,1,4.1,98.5,1.5,0.0,1.7512
Bullish First Bar,2,20,15,410,96.34,1.74,712.22,2.0,10.157,1,1.8,96.3,0.0,3.7,1.7371
Bullish First Bar,2,20,30,410,97.8,1.82,745.18,2.0,14.115,1,2.3,97.8,0.0,2.2,1.8175
Bullish First Bar,2,20,60,410,98.29,1.85,759.88,2.0,17.476,1,2.9,98.3,0.2,1.5,1.8534
Bullish First Bar,2,20,120,410,98.78,1.82,748.04,2.0,13.073,1,3.4,98.8,0.5,0.7,1.8245
Bullish First Bar,2,20,240,410,98.78,1.82,746.07,2.0,12.67,1,4.3,98.8,0.5,0.7,1.8197
Bullish First Bar,2,20,390,410,99.51,1.89,774.79,2.0,20.37,1,5.2,99.3,0.5,0.2,1.8897
Bullish First Bar,2,30,15,410,96.34,1.74,712.22,2.0,10.157,1,1.8,96.3,0.0,3.7,1.7371
Bullish First Bar,2,30,30,410,97.8,1.82,745.18,2.0,14.115,1,2.3,97.8,0.0,2.2,1.8175
Bullish First Bar,2,30,60,410,98.29,1.86,763.5,2.0,18.965,1,2.9,98.3,0.0,1.7,1.8622
Bullish First Bar,2,30,120,410,98.78,1.83,749.48,2.0,13.384,1,3.7,98.8,0.0,1.2,1.828
Bullish First Bar,2,30,240,410,98.78,1.86,761.25,2.0,16.615,1,5.1,98.8,0.0,1.2,1.8567
Bullish First Bar,2,30,390,410,99.51,1.87,767.3,2.0,17.157,1,6.6,99.3,0.2,0.5,1.8715
Bullish First Bar,2,50,15,410,96.34,1.74,712.22,2.0,10.157,1,1.8,96.3,0.0,3.7,1.7371
Bullish First Bar,2,50,30,410,97.8,1.82,745.18,2.0,14.115,1,2.3,97.8,0.0,2.2,1.8175
Bullish First Bar,2,50,60,410,98.29,1.86,763.5,2.0,18.965,1,2.9,98.3,0.0,1.7,1.8622
Bullish First Bar,2,50,120,410,98.78,1.83,749.48,2.0,13.384,1,3.7,98.8,0.0,1.2,1.828
Bullish First Bar,2,50,240,410,98.78,1.86,761.25,2.0,16.615,1,5.1,98.8,0.0,1.2,1.8567
Bullish First Bar,2,50,390,410,99.51,1.84,752.35,2.0,13.049,1,6.7,99.3,0.0,0.7,1.835
Bullish First Bar,5,2,15,410,76.1,3.32,1359.93,5.0,8.076,4,2.4,75.4,23.2,1.5,3.3169
Bullish First Bar,5,2,30,410,76.34,3.32,1362.72,5.0,8.024,4,2.6,75.6,23.7,0.7,3.3237
Bullish First Bar,5,2,60,410,76.1,3.33,1363.62,5.0,7.957,4,2.7,75.9,23.9,0.2,3.3259
Bullish First Bar,5,2,120,410,76.1,3.33,1364,5.0,7.959,4,2.7,76.1,23.9,0.0,3.3268
Bullish First Bar,5,2,240,410,76.1,3.33,1364,5.0,7.959,4,2.7,76.1,23.9,0.0,3.3268
Bullish First Bar,5,2,390,410,76.1,3.33,1364,5.0,7.959,4,2.7,76.1,23.9,0.0,3.3268
Bullish First Bar,5,5,15,410,81.46,3.2,1313.96,5.0,4.962,3,3.5,79.5,15.1,5.4,3.2048
Bullish First Bar,5,5,30,410,81.95,3.17,1300.17,5.0,4.594,3,4.0,80.2,17.3,2.4,3.1711
Bullish First Bar,5,5,60,410,81.95,3.2,1313.48,5.0,4.587,3,4.2,81.7,17.8,0.5,3.2036
Bullish First Bar,5,5,120,410,82.2,3.21,1317.42,5.0,4.609,3,4.4,82.0,17.8,0.2,3.2132
Bullish First Bar,5,5,240,410,82.2,3.22,1320,5.0,4.616,3,4.4,82.2,17.8,0.0,3.2195
Bullish First Bar,5,5,390,410,82.2,3.22,1320,5.0,4.616,3,4.4,82.2,17.8,0.0,3.2195
Bullish First Bar,5,8,15,410,83.17,3.15,1293.02,5.0,4.44,2,4.2,80.5,8.5,11.0,3.1537
Bullish First Bar,5,8,30,410,85.61,3.21,1316.47,5.0,4.22,2,5.4,82.9,11.5,5.6,3.2109
Bullish First Bar,5,8,60,410,85.37,3.15,1293.13,5.0,3.853,2,6.2,84.9,13.4,1.7,3.154
Bullish First Bar,5,8,120,410,85.61,3.12,1280.42,5.0,3.713,2,6.7,85.4,14.4,0.2,3.123
Bullish First Bar,5,8,240,410,85.61,3.13,1283,5.0,3.718,2,6.7,85.6,14.4,0.0,3.1293
Bullish First Bar,5,8,390,410,85.61,3.13,1283,5.0,3.718,2,6.7,85.6,14.4,0.0,3.1293
Bullish First Bar,5,10,15,410,83.9,3.18,1304.73,5.0,4.518,2,4.4,80.7,5.1,14.1,3.1823
Bullish First Bar,5,10,30,410,86.59,3.27,1339.69,5.0,4.342,2,6.1,83.4,7.8,8.8,3.2675
Bullish First Bar,5,10,60,410,87.07,3.26,1334.96,5.0,4.013,2,7.8,86.3,10.0,3.7,3.256
Bullish First Bar,5,10,120,410,87.56,3.18,1304.39,5.0,3.673,2,9.0,87.3,11.5,1.2,3.1814
Bullish First Bar,5,10,240,410,88.05,3.23,1323.95,5.0,3.752,2,10.0,88.0,11.7,0.2,3.2291
Bullish First Bar,5,10,390,410,88.05,3.21,1315,5.0,3.684,2,10.1,88.0,12.0,0.0,3.2073
Bullish First Bar,5,15,15,410,84.63,3.32,1362.18,5.0,5.147,2,4.7,81.5,1.5,17.1,3.3224
Bullish First Bar,5,15,30,410,87.8,3.42,1401.78,5.0,4.869,2,6.9,84.4,2.9,12.7,3.419
Bullish First Bar,5,15,60,410,89.02,3.42,1402.03,5.0,4.384,2,9.7,88.0,4.9,7.1,3.4196
Bullish First Bar,5,15,120,410,90.0,3.29,1349.04,5.0,3.734,2,12.5,89.8,6.3,3.9,3.2903
Bullish First Bar,5,15,240,410,90.73,3.28,1343.64,5.0,3.602,2,15.9,90.7,7.8,1.5,3.2772
Bullish First Bar,5,15,390,410,91.22,3.25,1331.62,5.0,3.473,2,17.0,91.2,8.5,0.2,3.2479
Bullish First Bar,5,20,15,410,84.63,3.32,1360.21,5.0,5.116,2,4.7,81.5,0.5,18.0,3.3176
Bullish First Bar,5,20,30,410,87.8,3.37,1381.23,5.0,4.607,2,7.2,84.4,1.2,14.4,3.3689
Bullish First Bar,5,20,60,410,89.27,3.4,1393.0,5.0,4.252,2,10.4,88.3,2.9,8.8,3.3976
Bullish First Bar,5,20,120,410,90.98,3.24,1327.06,5.0,3.515,2,14.2,90.2,4.6,5.1,3.2367
Bullish First Bar,5,20,240,410,91.71,3.23,1325.97,5.0,3.393,2,19.1,91.7,5.4,2.9,3.2341
Bullish First Bar,5,20,390,410,93.17,3.3,1352.41,5.0,3.444,2,21.2,92.9,6.6,0.5,3.2986
Bullish First Bar,5,30,15,410,84.63,3.31,1355.13,5.0,5.039,2,4.7,81.5,0.0,18.5,3.3052
Bullish First Bar,5,30,30,410,87.8,3.33,1364.47,5.0,4.414,2,7.3,84.4,0.5,15.1,3.328
Bullish First Bar,5,30,60,410,89.27,3.33,1367.32,5.0,4.011,2,10.9,88.3,1.2,10.5,3.3349
Bullish First Bar,5,30,120,410,90.98,3.13,1282.19,5.0,3.239,2,16.0,90.2,2.2,7.6,3.1273
Bullish First Bar,5,30,240,410,92.2,3.05,1251.3,5.0,2.959,2,23.2,92.2,3.7,4.1,3.052
Bullish First Bar,5,30,390,410,93.9,3.09,1266.19,5.0,2.934,2,28.1,93.7,4.6,1.7,3.0883
Bullish First Bar,5,50,15,410,84.63,3.31,1355.13,5.0,5.039,2,4.7,81.5,0.0,18.5,3.3052
Bullish First Bar,5,50,30,410,87.8,3.32,1360.35,5.0,4.369,2,7.3,84.4,0.0,15.6,3.3179
Bullish First Bar,5,50,60,410,89.27,3.45,1415.46,5.0,4.487,2,11.3,88.3,0.0,11.7,3.4523
Bullish First Bar,5,50,120,410,91.46,3.36,1378.95,5.0,3.838,2,17.2,90.7,0.0,9.3,3.3633
Bullish First Bar,5,50,240,410,92.93,3.2,1313.43,5.0,3.22,2,26.6,92.9,0.5,6.6,3.2035
Bullish First Bar,5,50,390,410,94.88,2.99,1227.14,5.0,2.72,2,34.8,94.6,2.0,3.4,2.993
Bullish First Bar,8,2,15,410,67.56,4.49,1841.06,8.0,8.234,4,4.6,60.7,30.5,8.8,4.4904
Bullish First Bar,8,2,30,410,66.83,4.52,1851.9,8.0,7.808,5,5.4,63.2,33.2,3.7,4.5168
Bullish First Bar,8,2,60,410,65.61,4.51,1847.39,8.0,7.551,5,6,64.4,34.4,1.2,4.5058
Bullish First Bar,8,2,120,410,65.37,4.51,1847.87,8.0,7.507,5,6.4,64.9,34.6,0.5,4.507
Bullish First Bar,8,2,240,410,65.12,4.49,1842.01,8.0,7.441,5,6.9,64.9,34.9,0.2,4.4927
Bullish First Bar,8,2,390,410,64.88,4.49,1840,8.0,7.389,5,6.9,64.9,35.1,0.0,4.4878
Bullish First Bar,8,5,15,410,74.39,4.37,1791.12,8.0,5.108,3,6.0,62.9,19.5,17.6,4.3686
Bullish First Bar,8,5,30,410,74.88,4.46,1828.0,8.0,4.709,3,8.0,68.0,23.4,8.5,4.4585
Bullish First Bar,8,5,60,410,73.41,4.43,1816.14,8.0,4.438,4,9.5,70.5,25.6,3.9,4.4296
Bullish First Bar,8,5,120,410,73.17,4.44,1821.46,8.0,4.321,4,11.1,71.7,26.6,1.7,4.4426
Bullish First Bar,8,5,240,410,73.17,4.48,1837.16,8.0,4.34,4,12.1,72.7,26.8,0.5,4.4809
Bullish First Bar,8,5,390,410,72.68,4.45,1824,8.0,4.257,4,12.8,72.7,27.3,0.0,4.4488
Bullish First Bar,8,8,15,410,76.34,4.27,1750.34,8.0,4.466,3,6.8,63.4,11.7,24.9,4.2691
Bullish First Bar,8,8,30,410,78.78,4.41,1808.65,8.0,4.033,3,9.8,69.5,16.8,13.7,4.4113
Bullish First Bar,8,8,60,410,77.07,4.3,1763.61,8.0,3.568,4,12.4,73.7,20.2,6.1,4.3015
Bullish First Bar,8,8,120,410,77.07,4.29,1760.56,8.0,3.41,4,15.0,75.4,22.0,2.7,4.294
Bullish First Bar,8,8,240,410,77.07,4.31,1767.58,8.0,3.364,4,16.8,76.6,22.7,0.7,4.3112
Bullish First Bar,8,8,390,410,76.83,4.31,1765.68,8.0,3.341,4,17.6,76.8,22.9,0.2,4.3065
Bullish First Bar,8,10,15,410,77.32,4.28,1754.04,8.0,4.42,3,7.2,63.7,7.6,28.8,4.2781
Bullish First Bar,8,10,30,410,79.76,4.4,1805.29,8.0,3.937,3,10.7,69.8,12.0,18.3,4.4031
Bullish First Bar,8,10,60,410,78.78,4.31,1766.59,8.0,3.456,4,14.6,74.6,15.9,9.5,4.3088
Bullish First Bar,8,10,120,410,79.27,4.29,1758.93,8.0,3.202,4,18.5,77.3,18.8,3.9,4.2901
Bullish First Bar,8,10,240,410,79.76,4.33,1776.33,8.0,3.181,4,21.9,78.5,19.8,1.7,4.3325
Bullish First Bar,8,10,390,410,79.27,4.3,1763.68,8.0,3.109,4,23.4,79.3,20.2,0.5,4.3017
Bullish First Bar,8,15,15,410,78.29,4.44,1820.58,8.0,4.84,3,7.5,64.4,2.4,33.2,4.4404
Bullish First Bar,8,15,30,410,81.46,4.53,1858.2,8.0,4.042,3,11.7,71.0,5.9,23.2,4.5322
Bullish First Bar,8,15,60,410,81.46,4.41,1809.03,8.0,3.403,4,17.1,76.6,9.3,14.1,4.4123
Bullish First Bar,8,15,120,410,82.2,4.27,1748.88,8.0,2.946,4,23.2,80.0,12.4,7.6,4.2656
Bullish First Bar,8,15,240,410,82.93,4.2,1722.04,8.0,2.774,4,29.8,81.5,15.1,3.4,4.2001
Bullish First Bar,8,15,390,410,82.68,4.06,1665.22,8.0,2.602,4,33.0,82.4,16.6,1.0,4.0615
Bullish First Bar,8,20,15,410,78.54,4.46,1827.64,8.0,4.871,3,7.5,64.4,1.0,34.6,4.4577
Bullish First Bar,8,20,30,410,81.95,4.56,1867.55,8.0,4.025,3,12.2,71.5,2.2,26.3,4.555
Bullish First Bar,8,20,60,410,82.2,4.48,1835.85,8.0,3.451,4,18.3,77.1,5.6,17.3,4.4777
Bullish First Bar,8,20,120,410,83.9,4.21,1725.46,8.0,2.797,2,26.5,81.0,8.8,10.2,4.2084
Bullish First Bar,8,20,240,410,84.63,4.16,1706.4,8.0,2.642,2,36.1,82.9,10.5,6.6,4.162
Bullish First Bar,8,20,390,410,86.1,4.18,1715.37,8.0,2.586,2,42.2,84.9,12.9,2.2,4.1838
Bullish First Bar,8,30,15,410,78.78,4.49,1840.56,8.0,4.94,3,7.6,64.6,0.2,35.1,4.4892
Bullish First Bar,8,30,30,410,82.2,4.53,1855.47,8.0,3.91,3,12.3,71.7,1.0,27.3,4.5255
Bullish First Bar,8,30,60,410,82.68,4.42,1810.96,8.0,3.293,4,19.1,77.6,2.7,19.8,4.417
Bullish First Bar,8,30,120,410,84.63,4.03,1653.06,8.0,2.569,2,29.1,81.5,4.9,13.7,4.0319
Bullish First Bar,8,30,240,410,85.85,3.9,1598.57,8.0,2.347,2,42.3,83.9,7.3,8.8,3.899
Bullish First Bar,8,30,390,410,87.56,3.9,1600.43,8.0,2.286,2,52.7,86.1,8.8,5.1,3.9035
Bullish First Bar,8,50,15,410,78.78,4.49,1841.67,8.0,4.951,3,7.6,64.6,0.0,35.4,4.4919
Bullish First Bar,8,50,30,410,82.2,4.49,1842.86,8.0,3.835,3,12.4,71.7,0.0,28.3,4.4948
Bullish First Bar,8,50,60,410,82.68,4.44,1820.0,8.0,3.331,4,19.8,77.6,0.7,21.7,4.439
Bullish First Bar,8,50,120,410,85.12,4.11,1684.44,8.0,2.623,2,31.2,82.0,1.0,17.1,4.1084
Bullish First Bar,8,50,240,410,86.83,3.93,1609.81,8.0,2.334,2,48.0,84.6,2.2,13.2,3.9264
Bullish First Bar,8,50,390,410,88.78,3.64,1493.0,8.0,2.075,2,64.0,87.1,3.9,9.0,3.6415
Bullish First Bar,10,2,15,410,61.95,4.71,1931.97,7.26,7.439,5,6.3,47.1,35.9,17.1,4.7121
Bullish First Bar,10,2,30,410,59.51,4.72,1934.35,10.0,6.826,5,8.0,52.4,40.5,7.1,4.7179
Bullish First Bar,10,2,60,410,56.59,4.69,1921.11,10.0,6.406,5,9.0,54.9,43.2,2.0,4.6856
Bullish First Bar,10,2,120,410,55.85,4.65,1907.55,10.0,6.269,6,9.7,55.1,44.1,0.7,4.6526
Bullish First Bar,10,2,240,410,55.37,4.62,1894.01,10.0,6.175,6,10.4,55.1,44.6,0.2,4.6195
Bullish First Bar,10,2,390,410,55.12,4.61,1892,10.0,6.141,6,10.5,55.1,44.9,0.0,4.6146
Bullish First Bar,10,5,15,410,69.76,4.61,1889.66,9.14,4.713,4,7.9,49.5,22.4,28.0,4.6089
Bullish First Bar,10,5,30,410,69.02,4.69,1920.95,10.0,4.233,4,11.1,56.6,28.0,15.4,4.6852
Bullish First Bar,10,5,60,410,65.37,4.56,1870.94,10.0,3.717,5,13.9,60.5,33.2,6.3,4.5633
Bullish First Bar,10,5,120,410,64.15,4.49,1842.4,10.0,3.533,5,16.4,61.5,35.1,3.4,4.4937
Bullish First Bar,10,5,240,410,63.66,4.49,1839.03,10.0,3.491,5,19.1,62.4,35.9,1.7,4.4854
Bullish First Bar,10,5,390,410,63.17,4.49,1839.54,10.0,3.451,5,20.5,63.2,36.6,0.2,4.4867
Bullish First Bar,10,8,15,410,71.95,4.52,1852.37,9.72,4.179,4,8.8,50.0,12.9,37.1,4.518
Bullish First Bar,10,8,30,410,73.66,4.63,1898.1,10.0,3.633,4,13.2,57.8,20.2,22.0,4.6295
Bullish First Bar,10,8,60,410,70.49,4.49,1842.35,10.0,3.095,5,17.7,63.9,25.6,10.5,4.4935
Bullish First Bar,10,8,120,410,69.27,4.37,1793.47,10.0,2.87,5,22.1,65.6,28.5,5.9,4.3743
Bullish First Bar,10,8,240,410,68.78,4.34,1778.68,10.0,2.767,5,26.3,67.3,30.5,2.2,4.3382
Bullish First Bar,10,8,390,410,68.54,4.37,1791.22,10.0,2.758,5,28.0,68.5,31.0,0.5,4.3688
Bullish First Bar,10,10,15,410,73.17,4.56,1869.69,9.72,4.231,4,9.1,50.0,8.0,42.0,4.5602
Bullish First Bar,10,10,30,410,75.12,4.67,1916.09,10.0,3.614,4,14.3,58.0,14.1,27.8,4.6734
Bullish First Bar,10,10,60,410,72.68,4.54,1862.95,10.0,3.037,5,20.5,64.9,20.0,15.1,4.5438
Bullish First Bar,10,10,120,410,72.2,4.42,1811.8,10.0,2.733,5,26.8,68.0,24.4,7.6,4.419
Bullish First Bar,10,10,240,410,72.68,4.48,1836.72,10.0,2.709,5,33.4,70.0,25.9,4.1,4.4798
Bullish First Bar,10,10,390,410,71.71,4.39,1799.92,10.0,2.583,5,37.0,71.5,27.6,1.0,4.39
Bullish First Bar,10,15,15,410,74.39,4.75,1948.23,10.0,4.642,3,9.5,50.7,2.7,46.6,4.7518
Bullish First Bar,10,15,30,410,77.07,4.84,1982.99,10.0,3.725,3,15.5,59.3,7.1,33.7,4.8366
Bullish First Bar,10,15,60,410,75.61,4.62,1893.35,10.0,2.921,5,23.5,66.8,12.2,21.0,4.6179
Bullish First Bar,10,15,120,410,75.61,4.31,1766.87,10.0,2.464,5,32.8,70.7,16.6,12.7,4.3094
Bullish First Bar,10,15,240,410,76.59,4.26,1747.85,10.0,2.345,5,44.2,72.9,20.2,6.8,4.263
Bullish First Bar,10,15,390,410,75.85,4.02,1647.14,10.0,2.144,5,50.6,74.6,22.9,2.4,4.0174
Bullish First Bar,10,20,15,410,74.63,4.76,1953.18,10.0,4.651,3,9.6,50.7,1.0,48.3,4.7639
Bullish First Bar,10,20,30,410,77.8,4.95,2027.53,10.0,3.878,3,16.1,59.5,2.4,38.0,4.9452
Bullish First Bar,10,20,60,410,77.07,4.87,1998.09,10.0,3.131,5,25.2,68.0,6.8,25.1,4.8734
Bullish First Bar,10,20,120,410,78.29,4.46,1826.89,10.0,2.482,4,37.2,72.7,11.2,16.1,4.4558
Bullish First Bar,10,20,240,410,79.76,4.46,1829.57,10.0,2.363,4,52.3,75.9,13.9,10.2,4.4624
Bullish First Bar,10,20,390,410,81.22,4.46,1827.29,10.0,2.259,4,61.9,79.0,17.3,3.7,4.4568
Bullish First Bar,10,30,15,410,74.88,4.8,1968.1,10.0,4.713,3,9.6,51.0,0.2,48.8,4.8002
Bullish First Bar,10,30,30,410,78.05,4.9,2008.93,10.0,3.741,3,16.2,59.8,1.0,39.3,4.8998
Bullish First Bar,10,30,60,410,77.56,4.8,1969.47,10.0,3.008,5,26.2,68.3,3.4,28.3,4.8036
Bullish First Bar,10,30,120,410,79.27,4.27,1748.71,10.0,2.299,4,40.4,73.4,6.6,20.0,4.2651
Bullish First Bar,10,30,240,410,81.22,4.18,1714.74,10.0,2.132,4,60.3,77.1,9.3,13.7,4.1823
Bullish First Bar,10,30,390,410,83.66,4.28,1755.79,10.0,2.093,4,76.4,80.7,11.5,7.8,4.2824
Bullish First Bar,10,50,15,410,74.88,4.8,1969.21,10.0,4.723,3,9.6,51.0,0.0,49.0,4.803
Bullish First Bar,10,50,30,410,78.05,4.87,1996.32,10.0,3.677,3,16.3,59.8,0.0,40.2,4.8691
Bullish First Bar,10,50,60,410,77.56,4.79,1962.22,10.0,2.986,5,26.9,68.3,1.0,30.7,4.7859
Bullish First Bar,10,50,120,410,79.76,4.29,1759.68,10.0,2.299,4,43.2,73.9,1.2,24.9,4.2919
Bullish First Bar,10,50,240,410,82.2,4.2,1722.92,10.0,2.115,4,68.2,77.8,2.7,19.5,4.2022
Bullish First Bar,10,50,390,410,85.12,4.22,1728.83,10.0,2.024,4,92.5,82.0,4.9,13.2,4.2167
Bullish First Bar,15,2,15,410,58.78,5.44,2229.35,4.79,7.85,6,8.9,26.1,38.8,35.1,5.4374
Bullish First Bar,15,2,30,410,53.41,5.49,2250.87,2.85,6.942,6,12.9,34.1,46.1,19.8,5.4899
Bullish First Bar,15,2,60,410,46.34,5.3,2172.29,-2.0,5.944,9,16.4,39.0,53.4,7.6,5.2983
Bullish First Bar,15,2,120,410,43.17,5.16,2113.76,-2.0,5.536,14,18.9,41.0,56.8,2.2,5.1555
Bullish First Bar,15,2,240,410,42.2,5.11,2095.75,-2.0,5.421,14,20.8,41.5,57.8,0.7,5.1116
Bullish First Bar,15,2,390,410,41.71,5.09,2087,-2.0,5.366,14,20.9,41.7,58.3,0.0,5.0902
Bullish First Bar,15,5,15,410,66.83,5.29,2170.93,6.01,4.862,4,10.6,26.6,24.9,48.5,5.295
Bullish First Bar,15,5,30,410,63.41,5.41,2217.5,5.53,4.182,5,16.5,36.6,32.9,30.5,5.4085
Bullish First Bar,15,5,60,410,56.34,5.2,2133.54,5.51,3.478,5,23.0,42.4,41.2,16.3,5.2038
Bullish First Bar,15,5,120,410,53.41,5.15,2111.83,6.36,3.248,6,29.5,46.8,45.4,7.8,5.1508
Bullish First Bar,15,5,240,410,52.44,5.2,2131.93,8.57,3.202,6,36.0,49.0,47.1,3.9,5.1998
Bullish First Bar,15,5,390,410,51.22,5.21,2136.02,15.0,3.146,6,39.4,50.5,48.5,1.0,5.2098
Bullish First Bar,15,8,15,410,69.02,5.13,2105.01,6.06,4.187,4,11.6,26.8,15.1,58.0,5.1342
Bullish First Bar,15,8,30,410,68.29,5.29,2168.17,6.22,3.545,5,18.9,37.1,23.4,39.5,5.2882
Bullish First Bar,15,8,60,410,61.95,5.04,2065.13,8.4,2.826,5,27.9,44.4,32.7,22.9,5.0369
Bullish First Bar,15,8,120,410,59.27,5.02,2058.2,15.0,2.636,6,37.9,50.2,37.3,12.4,5.02
Bullish First Bar,15,8,240,410,58.05,4.99,2046.9,15.0,2.514,6,48.7,53.2,41.0,5.9,4.9924
Bullish First Bar,15,8,390,410,56.83,5.02,2058.13,15.0,2.485,6,54.5,55.4,42.0,2.7,5.0198
Bullish First Bar,15,10,15,410,70.24,5.14,2105.98,6.07,4.13,4,12.0,26.8,10.0,63.2,5.1365
Bullish First Bar,15,10,30,410,69.76,5.27,2158.87,6.27,3.434,5,20.1,37.1,17.1,45.9,5.2655
Bullish First Bar,15,10,60,410,64.63,5.03,2061.7,8.63,2.728,5,31.1,44.6,26.1,29.3,5.0285
Bullish First Bar,15,10,120,410,62.44,5.02,2056.88,15.0,2.474,6,44.2,51.7,32.0,16.3,5.0168
Bullish First Bar,15,10,240,410,62.93,5.28,2163.69,15.0,2.486,6,58.9,56.3,34.9,8.8,5.2773
Bullish First Bar,15,10,390,410,60.98,5.17,2120.48,15.0,2.376,6,68.5,58.5,37.1,4.4,5.1719
Bullish First Bar,15,15,15,410,71.22,5.27,2159.01,6.09,4.356,3,12.4,27.1,3.7,69.3,5.2659
Bullish First Bar,15,15,30,410,72.2,5.52,2264.3,6.84,3.521,5,21.6,38.8,9.0,52.2,5.5227
Bullish First Bar,15,15,60,410,68.54,5.17,2121.52,10.81,2.652,5,35.0,46.3,15.9,37.8,5.1744
Bullish First Bar,15,15,120,410,66.59,4.93,2020.19,15.0,2.254,5,52.5,54.1,22.2,23.7,4.9273
Bullish First Bar,15,15,240,410,67.32,5.02,2056.23,15.0,2.156,5,74.3,59.5,27.3,13.2,5.0152
Bullish First Bar,15,15,390,410,66.1,4.78,1958.2,15.0,2.0,5,88.7,62.2,31.0,6.8,4.7761
Bullish First Bar,15,20,15,410,71.46,5.26,2156.46,6.09,4.314,3,12.5,27.1,1.7,71.2,5.2597
Bullish First Bar,15,20,30,410,72.93,5.64,2311.16,6.99,3.634,5,22.2,39.0,3.4,57.6,5.637
Bullish First Bar,15,20,60,410,70.0,5.46,2238.57,11.55,2.796,5,37.2,47.3,8.8,43.9,5.4599
Bullish First Bar,15,20,120,410,69.51,5.02,2059.55,15.0,2.208,4,58.1,55.9,15.9,28.3,5.0233
Bullish First Bar,15,20,240,410,70.98,5.22,2138.2,15.0,2.131,4,85.3,62.0,19.3,18.8,5.2151
Bullish First Bar,15,20,390,410,72.44,5.39,2209.81,15.0,2.095,5,105.0,66.8,23.7,9.5,5.3898
Bullish First Bar,15,30,15,410,71.71,5.28,2164.88,6.16,4.293,3,12.6,27.3,0.5,72.2,5.2802
Bullish First Bar,15,30,30,410,73.41,5.59,2293.85,7.08,3.504,5,22.5,39.3,1.7,59.0,5.5948
Bullish First Bar,15,30,60,410,70.73,5.39,2208.27,12.56,2.684,5,38.4,47.8,4.4,47.8,5.386
Bullish First Bar,15,30,120,410,70.73,4.78,1960.27,15.0,2.049,4,62.6,56.8,9.0,34.1,4.7811
Bullish First Bar,15,30,240,410,73.41,4.98,2042.49,15.0,1.971,4,96.5,63.7,12.7,23.7,4.9817
Bullish First Bar,15,30,390,410,75.85,5.21,2134.94,15.0,1.947,4,125.5,68.8,15.9,15.4,5.2072
Bullish First Bar,15,50,15,410,71.95,5.37,2201.88,6.16,4.516,3,12.6,27.3,0.0,72.7,5.3704
Bullish First Bar,15,50,30,410,73.41,5.52,2264.84,7.08,3.396,5,22.6,39.3,0.5,60.2,5.524
Bullish First Bar,15,50,60,410,70.98,5.36,2196.84,12.62,2.642,5,39.3,48.0,1.5,50.5,5.3581
Bullish First Bar,15,50,120,410,71.46,4.86,1991.02,15.0,2.059,4,66.1,57.3,2.0,40.7,4.8561
Bullish First Bar,15,50,240,410,74.39,4.75,1949.52,15.0,1.867,4,107.7,64.4,4.1,31.5,4.7549
Bullish First Bar,15,50,390,410,77.32,4.85,1989.43,15.0,1.802,4,148.1,70.0,7.1,22.9,4.8523
Bullish First Bar,20,2,15,410,55.85,5.29,2168.17,3.07,7.222,10,10.2,12.2,41.5,46.3,5.2882
Bullish First Bar,20,2,30,410,49.27,5.47,2243.1,-2.0,6.433,10,16.0,18.8,50.2,31.0,5.471
Bullish First Bar,20,2,60,410,39.51,5.21,2134.67,-2.0,5.309,10,22.2,25.1,60.2,14.6,5.2065
Bullish First Bar,20,2,120,410,34.63,4.98,2042.05,-2.0,4.81,14,27.9,29.0,65.4,5.6,4.9806
Bullish First Bar,20,2,240,410,32.68,4.94,2026.57,-2.0,4.671,14,32.8,30.2,67.3,2.4,4.9429
Bullish First Bar,20,2,390,410,31.95,4.98,2041.86,-2.0,4.659,14,34.8,31.5,68.0,0.5,4.9801
Bullish First Bar,20,5,15,410,64.15,5.11,2096.89,4.8,4.432,7,12.0,12.4,27.1,60.5,5.1144
Bullish First Bar,20,5,30,410,59.02,5.32,2179.21,3.65,3.789,7,19.8,20.0,36.8,43.2,5.3151
Bullish First Bar,20,5,60,410,49.02,4.94,2024.56,-0.93,3.024,8,29.3,27.3,47.8,24.9,4.938
Bullish First Bar,20,5,120,410,44.39,4.77,1954.15,-5.0,2.754,9,40.1,32.7,53.7,13.7,4.7662
Bullish First Bar,20,5,240,410,41.71,4.69,1924.47,-5.0,2.626,9,52.0,35.1,57.6,7.3,4.6938
Bullish First Bar,20,5,390,410,39.76,4.78,1959.14,-5.0,2.592,9,58.5,38.0,60.0,2.0,4.7784
Bullish First Bar,20,8,15,410,66.34,4.91,2015.04,4.88,3.759,6,13.0,12.7,17.1,70.2,4.9147
Bullish First Bar,20,8,30,410,63.9,5.1,2091.88,4.59,3.125,6,22.3,20.5,27.3,52.2,5.1021
Bullish First Bar,20,8,60,410,55.12,4.75,1947.64,3.18,2.476,6,34.6,28.5,38.0,33.4,4.7503
Bullish First Bar,20,8,120,410,50.98,4.64,1902.53,0.83,2.265,8,49.9,35.6,44.6,19.8,4.6403
Bullish First Bar,20,8,240,410,48.54,4.5,1846.42,-8.0,2.115,7,68.4,39.0,50.2,10.7,4.5035
Bullish First Bar,20,8,390,410,46.34,4.65,1905.11,-8.0,2.101,8,79.4,43.2,52.4,4.4,4.6466
Bullish First Bar,20,10,15,410,67.56,4.89,2006.49,4.93,3.668,6,13.4,12.7,11.7,75.6,4.8939
Bullish First Bar,20,10,30,410,65.37,5.03,2063.1,4.74,2.986,6,23.5,20.5,20.5,59.0,5.032
Bullish First Bar,20,10,60,410,58.05,4.69,1922.62,4.52,2.36,6,37.9,28.8,31.0,40.2,4.6893
Bullish First Bar,20,10,120,410,54.63,4.64,1900.61,4.07,2.131,7,56.9,36.6,38.8,24.6,4.6356
Bullish First Bar,20,10,240,410,53.9,4.79,1963.13,4.38,2.086,6,81.1,41.5,43.4,15.1,4.7881
Bullish First Bar,20,10,390,410,50.49,4.71,1932.03,1.47,1.985,7,97.8,45.9,47.1,7.1,4.7123
Bullish First Bar,20,15,15,410,68.78,5.03,2060.77,5.0,3.857,4,13.9,12.7,4.4,82.9,5.0263
Bullish First Bar,20,15,30,410,68.29,5.29,2167.68,5.09,2.991,5,25.3,21.5,11.7,66.8,5.287
Bullish First Bar,20,15,60,410,62.2,4.7,1928.85,5.51,2.22,5,42.5,30.2,20.2,49.5,4.7045
Bullish First Bar,20,15,120,410,59.02,4.45,1825.5,7.08,1.921,5,66.9,38.5,27.6,33.9,4.4524
Bullish First Bar,20,15,240,410,58.78,4.38,1796.25,7.6,1.797,5,100.2,44.1,34.6,21.2,4.3811
Bullish First Bar,20,15,390,410,55.85,4.08,1674.04,11.92,1.656,5,124.1,49.5,40.2,10.2,4.083
Bullish First Bar,20,20,15,410,69.02,5.03,2061.38,5.01,3.841,4,14.0,12.7,2.0,85.4,5.0278
Bullish First Bar,20,20,30,410,69.27,5.39,2209.51,5.41,3.019,5,26.0,21.7,5.4,72.9,5.389
Bullish First Bar,20,20,60,410,63.9,4.93,2020.64,6.55,2.265,5,45.0,31.0,12.7,56.3,4.9284
Bullish First Bar,20,20,120,410,61.95,4.35,1784.85,8.45,1.822,5,73.2,40.0,20.7,39.3,4.3533
Bullish First Bar,20,20,240,410,62.44,4.48,1835.09,11.21,1.751,4,113.4,46.1,25.1,28.8,4.4758
Bullish First Bar,20,20,390,410,62.68,4.59,1883.76,20.0,1.694,5,146.5,53.4,31.5,15.1,4.5945
Bullish First Bar,20,30,15,410,69.27,5.04,2064.8,5.19,3.782,4,14.1,12.9,0.7,86.3,5.0361
Bullish First Bar,20,30,30,410,69.76,5.25,2152.13,5.46,2.827,5,26.3,22.0,2.7,75.4,5.2491
Bullish First Bar,20,30,60,410,64.63,4.8,1967.92,6.81,2.161,5,46.6,31.5,6.6,62.0,4.7998
Bullish First Bar,20,30,120,410,63.41,3.95,1618.43,8.85,1.666,5,79.0,41.0,12.4,46.6,3.9474
Bullish First Bar,20,30,240,410,65.12,3.96,1622.9,13.3,1.577,4,127.8,47.8,17.8,34.4,3.9583
Bullish First Bar,20,30,390,410,66.59,4.22,1729.87,20.0,1.561,4,172.3,55.4,21.5,23.2,4.2192
Bullish First Bar,20,50,15,410,69.51,5.17,2121.22,5.36,4.067,4,14.1,12.9,0.0,87.1,5.1737
Bullish First Bar,20,50,30,410,70.0,5.29,2167.02,5.46,2.857,5,26.6,22.0,0.5,77.6,5.2854
Bullish First Bar,20,50,60,410,65.12,4.87,1996.26,7.35,2.176,5,48.1,31.7,2.0,66.3,4.8689
Bullish First Bar,20,50,120,410,64.39,3.92,1607.83,9.34,1.64,5,84.0,41.7,3.4,54.9,3.9215
Bullish First Bar,20,50,240,410,66.83,3.46,1419.78,14.84,1.457,4,143.1,48.5,6.8,44.6,3.4629
Bullish First Bar,20,50,390,410,68.54,3.47,1424.71,20.0,1.404,4,201.7,56.8,10.7,32.4,3.4749
Bullish First Bar,30,2,15,410,55.61,5.59,2292.29,3.04,7.545,10,10.9,2.7,41.5,55.9,5.591
Bullish First Bar,30,2,30,410,48.05,5.64,2312.19,-2.0,6.468,10,18.3,6.3,51.5,42.2,5.6395
Bullish First Bar,30,2,60,410,35.61,5.28,2166.5,-2.0,5.117,10,28.1,11.0,63.9,25.1,5.2841
Bullish First Bar,30,2,120,410,28.54,4.98,2043.0,-2.0,4.486,14,39.5,14.1,71.5,14.4,4.9829
Bullish First Bar,30,2,240,410,25.61,5.07,2077.13,-2.0,4.405,14,51.7,18.5,74.4,7.1,5.0662
Bullish First Bar,30,2,390,410,23.17,5.06,2075.9,-2.0,4.295,16,59.7,20.2,76.8,2.9,5.0632
Bullish First Bar,30,5,15,410,63.9,5.44,2231.01,4.67,4.641,7,12.7,2.9,27.1,70.0,5.4415
Bullish First Bar,30,5,30,410,58.05,5.5,2252.96,3.09,3.811,7,22.2,6.6,37.8,55.6,5.495
Bullish First Bar,30,5,60,410,46.1,5.17,2119.59,-5.0,3.014,8,35.9,12.0,50.2,37.8,5.1697
Bullish First Bar,30,5,120,410,39.51,4.84,1984.96,-5.0,2.637,9,54.0,15.9,58.3,25.9,4.8414
Bullish First Bar,30,5,240,410,35.85,5.17,2119.11,-5.0,2.626,9,77.4,21.5,63.4,15.1,5.1686
Bullish First Bar,30,5,390,410,32.68,5.36,2195.85,-5.0,2.602,9,94.4,25.1,66.8,8.0,5.3557
Bullish First Bar,30,8,15,410,66.1,5.23,2145.19,4.79,3.93,6,13.7,2.9,17.1,80.0,5.2322
Bullish First Bar,30,8,30,410,62.68,5.19,2126.97,4.23,3.076,7,24.7,6.6,28.5,64.9,5.1877
Bullish First Bar,30,8,60,410,51.95,4.88,2001.24,1.36,2.433,7,41.4,12.2,40.0,47.8,4.8811
Bullish First Bar,30,8,120,410,46.83,4.64,1901.91,-2.86,2.163,9,65.5,16.3,48.5,35.1,4.6388
Bullish First Bar,30,8,240,410,42.68,4.9,2009.98,-8.0,2.09,7,99.2,22.9,55.9,21.2,4.9024
Bullish First Bar,30,8,390,410,38.54,5.02,2058.59,-8.0,2.041,9,123.5,27.8,60.0,12.2,5.021
Bullish First Bar,30,10,15,410,67.32,5.21,2136.64,4.86,3.834,6,14.1,2.9,11.7,85.4,5.2113
Bullish First Bar,30,10,30,410,64.15,5.12,2099.33,4.34,2.948,7,26.0,6.6,21.2,72.2,5.1203
Bullish First Bar,30,10,60,410,55.12,4.84,1985.42,2.68,2.327,7,44.9,12.2,32.7,55.1,4.8425
Bullish First Bar,30,10,120,410,50.49,4.64,1904.43,0.39,2.038,8,73.1,16.8,42.4,40.7,4.645
Bullish First Bar,30,10,240,410,48.54,5.29,2169.82,-1.82,2.073,7,113.6,24.4,48.5,27.1,5.2922
Bullish First Bar,30,10,390,410,43.17,5.27,2158.85,-10.0,1.962,8,145.6,30.0,53.7,16.3,5.2655
Bullish First Bar,30,15,15,410,68.54,5.34,2190.92,4.88,4.03,4,14.6,2.9,4.4,92.7,5.3437
Bullish First Bar,30,15,30,410,67.07,5.32,2182.44,4.82,2.913,5,27.8,6.8,12.2,81.0,5.323
Bullish First Bar,30,15,60,410,59.02,4.8,1969.72,3.78,2.16,5,49.8,12.9,21.7,65.4,4.8042
Bullish First Bar,30,15,120,410,54.39,4.28,1755.68,2.41,1.797,5,84.2,17.8,30.7,51.5,4.2821
Bullish First Bar,30,15,240,410,54.39,4.91,2013.07,3.57,1.802,5,136.2,26.1,38.5,35.4,4.9099
Bullish First Bar,30,15,390,410,48.78,4.55,1866.7,-1.42,1.634,6,178.3,32.2,46.3,21.5,4.5529
Bullish First Bar,30,20,15,410,68.78,5.35,2191.53,4.93,4.013,4,14.7,2.9,2.0,95.1,5.3452
Bullish First Bar,30,20,30,410,68.29,5.51,2260.53,5.0,2.989,5,28.6,6.8,5.6,87.6,5.5135
Bullish First Bar,30,20,60,410,60.49,4.98,2040.14,4.75,2.178,5,52.6,13.2,13.7,73.2,4.976
Bullish First Bar,30,20,120,410,57.07,3.98,1632.11,3.41,1.66,5,91.3,18.5,23.9,57.6,3.9808
Bullish First Bar,30,20,240,410,57.8,4.76,1953.11,5.26,1.698,5,151.2,26.8,29.3,43.9,4.7637
Bullish First Bar,30,20,390,410,55.37,4.78,1959.1,4.79,1.607,6,204.2,33.7,37.3,29.0,4.7783
Bullish First Bar,30,30,15,410,69.02,5.36,2197.46,4.98,3.954,4,14.8,2.9,0.7,96.3,5.3597
Bullish First Bar,30,30,30,410,68.78,5.37,2203.15,5.09,2.791,5,28.9,7.1,2.9,90.0,5.3735
Bullish First Bar,30,30,60,410,61.22,4.85,1988.87,4.86,2.077,5,54.2,13.7,7.1,79.3,4.8509
Bullish First Bar,30,30,120,410,58.78,3.56,1460.35,4.7,1.529,5,97.6,19.3,14.6,66.1,3.5618
Bullish First Bar,30,30,240,410,60.73,4.16,1706.63,6.01,1.527,5,167.7,28.0,20.7,51.2,4.1625
Bullish First Bar,30,30,390,410,59.51,4.4,1802.66,7.48,1.491,5,234.9,35.4,25.6,39.0,4.3967
Bullish First Bar,30,50,15,410,69.27,5.5,2253.88,5.01,4.25,4,14.8,2.9,0.0,97.1,5.4973
Bullish First Bar,30,50,30,410,69.02,5.4,2213.23,5.09,2.808,5,29.2,7.1,0.5,92.4,5.3981
Bullish First Bar,30,50,60,410,61.71,4.92,2017.5,5.23,2.089,5,55.9,13.7,2.0,84.4,4.9207
Bullish First Bar,30,50,120,410,60.24,3.69,1510.91,5.66,1.535,5,103.6,19.5,4.1,76.3,3.6851
Bullish First Bar,30,50,240,410,63.17,3.96,1624.43,7.09,1.461,4,185.3,29.3,8.3,62.4,3.962
Bullish First Bar,30,50,390,410,62.68,4.05,1659.46,10.68,1.401,4,268.9,37.6,12.7,49.8,4.0475
Bullish First Bar,50,2,15,410,55.61,5.64,2310.64,3.04,7.598,10,11.1,0.5,41.5,58.0,5.6357
Bullish First Bar,50,2,30,410,47.8,5.81,2383.41,-2.0,6.61,10,18.9,1.0,51.7,47.3,5.8132
Bullish First Bar,50,2,60,410,34.88,5.45,2235.18,-2.0,5.199,10,30.8,1.2,64.6,34.1,5.4517
Bullish First Bar,50,2,120,410,27.56,5.3,2172.49,-2.0,4.657,14,48.4,2.0,72.4,25.6,5.2988
Bullish First Bar,50,2,240,410,23.41,5.3,2175.03,-2.0,4.463,15,74.8,3.9,76.6,19.5,5.305
Bullish First Bar,50,2,390,410,19.76,5.24,2148.56,-2.0,4.265,19,98.0,6.3,80.2,13.4,5.2404
Bullish First Bar,50,5,15,410,63.9,5.47,2244.63,4.67,4.663,7,12.9,0.5,27.1,72.4,5.4747
Bullish First Bar,50,5,30,410,57.8,5.62,2305.92,3.04,3.859,7,22.8,1.0,38.0,61.0,5.6242
Bullish First Bar,50,5,60,410,45.37,5.26,2157.12,-5.0,3.021,8,38.8,1.2,51.0,47.8,5.2613
Bullish First Bar,50,5,120,410,38.05,4.94,2026.12,-5.0,2.631,12,63.7,2.0,59.8,38.3,4.9418
Bullish First Bar,50,5,240,410,33.17,5.34,2189.23,-5.0,2.611,12,103.2,4.4,66.1,29.5,5.3396
Bullish First Bar,50,5,390,410,28.78,5.5,2254.61,-5.0,2.554,12,139.3,7.6,70.7,21.7,5.499
Bullish First Bar,50,8,15,410,66.1,5.27,2158.81,4.79,3.949,6,13.8,0.5,17.1,82.4,5.2654
Bullish First Bar,50,8,30,410,62.68,5.39,2209.46,4.23,3.157,7,25.4,1.0,28.5,70.5,5.3889
Bullish First Bar,50,8,60,410,51.46,5.03,2063.54,1.0,2.461,7,44.4,1.2,40.5,58.3,5.033
Bullish First Bar,50,8,120,410,45.85,4.91,2014.96,-5.2,2.209,12,75.8,2.2,49.5,48.3,4.9145
Bullish First Bar,50,8,240,410,40.73,5.27,2161.89,-8.0,2.134,10,126.9,4.9,57.6,37.6,5.2729
Bullish First Bar,50,8,390,410,34.88,5.39,2210.58,-8.0,2.054,12,173.4,8.5,63.7,27.8,5.3917
Bullish First Bar,50,10,15,410,67.32,5.24,2150.26,4.86,3.852,6,14.3,0.5,11.7,87.8,5.2445
Bullish First Bar,50,10,30,410,64.15,5.32,2181.82,4.34,3.024,7,26.7,1.0,21.2,77.8,5.3215
Bullish First Bar,50,10,60,410,54.63,4.98,2043.72,2.16,2.347,7,47.9,1.2,33.2,65.6,4.9847
Bullish First Bar,50,10,120,410,49.51,4.88,1998.96,-0.48,2.066,11,83.5,2.2,43.4,54.4,4.8755
Bullish First Bar,50,10,240,410,46.59,5.67,2323.53,-10.0,2.108,10,142.6,4.9,50.2,44.9,5.6671
Bullish First Bar,50,10,390,410,39.76,5.75,2358.39,-10.0,1.989,11,199.3,9.3,57.1,33.7,5.7522
Bullish First Bar,50,15,15,410,68.54,5.38,2204.54,4.88,4.049,4,14.8,0.5,4.4,95.1,5.3769
Bullish First Bar,50,15,30,410,67.07,5.51,2258.51,4.82,2.979,5,28.5,1.0,12.2,86.8,5.5086
Bullish First Bar,50,15,60,410,58.78,5.07,2078.71,3.47,2.221,5,53.0,1.5,21.7,76.8,5.07
Bullish First Bar,50,15,120,410,53.9,4.6,1886.06,2.38,1.844,5,95.5,2.4,31.2,66.3,4.6001
Bullish First Bar,50,15,240,410,52.2,5.08,2083.76,2.14,1.79,10,168.0,5.1,40.5,54.4,5.0823
Bullish First Bar,50,15,390,410,44.88,4.88,1999.98,-14.19,1.629,11,236.6,10.2,50.0,39.8,4.878
Bullish First Bar,50,20,15,410,68.78,5.38,2205.15,4.93,4.032,4,14.9,0.5,2.0,97.6,5.3784
Bullish First Bar,50,20,30,410,68.29,5.7,2336.6,5.0,3.056,5,29.2,1.0,5.6,93.4,5.699
Bullish First Bar,50,20,60,410,60.24,5.27,2159.83,4.59,2.244,5,55.8,1.5,13.7,84.9,5.2679
Bullish First Bar,50,20,120,410,56.59,4.33,1776.65,2.93,1.707,5,102.9,2.4,24.4,73.2,4.3333
Bullish First Bar,50,20,240,410,56.34,5.2,2130.53,4.52,1.737,5,184.3,5.6,30.0,64.4,5.1964
Bullish First Bar,50,20,390,410,52.2,5.53,2266.98,1.51,1.655,6,266.0,11.5,40.0,48.5,5.5292
Bullish First Bar,50,30,15,410,69.02,5.39,2211.08,4.98,3.972,4,14.9,0.5,0.7,98.8,5.3929
Bullish First Bar,50,30,30,410,68.78,5.52,2262.33,5.09,2.839,5,29.6,1.0,2.9,96.1,5.5179
Bullish First Bar,50,30,60,410,60.73,5.02,2060.14,4.68,2.095,5,57.6,1.5,7.3,91.2,5.0247
Bullish First Bar,50,30,120,410,58.05,3.73,1528.42,4.07,1.536,5,109.5,2.4,15.4,82.2,3.7279
Bullish First Bar,50,30,240,410,58.78,4.33,1776.43,5.2,1.522,5,201.5,5.9,21.7,72.4,4.3328
Bullish First Bar,50,30,390,410,56.1,4.99,2044.59,4.79,1.515,5,299.3,11.7,27.3,61.0,4.9868
Bullish First Bar,50,50,15,410,69.27,5.53,2267.5,5.01,4.27,4,15.0,0.5,0.0,99.5,5.5305
Bullish First Bar,50,50,30,410,69.02,5.54,2272.41,5.09,2.857,5,29.9,1.0,0.5,98.5,5.5425
Bullish First Bar,50,50,60,410,61.22,5.12,2100.43,4.81,2.119,5,59.3,1.5,2.0,96.6,5.123
Bullish First Bar,50,50,120,410,59.51,3.83,1569.73,5.05,1.539,5,115.9,2.4,4.1,93.4,3.8286
Bullish First Bar,50,50,240,410,61.46,4.32,1772.23,5.82,1.477,4,220.3,6.8,9.0,84.1,4.3225
Bullish First Bar,50,50,390,410,59.51,4.73,1938.72,6.74,1.433,4,335.7,12.9,13.9,73.2,4.7286
Bullish First Bar,75,2,15,410,55.61,5.68,2328.35,3.04,7.648,10,11.1,0.0,41.5,58.5,5.6789
Bullish First Bar,75,2,30,410,47.8,5.85,2400.32,-2.0,6.65,10,19.0,0.0,51.7,48.3,5.8544
Bullish First Bar,75,2,60,410,34.88,5.57,2285.72,-2.0,5.294,10,31.3,0.2,64.6,35.1,5.5749
Bullish First Bar,75,2,120,410,27.32,5.24,2150.45,-2.0,4.608,14,49.6,0.5,72.7,26.8,5.245
Bullish First Bar,75,2,240,410,22.68,5.25,2150.92,-2.0,4.393,15,77.8,1.0,77.3,21.7,5.2461
Bullish First Bar,75,2,390,410,19.02,5.24,2149.56,-2.0,4.237,19,105.8,1.2,81.0,17.8,5.2428
Bullish First Bar,75,5,15,410,63.9,5.52,2262.34,4.67,4.692,7,12.9,0.0,27.1,72.9,5.5179
Bullish First Bar,75,5,30,410,57.8,5.67,2322.83,3.04,3.88,7,22.9,0.0,38.0,62.0,5.6654
Bullish First Bar,75,5,60,410,45.37,5.38,2207.66,-5.0,3.069,8,39.2,0.2,51.0,48.8,5.3845
Bullish First Bar,75,5,120,410,37.8,4.88,2001.08,-5.0,2.604,12,64.9,0.5,60.0,39.5,4.8807
Bullish First Bar,75,5,240,410,32.44,5.24,2148.18,-5.0,2.564,12,106.6,1.0,66.8,32.2,5.2395
Bullish First Bar,75,5,390,410,28.05,5.45,2234.33,-5.0,2.524,12,149.0,1.2,71.5,27.3,5.4496
Bullish First Bar,75,8,15,410,66.1,5.31,2176.52,4.79,3.973,6,13.9,0.0,17.1,82.9,5.3086
Bullish First Bar,75,8,30,410,62.68,5.43,2226.37,4.23,3.173,7,25.5,0.0,28.5,71.5,5.4302
Bullish First Bar,75,8,60,410,51.46,5.16,2114.08,1.0,2.496,7,44.9,0.2,40.5,59.3,5.1563
Bullish First Bar,75,8,120,410,45.61,4.87,1995.49,-6.23,2.191,12,77.1,0.5,49.8,49.8,4.867
Bullish First Bar,75,8,240,410,40.24,5.29,2167.72,-8.0,2.128,10,131.0,1.2,58.0,40.7,5.2871
Bullish First Bar,75,8,390,410,34.39,5.52,2262.6,-8.0,2.07,12,184.4,1.7,64.1,34.1,5.5185
Bullish First Bar,75,10,15,410,67.32,5.29,2167.97,4.86,3.876,6,14.3,0.0,11.7,88.3,5.2877
Bullish First Bar,75,10,30,410,64.15,5.36,2198.73,4.34,3.04,7,26.8,0.0,21.2,78.8,5.3628
Bullish First Bar,75,10,60,410,54.63,5.11,2094.26,2.16,2.381,7,48.4,0.2,33.2,66.6,5.108
Bullish First Bar,75,10,120,410,49.27,4.82,1977.49,-0.54,2.049,11,84.8,0.5,43.7,55.9,4.8231
Bullish First Bar,75,10,240,410,46.1,5.67,2325.36,-10.0,2.098,10,146.7,1.2,50.7,48.0,5.6716
Bullish First Bar,75,10,390,410,39.27,5.89,2414.35,-10.0,2.004,11,210.6,1.7,57.6,40.7,5.8887
Bullish First Bar,75,15,15,410,68.54,5.42,2222.25,4.88,4.074,4,14.8,0.0,4.4,95.6,5.4201
Bullish First Bar,75,15,30,410,67.07,5.55,2275.42,4.82,2.994,5,28.6,0.0,12.2,87.8,5.5498
Bullish First Bar,75,15,60,410,58.78,5.15,2111.3,3.47,2.24,5,53.5,0.2,21.7,78.0,5.1495
Bullish First Bar,75,15,120,410,53.66,4.5,1845.88,2.2,1.821,5,97.0,0.5,31.5,68.0,4.5021
Bullish First Bar,75,15,240,410,51.71,5.12,2100.59,1.95,1.788,10,172.4,1.5,41.0,57.6,5.1234
Bullish First Bar,75,15,390,410,44.39,5.07,2080.56,-15.0,1.648,11,248.5,2.2,50.5,47.3,5.0745
Bullish First Bar,75,20,15,410,68.78,5.42,2222.86,4.93,4.056,4,14.9,0.0,2.0,98.0,5.4216
Bullish First Bar,75,20,30,410,68.29,5.74,2353.51,5.0,3.071,5,29.4,0.0,5.6,94.4,5.7403
Bullish First Bar,75,20,60,410,60.24,5.35,2192.42,4.59,2.263,5,56.3,0.2,13.7,86.1,5.3474
Bullish First Bar,75,20,120,410,56.34,4.22,1731.47,2.8,1.684,5,104.4,0.5,24.6,74.9,4.2231
Bullish First Bar,75,20,240,410,55.85,5.3,2173.23,4.09,1.741,7,189.2,1.5,30.5,68.0,5.3006
Bullish First Bar,75,20,390,410,51.46,5.67,2325.25,1.04,1.662,6,279.0,2.9,40.5,56.6,5.6713
Bullish First Bar,75,30,15,410,69.02,5.44,2228.79,4.98,3.996,4,15.0,0.0,0.7,99.3,5.4361
Bullish First Bar,75,30,30,410,68.78,5.56,2279.24,5.09,2.853,5,29.7,0.0,2.9,97.1,5.5591
Bullish First Bar,75,30,60,410,60.73,5.1,2092.73,4.68,2.112,5,58.0,0.2,7.3,92.4,5.1042
Bullish First Bar,75,30,120,410,57.8,3.59,1473.24,3.71,1.511,5,111.0,0.5,15.6,83.9,3.5933
Bullish First Bar,75,30,240,410,58.29,4.38,1794.89,4.99,1.518,7,206.6,1.5,22.2,76.3,4.3778
Bullish First Bar,75,30,390,410,55.37,4.96,2033.12,4.29,1.503,6,313.0,2.9,27.8,69.3,4.9588
Bullish First Bar,75,50,15,410,69.27,5.57,2285.21,5.01,4.295,4,15,0.0,0.0,100.0,5.5737
Bullish First Bar,75,50,30,410,69.02,5.58,2289.32,5.09,2.87,5,30,0.0,0.5,99.5,5.5837
Bullish First Bar,75,50,60,410,61.22,5.2,2133.02,4.81,2.137,5,59.7,0.2,2.0,97.8,5.2025
Bullish First Bar,75,50,120,410,59.27,3.71,1520.96,4.97,1.518,5,117.4,0.5,4.1,95.4,3.7097
Bullish First Bar,75,50,240,410,61.22,4.45,1824.96,5.69,1.484,4,226.4,1.7,9.3,89.0,4.4511
Bullish First Bar,75,50,390,410,58.54,4.72,1934.37,6.32,1.421,4,351.5,3.9,14.1,82.0,4.718
Bullish First Bar,100,2,15,410,55.61,5.68,2328.35,3.04,7.648,10,11.1,0.0,41.5,58.5,5.6789
Bullish First Bar,100,2,30,410,47.8,5.85,2400.32,-2.0,6.65,10,19.0,0.0,51.7,48.3,5.8544
Bullish First Bar,100,2,60,410,34.88,5.58,2286.39,-2.0,5.295,10,31.3,0.0,64.6,35.4,5.5766
Bullish First Bar,100,2,120,410,27.32,5.3,2171.13,-2.0,4.643,14,49.8,0.0,72.7,27.3,5.2954
Bullish First Bar,100,2,240,410,22.68,5.39,2210.23,-2.0,4.486,15,78.7,0.5,77.3,22.2,5.3908
Bullish First Bar,100,2,390,410,19.02,5.34,2188.92,-2.0,4.297,19,107.4,0.5,81.0,18.5,5.3388
Bullish First Bar,100,5,15,410,63.9,5.52,2262.34,4.67,4.692,7,12.9,0.0,27.1,72.9,5.5179
Bullish First Bar,100,5,30,410,57.8,5.67,2322.83,3.04,3.88,7,22.9,0.0,38.0,62.0,5.6654
Bullish First Bar,100,5,60,410,45.37,5.39,2208.33,-5.0,3.069,8,39.3,0.0,51.0,49.0,5.3862
Bullish First Bar,100,5,120,410,37.8,4.93,2021.76,-5.0,2.621,12,65.2,0.0,60.0,40.0,4.9311
Bullish First Bar,100,5,240,410,32.44,5.38,2207.49,-5.0,2.607,12,107.5,0.5,66.8,32.7,5.3841
Bullish First Bar,100,5,390,410,28.05,5.55,2273.69,-5.0,2.551,12,150.6,0.5,71.5,28.0,5.5456
Bullish First Bar,100,8,15,410,66.1,5.31,2176.52,4.79,3.973,6,13.9,0.0,17.1,82.9,5.3086
Bullish First Bar,100,8,30,410,62.68,5.43,2226.37,4.23,3.173,7,25.5,0.0,28.5,71.5,5.4302
Bullish First Bar,100,8,60,410,51.46,5.16,2114.75,1.0,2.497,7,44.9,0.0,40.5,59.5,5.1579
Bullish First Bar,100,8,120,410,45.61,4.92,2016.17,-6.23,2.204,12,77.3,0.0,49.8,50.2,4.9175
Bullish First Bar,100,8,240,410,40.24,5.41,2218.76,-8.0,2.155,10,131.9,0.5,58.0,41.5,5.4116
Bullish First Bar,100,8,390,410,34.39,5.57,2284.86,-8.0,2.081,12,186.7,0.5,64.1,35.4,5.5728
Bullish First Bar,100,10,15,410,67.32,5.29,2167.97,4.86,3.876,6,14.3,0.0,11.7,88.3,5.2877
Bullish First Bar,100,10,30,410,64.15,5.36,2198.73,4.34,3.04,7,26.8,0.0,21.2,78.8,5.3628
Bullish First Bar,100,10,60,410,54.63,5.11,2094.93,2.16,2.381,7,48.4,0.0,33.2,66.8,5.1096
Bullish First Bar,100,10,120,410,49.27,4.87,1998.17,-0.54,2.06,11,85.1,0.0,43.7,56.3,4.8736
Bullish First Bar,100,10,240,410,46.1,5.8,2376.4,-10.0,2.123,10,147.7,0.5,50.7,48.8,5.7961
Bullish First Bar,100,10,390,410,39.27,5.94,2436.61,-10.0,2.013,11,212.9,0.5,57.6,42.0,5.943
Bullish First Bar,100,15,15,410,68.54,5.42,2222.25,4.88,4.074,4,14.8,0.0,4.4,95.6,5.4201
Bullish First Bar,100,15,30,410,67.07,5.55,2275.42,4.82,2.994,5,28.6,0.0,12.2,87.8,5.5498
Bullish First Bar,100,15,60,410,58.78,5.15,2111.97,3.47,2.241,5,53.5,0.0,21.7,78.3,5.1511
Bullish First Bar,100,15,120,410,53.66,4.55,1866.56,2.2,1.83,5,97.2,0.0,31.5,68.5,4.5526
Bullish First Bar,100,15,240,410,51.71,5.28,2165.47,1.95,1.812,10,173.5,0.5,41.0,58.5,5.2816
Bullish First Bar,100,15,390,410,44.39,5.11,2095.73,-15.0,1.653,11,251.2,0.7,50.5,48.8,5.1115
Bullish First Bar,100,20,15,410,68.78,5.42,2222.86,4.93,4.056,4,14.9,0.0,2.0,98.0,5.4216
Bullish First Bar,100,20,30,410,68.29,5.74,2353.51,5.0,3.071,5,29.4,0.0,5.6,94.4,5.7403
Bullish First Bar,100,20,60,410,60.24,5.35,2193.09,4.59,2.263,5,56.3,0.0,13.7,86.3,5.349
Bullish First Bar,100,20,120,410,56.34,4.27,1752.15,2.8,1.692,5,104.7,0.0,24.6,75.4,4.2735
Bullish First Bar,100,20,240,410,55.85,5.46,2238.11,4.09,1.764,7,190.3,0.5,30.5,69.0,5.4588
Bullish First Bar,100,20,390,410,51.46,5.74,2354.54,1.04,1.67,6,282.3,1.0,40.5,58.5,5.7428
Bullish First Bar,100,30,15,410,69.02,5.44,2228.79,4.98,3.996,4,15.0,0.0,0.7,99.3,5.4361
Bullish First Bar,100,30,30,410,68.78,5.56,2279.24,5.09,2.853,5,29.7,0.0,2.9,97.1,5.5591
Bullish First Bar,100,30,60,410,60.73,5.11,2093.4,4.68,2.112,5,58.1,0.0,7.3,92.7,5.1059
Bullish First Bar,100,30,120,410,57.8,3.64,1493.92,3.71,1.519,5,111.3,0.0,15.6,84.4,3.6437
Bullish First Bar,100,30,240,410,58.29,4.54,1859.77,4.99,1.537,7,207.7,0.5,22.2,77.3,4.536
Bullish First Bar,100,30,390,410,55.37,5.03,2062.41,4.29,1.51,6,316.3,1.0,27.8,71.2,5.0303
Bullish First Bar,100,50,15,410,69.27,5.57,2285.21,5.01,4.295,4,15,0.0,0.0,100.0,5.5737
Bullish First Bar,100,50,30,410,69.02,5.58,2289.32,5.09,2.87,5,30,0.0,0.5,99.5,5.5837
Bullish First Bar,100,50,60,410,61.22,5.2,2133.69,4.81,2.137,5,59.7,0.0,2.0,98.0,5.2041
Bullish First Bar,100,50,120,410,59.27,3.76,1541.64,4.97,1.525,5,117.7,0.0,4.1,95.9,3.7601
Bullish First Bar,100,50,240,410,61.22,4.58,1878.96,5.69,1.499,4,227.6,0.5,9.3,90.2,4.5828
Bullish First Bar,100,50,390,410,58.54,4.86,1992.32,6.32,1.433,4,355.2,1.5,14.1,84.4,4.8593
Bearish First Bar,2,2,15,354,6.78,-1.73,-612,-2.0,0.073,38,1.1,6.8,93.2,0.0,-1.7288
Bearish First Bar,2,2,30,354,6.78,-1.73,-612,-2.0,0.073,38,1.1,6.8,93.2,0.0,-1.7288
Bearish First Bar,2,2,60,354,6.78,-1.73,-612,-2.0,0.073,38,1.1,6.8,93.2,0.0,-1.7288
Bearish First Bar,2,2,120,354,6.78,-1.73,-612,-2.0,0.073,38,1.1,6.8,93.2,0.0,-1.7288
Bearish First Bar,2,2,240,354,6.78,-1.73,-612,-2.0,0.073,38,1.1,6.8,93.2,0.0,-1.7288
Bearish First Bar,2,2,390,354,6.78,-1.73,-612,-2.0,0.073,38,1.1,6.8,93.2,0.0,-1.7288
Bearish First Bar,2,5,15,354,27.97,-3.03,-1072.06,-5.0,0.153,24,2.5,27.1,71.2,1.7,-3.0284
Bearish First Bar,2,5,30,354,28.25,-3.02,-1069.53,-5.0,0.156,24,2.7,28.0,71.5,0.6,-3.0213
Bearish First Bar,2,5,60,354,28.53,-3.01,-1063.95,-5.0,0.159,24,2.8,28.2,71.5,0.3,-3.0055
Bearish First Bar,2,5,120,354,28.53,-3.0,-1063,-5.0,0.16,24,2.8,28.5,71.5,0.0,-3.0028
Bearish First Bar,2,5,240,354,28.53,-3.0,-1063,-5.0,0.16,24,2.8,28.5,71.5,0.0,-3.0028
Bearish First Bar,2,5,390,354,28.53,-3.0,-1063,-5.0,0.16,24,2.8,28.5,71.5,0.0,-3.0028
Bearish First Bar,2,8,15,354,40.68,-3.62,-1280.54,-8.0,0.18,15,4.4,39.3,52.3,8.5,-3.6173
Bearish First Bar,2,8,30,354,41.81,-3.66,-1297.0,-8.0,0.185,15,5.2,41.5,55.4,3.1,-3.6638
Bearish First Bar,2,8,60,354,43.5,-3.65,-1292.95,-8.0,0.192,15,5.6,43.2,56.5,0.3,-3.6524
Bearish First Bar,2,8,120,354,43.5,-3.65,-1292,-8.0,0.193,15,5.6,43.5,56.5,0.0,-3.6497
Bearish First Bar,2,8,240,354,43.5,-3.65,-1292,-8.0,0.193,15,5.6,43.5,56.5,0.0,-3.6497
Bearish First Bar,2,8,390,354,43.5,-3.65,-1292,-8.0,0.193,15,5.6,43.5,56.5,0.0,-3.6497
Bearish First Bar,2,10,15,354,44.92,-3.95,-1397.52,-3.21,0.18,11,5.8,42.9,43.2,13.8,-3.9478
Bearish First Bar,2,10,30,354,46.05,-4.09,-1449.53,-4.73,0.183,11,7.2,45.5,48.0,6.5,-4.0947
Bearish First Bar,2,10,60,354,50.28,-3.95,-1398.38,0.98,0.202,8,8.1,49.4,49.4,1.1,-3.9502
Bearish First Bar,2,10,120,354,50.56,-3.93,-1392.6,2.0,0.204,8,8.3,50.3,49.4,0.3,-3.9339
Bearish First Bar,2,10,240,354,50.56,-3.93,-1392,2.0,0.205,8,8.4,50.6,49.4,0.0,-3.9322
Bearish First Bar,2,10,390,354,50.56,-3.93,-1392,2.0,0.205,8,8.4,50.6,49.4,0.0,-3.9322
Bearish First Bar,2,15,15,354,48.31,-4.52,-1599.91,-0.9,0.171,11,8.0,46.3,25.4,28.2,-4.5195
Bearish First Bar,2,15,30,354,52.54,-4.63,-1638.94,2.0,0.183,10,11.4,51.4,31.9,16.7,-4.6298
Bearish First Bar,2,15,60,354,59.6,-4.54,-1605.5,2.0,0.207,5,14.3,58.5,36.4,5.1,-4.5353
Bearish First Bar,2,15,120,354,61.58,-4.44,-1570.98,2.0,0.217,5,16.0,61.3,37.3,1.4,-4.4378
Bearish First Bar,2,15,240,354,62.15,-4.44,-1570,2.0,0.219,5,16.4,62.1,37.9,0.0,-4.435
Bearish First Bar,2,15,390,354,62.15,-4.44,-1570,2.0,0.219,5,16.4,62.1,37.9,0.0,-4.435
Bearish First Bar,2,20,15,354,49.15,-5.03,-1779.04,-0.51,0.159,11,8.8,47.2,16.1,36.7,-5.0255
Bearish First Bar,2,20,30,354,53.67,-5.45,-1928.62,2.0,0.163,10,13.2,52.5,24.9,22.6,-5.4481
Bearish First Bar,2,20,60,354,62.15,-5.31,-1880.33,2.0,0.188,4,17.6,61.0,29.4,9.6,-5.3117
Bearish First Bar,2,20,120,354,65.54,-5.28,-1868.58,2.0,0.199,4,20.5,65.3,31.9,2.8,-5.2785
Bearish First Bar,2,20,240,354,66.38,-5.31,-1879.22,2.0,0.2,4,22.4,66.4,32.5,1.1,-5.3085
Bearish First Bar,2,20,390,354,66.67,-5.33,-1888,2.0,0.2,4,22.8,66.7,33.3,0.0,-5.3333
Bearish First Bar,2,30,15,354,50.28,-5.21,-1845.32,0.14,0.157,11,9.7,48.3,6.5,45.2,-5.2128
Bearish First Bar,2,30,30,354,57.06,-5.56,-1969.56,2.0,0.168,8,15.7,55.6,10.5,33.9,-5.5637
Bearish First Bar,2,30,60,354,66.67,-5.61,-1984.55,2.0,0.191,4,22.9,65.5,16.4,18.1,-5.6061
Bearish First Bar,2,30,120,354,71.19,-5.56,-1967.37,2.0,0.204,4,30.3,70.9,19.8,9.3,-5.5575
Bearish First Bar,2,30,240,354,73.73,-5.61,-1985.58,2.0,0.208,4,37.3,73.4,21.8,4.8,-5.609
Bearish First Bar,2,30,390,354,75.71,-5.61,-1985.91,2.0,0.213,4,40.1,75.7,23.4,0.8,-5.6099
Bearish First Bar,2,50,15,354,50.85,-5.23,-1849.91,0.33,0.159,11,10.1,48.9,1.4,49.7,-5.2257
Bearish First Bar,2,50,30,354,57.91,-5.64,-1996.95,2.0,0.168,8,17.0,56.5,2.8,40.7,-5.6411
Bearish First Bar,2,50,60,354,69.77,-5.35,-1893.95,2.0,0.206,4,26.6,68.6,5.1,26.3,-5.3501
Bearish First Bar,2,50,120,354,74.86,-5.49,-1941.75,2.0,0.214,4,39.1,74.6,7.3,18.1,-5.4852
Bearish First Bar,2,50,240,354,77.97,-5.68,-2011.08,2.0,0.215,4,57.2,77.7,9.3,13.0,-5.681
Bearish First Bar,2,50,390,354,81.07,-5.76,-2039.25,2.0,0.22,4,71.6,81.1,11.3,7.6,-5.7606
Bearish First Bar,5,2,15,354,4.8,-1.67,-589.64,-2.0,0.125,64,1.3,4.5,95.2,0.3,-1.6656
Bearish First Bar,5,2,30,354,4.8,-1.66,-589,-2.0,0.126,64,1.3,4.8,95.2,0.0,-1.6638
Bearish First Bar,5,2,60,354,4.8,-1.66,-589,-2.0,0.126,64,1.3,4.8,95.2,0.0,-1.6638
Bearish First Bar,5,2,120,354,4.8,-1.66,-589,-2.0,0.126,64,1.3,4.8,95.2,0.0,-1.6638
Bearish First Bar,5,2,240,354,4.8,-1.66,-589,-2.0,0.126,64,1.3,4.8,95.2,0.0,-1.6638
Bearish First Bar,5,2,390,354,4.8,-1.66,-589,-2.0,0.126,64,1.3,4.8,95.2,0.0,-1.6638
Bearish First Bar,5,5,15,354,19.21,-3.11,-1100.02,-5.0,0.21,30,3.8,14.4,77.1,8.5,-3.1074
Bearish First Bar,5,5,30,354,18.93,-3.15,-1114.63,-5.0,0.215,30,4.6,16.4,79.7,4.0,-3.1487
Bearish First Bar,5,5,60,354,19.21,-3.13,-1107.07,-5.0,0.225,30,5.4,17.8,80.5,1.7,-3.1273
Bearish First Bar,5,5,120,354,18.93,-3.1,-1099.02,-5.0,0.232,30,5.9,18.6,80.8,0.6,-3.1046
Bearish First Bar,5,5,240,354,18.93,-3.11,-1101.5,-5.0,0.232,30,6.2,18.6,81.1,0.3,-3.1116
Bearish First Bar,5,5,390,354,18.93,-3.11,-1101.5,-5.0,0.232,30,6.2,18.6,81.1,0.3,-3.1116
Bearish First Bar,5,8,15,354,29.94,-3.7,-1308.91,-8.0,0.25,17,6.3,21.5,56.5,22.0,-3.6975
Bearish First Bar,5,8,30,354,30.51,-3.78,-1339.35,-8.0,0.273,17,8.6,27.1,63.0,9.9,-3.7835
Bearish First Bar,5,8,60,354,32.49,-3.75,-1327.66,-8.0,0.294,17,10.5,30.8,65.8,3.4,-3.7505
Bearish First Bar,5,8,120,354,32.77,-3.71,-1314.56,-8.0,0.303,18,11.8,32.2,66.1,1.7,-3.7134
Bearish First Bar,5,8,240,354,33.05,-3.7,-1310.31,-8.0,0.306,18,13.2,32.5,66.7,0.8,-3.7014
Bearish First Bar,5,8,390,354,33.05,-3.71,-1312.5,-8.0,0.308,18,13.3,32.8,66.9,0.3,-3.7076
Bearish First Bar,5,10,15,354,33.33,-4.06,-1436.08,-6.26,0.249,15,7.9,23.4,46.3,30.2,-4.0567
Bearish First Bar,5,10,30,354,33.9,-4.29,-1517.92,-10.0,0.269,15,11.1,30.2,54.5,15.3,-4.2879
Bearish First Bar,5,10,60,354,38.14,-4.12,-1459.49,-10.0,0.306,9,13.9,35.6,58.2,6.2,-4.1229
Bearish First Bar,5,10,120,354,39.55,-4.03,-1427.89,-10.0,0.323,10,16.2,38.4,59.0,2.5,-4.0336
Bearish First Bar,5,10,240,354,39.55,-4.0,-1416.31,-10.0,0.329,10,18.7,39.0,59.3,1.7,-4.0009
Bearish First Bar,5,10,390,354,40.11,-3.99,-1411.5,-10.0,0.334,10,19.6,39.8,59.9,0.3,-3.9873
Bearish First Bar,5,15,15,354,36.16,-4.61,-1630.56,-3.83,0.243,15,10.2,26.0,26.6,47.5,-4.6061
Bearish First Bar,5,15,30,354,40.4,-4.77,-1688.28,-4.17,0.275,14,16.0,34.5,34.7,30.8,-4.7692
Bearish First Bar,5,15,60,354,47.46,-4.73,-1673.12,-3.05,0.321,7,22.1,43.5,43.2,13.3,-4.7263
Bearish First Bar,5,15,120,354,51.69,-4.4,-1556.76,1.88,0.361,7,27.7,48.9,44.6,6.5,-4.3976
Bearish First Bar,5,15,240,354,52.82,-4.26,-1509.78,5.0,0.379,7,32.6,51.7,45.5,2.8,-4.2649
Bearish First Bar,5,15,390,354,53.39,-4.26,-1508.26,5.0,0.385,7,35.0,53.1,45.8,1.1,-4.2606
Bearish First Bar,5,20,15,354,36.72,-5.1,-1805.24,-3.62,0.228,15,11.1,26.6,16.4,57.1,-5.0995
Bearish First Bar,5,20,30,354,42.37,-5.38,-1904.31,-3.01,0.261,14,18.1,36.2,25.4,38.4,-5.3794
Bearish First Bar,5,20,60,354,50.28,-5.38,-1905.62,0.32,0.306,7,26.6,46.0,33.1,20.9,-5.3831
Bearish First Bar,5,20,120,354,56.21,-5.15,-1823.08,5.0,0.345,7,34.8,53.4,37.3,9.3,-5.1499
Bearish First Bar,5,20,240,354,58.19,-4.98,-1763.12,5.0,0.365,7,42.5,57.1,38.1,4.8,-4.9806
Bearish First Bar,5,20,390,354,59.32,-5.05,-1786.21,5.0,0.37,7,46.0,59.0,39.5,1.4,-5.0458
Bearish First Bar,5,30,15,354,37.57,-5.27,-1865.37,-3.28,0.227,15,12.1,27.4,6.5,66.1,-5.2694
Bearish First Bar,5,30,30,354,45.48,-5.41,-1914.49,-2.03,0.274,10,20.8,39.0,10.5,50.6,-5.4082
Bearish First Bar,5,30,60,354,54.52,-5.76,-2039.52,4.68,0.309,7,32.7,50.0,17.8,32.2,-5.7614
Bearish First Bar,5,30,120,354,61.58,-5.45,-1930.59,5.0,0.353,7,46.9,58.8,22.6,18.6,-5.4536
Bearish First Bar,5,30,240,354,65.54,-5.44,-1926.32,5.0,0.371,6,62.4,63.8,26.0,10.2,-5.4416
Bearish First Bar,5,30,390,354,68.08,-5.45,-1929.79,5.0,0.383,6,71.2,67.2,28.2,4.5,-5.4514
Bearish First Bar,5,50,15,354,38.14,-5.27,-1863.96,-3.03,0.231,15,12.5,28.0,1.4,70.6,-5.2654
Bearish First Bar,5,50,30,354,46.33,-5.46,-1932.88,-1.89,0.276,10,22.1,39.8,2.8,57.3,-5.4601
Bearish First Bar,5,50,60,354,57.34,-5.6,-1982.62,5.0,0.326,7,36.7,52.5,5.6,41.8,-5.6006
Bearish First Bar,5,50,120,354,64.69,-5.52,-1952.96,5.0,0.363,7,57.5,61.9,7.9,30.2,-5.5168
Bearish First Bar,5,50,240,354,69.49,-5.72,-2025.96,5.0,0.374,6,87.1,67.8,11.3,20.9,-5.7231
Bearish First Bar,5,50,390,354,73.45,-5.78,-2046.8,5.0,0.387,6,111.1,72.6,14.1,13.3,-5.7819
Bearish First Bar,8,2,15,354,3.95,-1.64,-579.29,-2.0,0.148,64,1.5,2.8,96.0,1.1,-1.6364
Bearish First Bar,8,2,30,354,3.95,-1.61,-571.01,-2.0,0.16,64,1.6,3.7,96.0,0.3,-1.613
Bearish First Bar,8,2,60,354,3.95,-1.61,-569.45,-2.0,0.163,64,1.7,3.7,96.0,0.3,-1.6086
Bearish First Bar,8,2,120,354,3.95,-1.6,-568,-2.0,0.165,64,1.8,4.0,96.0,0.0,-1.6045
Bearish First Bar,8,2,240,354,3.95,-1.6,-568,-2.0,0.165,64,1.8,4.0,96.0,0.0,-1.6045
Bearish First Bar,8,2,390,354,3.95,-1.6,-568,-2.0,0.165,64,1.8,4.0,96.0,0.0,-1.6045
Bearish First Bar,8,5,15,354,17.8,-3.05,-1078.62,-5.0,0.236,30,4.6,7.1,78.2,14.7,-3.0469
Bearish First Bar,8,5,30,354,16.1,-3.14,-1110.97,-5.0,0.242,33,6.2,10.5,82.2,7.3,-3.1383
Bearish First Bar,8,5,60,354,14.97,-3.23,-1141.73,-5.0,0.241,36,7.7,11.9,84.7,3.4,-3.2252
Bearish First Bar,8,5,120,354,14.12,-3.21,-1134.58,-5.0,0.251,36,8.9,13.0,85.6,1.4,-3.205
Bearish First Bar,8,5,240,354,14.12,-3.18,-1124.5,-5.0,0.26,36,9.5,13.8,85.9,0.3,-3.1766
Bearish First Bar,8,5,390,354,14.12,-3.18,-1124.5,-5.0,0.26,36,9.5,13.8,85.9,0.3,-3.1766
Bearish First Bar,8,8,15,354,28.53,-3.6,-1272.9,-8.0,0.279,17,7.4,10.5,56.8,32.8,-3.5958
Bearish First Bar,8,8,30,354,27.97,-3.59,-1271.81,-8.0,0.327,18,11.2,17.8,64.1,18.1,-3.5927
Bearish First Bar,8,8,60,354,27.68,-3.73,-1319.3,-8.0,0.344,19,14.9,22.6,70.1,7.3,-3.7268
Bearish First Bar,8,8,120,354,27.4,-3.66,-1297.31,-8.0,0.362,21,18.0,25.4,71.2,3.4,-3.6647
Bearish First Bar,8,8,240,354,27.4,-3.64,-1288.78,-8.0,0.37,21,20.5,26.6,72.0,1.4,-3.6406
Bearish First Bar,8,8,390,354,26.84,-3.71,-1313.5,-8.0,0.365,21,21.2,26.6,72.9,0.6,-3.7105
Bearish First Bar,8,10,15,354,31.92,-3.92,-1387.92,-6.47,0.283,15,9,11.9,46.6,41.5,-3.9207
Bearish First Bar,8,10,30,354,31.07,-4.1,-1449.69,-10.0,0.323,18,13.8,20.3,55.9,23.7,-4.0952
Bearish First Bar,8,10,60,354,32.49,-4.18,-1478.22,-10.0,0.352,10,18.8,25.7,62.4,11.9,-4.1758
Bearish First Bar,8,10,120,354,33.05,-4.11,-1455.03,-10.0,0.374,12,23.3,29.7,64.7,5.6,-4.1103
Bearish First Bar,8,10,240,354,32.49,-4.08,-1445.87,-10.0,0.383,12,28.3,31.4,65.5,3.1,-4.0844
Bearish First Bar,8,10,390,354,32.49,-4.14,-1465.02,-10.0,0.383,12,30.4,31.6,66.7,1.7,-4.1385
Bearish First Bar,8,15,15,354,34.18,-4.51,-1596.93,-4.15,0.274,15,11.4,13.6,26.8,59.6,-4.5111
Bearish First Bar,8,15,30,354,37.29,-4.59,-1624.68,-4.73,0.331,17,19.0,23.4,36.2,40.4,-4.5895
Bearish First Bar,8,15,60,354,40.4,-4.81,-1703.0,-6.52,0.363,8,28.4,30.5,45.2,24.3,-4.8107
Bearish First Bar,8,15,120,354,43.79,-4.58,-1620.65,-10.57,0.41,9,38.6,37.9,49.4,12.7,-4.5781
Bearish First Bar,8,15,240,354,44.07,-4.53,-1603.87,-15.0,0.429,9,49.3,42.1,51.7,6.2,-4.5307
Bearish First Bar,8,15,390,354,44.63,-4.57,-1617.41,-15.0,0.436,9,55.2,43.8,53.1,3.1,-4.569
Bearish First Bar,8,20,15,354,34.75,-4.99,-1766.18,-3.91,0.26,15,12.4,14.1,16.4,69.5,-4.9892
Bearish First Bar,8,20,30,354,38.98,-5.26,-1860.64,-4.02,0.31,17,21.3,24.6,26.3,49.2,-5.256
Bearish First Bar,8,20,60,354,43.5,-5.39,-1907.99,-4.06,0.356,8,33.4,33.3,34.5,32.2,-5.3898
Bearish First Bar,8,20,120,354,48.31,-5.31,-1878.78,-2.21,0.4,8,47.2,42.1,40.4,17.5,-5.3073
Bearish First Bar,8,20,240,354,49.44,-5.24,-1855.1,-0.89,0.422,7,62.8,47.5,42.4,10.2,-5.2404
Bearish First Bar,8,20,390,354,50.85,-5.39,-1908.68,4.3,0.427,7,71.6,49.7,45.5,4.8,-5.3918
Bearish First Bar,8,30,15,354,35.59,-5.15,-1821.84,-3.62,0.26,15,13.3,14.7,6.5,78.8,-5.1464
Bearish First Bar,8,30,30,354,41.81,-5.32,-1881.64,-2.8,0.325,10,24.0,26.6,10.7,62.7,-5.3154
Bearish First Bar,8,30,60,354,47.46,-5.78,-2045.4,-1.29,0.361,8,39.9,36.7,18.6,44.6,-5.778
Bearish First Bar,8,30,120,354,53.39,-5.63,-1992.31,2.39,0.411,8,60.9,46.9,24.0,29.1,-5.628
Bearish First Bar,8,30,240,354,56.5,-5.85,-2070.16,8.0,0.425,7,87.3,53.1,29.1,17.8,-5.8479
Bearish First Bar,8,30,390,354,59.89,-5.73,-2028.05,8.0,0.45,7,105.8,57.6,32.2,10.2,-5.729
Bearish First Bar,8,50,15,354,36.16,-5.13,-1814.43,-3.53,0.265,15,13.8,15.3,1.4,83.3,-5.1255
Bearish First Bar,8,50,30,354,42.66,-5.33,-1886.98,-2.45,0.33,10,25.4,27.4,2.8,69.8,-5.3305
Bearish First Bar,8,50,60,354,50.28,-5.71,-2021.5,0.12,0.379,8,43.9,39.3,6.5,54.2,-5.7105
Bearish First Bar,8,50,120,354,56.21,-5.85,-2072.43,7.36,0.415,8,71.9,49.7,9.0,41.2,-5.8543
Bearish First Bar,8,50,240,354,60.17,-6.39,-2262.49,8.0,0.419,7,113.9,56.8,12.7,30.5,-6.3912
Bearish First Bar,8,50,390,354,64.12,-6.49,-2297.34,8.0,0.435,7,151.3,61.6,16.4,22.0,-6.4897
Bearish First Bar,10,2,15,354,3.67,-1.68,-593.84,-2.0,0.129,64,1.7,1.4,96.3,2.3,-1.6775
Bearish First Bar,10,2,30,354,3.11,-1.65,-584.88,-2.0,0.147,64,1.8,2.5,96.9,0.6,-1.6522
Bearish First Bar,10,2,60,354,3.11,-1.66,-586.56,-2.0,0.145,64,2.0,2.5,96.9,0.6,-1.6569
Bearish First Bar,10,2,120,354,3.11,-1.64,-579.72,-2.0,0.155,64,2.2,2.8,96.9,0.3,-1.6376
Bearish First Bar,10,2,240,354,3.11,-1.63,-576,-2.0,0.16,64,2.4,3.1,96.9,0.0,-1.6271
Bearish First Bar,10,2,390,354,3.11,-1.63,-576,-2.0,0.16,64,2.4,3.1,96.9,0.0,-1.6271
Bearish First Bar,10,5,15,354,17.23,-3.06,-1082.38,-5.0,0.239,30,4.8,5.1,78.8,16.1,-3.0576
Bearish First Bar,10,5,30,354,14.69,-3.18,-1125.39,-5.0,0.244,33,6.7,7.6,83.3,9.0,-3.1791
Bearish First Bar,10,5,60,354,13.56,-3.25,-1149.03,-5.0,0.249,36,8.6,9.6,86.2,4.2,-3.2458
Bearish First Bar,10,5,120,354,12.71,-3.19,-1130.25,-5.0,0.266,36,10.5,10.5,87.0,2.5,-3.1928
Bearish First Bar,10,5,240,354,12.43,-3.17,-1122.85,-5.0,0.276,36,11.8,11.9,87.6,0.6,-3.1719
Bearish First Bar,10,5,390,354,12.43,-3.15,-1116.5,-5.0,0.28,36,12.0,12.1,87.6,0.3,-3.154
Bearish First Bar,10,8,15,354,27.97,-3.63,-1284.62,-8.0,0.279,17,7.7,7.3,57.3,35.3,-3.6289
Bearish First Bar,10,8,30,354,26.27,-3.65,-1293.48,-8.0,0.33,18,12.0,13.0,65.5,21.5,-3.6539
Bearish First Bar,10,8,60,354,25.42,-3.8,-1345.26,-8.0,0.352,19,16.6,18.1,72.3,9.6,-3.8002
Bearish First Bar,10,8,120,354,24.29,-3.76,-1329.93,-8.0,0.372,21,21.0,20.9,74.0,5.1,-3.7569
Bearish First Bar,10,8,240,354,24.01,-3.75,-1326.25,-8.0,0.38,21,24.6,22.6,75.4,2.0,-3.7465
Bearish First Bar,10,8,390,354,23.45,-3.79,-1341.5,-8.0,0.38,21,25.6,23.2,76.3,0.6,-3.7895
Bearish First Bar,10,10,15,354,31.36,-3.92,-1387.98,-6.62,0.287,15,9.4,8.5,46.9,44.6,-3.9208
Bearish First Bar,10,10,30,354,29.38,-4.14,-1464.59,-10.0,0.331,18,14.7,15.0,57.1,28.0,-4.1373
Bearish First Bar,10,10,60,354,30.23,-4.23,-1495.77,-10.0,0.366,10,20.7,21.2,64.4,14.4,-4.2253
Bearish First Bar,10,10,120,354,30.23,-4.08,-1443.08,-10.0,0.399,13,27.0,25.4,66.7,7.9,-4.0765
Bearish First Bar,10,10,240,354,29.66,-4.07,-1439.44,-10.0,0.411,13,33.4,27.7,68.4,4.0,-4.0662
Bearish First Bar,10,10,390,354,29.38,-4.13,-1461.02,-10.0,0.412,13,36.3,28.5,69.8,1.7,-4.1272
Bearish First Bar,10,15,15,354,33.05,-4.55,-1610.08,-4.24,0.273,15,11.9,9.6,26.8,63.6,-4.5482
Bearish First Bar,10,15,30,354,35.03,-4.72,-1672.07,-4.94,0.333,17,20.1,17.2,37.3,45.5,-4.7234
Bearish First Bar,10,15,60,354,37.85,-4.98,-1761.66,-8.6,0.371,9,30.7,25.1,47.5,27.4,-4.9764
Bearish First Bar,10,15,120,354,40.11,-4.63,-1640.5,-15.0,0.43,12,43.2,32.2,51.7,16.1,-4.6342
Bearish First Bar,10,15,240,354,40.11,-4.63,-1639.87,-15.0,0.45,12,57.4,37.0,54.5,8.5,-4.6324
Bearish First Bar,10,15,390,354,39.83,-4.82,-1707.35,-15.0,0.449,12,66.0,39.0,57.1,4.0,-4.823
Bearish First Bar,10,20,15,354,33.62,-5.02,-1775.33,-3.97,0.261,15,12.8,10.2,16.4,73.4,-5.0151
Bearish First Bar,10,20,30,354,36.72,-5.39,-1906.65,-4.56,0.315,17,22.4,18.4,27.1,54.5,-5.386
Bearish First Bar,10,20,60,354,40.96,-5.57,-1972.08,-5.26,0.365,9,35.9,27.4,36.2,36.4,-5.5708
Bearish First Bar,10,20,120,354,44.63,-5.42,-1917.39,-4.8,0.42,12,52.6,36.2,42.7,21.2,-5.4164
Bearish First Bar,10,20,240,354,44.92,-5.45,-1930.85,-5.61,0.439,12,72.2,41.8,44.6,13.6,-5.4544
Bearish First Bar,10,20,390,354,45.76,-5.79,-2048.33,-13.92,0.437,12,84.8,44.4,49.2,6.5,-5.7862
Bearish First Bar,10,30,15,354,34.46,-5.16,-1826.99,-3.69,0.262,15,13.8,10.7,6.5,82.8,-5.161
Bearish First Bar,10,30,30,354,39.55,-5.45,-1929.2,-3.42,0.33,10,25.2,20.1,11.0,68.9,-5.4497
Bearish First Bar,10,30,60,354,45.2,-5.91,-2090.67,-2.38,0.379,8,42.8,31.1,19.5,49.4,-5.9058
Bearish First Bar,10,30,120,354,50.0,-5.66,-2003.27,-0.1,0.439,8,67.2,41.0,25.4,33.6,-5.659
Bearish First Bar,10,30,240,354,52.26,-5.94,-2101.69,2.75,0.452,7,98.5,47.7,30.5,21.8,-5.937
Bearish First Bar,10,30,390,354,55.08,-6.02,-2130.04,10.0,0.469,7,122.5,52.0,34.5,13.6,-6.0171
Bearish First Bar,10,50,15,354,35.03,-5.13,-1815.58,-3.56,0.269,15,14.2,11.3,1.4,87.3,-5.1288
Bearish First Bar,10,50,30,354,40.4,-5.45,-1928.91,-3.09,0.337,10,26.6,20.9,2.8,76.3,-5.4489
Bearish First Bar,10,50,60,354,47.74,-5.8,-2053.15,-1.16,0.396,8,47.1,33.1,6.5,60.5,-5.7999
Bearish First Bar,10,50,120,354,52.82,-5.83,-2062.32,1.65,0.447,8,79.1,43.8,9.6,46.6,-5.8258
Bearish First Bar,10,50,240,354,56.5,-6.27,-2218.05,10.0,0.459,7,126.6,52.0,13.3,34.7,-6.2657
Bearish First Bar,10,50,390,354,59.89,-6.65,-2354.09,10.0,0.465,7,170.3,56.5,17.2,26.3,-6.65
Bearish First Bar,15,2,15,354,3.67,-1.68,-593.69,-2.0,0.129,64,1.7,0.0,96.3,3.7,-1.6771
Bearish First Bar,15,2,30,354,2.54,-1.71,-606.4,-2.0,0.121,64,2.1,0.8,97.5,1.7,-1.713
Bearish First Bar,15,2,60,354,2.26,-1.68,-596.25,-2.0,0.138,64,2.5,1.4,97.7,0.8,-1.6843
Bearish First Bar,15,2,120,354,1.98,-1.69,-597.72,-2.0,0.139,98,2.8,1.7,98.0,0.3,-1.6885
Bearish First Bar,15,2,240,354,1.98,-1.66,-589,-2.0,0.151,98,3.0,2.0,98.0,0.0,-1.6638
Bearish First Bar,15,2,390,354,1.98,-1.66,-589,-2.0,0.151,98,3.0,2.0,98.0,0.0,-1.6638
Bearish First Bar,15,5,15,354,16.95,-3.1,-1098.4,-5.0,0.231,34,5.0,0.8,79.1,20.1,-3.1028
Bearish First Bar,15,5,30,354,13.84,-3.23,-1144.32,-5.0,0.237,40,7.5,3.1,83.9,13.0,-3.2325
Bearish First Bar,15,5,60,354,11.86,-3.22,-1141.24,-5.0,0.268,43,10.3,5.9,87.9,6.2,-3.2238
Bearish First Bar,15,5,120,354,10.73,-3.11,-1101.92,-5.0,0.3,43,12.7,7.9,89.0,3.1,-3.1128
Bearish First Bar,15,5,240,354,10.17,-3.05,-1078.25,-5.0,0.322,43,15.2,9.3,89.8,0.8,-3.0459
Bearish First Bar,15,5,390,354,10.17,-3.0,-1061.5,-5.0,0.332,43,15.6,9.9,89.8,0.3,-2.9986
Bearish First Bar,15,8,15,354,27.68,-3.6,-1274.9,-8.0,0.287,17,8.0,2.5,57.3,40.1,-3.6014
Bearish First Bar,15,8,30,354,24.86,-3.67,-1300.37,-8.0,0.337,18,13.1,6.2,66.4,27.4,-3.6734
Bearish First Bar,15,8,60,354,22.6,-3.85,-1361.21,-8.0,0.364,19,19.3,10.7,74.3,15.0,-3.8452
Bearish First Bar,15,8,120,354,21.19,-3.63,-1285.31,-8.0,0.416,21,26.3,14.4,76.8,8.8,-3.6308
Bearish First Bar,15,8,240,354,20.62,-3.49,-1234.87,-8.0,0.448,21,32.9,17.8,78.8,3.4,-3.4883
Bearish First Bar,15,8,390,354,19.49,-3.57,-1263.89,-8.0,0.445,21,35.1,18.9,80.2,0.8,-3.5703
Bearish First Bar,15,10,15,354,31.07,-3.84,-1358.26,-6.62,0.304,15,9.7,3.7,46.9,49.4,-3.8369
Bearish First Bar,15,10,30,354,28.25,-4.08,-1445.82,-10.0,0.347,18,15.9,7.6,57.6,34.7,-4.0842
Bearish First Bar,15,10,60,354,27.68,-4.11,-1455.6,-10.0,0.4,13,23.7,13.6,66.1,20.3,-4.1119
Bearish First Bar,15,10,120,354,28.25,-3.6,-1274.27,-10.0,0.483,13,33.4,18.4,68.4,13.3,-3.5996
Bearish First Bar,15,10,240,354,27.4,-3.39,-1201.21,-10.0,0.524,13,44.0,23.2,70.6,6.2,-3.3932
Bearish First Bar,15,10,390,354,26.55,-3.51,-1242.54,-10.0,0.519,15,49.7,24.9,72.6,2.5,-3.51
Bearish First Bar,15,15,15,354,32.49,-4.48,-1586.03,-4.41,0.288,15,12.2,4.0,26.8,69.2,-4.4803
Bearish First Bar,15,15,30,354,33.33,-4.73,-1673.56,-5.3,0.345,17,21.4,8.8,37.9,53.4,-4.7276
Bearish First Bar,15,15,60,354,34.75,-4.86,-1720.43,-9.27,0.404,9,34.4,16.1,48.3,35.6,-4.86
Bearish First Bar,15,15,120,354,37.85,-4.15,-1469.72,-15.0,0.506,12,51.8,22.3,53.1,24.6,-4.1518
Bearish First Bar,15,15,240,354,37.01,-3.87,-1370.88,-15.0,0.56,12,73.5,29.9,56.8,13.3,-3.8725
Bearish First Bar,15,15,390,354,36.16,-4.12,-1459.76,-15.0,0.554,12,87.5,33.1,60.2,6.8,-4.1236
Bearish First Bar,15,20,15,354,33.05,-4.92,-1741.28,-4.15,0.278,15,13.1,4.5,16.4,79.1,-4.9189
Bearish First Bar,15,20,30,354,35.03,-5.4,-1910.75,-4.65,0.327,17,23.8,9.6,27.7,62.7,-5.3976
Bearish First Bar,15,20,60,354,37.85,-5.4,-1911.42,-5.55,0.404,9,39.8,18.1,37.0,44.9,-5.3995
Bearish First Bar,15,20,120,354,42.09,-4.96,-1754.59,-7.16,0.489,12,61.7,24.6,44.1,31.4,-4.9565
Bearish First Bar,15,20,240,354,41.24,-4.76,-1683.83,-11.22,0.538,12,90.7,33.6,46.9,19.5,-4.7566
Bearish First Bar,15,20,390,354,41.81,-5.06,-1791.9,-20.0,0.536,12,110.1,37.6,52.0,10.5,-5.0619
Bearish First Bar,15,30,15,354,33.9,-5.04,-1782.94,-3.83,0.283,15,14.1,5.1,6.5,88.4,-5.0366
Bearish First Bar,15,30,30,354,37.85,-5.43,-1923.3,-4.02,0.349,10,26.7,11.3,11.6,77.1,-5.4331
Bearish First Bar,15,30,60,354,42.09,-5.71,-2020.08,-3.75,0.422,8,47.0,20.6,20.3,59.0,-5.7064
Bearish First Bar,15,30,120,354,47.18,-5.22,-1848.56,-2.21,0.507,11,77.6,27.7,26.6,45.8,-5.2219
Bearish First Bar,15,30,240,354,48.02,-5.34,-1889.72,-1.53,0.543,10,119.9,38.7,32.5,28.8,-5.3382
Bearish First Bar,15,30,390,354,49.72,-5.55,-1965.48,-0.1,0.552,7,152.9,43.8,37.3,18.9,-5.5522
Bearish First Bar,15,50,15,354,34.46,-4.98,-1761.53,-3.69,0.294,15,14.6,5.6,1.4,92.9,-4.9761
Bearish First Bar,15,50,30,354,38.7,-5.42,-1919.7,-3.42,0.358,10,28.1,11.9,2.8,85.3,-5.4229
Bearish First Bar,15,50,60,354,44.63,-5.43,-1920.67,-2.2,0.448,8,51.7,21.8,6.5,71.8,-5.4256
Bearish First Bar,15,50,120,354,49.72,-5.31,-1880.85,-0.09,0.52,11,90.8,30.2,9.6,60.2,-5.3131
Bearish First Bar,15,50,240,354,51.98,-5.5,-1947.88,1.82,0.557,7,151.7,42.4,13.8,43.8,-5.5025
Bearish First Bar,15,50,390,354,54.8,-5.99,-2121.53,7.02,0.558,7,206.8,48.6,18.6,32.8,-5.993
Bearish First Bar,20,2,15,354,3.67,-1.68,-593.69,-2.0,0.129,64,1.7,0.0,96.3,3.7,-1.6771
Bearish First Bar,20,2,30,354,2.54,-1.7,-600.4,-2.0,0.13,64,2.1,0.3,97.5,2.3,-1.696
Bearish First Bar,20,2,60,354,2.26,-1.67,-590.98,-2.0,0.146,64,2.6,0.6,97.7,1.7,-1.6694
Bearish First Bar,20,2,120,354,1.69,-1.67,-591.49,-2.0,0.15,98,3.3,1.1,98.3,0.6,-1.6709
Bearish First Bar,20,2,240,354,1.69,-1.69,-597.87,-2.0,0.141,98,3.8,1.1,98.3,0.6,-1.6889
Bearish First Bar,20,2,390,354,1.41,-1.72,-607.53,-2.0,0.13,98,3.9,1.1,98.6,0.3,-1.7162
Bearish First Bar,20,5,15,354,16.95,-3.08,-1090.87,-5.0,0.236,34,5.0,0.6,79.1,20.3,-3.0816
Bearish First Bar,20,5,30,354,13.56,-3.25,-1149.45,-5.0,0.235,42,7.7,1.4,83.9,14.7,-3.247
Bearish First Bar,20,5,60,354,11.58,-3.15,-1116.67,-5.0,0.286,46,11.0,2.8,88.1,9.0,-3.1544
Bearish First Bar,20,5,120,354,9.89,-2.99,-1060.15,-5.0,0.333,46,14.8,5.6,89.8,4.5,-2.9948
Bearish First Bar,20,5,240,354,9.32,-2.89,-1021.51,-5.0,0.364,46,18.5,6.8,90.7,2.5,-2.8856
Bearish First Bar,20,5,390,354,9.32,-2.85,-1007.21,-5.0,0.372,46,20.1,8.2,90.7,1.1,-2.8452
Bearish First Bar,20,8,15,354,27.4,-3.65,-1293.21,-8.0,0.28,17,8.1,1.1,57.6,41.2,-3.6531
Bearish First Bar,20,8,30,354,24.29,-3.68,-1302.26,-8.0,0.34,18,13.5,3.4,66.7,29.9,-3.6787
Bearish First Bar,20,8,60,354,21.75,-3.85,-1364.18,-8.0,0.37,19,20.7,5.6,75.1,19.2,-3.8536
Bearish First Bar,20,8,120,354,19.49,-3.49,-1235.02,-8.0,0.449,21,29.9,10.5,78.0,11.6,-3.4888
Bearish First Bar,20,8,240,354,18.93,-3.21,-1134.63,-8.0,0.503,21,39.2,13.6,80.5,5.9,-3.2052
Bearish First Bar,20,8,390,354,17.51,-3.35,-1186.33,-8.0,0.492,21,43.6,15.8,82.2,2.0,-3.3512
Bearish First Bar,20,10,15,354,30.79,-3.84,-1358.3,-6.62,0.306,15,9.8,2.0,46.9,51.1,-3.837
Bearish First Bar,20,10,30,354,27.97,-3.95,-1398.56,-10.0,0.369,18,16.3,4.8,57.6,37.6,-3.9507
Bearish First Bar,20,10,60,354,27.12,-3.93,-1390.36,-10.0,0.43,13,25.4,7.9,66.4,25.7,-3.9276
Bearish First Bar,20,10,120,354,27.4,-3.11,-1101.04,-10.0,0.557,13,37.5,14.4,68.6,16.9,-3.1103
Bearish First Bar,20,10,240,354,25.99,-2.89,-1021.3,-10.0,0.602,13,52.7,18.1,71.8,10.2,-2.885
Bearish First Bar,20,10,390,354,24.86,-2.97,-1051.73,-10.0,0.602,15,61.2,21.8,74.3,4.0,-2.971
Bearish First Bar,20,15,15,354,32.2,-4.47,-1581.07,-4.51,0.291,15,12.4,2.3,26.8,70.9,-4.4663
Bearish First Bar,20,15,30,354,33.05,-4.54,-1607.78,-5.3,0.371,17,22.0,5.6,37.9,56.5,-4.5418
Bearish First Bar,20,15,60,354,34.18,-4.66,-1649.26,-9.27,0.43,9,36.5,9.3,48.3,42.4,-4.6589
Bearish First Bar,20,15,120,354,37.01,-3.51,-1242.36,-15.0,0.586,12,56.9,17.5,53.1,29.4,-3.5095
Bearish First Bar,20,15,240,354,35.59,-3.2,-1132.23,-15.0,0.641,12,85.1,23.4,57.3,19.2,-3.1984
Bearish First Bar,20,15,390,354,34.18,-3.47,-1229.66,-15.0,0.633,13,105.3,28.5,61.6,9.9,-3.4736
Bearish First Bar,20,20,15,354,32.77,-4.93,-1745.12,-4.22,0.278,15,13.3,2.3,16.4,81.4,-4.9297
Bearish First Bar,20,20,30,354,34.46,-5.3,-1875.41,-4.73,0.345,17,24.4,5.9,28.0,66.1,-5.2978
Bearish First Bar,20,20,60,354,36.72,-5.36,-1897.2,-5.6,0.414,9,42.1,9.9,37.3,52.8,-5.3593
Bearish First Bar,20,20,120,354,40.96,-4.41,-1561.36,-7.4,0.551,12,67.5,18.6,44.4,37.0,-4.4106
Bearish First Bar,20,20,240,354,39.55,-4.11,-1454.76,-13.43,0.608,12,104.8,25.4,47.7,26.8,-4.1095
Bearish First Bar,20,20,390,354,39.55,-4.39,-1552.44,-20.0,0.609,13,132.2,32.2,53.4,14.4,-4.3854
Bearish First Bar,20,30,15,354,33.62,-5.03,-1781.73,-3.89,0.285,15,14.3,2.5,6.5,91.0,-5.0331
Bearish First Bar,20,30,30,354,37.29,-5.29,-1872.26,-4.17,0.374,10,27.4,7.3,11.9,80.8,-5.2889
Bearish First Bar,20,30,60,354,40.96,-5.65,-2001.07,-4.06,0.434,8,49.5,11.6,20.6,67.8,-5.6527
Bearish First Bar,20,30,120,354,45.76,-4.66,-1650.35,-2.78,0.566,11,84.1,21.2,26.8,52.0,-4.662
Bearish First Bar,20,30,240,354,46.05,-4.52,-1599.68,-2.67,0.62,10,135.9,29.7,32.8,37.6,-4.5189
Bearish First Bar,20,30,390,354,47.46,-4.7,-1664.22,-2.22,0.631,7,179.1,37.9,37.9,24.3,-4.7012
Bearish First Bar,20,50,15,354,34.18,-4.96,-1756.79,-3.75,0.297,15,14.8,2.8,1.4,95.8,-4.9627
Bearish First Bar,20,50,30,354,38.14,-5.26,-1863.46,-3.67,0.384,10,28.8,7.9,2.8,89.3,-5.264
Bearish First Bar,20,50,60,354,43.5,-5.39,-1906.63,-2.61,0.461,8,54.2,12.4,6.8,80.8,-5.386
Bearish First Bar,20,50,120,354,48.31,-4.7,-1662.05,-0.46,0.583,11,97.4,23.4,9.9,66.7,-4.6951
Bearish First Bar,20,50,240,354,50.0,-4.59,-1624.19,-0.07,0.637,7,168.1,32.8,14.1,53.1,-4.5881
Bearish First Bar,20,50,390,354,52.54,-4.99,-1766.02,1.79,0.642,7,234.3,41.8,18.9,39.3,-4.9888
Bearish First Bar,30,2,15,354,3.67,-1.68,-593.69,-2.0,0.129,64,1.7,0.0,96.3,3.7,-1.6771
Bearish First Bar,30,2,30,354,2.54,-1.72,-607.27,-2.0,0.12,64,2.2,0.0,97.5,2.5,-1.7155
Bearish First Bar,30,2,60,354,2.26,-1.61,-570.98,-2.0,0.175,64,2.7,0.6,97.7,1.7,-1.6129
Bearish First Bar,30,2,120,354,1.69,-1.62,-573.47,-2.0,0.176,98,3.5,0.6,98.3,1.1,-1.62
Bearish First Bar,30,2,240,354,1.69,-1.59,-561.88,-2.0,0.193,98,4.6,0.8,98.3,0.8,-1.5872
Bearish First Bar,30,2,390,354,1.41,-1.6,-567.53,-2.0,0.187,98,5.1,1.1,98.6,0.3,-1.6032
Bearish First Bar,30,5,15,354,16.95,-3.07,-1088.16,-5.0,0.238,34,5.1,0.3,79.1,20.6,-3.0739
Bearish First Bar,30,5,30,354,13.28,-3.31,-1170.16,-5.0,0.224,42,7.8,0.3,84.2,15.5,-3.3055
Bearish First Bar,30,5,60,354,11.3,-3.12,-1104.67,-5.0,0.296,47,11.4,1.1,88.4,10.5,-3.1205
Bearish First Bar,30,5,120,354,9.32,-3.05,-1080.01,-5.0,0.325,47,16.9,1.7,90.4,7.9,-3.0509
Bearish First Bar,30,5,240,354,8.76,-2.94,-1040.1,-5.0,0.356,47,25.0,2.5,91.2,6.2,-2.9381
Bearish First Bar,30,5,390,354,8.19,-2.73,-966.74,-5.0,0.405,47,32.2,4.2,91.8,4.0,-2.7309
Bearish First Bar,30,8,15,354,27.4,-3.63,-1285.41,-8.0,0.284,17,8.2,0.3,57.6,42.1,-3.6311
Bearish First Bar,30,8,30,354,24.29,-3.65,-1293.53,-8.0,0.344,18,13.7,0.6,66.7,32.8,-3.654
Bearish First Bar,30,8,60,354,21.75,-3.59,-1270.37,-8.0,0.413,19,21.7,3.1,75.1,21.8,-3.5886
Bearish First Bar,30,8,120,354,19.21,-3.27,-1156.67,-8.0,0.486,21,33.6,4.2,78.2,17.5,-3.2674
Bearish First Bar,30,8,240,354,18.36,-2.85,-1009.15,-8.0,0.56,21,50.1,7.3,80.8,11.9,-2.8507
Bearish First Bar,30,8,390,354,16.1,-2.75,-974.51,-8.0,0.589,21,63.6,10.2,83.3,6.5,-2.7529
Bearish First Bar,30,10,15,354,30.79,-3.74,-1323.13,-6.62,0.324,15,9.9,0.8,46.9,52.3,-3.7377
Bearish First Bar,30,10,30,354,27.97,-3.78,-1339.83,-10.0,0.396,18,16.7,2.0,57.6,40.4,-3.7848
Bearish First Bar,30,10,60,354,26.84,-3.58,-1266.14,-10.0,0.483,13,26.5,4.8,66.7,28.5,-3.5767
Bearish First Bar,30,10,120,354,26.84,-2.7,-955.09,-10.0,0.619,13,42.2,7.1,69.2,23.7,-2.698
Bearish First Bar,30,10,240,354,24.86,-2.41,-852.24,-10.0,0.672,13,65.6,10.5,72.6,16.9,-2.4075
Bearish First Bar,30,10,390,354,22.6,-2.39,-847.23,-10.0,0.689,15,85.6,13.3,76.3,10.5,-2.3933
Bearish First Bar,30,15,15,354,32.2,-4.38,-1550.84,-4.51,0.305,15,12.4,0.8,26.8,72.3,-4.3809
Bearish First Bar,30,15,30,354,33.05,-4.37,-1547.67,-5.3,0.395,17,22.4,2.3,37.9,59.9,-4.3719
Bearish First Bar,30,15,60,354,33.9,-4.23,-1497.85,-10.23,0.484,9,37.8,5.6,48.3,46.0,-4.2312
Bearish First Bar,30,15,120,354,36.44,-3.05,-1079.78,-15.0,0.641,12,63.1,8.5,53.1,38.4,-3.0502
Bearish First Bar,30,15,240,354,34.46,-2.5,-884.77,-15.0,0.724,12,102.9,13.6,58.2,28.2,-2.4994
Bearish First Bar,30,15,390,354,31.92,-2.5,-886.18,-15.0,0.743,13,137.8,18.1,62.7,19.2,-2.5033
Bearish First Bar,30,20,15,354,32.77,-4.84,-1714.89,-4.22,0.29,15,13.4,0.8,16.4,82.8,-4.8443
Bearish First Bar,30,20,30,354,34.46,-5.15,-1823.97,-4.73,0.363,17,24.9,2.3,28.0,69.8,-5.1525
Bearish First Bar,30,20,60,354,36.44,-4.95,-1752.86,-5.84,0.46,9,43.6,5.9,37.3,56.8,-4.9516
Bearish First Bar,30,20,120,354,40.4,-3.93,-1391.26,-7.46,0.601,12,74.2,9.0,44.4,46.6,-3.9301
Bearish First Bar,30,20,240,354,38.42,-3.39,-1200.59,-15.44,0.682,12,124.0,14.4,48.6,37.0,-3.3915
Bearish First Bar,30,20,390,354,37.29,-3.33,-1178.55,-20.0,0.711,13,168.8,19.8,54.5,25.7,-3.3292
Bearish First Bar,30,30,15,354,33.62,-4.94,-1749.04,-3.89,0.298,15,14.4,0.8,6.5,92.7,-4.9408
Bearish First Bar,30,30,30,354,37.29,-5.07,-1794.49,-4.17,0.4,10,27.9,3.1,11.9,85.0,-5.0692
Bearish First Bar,30,30,60,354,40.68,-5.19,-1838.86,-4.1,0.481,8,51.2,6.8,20.6,72.6,-5.1945
Bearish First Bar,30,30,120,354,45.2,-4.11,-1453.86,-2.89,0.619,11,91.4,10.5,26.8,62.7,-4.1069
Bearish First Bar,30,30,240,354,44.92,-3.79,-1340.26,-3.38,0.687,10,157.8,16.9,33.3,49.7,-3.786
Bearish First Bar,30,30,390,354,44.35,-3.8,-1346.05,-5.91,0.714,7,221.1,23.2,39.0,37.9,-3.8024
Bearish First Bar,30,50,15,354,34.18,-4.87,-1724.45,-3.75,0.31,15,14.9,0.8,1.4,97.7,-4.8713
Bearish First Bar,30,50,30,354,37.85,-5.13,-1814.52,-3.89,0.404,10,29.4,3.4,2.8,93.8,-5.1258
Bearish First Bar,30,50,60,354,42.94,-5.1,-1805.44,-2.68,0.499,8,56.0,7.1,7.1,85.9,-5.1001
Bearish First Bar,30,50,120,354,47.46,-4.28,-1515.72,-1.08,0.626,11,105.3,11.6,10.2,78.2,-4.2817
Bearish First Bar,30,50,240,354,48.02,-4.32,-1528.64,-0.99,0.676,7,191.3,18.9,15.3,65.8,-4.3182
Bearish First Bar,30,50,390,354,48.31,-4.61,-1631.04,-1.85,0.694,7,279.1,26.0,20.1,54.0,-4.6075
Bearish First Bar,50,2,15,354,3.67,-1.68,-593.69,-2.0,0.129,64,1.7,0.0,96.3,3.7,-1.6771
Bearish First Bar,50,2,30,354,2.54,-1.72,-607.27,-2.0,0.12,64,2.2,0.0,97.5,2.5,-1.7155
Bearish First Bar,50,2,60,354,2.26,-1.67,-589.58,-2.0,0.148,64,2.8,0.0,97.7,2.3,-1.6655
Bearish First Bar,50,2,120,354,1.69,-1.69,-597.26,-2.0,0.142,98,4.0,0.0,98.3,1.7,-1.6872
Bearish First Bar,50,2,240,354,1.41,-1.67,-589.79,-2.0,0.155,98,5.6,0.0,98.6,1.4,-1.6661
Bearish First Bar,50,2,390,354,1.13,-1.55,-547.63,-2.0,0.218,120,6.4,0.6,98.9,0.6,-1.547
Bearish First Bar,50,5,15,354,16.95,-3.07,-1086.39,-5.0,0.239,34,5.1,0.0,79.1,20.9,-3.0689
Bearish First Bar,50,5,30,354,13.28,-3.31,-1172.19,-5.0,0.223,42,7.8,0.0,84.2,15.8,-3.3113
Bearish First Bar,50,5,60,354,11.3,-3.22,-1138.21,-5.0,0.275,47,11.7,0.0,88.4,11.6,-3.2153
Bearish First Bar,50,5,120,354,9.32,-3.21,-1137.32,-5.0,0.289,47,18.1,0.0,90.4,9.6,-3.2128
Bearish First Bar,50,5,240,354,8.19,-2.97,-1052.56,-5.0,0.352,47,28.0,0.6,91.8,7.6,-2.9733
Bearish First Bar,50,5,390,354,7.63,-2.41,-852.1,-5.0,0.479,47,37.1,1.7,92.4,5.9,-2.4071
Bearish First Bar,50,8,15,354,27.4,-3.63,-1283.64,-8.0,0.285,17,8.2,0.0,57.6,42.4,-3.6261
Bearish First Bar,50,8,30,354,24.29,-3.61,-1278.18,-8.0,0.352,18,13.8,0.0,66.7,33.3,-3.6107
Bearish First Bar,50,8,60,354,21.75,-3.52,-1245.37,-8.0,0.425,19,22.3,0.8,75.1,24.0,-3.518
Bearish First Bar,50,8,120,354,19.21,-3.2,-1131.16,-8.0,0.497,21,35.9,1.1,78.2,20.6,-3.1954
Bearish First Bar,50,8,240,354,17.51,-2.72,-962.06,-8.0,0.585,23,57.3,2.0,81.6,16.4,-2.7177
Bearish First Bar,50,8,390,354,14.69,-2.32,-821.5,-8.0,0.659,27,77.5,3.4,84.5,12.1,-2.3206
Bearish First Bar,50,10,15,354,30.79,-3.67,-1299.28,-6.62,0.336,15,9.9,0.3,46.9,52.8,-3.6703
Bearish First Bar,50,10,30,354,27.97,-3.7,-1311.48,-10.0,0.409,18,16.9,0.3,57.6,42.1,-3.7047
Bearish First Bar,50,10,60,354,26.84,-3.35,-1186.45,-10.0,0.516,13,27.6,1.7,66.7,31.6,-3.3516
Bearish First Bar,50,10,120,354,26.55,-2.61,-925.0,-10.0,0.632,15,45.5,2.0,69.5,28.5,-2.613
Bearish First Bar,50,10,240,354,23.73,-2.2,-780.2,-10.0,0.704,15,76.1,2.8,73.7,23.4,-2.204
Bearish First Bar,50,10,390,354,20.9,-1.71,-603.98,-10.0,0.782,15,104.4,5.4,77.7,16.9,-1.7062
Bearish First Bar,50,15,15,354,32.2,-4.31,-1526.99,-4.51,0.316,15,12.5,0.3,26.8,72.9,-4.3135
Bearish First Bar,50,15,30,354,33.05,-4.28,-1513.95,-5.3,0.408,17,22.6,0.3,37.9,61.9,-4.2767
Bearish First Bar,50,15,60,354,33.9,-3.95,-1397.7,-10.23,0.518,9,39.1,2.0,48.3,49.7,-3.9483
Bearish First Bar,50,15,120,354,36.16,-2.83,-1003.06,-15.0,0.668,14,66.8,2.8,53.4,43.8,-2.8335
Bearish First Bar,50,15,240,354,33.05,-2.17,-769.06,-15.0,0.765,14,115.1,3.7,59.3,37.0,-2.1725
Bearish First Bar,50,15,390,354,29.94,-1.76,-623.58,-15.0,0.824,15,162.3,7.3,64.4,28.2,-1.7615
Bearish First Bar,50,20,15,354,32.77,-4.78,-1691.04,-4.22,0.3,15,13.4,0.3,16.4,83.3,-4.7769
Bearish First Bar,50,20,30,354,34.46,-5.06,-1790.25,-4.73,0.375,17,25.1,0.3,28.0,71.8,-5.0572
Bearish First Bar,50,20,60,354,36.44,-4.68,-1657.89,-5.84,0.49,9,44.9,2.0,37.3,60.7,-4.6833
Bearish First Bar,50,20,120,354,40.4,-3.68,-1300.98,-7.46,0.627,12,78.3,2.8,44.4,52.8,-3.6751
Bearish First Bar,50,20,240,354,37.01,-3.16,-1116.96,-17.29,0.71,14,137.6,4.0,49.2,46.9,-3.1553
Bearish First Bar,50,20,390,354,34.46,-2.86,-1014.13,-20.0,0.759,15,196.4,7.6,56.2,36.2,-2.8648
Bearish First Bar,50,30,15,354,33.62,-4.87,-1725.19,-3.89,0.308,15,14.5,0.3,6.5,93.2,-4.8734
Bearish First Bar,50,30,30,354,37.29,-5.09,-1801.4,-4.17,0.397,10,28.1,0.3,11.9,87.9,-5.0887
Bearish First Bar,50,30,60,354,40.68,-4.9,-1732.91,-4.1,0.511,8,52.9,2.0,20.6,77.4,-4.8952
Bearish First Bar,50,30,120,354,45.2,-3.8,-1344.54,-2.89,0.647,11,96.4,3.4,26.8,69.8,-3.7981
Bearish First Bar,50,30,240,354,43.22,-3.48,-1230.52,-4.08,0.717,10,174.1,4.8,33.6,61.6,-3.476
Bearish First Bar,50,30,390,354,40.96,-3.47,-1227.8,-7.68,0.75,12,255.6,8.8,40.1,51.1,-3.4684
Bearish First Bar,50,50,15,354,34.18,-4.8,-1700.6,-3.75,0.32,15,14.9,0.3,1.4,98.3,-4.804
Bearish First Bar,50,50,30,354,37.85,-5.09,-1801.43,-3.89,0.409,10,29.6,0.6,2.8,96.6,-5.0888
Bearish First Bar,50,50,60,354,42.94,-4.74,-1679.49,-2.68,0.534,8,57.7,2.3,7.1,90.7,-4.7443
Bearish First Bar,50,50,120,354,47.46,-3.95,-1396.78,-1.08,0.655,11,110.6,3.7,10.2,86.2,-3.9457
Bearish First Bar,50,50,240,354,46.33,-3.89,-1375.43,-2.1,0.715,7,209.0,5.6,15.5,78.8,-3.8854
Bearish First Bar,50,50,390,354,44.92,-3.99,-1413.69,-4.06,0.745,12,317.4,10.2,20.6,69.2,-3.9935
Bearish First Bar,75,2,15,354,3.67,-1.68,-593.69,-2.0,0.129,64,1.7,0.0,96.3,3.7,-1.6771
Bearish First Bar,75,2,30,354,2.54,-1.72,-607.27,-2.0,0.12,64,2.2,0.0,97.5,2.5,-1.7155
Bearish First Bar,75,2,60,354,2.26,-1.67,-589.58,-2.0,0.148,64,2.8,0.0,97.7,2.3,-1.6655
Bearish First Bar,75,2,120,354,1.69,-1.69,-597.26,-2.0,0.142,98,4.0,0.0,98.3,1.7,-1.6872
Bearish First Bar,75,2,240,354,1.41,-1.67,-589.79,-2.0,0.155,98,5.6,0.0,98.6,1.4,-1.6661
Bearish First Bar,75,2,390,354,1.13,-1.52,-537.16,-2.0,0.233,120,7.0,0.0,98.9,1.1,-1.5174
Bearish First Bar,75,5,15,354,16.95,-3.07,-1086.39,-5.0,0.239,34,5.1,0.0,79.1,20.9,-3.0689
Bearish First Bar,75,5,30,354,13.28,-3.31,-1172.19,-5.0,0.223,42,7.8,0.0,84.2,15.8,-3.3113
Bearish First Bar,75,5,60,354,11.3,-3.22,-1138.21,-5.0,0.275,47,11.7,0.0,88.4,11.6,-3.2153
Bearish First Bar,75,5,120,354,9.32,-3.21,-1137.32,-5.0,0.289,47,18.1,0.0,90.4,9.6,-3.2128
Bearish First Bar,75,5,240,354,8.19,-2.96,-1048.07,-5.0,0.355,47,28.1,0.0,91.8,8.2,-2.9606
Bearish First Bar,75,5,390,354,7.63,-2.4,-850.74,-5.0,0.48,47,38.6,0.0,92.4,7.6,-2.4032
Bearish First Bar,75,8,15,354,27.4,-3.63,-1283.64,-8.0,0.285,17,8.2,0.0,57.6,42.4,-3.6261
Bearish First Bar,75,8,30,354,24.29,-3.61,-1278.18,-8.0,0.352,18,13.8,0.0,66.7,33.3,-3.6107
Bearish First Bar,75,8,60,354,21.75,-3.51,-1242.99,-8.0,0.426,19,22.5,0.0,75.1,24.9,-3.5113
Bearish First Bar,75,8,120,354,19.21,-3.28,-1162.6,-8.0,0.483,21,36.5,0.3,78.2,21.5,-3.2842
Bearish First Bar,75,8,240,354,17.23,-2.82,-998.13,-8.0,0.571,25,59.1,0.3,81.9,17.8,-2.8196
Bearish First Bar,75,8,390,354,14.41,-2.39,-846.63,-8.0,0.65,27,82.0,0.3,84.7,15.0,-2.3916
Bearish First Bar,75,10,15,354,30.79,-3.75,-1327.21,-6.62,0.322,15,9.9,0.0,46.9,53.1,-3.7492
Bearish First Bar,75,10,30,354,27.97,-3.63,-1286.48,-10.0,0.42,18,16.9,0.3,57.6,42.1,-3.6341
Bearish First Bar,75,10,60,354,26.84,-3.26,-1152.92,-10.0,0.529,13,27.9,0.3,66.7,33.1,-3.2568
Bearish First Bar,75,10,120,354,26.55,-2.54,-899.04,-10.0,0.643,15,46.5,0.8,69.5,29.7,-2.5397
Bearish First Bar,75,10,240,354,23.45,-2.1,-743.27,-10.0,0.719,17,78.5,1.1,74.0,24.9,-2.0996
Bearish First Bar,75,10,390,354,20.62,-1.66,-587.77,-10.0,0.789,17,110.7,1.1,78.0,20.9,-1.6604
Bearish First Bar,75,15,15,354,32.2,-4.39,-1554.92,-4.51,0.303,15,12.5,0.0,26.8,73.2,-4.3924
Bearish First Bar,75,15,30,354,33.05,-4.21,-1488.95,-5.3,0.418,17,22.6,0.3,37.9,61.9,-4.2061
Bearish First Bar,75,15,60,354,33.9,-3.84,-1359.4,-10.23,0.532,9,39.4,0.3,48.3,51.4,-3.8401
Bearish First Bar,75,15,120,354,36.16,-2.76,-976.9,-15.0,0.677,14,68.2,0.8,53.4,45.8,-2.7596
Bearish First Bar,75,15,240,354,32.77,-2.14,-756.05,-15.0,0.77,15,118.6,1.4,59.6,39.0,-2.1357
Bearish First Bar,75,15,390,354,29.66,-1.82,-643.6,-15.0,0.819,16,171.5,1.4,64.7,33.9,-1.8181
Bearish First Bar,75,20,15,354,32.77,-4.86,-1718.97,-4.22,0.289,15,13.5,0.0,16.4,83.6,-4.8558
Bearish First Bar,75,20,30,354,34.46,-4.99,-1765.25,-4.73,0.384,17,25.1,0.3,28.0,71.8,-4.9866
Bearish First Bar,75,20,60,354,36.44,-4.58,-1619.59,-5.84,0.501,9,45.2,0.3,37.3,62.4,-4.5751
Bearish First Bar,75,20,120,354,40.4,-3.6,-1274.82,-7.46,0.634,12,79.6,0.8,44.4,54.8,-3.6012
Bearish First Bar,75,20,240,354,36.72,-3.11,-1102.43,-17.84,0.715,15,141.4,1.4,49.4,49.2,-3.1142
Bearish First Bar,75,20,390,354,34.18,-2.86,-1014.15,-20.0,0.76,16,206.0,1.7,56.5,41.8,-2.8648
Bearish First Bar,75,30,15,354,33.62,-4.95,-1753.12,-3.89,0.296,15,14.5,0.0,6.5,93.5,-4.9523
Bearish First Bar,75,30,30,354,37.29,-5.02,-1776.4,-4.17,0.406,10,28.2,0.3,11.9,87.9,-5.0181
Bearish First Bar,75,30,60,354,40.68,-4.79,-1694.61,-4.1,0.522,8,53.1,0.3,20.6,79.1,-4.787
Bearish First Bar,75,30,120,354,45.2,-3.61,-1277.46,-2.89,0.665,11,97.9,1.1,26.8,72.0,-3.6086
Bearish First Bar,75,30,240,354,43.22,-3.35,-1187.44,-4.08,0.727,10,178.8,1.7,33.6,64.7,-3.3544
Bearish First Bar,75,30,390,354,40.96,-3.35,-1186.56,-7.68,0.758,12,267.4,2.0,40.1,57.9,-3.3519
Bearish First Bar,75,50,15,354,34.18,-4.88,-1728.53,-3.75,0.309,15,14.9,0.0,1.4,98.6,-4.8829
Bearish First Bar,75,50,30,354,37.85,-4.99,-1766.68,-3.89,0.42,10,29.7,0.3,2.8,96.9,-4.9906
Bearish First Bar,75,50,60,354,42.94,-4.74,-1678.69,-2.68,0.534,8,58.1,0.3,7.1,92.7,-4.7421
Bearish First Bar,75,50,120,354,47.46,-3.71,-1313.23,-1.08,0.676,11,112.4,1.1,10.2,88.7,-3.7097
Bearish First Bar,75,50,240,354,46.33,-3.71,-1312.0,-2.1,0.728,7,214.4,2.3,15.5,82.2,-3.7062
Bearish First Bar,75,50,390,354,44.92,-3.78,-1336.63,-4.06,0.759,12,330.6,2.8,20.6,76.6,-3.7758
Bearish First Bar,100,2,15,354,3.67,-1.68,-593.69,-2.0,0.129,64,1.7,0.0,96.3,3.7,-1.6771
Bearish First Bar,100,2,30,354,2.54,-1.72,-607.27,-2.0,0.12,64,2.2,0.0,97.5,2.5,-1.7155
Bearish First Bar,100,2,60,354,2.26,-1.67,-589.58,-2.0,0.148,64,2.8,0.0,97.7,2.3,-1.6655
Bearish First Bar,100,2,120,354,1.69,-1.69,-597.26,-2.0,0.142,98,4.0,0.0,98.3,1.7,-1.6872
Bearish First Bar,100,2,240,354,1.41,-1.67,-589.79,-2.0,0.155,98,5.6,0.0,98.6,1.4,-1.6661
Bearish First Bar,100,2,390,354,1.13,-1.52,-537.16,-2.0,0.233,120,7.0,0.0,98.9,1.1,-1.5174
Bearish First Bar,100,5,15,354,16.95,-3.07,-1086.39,-5.0,0.239,34,5.1,0.0,79.1,20.9,-3.0689
Bearish First Bar,100,5,30,354,13.28,-3.31,-1172.19,-5.0,0.223,42,7.8,0.0,84.2,15.8,-3.3113
Bearish First Bar,100,5,60,354,11.3,-3.22,-1138.21,-5.0,0.275,47,11.7,0.0,88.4,11.6,-3.2153
Bearish First Bar,100,5,120,354,9.32,-3.21,-1137.32,-5.0,0.289,47,18.1,0.0,90.4,9.6,-3.2128
Bearish First Bar,100,5,240,354,8.19,-2.96,-1048.07,-5.0,0.355,47,28.1,0.0,91.8,8.2,-2.9606
Bearish First Bar,100,5,390,354,7.63,-2.4,-850.74,-5.0,0.48,47,38.6,0.0,92.4,7.6,-2.4032
Bearish First Bar,100,8,15,354,27.4,-3.63,-1283.64,-8.0,0.285,17,8.2,0.0,57.6,42.4,-3.6261
Bearish First Bar,100,8,30,354,24.29,-3.61,-1278.18,-8.0,0.352,18,13.8,0.0,66.7,33.3,-3.6107
Bearish First Bar,100,8,60,354,21.75,-3.51,-1242.99,-8.0,0.426,19,22.5,0.0,75.1,24.9,-3.5113
Bearish First Bar,100,8,120,354,19.21,-3.21,-1137.6,-8.0,0.494,21,36.6,0.3,78.2,21.5,-3.2136
Bearish First Bar,100,8,240,354,17.23,-2.75,-973.13,-8.0,0.582,25,59.1,0.3,81.9,17.8,-2.749
Bearish First Bar,100,8,390,354,14.41,-2.32,-821.63,-8.0,0.66,27,82.0,0.3,84.7,15.0,-2.321
Bearish First Bar,100,10,15,354,30.79,-3.75,-1327.21,-6.62,0.322,15,9.9,0.0,46.9,53.1,-3.7492
Bearish First Bar,100,10,30,354,27.97,-3.64,-1286.96,-10.0,0.42,18,16.9,0.0,57.6,42.4,-3.6355
Bearish First Bar,100,10,60,354,26.84,-3.34,-1183.54,-10.0,0.517,13,28.0,0.0,66.7,33.3,-3.3433
Bearish First Bar,100,10,120,354,26.27,-2.71,-960.16,-10.0,0.62,15,46.8,0.3,69.8,29.9,-2.7123
Bearish First Bar,100,10,240,354,23.16,-2.15,-762.05,-10.0,0.713,17,79.2,0.6,74.3,25.1,-2.1527
Bearish First Bar,100,10,390,354,20.34,-1.69,-597.77,-10.0,0.786,17,111.5,0.8,78.2,20.9,-1.6886
Bearish First Bar,100,15,15,354,32.2,-4.39,-1554.92,-4.51,0.303,15,12.5,0.0,26.8,73.2,-4.3924
Bearish First Bar,100,15,30,354,33.05,-4.21,-1489.43,-5.3,0.417,17,22.6,0.0,37.9,62.1,-4.2074
Bearish First Bar,100,15,60,354,33.9,-3.93,-1390.02,-10.23,0.521,9,39.5,0.0,48.3,51.7,-3.9266
Bearish First Bar,100,15,120,354,35.88,-2.95,-1043.02,-15.0,0.657,14,68.4,0.3,53.7,46.0,-2.9464
Bearish First Bar,100,15,240,354,32.49,-2.21,-781.34,-15.0,0.763,15,119.4,0.6,59.9,39.5,-2.2072
Bearish First Bar,100,15,390,354,29.38,-1.84,-652.82,-15.0,0.817,16,172.9,0.8,65.0,34.2,-1.8441
Bearish First Bar,100,20,15,354,32.77,-4.86,-1718.97,-4.22,0.289,15,13.5,0.0,16.4,83.6,-4.8558
Bearish First Bar,100,20,30,354,34.46,-4.99,-1765.73,-4.73,0.383,17,25.1,0.0,28.0,72.0,-4.9879
Bearish First Bar,100,20,60,354,36.44,-4.66,-1650.21,-5.84,0.492,9,45.3,0.0,37.3,62.7,-4.6616
Bearish First Bar,100,20,120,354,40.4,-3.62,-1283.17,-7.46,0.632,12,80.0,0.3,44.4,55.4,-3.6248
Bearish First Bar,100,20,240,354,36.72,-2.86,-1012.72,-17.84,0.738,15,142.6,0.8,49.4,49.7,-2.8608
Bearish First Bar,100,20,390,354,34.18,-2.62,-927.68,-20.0,0.781,16,208.0,1.1,56.5,42.4,-2.6206
Bearish First Bar,100,30,15,354,33.62,-4.95,-1753.12,-3.89,0.296,15,14.5,0.0,6.5,93.5,-4.9523
Bearish First Bar,100,30,30,354,37.29,-5.02,-1776.88,-4.17,0.405,10,28.2,0.0,11.9,88.1,-5.0194
Bearish First Bar,100,30,60,354,40.68,-4.87,-1725.23,-4.1,0.513,8,53.2,0.0,20.6,79.4,-4.8735
Bearish First Bar,100,30,120,354,45.2,-3.6,-1273.27,-2.89,0.666,11,98.3,0.3,26.8,72.9,-3.5968
Bearish First Bar,100,30,240,354,43.22,-3.03,-1072.73,-4.08,0.754,10,180.1,1.1,33.6,65.3,-3.0303
Bearish First Bar,100,30,390,354,40.96,-3.04,-1075.09,-7.68,0.781,12,269.5,1.4,40.1,58.5,-3.037
Bearish First Bar,100,50,15,354,34.18,-4.88,-1728.53,-3.75,0.309,15,14.9,0.0,1.4,98.6,-4.8829
Bearish First Bar,100,50,30,354,37.85,-4.99,-1767.16,-3.89,0.42,10,29.7,0.0,2.8,97.2,-4.992
Bearish First Bar,100,50,60,354,42.94,-4.83,-1709.31,-2.68,0.525,8,58.1,0.0,7.1,92.9,-4.8286
Bearish First Bar,100,50,120,354,47.46,-3.7,-1309.04,-1.08,0.677,11,112.7,0.3,10.2,89.5,-3.6979
Bearish First Bar,100,50,240,354,46.33,-3.42,-1210.71,-2.1,0.749,7,216.1,1.1,15.5,83.3,-3.4201
Bearish First Bar,100,50,390,354,44.92,-3.64,-1288.05,-4.06,0.768,12,334.2,1.4,20.6,78.0,-3.6386
After 3+ Down Days,2,2,15,71,49.3,-0.03,-2,-2,0.972,7,1.0,49.3,50.7,0.0,-0.0282
After 3+ Down Days,2,2,30,71,49.3,-0.03,-2,-2,0.972,7,1.0,49.3,50.7,0.0,-0.0282
After 3+ Down Days,2,2,60,71,49.3,-0.03,-2,-2,0.972,7,1.0,49.3,50.7,0.0,-0.0282
After 3+ Down Days,2,2,120,71,49.3,-0.03,-2,-2,0.972,7,1.0,49.3,50.7,0.0,-0.0282
After 3+ Down Days,2,2,240,71,49.3,-0.03,-2,-2,0.972,7,1.0,49.3,50.7,0.0,-0.0282
After 3+ Down Days,2,2,390,71,49.3,-0.03,-2,-2,0.972,7,1.0,49.3,50.7,0.0,-0.0282
After 3+ Down Days,2,5,15,71,59.15,-0.86,-61,2,0.579,4,1.7,59.2,40.8,0.0,-0.8592
After 3+ Down Days,2,5,30,71,59.15,-0.86,-61,2,0.579,4,1.7,59.2,40.8,0.0,-0.8592
After 3+ Down Days,2,5,60,71,59.15,-0.86,-61,2,0.579,4,1.7,59.2,40.8,0.0,-0.8592
After 3+ Down Days,2,5,120,71,59.15,-0.86,-61,2,0.579,4,1.7,59.2,40.8,0.0,-0.8592
After 3+ Down Days,2,5,240,71,59.15,-0.86,-61,2,0.579,4,1.7,59.2,40.8,0.0,-0.8592
After 3+ Down Days,2,5,390,71,59.15,-0.86,-61,2,0.579,4,1.7,59.2,40.8,0.0,-0.8592
After 3+ Down Days,2,8,15,71,67.61,-1.06,-75.27,2,0.556,4,2.9,66.2,26.8,7.0,-1.0601
After 3+ Down Days,2,8,30,71,67.61,-1.13,-80.52,2,0.544,4,3.4,67.6,31.0,1.4,-1.1341
After 3+ Down Days,2,8,60,71,69.01,-1.1,-78,2,0.557,4,3.5,69.0,31.0,0.0,-1.0986
After 3+ Down Days,2,8,120,71,69.01,-1.1,-78,2,0.557,4,3.5,69.0,31.0,0.0,-1.0986
After 3+ Down Days,2,8,240,71,69.01,-1.1,-78,2,0.557,4,3.5,69.0,31.0,0.0,-1.0986
After 3+ Down Days,2,8,390,71,69.01,-1.1,-78,2,0.557,4,3.5,69.0,31.0,0.0,-1.0986
After 3+ Down Days,2,10,15,71,67.61,-1.6,-113.27,2,0.454,4,3.1,66.2,26.8,7.0,-1.5954
After 3+ Down Days,2,10,30,71,67.61,-1.66,-117.55,2,0.45,4,3.8,67.6,29.6,2.8,-1.6556
After 3+ Down Days,2,10,60,71,70.42,-1.55,-110,2,0.476,4,4.0,70.4,29.6,0.0,-1.5493
After 3+ Down Days,2,10,120,71,70.42,-1.55,-110,2,0.476,4,4.0,70.4,29.6,0.0,-1.5493
After 3+ Down Days,2,10,240,71,70.42,-1.55,-110,2,0.476,4,4.0,70.4,29.6,0.0,-1.5493
After 3+ Down Days,2,10,390,71,70.42,-1.55,-110,2,0.476,4,4.0,70.4,29.6,0.0,-1.5493
After 3+ Down Days,2,15,15,71,70.42,-2.01,-142.82,2,0.407,3,4.3,69.0,18.3,12.7,-2.0115
After 3+ Down Days,2,15,30,71,71.83,-2.09,-148.69,2,0.404,3,6.0,70.4,19.7,9.9,-2.0942
After 3+ Down Days,2,15,60,71,74.65,-1.99,-141.59,2,0.428,3,7.3,74.6,22.5,2.8,-1.9942
After 3+ Down Days,2,15,120,71,77.46,-1.83,-130,2,0.458,3,7.9,77.5,22.5,0.0,-1.831
After 3+ Down Days,2,15,240,71,77.46,-1.83,-130,2,0.458,3,7.9,77.5,22.5,0.0,-1.831
After 3+ Down Days,2,15,390,71,77.46,-1.83,-130,2,0.458,3,7.9,77.5,22.5,0.0,-1.831
After 3+ Down Days,2,20,15,71,70.42,-2.61,-185.62,2,0.346,3,4.7,69.0,15.5,15.5,-2.6144
After 3+ Down Days,2,20,30,71,71.83,-2.76,-195.69,2,0.34,3,6.7,70.4,16.9,12.7,-2.7562
After 3+ Down Days,2,20,60,71,76.06,-2.7,-191.45,2,0.361,3,8.3,76.1,19.7,4.2,-2.6965
After 3+ Down Days,2,20,120,71,78.87,-2.65,-188,2,0.373,3,9.1,78.9,21.1,0.0,-2.6479
After 3+ Down Days,2,20,240,71,78.87,-2.65,-188,2,0.373,3,9.1,78.9,21.1,0.0,-2.6479
After 3+ Down Days,2,20,390,71,78.87,-2.65,-188,2,0.373,3,9.1,78.9,21.1,0.0,-2.6479
After 3+ Down Days,2,30,15,71,71.83,-2.78,-197.3,2,0.337,3,5.9,70.4,5.6,23.9,-2.7789
After 3+ Down Days,2,30,30,71,76.06,-2.85,-202.41,2,0.345,2,9,74.6,8.5,16.9,-2.8508
After 3+ Down Days,2,30,60,71,80.28,-3.18,-225.91,2,0.335,2,11.7,80.3,12.7,7.0,-3.1818
After 3+ Down Days,2,30,120,71,83.1,-3.13,-222.3,2,0.347,2,13.8,83.1,15.5,1.4,-3.131
After 3+ Down Days,2,30,240,71,83.1,-3.04,-215.96,2,0.353,2,15.5,83.1,15.5,1.4,-3.0417
After 3+ Down Days,2,30,390,71,84.51,-2.96,-210,2,0.364,2,16.3,84.5,15.5,0.0,-2.9577
After 3+ Down Days,2,50,15,71,71.83,-3.16,-224.1,2,0.309,3,6.1,70.4,1.4,28.2,-3.1563
After 3+ Down Days,2,50,30,71,76.06,-2.97,-211.1,2,0.336,2,10.0,74.6,1.4,23.9,-2.9732
After 3+ Down Days,2,50,60,71,83.1,-2.47,-175.43,2,0.402,2,14.8,83.1,4.2,12.7,-2.4708
After 3+ Down Days,2,50,120,71,87.32,-2.39,-169.41,2,0.423,2,20.2,87.3,5.6,7.0,-2.3861
After 3+ Down Days,2,50,240,71,88.73,-2.58,-182.85,2,0.408,2,27.3,88.7,7.0,4.2,-2.5754
After 3+ Down Days,2,50,390,71,91.55,-2.04,-144.89,2,0.473,2,31.4,91.5,7.0,1.4,-2.0407
After 3+ Down Days,5,2,15,71,43.66,1.06,75,-2,1.938,7,1.5,43.7,56.3,0.0,1.0563
After 3+ Down Days,5,2,30,71,43.66,1.06,75,-2,1.938,7,1.5,43.7,56.3,0.0,1.0563
After 3+ Down Days,5,2,60,71,43.66,1.06,75,-2,1.938,7,1.5,43.7,56.3,0.0,1.0563
After 3+ Down Days,5,2,120,71,43.66,1.06,75,-2,1.938,7,1.5,43.7,56.3,0.0,1.0563
After 3+ Down Days,5,2,240,71,43.66,1.06,75,-2,1.938,7,1.5,43.7,56.3,0.0,1.0563
After 3+ Down Days,5,2,390,71,43.66,1.06,75,-2,1.938,7,1.5,43.7,56.3,0.0,1.0563
After 3+ Down Days,5,5,15,71,53.52,0.32,23.05,5,1.14,4,2.4,52.1,46.5,1.4,0.3246
After 3+ Down Days,5,5,30,71,53.52,0.35,25,5,1.152,4,2.5,53.5,46.5,0.0,0.3521
After 3+ Down Days,5,5,60,71,53.52,0.35,25,5,1.152,4,2.5,53.5,46.5,0.0,0.3521
After 3+ Down Days,5,5,120,71,53.52,0.35,25,5,1.152,4,2.5,53.5,46.5,0.0,0.3521
After 3+ Down Days,5,5,240,71,53.52,0.35,25,5,1.152,4,2.5,53.5,46.5,0.0,0.3521
After 3+ Down Days,5,5,390,71,53.52,0.35,25,5,1.152,4,2.5,53.5,46.5,0.0,0.3521
After 3+ Down Days,5,8,15,71,63.38,0.32,22.46,5,1.12,4,4,57.7,29.6,12.7,0.3163
After 3+ Down Days,5,8,30,71,63.38,0.34,24.48,5,1.122,4,4.8,63.4,35.2,1.4,0.3448
After 3+ Down Days,5,8,60,71,63.38,0.29,20.86,5,1.102,4,5.2,63.4,35.2,1.4,0.2938
After 3+ Down Days,5,8,120,71,64.79,0.42,30,5,1.15,4,5.4,64.8,35.2,0.0,0.4225
After 3+ Down Days,5,8,240,71,64.79,0.42,30,5,1.15,4,5.4,64.8,35.2,0.0,0.4225
After 3+ Down Days,5,8,390,71,64.79,0.42,30,5,1.15,4,5.4,64.8,35.2,0.0,0.4225
After 3+ Down Days,5,10,15,71,63.38,-0.28,-19.54,5,0.915,4,4.2,57.7,29.6,12.7,-0.2752
After 3+ Down Days,5,10,30,71,63.38,-0.26,-18.55,5,0.924,4,5.3,63.4,33.8,2.8,-0.2613
After 3+ Down Days,5,10,60,71,64.79,-0.2,-14.14,5,0.942,4,5.8,64.8,33.8,1.4,-0.1992
After 3+ Down Days,5,10,120,71,66.2,-0.07,-5,5,0.979,4,5.9,66.2,33.8,0.0,-0.0704
After 3+ Down Days,5,10,240,71,66.2,-0.07,-5,5,0.979,4,5.9,66.2,33.8,0.0,-0.0704
After 3+ Down Days,5,10,390,71,66.2,-0.07,-5,5,0.979,4,5.9,66.2,33.8,0.0,-0.0704
After 3+ Down Days,5,15,15,71,67.61,-0.47,-33.09,5,0.872,3,5.5,62.0,19.7,18.3,-0.4661
After 3+ Down Days,5,15,30,71,69.01,-0.46,-32.98,5,0.879,3,7.6,67.6,21.1,11.3,-0.4645
After 3+ Down Days,5,15,60,71,70.42,-0.45,-31.73,5,0.887,3,9.4,70.4,25.4,4.2,-0.4469
After 3+ Down Days,5,15,120,71,74.65,-0.15,-10.78,5,0.96,3,11.3,71.8,25.4,2.8,-0.1518
After 3+ Down Days,5,15,240,71,74.65,-0.07,-5,5,0.981,3,11.6,74.6,25.4,0.0,-0.0704
After 3+ Down Days,5,15,390,71,74.65,-0.07,-5,5,0.981,3,11.6,74.6,25.4,0.0,-0.0704
After 3+ Down Days,5,20,15,71,67.61,-1.04,-73.73,5,0.753,3,6.1,62.0,15.5,22.5,-1.0385
After 3+ Down Days,5,20,30,71,69.01,-0.99,-70.58,5,0.773,3,8.7,67.6,16.9,15.5,-0.9941
After 3+ Down Days,5,20,60,71,73.24,-0.72,-51.0,5,0.836,3,11.6,73.2,19.7,7.0,-0.7183
After 3+ Down Days,5,20,120,71,78.87,-0.43,-30.42,5,0.899,3,14.5,74.6,21.1,4.2,-0.4285
After 3+ Down Days,5,20,240,71,78.87,-0.28,-20,5,0.933,3,15.9,78.9,21.1,0.0,-0.2817
After 3+ Down Days,5,20,390,71,78.87,-0.28,-20,5,0.933,3,15.9,78.9,21.1,0.0,-0.2817
After 3+ Down Days,5,30,15,71,67.61,-1.24,-87.72,5,0.72,3,7.3,62.0,5.6,32.4,-1.2355
After 3+ Down Days,5,30,30,71,71.83,-1.07,-75.79,5,0.768,3,11.1,70.4,8.5,21.1,-1.0675
After 3+ Down Days,5,30,60,71,76.06,-1.57,-111.46,5,0.708,3,15.5,76.1,14.1,9.9,-1.5699
After 3+ Down Days,5,30,120,71,81.69,-1.28,-90.72,5,0.755,3,19.7,77.5,16.9,5.6,-1.2777
After 3+ Down Days,5,30,240,71,81.69,-1.04,-73.96,5,0.797,3,22.8,81.7,16.9,1.4,-1.0417
After 3+ Down Days,5,30,390,71,81.69,-1.28,-90.92,5,0.761,3,24.9,81.7,16.9,1.4,-1.2806
After 3+ Down Days,5,50,15,71,67.61,-1.61,-114.52,5,0.663,3,7.5,62.0,1.4,36.6,-1.613
After 3+ Down Days,5,50,30,71,71.83,-1.19,-84.48,5,0.748,3,12.1,70.4,1.4,28.2,-1.1899
After 3+ Down Days,5,50,60,71,77.46,-1.1,-78.36,5,0.778,2,18.8,77.5,4.2,18.3,-1.1037
After 3+ Down Days,5,50,120,71,84.51,-0.88,-62.65,5,0.822,2,28.2,80.3,5.6,14.1,-0.8824
After 3+ Down Days,5,50,240,71,87.32,-0.69,-48.85,5,0.864,2,37.5,87.3,8.5,4.2,-0.688
After 3+ Down Days,5,50,390,71,88.73,-0.43,-30.81,5,0.911,2,42.9,88.7,8.5,2.8,-0.4339
After 3+ Down Days,8,2,15,71,40.85,1.94,137.84,-2,2.641,7,2.1,38.0,59.2,2.8,1.9414
After 3+ Down Days,8,2,30,71,39.44,1.9,134.55,-2,2.565,7,2.3,38.0,60.6,1.4,1.8951
After 3+ Down Days,8,2,60,71,39.44,1.84,130.52,-2,2.518,7,2.7,38.0,60.6,1.4,1.8383
After 3+ Down Days,8,2,120,71,39.44,1.88,133.82,-2,2.556,7,3.6,38.0,60.6,1.4,1.8848
After 3+ Down Days,8,2,240,71,39.44,1.83,130.01,-2,2.512,7,5.3,38.0,60.6,1.4,1.8311
After 3+ Down Days,8,2,390,71,38.03,1.8,128,-2,2.455,7,5.5,38.0,62.0,0.0,1.8028
After 3+ Down Days,8,5,15,71,52.11,1.46,103.81,1.7,1.611,4,3.6,46.5,47.9,5.6,1.4621
After 3+ Down Days,8,5,30,71,50.7,1.57,111.16,4.55,1.641,4,4.3,49.3,47.9,2.8,1.5656
After 3+ Down Days,8,5,60,71,50.7,1.49,105.52,0.52,1.603,4,4.8,49.3,49.3,1.4,1.4862
After 3+ Down Days,8,5,120,71,50.7,1.53,108.82,3.82,1.622,4,5.6,49.3,49.3,1.4,1.5327
After 3+ Down Days,8,5,240,71,50.7,1.48,105.01,0.01,1.6,4,7.3,49.3,49.3,1.4,1.479
After 3+ Down Days,8,5,390,71,49.3,1.41,100,-5,1.556,4,9.0,49.3,50.7,0.0,1.4085
After 3+ Down Days,8,8,15,71,63.38,1.65,117.44,8,1.625,4,5.4,50.7,29.6,19.7,1.6541
After 3+ Down Days,8,8,30,71,60.56,1.78,126.44,8,1.597,4,7.2,57.7,36.6,5.6,1.7808
After 3+ Down Days,8,8,60,71,60.56,1.64,116.38,8,1.529,4,8.2,59.2,38.0,2.8,1.6392
After 3+ Down Days,8,8,120,71,61.97,1.86,131.82,8,1.61,4,9.5,60.6,38.0,1.4,1.8566
After 3+ Down Days,8,8,240,71,61.97,1.8,128.01,8,1.593,4,11.2,60.6,38.0,1.4,1.803
After 3+ Down Days,8,8,390,71,60.56,1.69,120,8,1.536,4,12.9,60.6,39.4,0.0,1.6901
After 3+ Down Days,8,10,15,71,63.38,1.06,75.44,8,1.328,4,5.6,50.7,29.6,19.7,1.0625
After 3+ Down Days,8,10,30,71,60.56,1.15,81.41,8,1.317,4,7.7,57.7,35.2,7.0,1.1466
After 3+ Down Days,8,10,60,71,61.97,1.09,77.4,8,1.293,4,9.2,59.2,36.6,4.2,1.0901
After 3+ Down Days,8,10,120,71,63.38,1.35,95.82,8,1.369,4,10.5,62.0,36.6,1.4,1.3496
After 3+ Down Days,8,10,240,71,63.38,1.3,92.01,8,1.354,4,12.2,62.0,36.6,1.4,1.2959
After 3+ Down Days,8,10,390,71,61.97,1.15,82,8,1.304,4,13.9,62.0,38.0,0.0,1.1549
After 3+ Down Days,8,15,15,71,67.61,1.0,70.89,8,1.274,3,6.9,54.9,19.7,25.4,0.9985
After 3+ Down Days,8,15,30,71,66.2,1.0,70.98,8,1.243,3,10.2,62.0,22.5,15.5,0.9997
After 3+ Down Days,8,15,60,71,67.61,0.86,61.29,8,1.198,3,13.6,63.4,26.8,9.9,0.8632
After 3+ Down Days,8,15,120,71,71.83,1.3,92.04,8,1.307,3,16.8,67.6,28.2,4.2,1.2963
After 3+ Down Days,8,15,240,71,69.01,0.76,54.01,8,1.164,3,21.4,67.6,31.0,1.4,0.7607
After 3+ Down Days,8,15,390,71,67.61,0.55,39,8,1.113,3,23.3,67.6,32.4,0.0,0.5493
After 3+ Down Days,8,20,15,71,67.61,0.43,30.25,8,1.101,3,7.5,54.9,15.5,29.6,0.4261
After 3+ Down Days,8,20,30,71,66.2,0.44,31.11,8,1.094,3,11.2,62.0,16.9,21.1,0.4382
After 3+ Down Days,8,20,60,71,70.42,0.59,41.91,8,1.122,3,16.0,64.8,21.1,14.1,0.5903
After 3+ Down Days,8,20,120,71,76.06,0.96,68.4,8,1.201,3,20.9,70.4,23.9,5.6,0.9634
After 3+ Down Days,8,20,240,71,73.24,0.5,35.41,8,1.095,3,27.2,71.8,23.9,4.2,0.4987
After 3+ Down Days,8,20,390,71,73.24,0.51,36,8,1.095,3,30.2,73.2,26.8,0.0,0.507
After 3+ Down Days,8,30,15,71,67.61,0.23,16.26,8,1.052,3,8.7,54.9,5.6,39.4,0.229
After 3+ Down Days,8,30,30,71,69.01,0.43,30.5,8,1.088,3,13.7,63.4,8.5,28.2,0.4296
After 3+ Down Days,8,30,60,71,73.24,-0.18,-13.05,8,0.969,3,20.5,67.6,14.1,18.3,-0.1838
After 3+ Down Days,8,30,120,71,78.87,0.04,2.49,8,1.006,3,27.1,73.2,18.3,8.5,0.0351
After 3+ Down Days,8,30,240,71,76.06,-0.46,-32.55,8,0.929,3,35.8,74.6,19.7,5.6,-0.4585
After 3+ Down Days,8,30,390,71,76.06,-0.47,-33.72,8,0.928,3,42.9,76.1,19.7,4.2,-0.4749
After 3+ Down Days,8,50,15,71,67.61,-0.15,-10.54,8,0.969,3,8.9,54.9,1.4,43.7,-0.1485
After 3+ Down Days,8,50,30,71,69.01,0.31,21.81,8,1.061,3,14.8,63.4,1.4,35.2,0.3072
After 3+ Down Days,8,50,60,71,74.65,0.32,23.05,8,1.06,2,23.9,69.0,4.2,26.8,0.3246
After 3+ Down Days,8,50,120,71,80.28,0.63,44.99,8,1.116,2,36.9,74.6,5.6,19.7,0.6337
After 3+ Down Days,8,50,240,71,80.28,-0.23,-16.31,8,0.965,2,56.3,78.9,8.5,12.7,-0.2297
After 3+ Down Days,8,50,390,71,80.28,-0.05,-3.2,8,0.993,2,72.0,80.3,9.9,9.9,-0.0451
After 3+ Down Days,10,2,15,71,39.44,2.32,165.02,-2,2.919,7,2.9,32.4,60.6,7.0,2.3242
After 3+ Down Days,10,2,30,71,35.21,2.03,144.24,-2,2.568,8,3.7,32.4,64.8,2.8,2.0315
After 3+ Down Days,10,2,60,71,33.8,1.92,136.52,-2,2.452,9,4.1,32.4,66.2,1.4,1.9228
After 3+ Down Days,10,2,120,71,33.8,1.97,139.82,-2,2.487,9,5.0,32.4,66.2,1.4,1.9693
After 3+ Down Days,10,2,240,71,33.8,1.92,136.01,-2,2.447,9,6.7,32.4,66.2,1.4,1.9156
After 3+ Down Days,10,2,390,71,32.39,1.89,134,-2,2.396,11,6.9,32.4,67.6,0.0,1.8873
After 3+ Down Days,10,5,15,71,50.7,1.97,139.99,0.45,1.8,5,4.6,40.8,49.3,9.9,1.9717
After 3+ Down Days,10,5,30,71,47.89,1.84,130.55,-4.12,1.715,5,6,42.3,49.3,8.5,1.8387
After 3+ Down Days,10,5,60,71,45.07,1.61,114.04,-5,1.585,5,7.2,42.3,54.9,2.8,1.6062
After 3+ Down Days,10,5,120,71,43.66,1.53,108.29,-5,1.554,5,8.9,42.3,54.9,2.8,1.5252
After 3+ Down Days,10,5,240,71,43.66,1.41,100.01,-5,1.5,5,10.6,42.3,56.3,1.4,1.4086
After 3+ Down Days,10,5,390,71,42.25,1.34,95,-5,1.463,6,12.3,42.3,57.7,0.0,1.338
After 3+ Down Days,10,8,15,71,60.56,1.85,131.08,3.05,1.657,4,6.6,40.8,31.0,28.2,1.8462
After 3+ Down Days,10,8,30,71,56.34,1.79,127.15,5.8,1.548,4,9.5,47.9,39.4,12.7,1.7908
After 3+ Down Days,10,8,60,71,52.11,1.28,90.9,8.52,1.339,4,11.4,49.3,46.5,4.2,1.2803
After 3+ Down Days,10,8,120,71,52.11,1.4,99.29,10,1.375,4,14.0,50.7,46.5,2.8,1.3985
After 3+ Down Days,10,8,240,71,52.11,1.24,88.01,10,1.324,4,16.1,50.7,47.9,1.4,1.2396
After 3+ Down Days,10,8,390,71,50.7,1.13,80,10,1.286,5,17.8,50.7,49.3,0.0,1.1268
After 3+ Down Days,10,10,15,71,60.56,1.23,87.08,3.05,1.357,4,6.9,40.8,31.0,28.2,1.2265
After 3+ Down Days,10,10,30,71,56.34,1.1,78.12,5.8,1.278,4,10.1,47.9,38.0,14.1,1.1003
After 3+ Down Days,10,10,60,71,53.52,0.56,39.92,8.52,1.123,4,12.6,49.3,45.1,5.6,0.5623
After 3+ Down Days,10,10,120,71,53.52,0.75,53.29,10,1.166,4,15.2,52.1,45.1,2.8,0.7506
After 3+ Down Days,10,10,240,71,53.52,0.68,48.53,10,1.151,4,18.6,52.1,45.1,2.8,0.6835
After 3+ Down Days,10,10,390,71,52.11,0.42,30,10,1.088,5,22.4,52.1,47.9,0.0,0.4225
After 3+ Down Days,10,15,15,71,64.79,1.22,86.88,4.66,1.317,3,8.3,45.1,19.7,35.2,1.2237
After 3+ Down Days,10,15,30,71,61.97,0.9,63.69,10,1.195,3,12.7,52.1,25.4,22.5,0.897
After 3+ Down Days,10,15,60,71,59.15,0.22,15.67,10,1.041,4,17.9,53.5,32.4,14.1,0.2207
After 3+ Down Days,10,15,120,71,61.97,0.46,32.69,10,1.085,4,24.1,57.7,35.2,7.0,0.4604
After 3+ Down Days,10,15,240,71,59.15,-0.01,-0.44,10,0.999,4,32.0,57.7,38.0,4.2,-0.0062
After 3+ Down Days,10,15,390,71,59.15,-0.13,-9.37,10,0.978,3,37.8,59.2,39.4,1.4,-0.132
After 3+ Down Days,10,20,15,71,64.79,0.65,46.24,4.66,1.147,3,8.9,45.1,15.5,39.4,0.6513
After 3+ Down Days,10,20,30,71,61.97,0.38,27.2,10,1.075,3,13.9,52.1,18.3,29.6,0.3831
After 3+ Down Days,10,20,60,71,61.97,0.13,9.3,10,1.023,3,21.3,54.9,22.5,22.5,0.131
After 3+ Down Days,10,20,120,71,66.2,0.01,1.05,10,1.002,3,30.5,60.6,29.6,9.9,0.0148
After 3+ Down Days,10,20,240,71,64.79,-0.11,-8.04,10,0.982,3,41.0,63.4,29.6,7.0,-0.1132
After 3+ Down Days,10,20,390,71,66.2,0.01,0.63,10,1.001,3,47.8,66.2,32.4,1.4,0.0089
After 3+ Down Days,10,30,15,71,64.79,0.45,32.25,4.66,1.098,3,10.1,45.1,5.6,49.3,0.4542
After 3+ Down Days,10,30,30,71,64.79,0.28,20.07,10,1.052,3,16.6,53.5,8.5,38.0,0.2827
After 3+ Down Days,10,30,60,71,64.79,-0.73,-51.66,10,0.894,3,26.0,57.7,15.5,26.8,-0.7276
After 3+ Down Days,10,30,120,71,69.01,-1.19,-84.74,10,0.844,3,37.2,63.4,22.5,14.1,-1.1935
After 3+ Down Days,10,30,240,71,67.61,-1.3,-92.47,10,0.836,3,51.8,66.2,23.9,9.9,-1.3024
After 3+ Down Days,10,30,390,71,69.01,-1.22,-86.8,10,0.85,3,64.9,69.0,23.9,7.0,-1.2225
After 3+ Down Days,10,50,15,71,64.79,0.08,5.45,4.66,1.015,3,10.3,45.1,1.4,53.5,0.0768
After 3+ Down Days,10,50,30,71,64.79,0.16,11.38,10,1.029,3,17.6,53.5,1.4,45.1,0.1603
After 3+ Down Days,10,50,60,71,64.79,-0.69,-48.98,10,0.899,3,29.8,57.7,5.6,36.6,-0.6899
After 3+ Down Days,10,50,120,71,70.42,-1.25,-88.5,10,0.841,3,48.3,64.8,8.5,26.8,-1.2465
After 3+ Down Days,10,50,240,71,71.83,-1.83,-130.23,10,0.793,2,74.2,70.4,12.7,16.9,-1.8342
After 3+ Down Days,10,50,390,71,73.24,-1.55,-110.28,10,0.825,2,95.8,73.2,14.1,12.7,-1.5532
After 3+ Down Days,15,2,15,71,36.62,2.98,211.87,-2,3.354,7,4.3,21.1,63.4,15.5,2.9841
After 3+ Down Days,15,2,30,71,32.39,2.65,188.08,-2,2.959,8,6.3,23.9,67.6,8.5,2.649
After 3+ Down Days,15,2,60,71,29.58,2.82,200.52,-2,3.005,13,7.6,28.2,70.4,1.4,2.8242
After 3+ Down Days,15,2,120,71,29.58,2.87,203.82,-2,3.038,13,8.5,28.2,70.4,1.4,2.8707
After 3+ Down Days,15,2,240,71,29.58,2.82,200.01,-2,3.0,13,10.2,28.2,70.4,1.4,2.817
After 3+ Down Days,15,2,390,71,28.17,2.79,198,-2,2.941,15,10.4,28.2,71.8,0.0,2.7887
After 3+ Down Days,15,5,15,71,47.89,2.63,186.92,-5,2.01,5,6.3,22.5,52.1,25.4,2.6327
After 3+ Down Days,15,5,30,71,43.66,2.24,158.88,-5,1.804,5,9.6,28.2,53.5,18.3,2.2377
After 3+ Down Days,15,5,60,71,39.44,2.25,159.68,-5,1.743,7,12.7,33.8,60.6,5.6,2.249
After 3+ Down Days,15,5,120,71,38.03,2.48,175.97,-5,1.816,7,15.4,35.2,60.6,4.2,2.4785
After 3+ Down Days,15,5,240,71,38.03,2.39,170.01,-5,1.773,7,17.7,36.6,62.0,1.4,2.3945
After 3+ Down Days,15,5,390,71,36.62,2.32,165,-5,1.733,9,19.4,36.6,63.4,0.0,2.3239
After 3+ Down Days,15,8,15,71,57.75,2.42,172.01,1.69,1.798,4,8.4,22.5,33.8,43.7,2.4227
After 3+ Down Days,15,8,30,71,52.11,2.14,152.03,0.95,1.594,4,13.5,31.0,42.3,26.8,2.1413
After 3+ Down Days,15,8,60,71,45.07,1.5,106.55,-8,1.354,7,18.4,36.6,52.1,11.3,1.5007
After 3+ Down Days,15,8,120,71,46.48,2.43,172.49,-8,1.582,7,24.0,40.8,52.1,7.0,2.4294
After 3+ Down Days,15,8,240,71,46.48,2.48,176.01,-8,1.579,7,27.9,45.1,53.5,1.4,2.479
After 3+ Down Days,15,8,390,71,45.07,2.37,168,-8,1.538,8,29.5,45.1,54.9,0.0,2.3662
After 3+ Down Days,15,10,15,71,57.75,1.75,124.01,1.69,1.47,4,8.7,22.5,33.8,43.7,1.7466
After 3+ Down Days,15,10,30,71,52.11,1.39,99.0,0.95,1.32,4,14.1,31.0,40.8,28.2,1.3944
After 3+ Down Days,15,10,60,71,46.48,0.67,47.57,-10,1.13,7,19.7,36.6,50.7,12.7,0.67
After 3+ Down Days,15,10,120,71,47.89,1.72,122.0,-10,1.338,7,26.1,40.8,50.7,8.5,1.7183
After 3+ Down Days,15,10,240,71,47.89,1.88,133.53,-10,1.369,7,31.4,46.5,50.7,2.8,1.8807
After 3+ Down Days,15,10,390,71,46.48,1.62,115,-10,1.303,8,35.1,46.5,53.5,0.0,1.6197
After 3+ Down Days,15,15,15,71,60.56,1.46,103.67,3.05,1.336,3,10.4,23.9,22.5,53.5,1.4601
After 3+ Down Days,15,15,30,71,56.34,1.04,74.13,1.77,1.203,3,17.3,33.8,28.2,38.0,1.0441
After 3+ Down Days,15,15,60,71,52.11,0.4,28.15,0.79,1.065,7,26.0,40.8,36.6,22.5,0.3965
After 3+ Down Days,15,15,120,71,56.34,1.33,94.42,7.41,1.214,7,37.2,45.1,39.4,15.5,1.3299
After 3+ Down Days,15,15,240,71,53.52,1.07,76.08,15,1.162,7,48.8,50.7,43.7,5.6,1.0715
After 3+ Down Days,15,15,390,71,53.52,1.14,80.63,15,1.165,6,54.7,53.5,45.1,1.4,1.1356
After 3+ Down Days,15,20,15,71,60.56,0.92,65.53,3.05,1.189,3,11.0,23.9,16.9,59.2,0.923
After 3+ Down Days,15,20,30,71,56.34,0.39,27.64,1.77,1.067,3,18.7,33.8,21.1,45.1,0.3893
After 3+ Down Days,15,20,60,71,54.93,0.17,11.78,1.67,1.025,3,29.6,42.3,26.8,31.0,0.1659
After 3+ Down Days,15,20,120,71,60.56,0.81,57.78,12.68,1.114,3,43.9,47.9,33.8,18.3,0.8138
After 3+ Down Days,15,20,240,71,59.15,0.81,57.28,15,1.106,3,59.5,54.9,35.2,9.9,0.8068
After 3+ Down Days,15,20,390,71,60.56,1.27,90.49,15,1.165,3,68.6,59.2,38.0,2.8,1.2745
After 3+ Down Days,15,30,15,71,60.56,0.59,41.54,3.05,1.112,3,12.2,23.9,7.0,69.0,0.5851
After 3+ Down Days,15,30,30,71,59.15,0.08,5.51,2.88,1.012,3,21.4,35.2,11.3,53.5,0.0776
After 3+ Down Days,15,30,60,71,57.75,-0.94,-67.09,5.02,0.885,3,34.7,45.1,18.3,36.6,-0.9449
After 3+ Down Days,15,30,120,71,63.38,-0.68,-48.01,15,0.925,3,51.1,50.7,26.8,22.5,-0.6762
After 3+ Down Days,15,30,240,71,61.97,-0.8,-57.15,15,0.916,3,70.9,57.7,29.6,12.7,-0.8049
After 3+ Down Days,15,30,390,71,63.38,-0.38,-26.94,15,0.961,3,86.3,62.0,29.6,8.5,-0.3794
After 3+ Down Days,15,50,15,71,61.97,0.71,50.63,3.64,1.138,3,12.5,23.9,1.4,74.6,0.7131
After 3+ Down Days,15,50,30,71,59.15,0.01,0.42,2.88,1.001,3,22.7,35.2,2.8,62.0,0.0059
After 3+ Down Days,15,50,60,71,59.15,-0.56,-39.41,5.08,0.931,3,39.3,46.5,7.0,46.5,-0.5551
After 3+ Down Days,15,50,120,71,66.2,-0.4,-28.7,15,0.956,3,64.2,53.5,9.9,36.6,-0.4042
After 3+ Down Days,15,50,240,71,66.2,-1.27,-90.51,15,0.881,2,98.0,62.0,15.5,22.5,-1.2748
After 3+ Down Days,15,50,390,71,69.01,-0.71,-50.42,15,0.935,2,124.2,67.6,18.3,14.1,-0.7101
After 3+ Down Days,20,2,15,71,33.8,3.39,240.69,-2,3.561,7,5.3,16.9,66.2,16.9,3.39
After 3+ Down Days,20,2,30,71,29.58,3.08,218.73,-2,3.187,8,7.4,18.3,70.4,11.3,3.0807
After 3+ Down Days,20,2,60,71,26.76,3.61,256.52,-2,3.467,14,9.1,25.4,73.2,1.4,3.613
After 3+ Down Days,20,2,120,71,26.76,3.66,259.82,-2,3.498,14,10.0,25.4,73.2,1.4,3.6594
After 3+ Down Days,20,2,240,71,26.76,3.61,256.01,-2,3.462,14,11.7,25.4,73.2,1.4,3.6058
After 3+ Down Days,20,2,390,71,25.35,3.58,254,-2,3.396,16,11.9,25.4,74.6,0.0,3.5775
After 3+ Down Days,20,5,15,71,45.07,3.02,214.74,-5,2.101,6,7.3,18.3,54.9,26.8,3.0245
After 3+ Down Days,20,5,30,71,39.44,2.44,173.09,-5,1.822,6,11.1,19.7,56.3,23.9,2.4379
After 3+ Down Days,20,5,60,71,35.21,2.88,204.68,-5,1.89,8,14.6,29.6,64.8,5.6,2.8828
After 3+ Down Days,20,5,120,71,33.8,3.05,216.26,-5,1.938,8,18.0,29.6,64.8,5.6,3.0459
After 3+ Down Days,20,5,240,71,33.8,2.98,211.55,-5,1.9,8,22.3,31.0,66.2,2.8,2.9796
After 3+ Down Days,20,5,390,71,30.99,2.75,195,-5,1.796,10,24.6,31.0,69.0,0.0,2.7465
After 3+ Down Days,20,8,15,71,54.93,2.73,193.83,0.45,1.837,4,9.4,18.3,36.6,45.1,2.73
After 3+ Down Days,20,8,30,71,47.89,2.4,170.24,-3.13,1.619,4,15.1,22.5,45.1,32.4,2.3977
After 3+ Down Days,20,8,60,71,40.85,2.15,152.55,-8,1.47,8,20.6,32.4,56.3,11.3,2.1486
After 3+ Down Days,20,8,120,71,42.25,3.15,223.78,-8,1.698,8,27.1,35.2,56.3,8.5,3.1518
After 3+ Down Days,20,8,240,71,42.25,3.36,238.55,-8,1.727,8,34.1,39.4,57.7,2.8,3.3599
After 3+ Down Days,20,8,390,71,39.44,3.04,216,-8,1.628,9,36.5,39.4,60.6,0.0,3.0423
After 3+ Down Days,20,10,15,71,54.93,2.09,148.31,0.45,1.535,4,9.8,18.3,35.2,46.5,2.0889
After 3+ Down Days,20,10,30,71,47.89,1.59,113.21,-3.03,1.341,4,15.7,22.5,43.7,33.8,1.5945
After 3+ Down Days,20,10,60,71,42.25,1.23,87.57,-10,1.222,8,22.0,32.4,54.9,12.7,1.2334
After 3+ Down Days,20,10,120,71,43.66,2.36,167.29,-10,1.428,8,29.3,35.2,54.9,9.9,2.3562
After 3+ Down Days,20,10,240,71,42.25,2.4,170.29,-10,1.43,8,39.3,39.4,54.9,5.6,2.3985
After 3+ Down Days,20,10,390,71,39.44,1.83,130,-10,1.302,9,43.9,39.4,60.6,0.0,1.831
After 3+ Down Days,20,15,15,71,57.75,1.7,120.45,1.69,1.369,3,11.6,18.3,23.9,57.7,1.6965
After 3+ Down Days,20,15,30,71,53.52,1.65,117.17,0.95,1.306,3,19.5,25.4,29.6,45.1,1.6503
After 3+ Down Days,20,15,60,71,50.7,1.57,111.68,0.52,1.249,7,29.8,36.6,38.0,25.4,1.573
After 3+ Down Days,20,15,120,71,53.52,2.45,174.22,3.69,1.373,8,43.7,39.4,40.8,19.7,2.4538
After 3+ Down Days,20,15,240,71,49.3,2.08,147.84,-1.48,1.293,8,60.2,45.1,46.5,8.5,2.0823
After 3+ Down Days,20,15,390,71,47.89,1.84,130.63,-15,1.238,7,67.6,47.9,50.7,1.4,1.8399
After 3+ Down Days,20,20,15,71,57.75,1.28,90.89,1.69,1.255,3,12.3,18.3,16.9,64.8,1.2801
After 3+ Down Days,20,20,30,71,54.93,1.49,105.68,1.69,1.255,3,21.1,26.8,21.1,52.1,1.4885
After 3+ Down Days,20,20,60,71,54.93,1.68,119.41,1.67,1.253,3,33.8,38.0,26.8,35.2,1.6818
After 3+ Down Days,20,20,120,71,59.15,2.42,172.07,9.49,1.332,4,51.7,42.3,33.8,23.9,2.4235
After 3+ Down Days,20,20,240,71,57.75,2.95,209.58,20,1.386,3,75.3,50.7,35.2,14.1,2.9518
After 3+ Down Days,20,20,390,71,57.75,3.11,220.49,20,1.374,3,88.1,56.3,40.8,2.8,3.1055
After 3+ Down Days,20,30,15,71,57.75,0.94,66.9,1.69,1.176,3,13.5,18.3,7.0,74.6,0.9423
After 3+ Down Days,20,30,30,71,57.75,1.25,88.55,2.86,1.193,3,23.9,28.2,11.3,60.6,1.2472
After 3+ Down Days,20,30,60,71,57.75,0.57,40.15,4.1,1.069,3,39.0,39.4,18.3,42.3,0.5655
After 3+ Down Days,20,30,120,71,61.97,1.07,76.28,10.29,1.117,4,59.6,45.1,26.8,28.2,1.0744
After 3+ Down Days,20,30,240,71,60.56,1.48,105.15,20,1.153,3,87.4,53.5,29.6,16.9,1.481
After 3+ Down Days,20,30,390,71,61.97,2.12,150.57,20,1.209,3,107.9,60.6,29.6,9.9,2.1207
After 3+ Down Days,20,50,15,71,59.15,1.07,75.99,1.7,1.202,3,13.7,18.3,1.4,80.3,1.0703
After 3+ Down Days,20,50,30,71,57.75,1.18,83.46,2.86,1.18,3,25.3,28.2,2.8,69.0,1.1755
After 3+ Down Days,20,50,60,71,59.15,1.03,72.83,4.85,1.128,3,43.6,40.8,7.0,52.1,1.0258
After 3+ Down Days,20,50,120,71,64.79,1.49,105.59,13.51,1.159,4,73.0,47.9,9.9,42.3,1.4872
After 3+ Down Days,20,50,240,71,64.79,1.22,86.79,20,1.113,2,114.8,57.7,15.5,26.8,1.2224
After 3+ Down Days,20,50,390,71,67.61,2.07,147.09,20,1.183,2,146.3,66.2,18.3,15.5,2.0717
After 3+ Down Days,30,2,15,71,33.8,4.48,317.91,-2,4.382,7,6.3,7.0,66.2,26.8,4.4776
After 3+ Down Days,30,2,30,71,29.58,4.38,311.33,-2,4.113,8,9.7,14.1,70.4,15.5,4.3849
After 3+ Down Days,30,2,60,71,23.94,4.59,325.86,-2,4.017,20,13.3,16.9,76.1,7.0,4.5896
After 3+ Down Days,30,2,120,71,22.54,4.38,311.01,-2,3.827,20,17.3,16.9,77.5,5.6,4.3804
After 3+ Down Days,30,2,240,71,22.54,4.1,290.87,-2,3.644,20,24.1,16.9,77.5,5.6,4.0968
After 3+ Down Days,30,2,390,71,18.31,3.59,254.55,-2,3.194,25,30.3,16.9,81.7,1.4,3.5852
After 3+ Down Days,30,5,15,71,45.07,4.01,284.67,-5,2.46,6,8.4,7.0,54.9,38.0,4.0094
After 3+ Down Days,30,5,30,71,38.03,3.39,240.69,-5,2.116,6,13.6,14.1,57.7,28.2,3.39
After 3+ Down Days,30,5,60,71,32.39,3.58,254.37,-5,2.078,8,19.7,16.9,66.2,16.9,3.5827
After 3+ Down Days,30,5,120,71,29.58,3.6,255.65,-5,2.049,8,28.8,18.3,67.6,14.1,3.6007
After 3+ Down Days,30,5,240,71,29.58,3.48,247.07,-5,1.988,8,41.1,19.7,70.4,9.9,3.4799
After 3+ Down Days,30,5,390,71,23.94,2.87,203.68,-5,1.754,13,53.7,19.7,76.1,4.2,2.8687
After 3+ Down Days,30,8,15,71,54.93,3.71,263.76,0.45,2.139,4,10.5,7.0,36.6,56.3,3.7149
After 3+ Down Days,30,8,30,71,47.89,3.51,249.36,-3.13,1.907,4,17.9,14.1,45.1,40.8,3.5121
After 3+ Down Days,30,8,60,71,39.44,3.62,257.24,-8,1.79,8,26.6,21.1,56.3,22.5,3.6231
After 3+ Down Days,30,8,120,71,40.85,4.45,315.85,-8,1.976,8,39.7,22.5,56.3,21.1,4.4486
After 3+ Down Days,30,8,240,71,40.85,5.03,356.96,-8,2.062,8,60.2,25.4,59.2,15.5,5.0276
After 3+ Down Days,30,8,390,71,33.8,4.29,304.46,-8,1.81,9,80.0,28.2,64.8,7.0,4.2882
After 3+ Down Days,30,10,15,71,54.93,3.07,218.24,0.45,1.787,4,10.8,7.0,35.2,57.7,3.0738
After 3+ Down Days,30,10,30,71,47.89,2.71,192.33,-3.03,1.579,4,18.6,14.1,43.7,42.3,2.7089
After 3+ Down Days,30,10,60,71,40.85,2.71,192.26,-10,1.486,8,28.0,21.1,54.9,23.9,2.7079
After 3+ Down Days,30,10,120,71,42.25,3.65,259.36,-10,1.659,8,42.0,22.5,54.9,22.5,3.653
After 3+ Down Days,30,10,240,71,40.85,4.04,286.7,-10,1.706,8,65.4,25.4,56.3,18.3,4.038
After 3+ Down Days,30,10,390,71,33.8,3.09,219.39,-10,1.476,9,87.5,28.2,62.0,9.9,3.09
After 3+ Down Days,30,15,15,71,57.75,2.68,190.38,1.69,1.583,3,12.6,7.0,23.9,69.0,2.6814
After 3+ Down Days,30,15,30,71,53.52,2.8,199.12,0.95,1.521,3,22.4,14.1,29.6,56.3,2.8045
After 3+ Down Days,30,15,60,71,49.3,3.34,237.38,-0.34,1.527,7,36.1,23.9,38.0,38.0,3.3434
After 3+ Down Days,30,15,120,71,52.11,4.17,296.29,1.94,1.631,8,56.8,26.8,40.8,32.4,4.1731
After 3+ Down Days,30,15,240,71,49.3,4.46,316.38,-1.48,1.626,8,89.7,31.0,46.5,22.5,4.4561
After 3+ Down Days,30,15,390,71,42.25,3.77,267.84,-15,1.458,7,116.9,35.2,52.1,12.7,3.7724
After 3+ Down Days,30,20,15,71,57.75,2.27,160.82,1.69,1.452,3,13.3,7.0,16.9,76.1,2.2651
After 3+ Down Days,30,20,30,71,54.93,2.75,195.35,1.69,1.472,3,24.1,14.1,21.1,64.8,2.7514
After 3+ Down Days,30,20,60,71,52.11,3.04,216.12,0.79,1.448,3,40.6,23.9,26.8,49.3,3.0439
After 3+ Down Days,30,20,120,71,56.34,3.51,249.43,3.69,1.46,4,66.0,26.8,35.2,38.0,3.5131
After 3+ Down Days,30,20,240,71,54.93,4.3,305.14,6.52,1.524,5,108.1,31.0,38.0,31.0,4.2977
After 3+ Down Days,30,20,390,71,49.3,4.05,287.52,-5.35,1.435,4,145.6,36.6,43.7,19.7,4.0496
After 3+ Down Days,30,30,15,71,57.75,1.93,136.83,1.69,1.36,3,14.5,7.0,7.0,85.9,1.9272
After 3+ Down Days,30,30,30,71,57.75,2.5,177.61,2.86,1.388,3,26.9,14.1,11.3,74.6,2.5015
After 3+ Down Days,30,30,60,71,54.93,1.99,141.06,1.67,1.239,3,46.2,23.9,18.3,57.7,1.9868
After 3+ Down Days,30,30,120,71,59.15,2.67,189.67,7.41,1.288,4,75.3,28.2,26.8,45.1,2.6714
After 3+ Down Days,30,30,240,71,57.75,3.05,216.72,7.57,1.296,5,122.5,33.8,31.0,35.2,3.0524
After 3+ Down Days,30,30,390,71,53.52,3.33,236.27,15.1,1.295,4,169.8,40.8,31.0,28.2,3.3277
After 3+ Down Days,30,50,15,71,59.15,2.06,145.92,1.7,1.387,3,14.8,7.0,1.4,91.5,2.0552
After 3+ Down Days,30,50,30,71,57.75,2.43,172.52,2.86,1.373,3,28.3,14.1,2.8,83.1,2.4299
After 3+ Down Days,30,50,60,71,56.34,2.49,176.78,2.98,1.305,3,50.8,23.9,7.0,69.0,2.4899
After 3+ Down Days,30,50,120,71,61.97,3.05,216.87,9.49,1.324,4,89.6,28.2,9.9,62.0,3.0545
After 3+ Down Days,30,50,240,71,61.97,2.8,198.61,14.37,1.239,3,151.5,36.6,16.9,46.5,2.7973
After 3+ Down Days,30,50,390,71,57.75,2.83,200.84,20.43,1.217,4,211.8,45.1,19.7,35.2,2.8287
After 3+ Down Days,50,2,15,71,33.8,4.79,340.3,-2,4.62,7,6.3,1.4,66.2,32.4,4.793
After 3+ Down Days,50,2,30,71,29.58,5.05,358.28,-2,4.583,8,10.9,2.8,70.4,26.8,5.0462
After 3+ Down Days,50,2,60,71,22.54,5.18,368.04,-2,4.346,20,17.9,4.2,77.5,18.3,5.1837
After 3+ Down Days,50,2,120,71,21.13,5.94,421.8,-2,4.766,20,26.8,8.5,78.9,12.7,5.9408
After 3+ Down Days,50,2,240,71,19.72,5.73,406.98,-2,4.57,20,41.1,9.9,80.3,9.9,5.7321
After 3+ Down Days,50,2,390,71,15.49,5.39,382.63,-2,4.189,36,51.2,12.7,84.5,2.8,5.3892
After 3+ Down Days,50,5,15,71,45.07,4.32,307.06,-5,2.575,6,8.4,1.4,54.9,43.7,4.3248
After 3+ Down Days,50,5,30,71,38.03,4.05,287.64,-5,2.334,6,14.8,2.8,57.7,39.4,4.0513
After 3+ Down Days,50,5,60,71,30.99,4.13,293.55,-5,2.219,8,24.3,4.2,67.6,28.2,4.1345
After 3+ Down Days,50,5,120,71,28.17,5.13,364.55,-5,2.466,8,38.7,8.5,69.0,22.5,5.1345
After 3+ Down Days,50,5,240,71,26.76,5.55,394.13,-5,2.516,8,61.2,11.3,73.2,15.5,5.5511
After 3+ Down Days,50,5,390,71,21.13,5.15,365.76,-5,2.306,20,77.8,15.5,78.9,5.6,5.1515
After 3+ Down Days,50,8,15,71,54.93,4.03,286.15,0.45,2.235,4,10.5,1.4,36.6,62.0,4.0303
After 3+ Down Days,50,8,30,71,47.89,4.17,296.31,-3.13,2.077,4,19.1,2.8,45.1,52.1,4.1734
After 3+ Down Days,50,8,60,71,38.03,4.3,305.04,-8,1.914,8,31.9,5.6,57.7,36.6,4.2963
After 3+ Down Days,50,8,120,71,39.44,6.24,443.21,-8,2.336,8,52.0,9.9,57.7,32.4,6.2424
After 3+ Down Days,50,8,240,71,38.03,7.31,519.18,-8,2.475,8,85.7,14.1,62.0,23.9,7.3124
After 3+ Down Days,50,8,390,71,29.58,6.54,464.3,-8,2.161,9,114.6,18.3,69.0,12.7,6.5394
After 3+ Down Days,50,10,15,71,54.93,3.39,240.63,0.45,1.868,4,10.9,1.4,35.2,63.4,3.3892
After 3+ Down Days,50,10,30,71,47.89,3.37,239.28,-3.03,1.721,4,19.8,2.8,43.7,53.5,3.3701
After 3+ Down Days,50,10,60,71,39.44,3.35,238.06,-10,1.587,8,33.3,5.6,56.3,38.0,3.353
After 3+ Down Days,50,10,120,71,40.85,5.42,384.72,-10,1.953,8,54.3,9.9,56.3,33.8,5.4186
After 3+ Down Days,50,10,240,71,38.03,6.27,444.92,-10,2.044,8,91.0,14.1,59.2,26.8,6.2665
After 3+ Down Days,50,10,390,71,30.99,5.48,389.32,-10,1.809,9,122.6,18.3,64.8,16.9,5.4834
After 3+ Down Days,50,15,15,71,57.75,3.0,212.77,1.69,1.651,3,12.7,1.4,23.9,74.6,2.9968
After 3+ Down Days,50,15,30,71,53.52,3.47,246.07,0.95,1.643,3,23.5,2.8,29.6,67.6,3.4658
After 3+ Down Days,50,15,60,71,47.89,4.18,297.11,-0.77,1.653,7,42.0,5.6,38.0,56.3,4.1846
After 3+ Down Days,50,15,120,71,52.11,5.9,419.17,1.94,1.892,8,73.0,9.9,40.8,49.3,5.9038
After 3+ Down Days,50,15,240,71,43.66,5.36,380.45,-15,1.673,8,124.4,14.1,52.1,33.8,5.3585
After 3+ Down Days,50,15,390,71,36.62,4.9,348.2,-15,1.54,7,166.6,19.7,57.7,22.5,4.9042
After 3+ Down Days,50,20,15,71,57.75,2.58,183.21,1.69,1.514,3,13.4,1.4,16.9,81.7,2.5804
After 3+ Down Days,50,20,30,71,54.93,3.41,242.3,1.69,1.585,3,25.3,2.8,21.1,76.1,3.4127
After 3+ Down Days,50,20,60,71,50.7,3.89,275.85,0.52,1.566,4,46.5,5.6,26.8,67.6,3.8852
After 3+ Down Days,50,20,120,71,56.34,5.24,372.31,3.69,1.687,4,82.2,9.9,35.2,54.9,5.2438
After 3+ Down Days,50,20,240,71,52.11,5.96,422.85,2.13,1.685,5,144,14.1,39.4,46.5,5.9556
After 3+ Down Days,50,20,390,71,45.07,6.4,454.17,-7.91,1.645,4,201.3,22.5,46.5,31.0,6.3968
After 3+ Down Days,50,30,15,71,57.75,2.24,159.22,1.69,1.419,3,14.6,1.4,7.0,91.5,2.2425
After 3+ Down Days,50,30,30,71,57.75,3.16,224.56,2.86,1.491,3,28.1,2.8,11.3,85.9,3.1628
After 3+ Down Days,50,30,60,71,53.52,2.83,200.79,1.11,1.337,3,52.1,5.6,18.3,76.1,2.828
After 3+ Down Days,50,30,120,71,59.15,4.17,296.2,7.41,1.45,4,92.2,9.9,26.8,63.4,4.1718
After 3+ Down Days,50,30,240,71,54.93,4.89,347.36,5.38,1.459,5,163.2,14.1,31.0,54.9,4.8924
After 3+ Down Days,50,30,390,71,49.3,5.61,398.41,-0.13,1.468,4,236.7,23.9,32.4,43.7,5.6114
After 3+ Down Days,50,50,15,71,59.15,2.37,168.31,1.7,1.446,3,14.8,1.4,1.4,97.2,2.3706
After 3+ Down Days,50,50,30,71,57.75,3.09,219.47,2.86,1.474,3,29.4,2.8,2.8,94.4,3.0911
After 3+ Down Days,50,50,60,71,54.93,3.33,236.51,1.67,1.405,3,56.8,5.6,7.0,87.3,3.3311
After 3+ Down Days,50,50,120,71,61.97,4.55,323.4,9.49,1.483,4,106.6,9.9,9.9,80.3,4.5549
After 3+ Down Days,50,50,240,71,59.15,4.71,334.43,7.57,1.391,3,195.2,14.1,16.9,69.0,4.7103
After 3+ Down Days,50,50,390,71,53.52,5.15,365.57,7.21,1.381,4,287.7,25.4,19.7,54.9,5.1489
After 3+ Down Days,75,2,15,71,33.8,4.97,352.6,-2,4.751,7,6.5,0.0,66.2,33.8,4.9662
After 3+ Down Days,75,2,30,71,29.58,5.18,367.79,-2,4.678,8,11.3,0.0,70.4,29.6,5.1801
After 3+ Down Days,75,2,60,71,22.54,5.68,403.29,-2,4.666,20,19.2,1.4,77.5,21.1,5.6801
After 3+ Down Days,75,2,120,71,21.13,6.96,494.47,-2,5.415,20,31.3,2.8,78.9,18.3,6.9644
After 3+ Down Days,75,2,240,71,18.31,6.56,466.02,-2,5.017,20,50.1,5.6,81.7,12.7,6.5637
After 3+ Down Days,75,2,390,71,14.08,6.53,463.35,-2,4.798,36,66.7,7.0,85.9,7.0,6.5261
After 3+ Down Days,75,5,15,71,45.07,4.5,319.36,-5,2.638,6,8.6,0.0,54.9,45.1,4.498
After 3+ Down Days,75,5,30,71,38.03,4.19,297.15,-5,2.378,6,15.1,0.0,57.7,42.3,4.1852
After 3+ Down Days,75,5,60,71,30.99,4.63,328.8,-5,2.365,8,25.6,1.4,67.6,31.0,4.631
After 3+ Down Days,75,5,120,71,28.17,6.16,437.22,-5,2.758,8,43.2,2.8,69.0,28.2,6.158
After 3+ Down Days,75,5,240,71,25.35,6.39,453.87,-5,2.713,8,70.7,5.6,74.6,19.7,6.3925
After 3+ Down Days,75,5,390,71,19.72,5.92,420.13,-5,2.474,20,97.9,7.0,80.3,12.7,5.9173
After 3+ Down Days,75,8,15,71,54.93,4.2,298.45,0.45,2.288,4,10.7,0.0,36.6,63.4,4.2035
After 3+ Down Days,75,8,30,71,47.89,4.31,305.82,-3.13,2.112,4,19.5,0.0,45.1,54.9,4.3073
After 3+ Down Days,75,8,60,71,38.03,4.95,351.25,-8,2.052,8,33.2,1.4,57.7,40.8,4.9472
After 3+ Down Days,75,8,120,71,39.44,7.62,540.88,-8,2.631,8,56.9,4.2,57.7,38.0,7.618
After 3+ Down Days,75,8,240,71,38.03,8.9,631.8,-8,2.795,8,97.5,7.0,62.0,31.0,8.8986
After 3+ Down Days,75,8,390,71,29.58,8.45,599.85,-8,2.5,9,140.2,9.9,69.0,21.1,8.4486
After 3+ Down Days,75,10,15,71,54.93,3.56,252.93,0.45,1.913,4,11.0,0.0,35.2,64.8,3.5624
After 3+ Down Days,75,10,30,71,47.89,3.5,248.79,-3.03,1.749,4,20.2,0.0,43.7,56.3,3.5041
After 3+ Down Days,75,10,60,71,39.44,4.0,284.27,-10,1.701,8,34.6,1.4,56.3,42.3,4.0038
After 3+ Down Days,75,10,120,71,40.85,6.79,482.39,-10,2.195,8,59.1,4.2,56.3,39.4,6.7942
After 3+ Down Days,75,10,240,71,38.03,7.85,557.54,-10,2.308,8,102.9,7.0,59.2,33.8,7.8527
After 3+ Down Days,75,10,390,71,30.99,7.39,524.87,-10,2.091,9,148.2,9.9,64.8,25.4,7.3925
After 3+ Down Days,75,15,15,71,57.75,3.17,225.07,1.69,1.689,3,12.8,0.0,23.9,76.1,3.17
After 3+ Down Days,75,15,30,71,53.52,3.6,255.58,0.95,1.668,3,23.9,0.0,29.6,70.4,3.5997
After 3+ Down Days,75,15,60,71,47.89,4.84,343.32,-0.77,1.754,7,43.4,1.4,38.0,60.6,4.8355
After 3+ Down Days,75,15,120,71,52.11,7.28,516.84,1.94,2.1,8,77.8,4.2,40.8,54.9,7.2794
After 3+ Down Days,75,15,240,71,43.66,6.94,493.07,-15,1.872,8,136.3,7.0,52.1,40.8,6.9446
After 3+ Down Days,75,15,390,71,36.62,6.71,476.36,-15,1.738,7,192.5,9.9,57.7,32.4,6.7093
After 3+ Down Days,75,20,15,71,57.75,2.75,195.51,1.69,1.549,3,13.5,0.0,16.9,83.1,2.7537
After 3+ Down Days,75,20,30,71,54.93,3.55,251.81,1.69,1.608,3,25.6,0.0,21.1,78.9,3.5466
After 3+ Down Days,75,20,60,71,50.7,4.54,322.06,0.52,1.661,4,47.8,1.4,26.8,71.8,4.5361
After 3+ Down Days,75,20,120,71,56.34,6.62,469.98,3.69,1.867,4,87.1,4.2,35.2,60.6,6.6194
After 3+ Down Days,75,20,240,71,52.11,7.54,535.47,2.13,1.868,5,155.9,7.0,39.4,53.5,7.5418
After 3+ Down Days,75,20,390,71,45.07,8.19,581.48,-7.91,1.826,4,228.8,11.3,46.5,42.3,8.1899
After 3+ Down Days,75,30,15,71,57.75,2.42,171.52,1.69,1.451,3,14.7,0.0,7.0,93.0,2.4158
After 3+ Down Days,75,30,30,71,57.75,3.3,234.07,2.86,1.511,3,28.4,0.0,11.3,88.7,3.2968
After 3+ Down Days,75,30,60,71,53.52,3.48,247.0,1.11,1.414,3,53.5,1.4,18.3,80.3,3.4789
After 3+ Down Days,75,30,120,71,59.15,5.55,393.87,7.41,1.598,4,97.1,4.2,26.8,69.0,5.5475
After 3+ Down Days,75,30,240,71,54.93,6.48,459.98,5.38,1.608,5,175.1,7.0,31.0,62.0,6.4786
After 3+ Down Days,75,30,390,71,49.3,7.48,530.8,-0.13,1.623,4,264.4,11.3,32.4,56.3,7.4761
After 3+ Down Days,75,50,15,71,59.15,2.54,180.61,1.7,1.479,3,15,0.0,1.4,98.6,2.5438
After 3+ Down Days,75,50,30,71,57.75,3.23,228.98,2.86,1.495,3,29.8,0.0,2.8,97.2,3.2251
After 3+ Down Days,75,50,60,71,54.93,3.98,282.72,1.67,1.484,3,58.1,1.4,7.0,91.5,3.982
After 3+ Down Days,75,50,120,71,61.97,5.93,421.07,9.49,1.629,4,111.4,4.2,9.9,85.9,5.9306
After 3+ Down Days,75,50,240,71,59.15,6.3,447.05,7.57,1.523,3,207.1,7.0,16.9,76.1,6.2965
After 3+ Down Days,75,50,390,71,53.52,7.37,522.96,7.21,1.545,4,316.3,12.7,19.7,67.6,7.3656
After 3+ Down Days,100,2,15,71,33.8,4.97,352.6,-2,4.751,7,6.5,0.0,66.2,33.8,4.9662
After 3+ Down Days,100,2,30,71,29.58,5.18,367.79,-2,4.678,8,11.3,0.0,70.4,29.6,5.1801
After 3+ Down Days,100,2,60,71,22.54,5.69,403.96,-2,4.672,20,19.4,0.0,77.5,22.5,5.6896
After 3+ Down Days,100,2,120,71,21.13,7.26,515.15,-2,5.6,20,32.7,0.0,78.9,21.1,7.2556
After 3+ Down Days,100,2,240,71,18.31,7.4,525.33,-2,5.529,20,55.2,2.8,81.7,15.5,7.399
After 3+ Down Days,100,2,390,71,14.08,7.08,502.71,-2,5.121,36,76.2,2.8,85.9,11.3,7.0804
After 3+ Down Days,100,5,15,71,45.07,4.5,319.36,-5,2.638,6,8.6,0.0,54.9,45.1,4.498
After 3+ Down Days,100,5,30,71,38.03,4.19,297.15,-5,2.378,6,15.1,0.0,57.7,42.3,4.1852
After 3+ Down Days,100,5,60,71,30.99,4.64,329.47,-5,2.368,8,25.9,0.0,67.6,32.4,4.6404
After 3+ Down Days,100,5,120,71,28.17,6.45,457.9,-5,2.841,8,44.6,0.0,69.0,31.0,6.4493
After 3+ Down Days,100,5,240,71,25.35,7.23,513.18,-5,2.937,8,75.8,2.8,74.6,22.5,7.2279
After 3+ Down Days,100,5,390,71,19.72,6.47,459.49,-5,2.612,20,107.4,2.8,80.3,16.9,6.4717
After 3+ Down Days,100,8,15,71,54.93,4.2,298.45,0.45,2.288,4,10.7,0.0,36.6,63.4,4.2035
After 3+ Down Days,100,8,30,71,47.89,4.31,305.82,-3.13,2.112,4,19.5,0.0,45.1,54.9,4.3073
After 3+ Down Days,100,8,60,71,38.03,4.96,351.92,-8,2.054,8,33.5,0.0,57.7,42.3,4.9566
After 3+ Down Days,100,8,120,71,39.44,8.26,586.56,-8,2.768,8,58.6,1.4,57.7,40.8,8.2614
After 3+ Down Days,100,8,240,71,38.03,10.09,716.11,-8,3.034,8,103,4.2,62.0,33.8,10.0861
After 3+ Down Days,100,8,390,71,29.58,9.21,653.98,-8,2.635,9,151.0,4.2,69.0,26.8,9.211
After 3+ Down Days,100,10,15,71,54.93,3.56,252.93,0.45,1.913,4,11.0,0.0,35.2,64.8,3.5624
After 3+ Down Days,100,10,30,71,47.89,3.5,248.79,-3.03,1.749,4,20.2,0.0,43.7,56.3,3.5041
After 3+ Down Days,100,10,60,71,39.44,4.01,284.94,-10,1.702,8,34.8,0.0,56.3,43.7,4.0132
After 3+ Down Days,100,10,120,71,40.85,7.44,528.07,-10,2.308,8,60.9,1.4,56.3,42.3,7.4376
After 3+ Down Days,100,10,240,71,38.03,9.04,641.85,-10,2.506,8,108.3,4.2,59.2,36.6,9.0401
After 3+ Down Days,100,10,390,71,30.99,8.15,579.0,-10,2.204,9,159.0,4.2,64.8,31.0,8.1549
After 3+ Down Days,100,15,15,71,57.75,3.17,225.07,1.69,1.689,3,12.8,0.0,23.9,76.1,3.17
After 3+ Down Days,100,15,30,71,53.52,3.6,255.58,0.95,1.668,3,23.9,0.0,29.6,70.4,3.5997
After 3+ Down Days,100,15,60,71,47.89,4.84,343.99,-0.77,1.756,7,43.6,0.0,38.0,62.0,4.8449
After 3+ Down Days,100,15,120,71,52.11,7.92,562.52,1.94,2.197,8,79.6,1.4,40.8,57.7,7.9228
After 3+ Down Days,100,15,240,71,43.66,8.13,577.38,-15,2.021,8,141.7,4.2,52.1,43.7,8.1321
After 3+ Down Days,100,15,390,71,36.62,7.47,530.49,-15,1.822,7,203.3,4.2,57.7,38.0,7.4717
After 3+ Down Days,100,20,15,71,57.75,2.75,195.51,1.69,1.549,3,13.5,0.0,16.9,83.1,2.7537
After 3+ Down Days,100,20,30,71,54.93,3.55,251.81,1.69,1.608,3,25.6,0.0,21.1,78.9,3.5466
After 3+ Down Days,100,20,60,71,50.7,4.55,322.73,0.52,1.662,4,48.1,0.0,26.8,73.2,4.5455
After 3+ Down Days,100,20,120,71,56.34,7.26,515.66,3.69,1.952,4,88.8,1.4,35.2,63.4,7.2628
After 3+ Down Days,100,20,240,71,52.11,8.73,619.78,2.13,2.005,5,161.3,4.2,39.4,56.3,8.7293
After 3+ Down Days,100,20,390,71,45.07,9.3,660.61,-7.91,1.938,4,239.8,5.6,46.5,47.9,9.3044
After 3+ Down Days,100,30,15,71,57.75,2.42,171.52,1.69,1.451,3,14.7,0.0,7.0,93.0,2.4158
After 3+ Down Days,100,30,30,71,57.75,3.3,234.07,2.86,1.511,3,28.4,0.0,11.3,88.7,3.2968
After 3+ Down Days,100,30,60,71,53.52,3.49,247.67,1.11,1.415,3,53.7,0.0,18.3,81.7,3.4883
After 3+ Down Days,100,30,120,71,59.15,6.19,439.55,7.41,1.668,4,98.8,1.4,26.8,71.8,6.1908
After 3+ Down Days,100,30,240,71,54.93,7.67,544.29,5.38,1.719,5,180.5,4.2,31.0,64.8,7.6661
After 3+ Down Days,100,30,390,71,49.3,8.59,609.93,-0.13,1.716,4,275.3,5.6,32.4,62.0,8.5906
After 3+ Down Days,100,50,15,71,59.15,2.54,180.61,1.7,1.479,3,15,0.0,1.4,98.6,2.5438
After 3+ Down Days,100,50,30,71,57.75,3.23,228.98,2.86,1.495,3,29.8,0.0,2.8,97.2,3.2251
After 3+ Down Days,100,50,60,71,54.93,3.99,283.39,1.67,1.486,3,58.3,0.0,7.0,93.0,3.9914
After 3+ Down Days,100,50,120,71,61.97,6.57,466.75,9.49,1.698,4,113.2,1.4,9.9,88.7,6.5739
After 3+ Down Days,100,50,240,71,59.15,7.48,531.36,7.57,1.621,3,212.5,4.2,16.9,78.9,7.4839
After 3+ Down Days,100,50,390,71,53.52,8.6,610.51,7.21,1.636,4,327.9,5.6,19.7,74.6,8.5987
After 3+ Up Days,2,2,15,113,54.87,0.19,22,2,1.216,4,1.1,54.9,45.1,0.0,0.1947
After 3+ Up Days,2,2,30,113,54.87,0.19,22,2,1.216,4,1.1,54.9,45.1,0.0,0.1947
After 3+ Up Days,2,2,60,113,54.87,0.19,22,2,1.216,4,1.1,54.9,45.1,0.0,0.1947
After 3+ Up Days,2,2,120,113,54.87,0.19,22,2,1.216,4,1.1,54.9,45.1,0.0,0.1947
After 3+ Up Days,2,2,240,113,54.87,0.19,22,2,1.216,4,1.1,54.9,45.1,0.0,0.1947
After 3+ Up Days,2,2,390,113,54.87,0.19,22,2,1.216,4,1.1,54.9,45.1,0.0,0.1947
After 3+ Up Days,2,5,15,113,68.14,-0.22,-24.89,2,0.859,4,2.3,66.4,31.0,2.7,-0.2203
After 3+ Up Days,2,5,30,113,69.03,-0.19,-20.92,2,0.88,4,2.5,68.1,31.0,0.9,-0.1851
After 3+ Up Days,2,5,60,113,69.03,-0.18,-19.95,2,0.886,4,2.8,68.1,31.0,0.9,-0.1765
After 3+ Up Days,2,5,120,113,69.03,-0.17,-19,2,0.891,4,2.8,69.0,31.0,0.0,-0.1681
After 3+ Up Days,2,5,240,113,69.03,-0.17,-19,2,0.891,4,2.8,69.0,31.0,0.0,-0.1681
After 3+ Up Days,2,5,390,113,69.03,-0.17,-19,2,0.891,4,2.8,69.0,31.0,0.0,-0.1681
After 3+ Up Days,2,8,15,113,74.34,-0.25,-28.56,2,0.853,3,3.2,72.6,19.5,8.0,-0.2527
After 3+ Up Days,2,8,30,113,76.99,-0.19,-20.99,2,0.891,3,4.0,76.1,20.4,3.5,-0.1858
After 3+ Up Days,2,8,60,113,77.88,-0.22,-24.95,2,0.875,3,4.6,77.0,22.1,0.9,-0.2208
After 3+ Up Days,2,8,120,113,77.88,-0.21,-24,2,0.88,3,4.6,77.9,22.1,0.0,-0.2124
After 3+ Up Days,2,8,240,113,77.88,-0.21,-24,2,0.88,3,4.6,77.9,22.1,0.0,-0.2124
After 3+ Up Days,2,8,390,113,77.88,-0.21,-24,2,0.88,3,4.6,77.9,22.1,0.0,-0.2124
After 3+ Up Days,2,10,15,113,76.99,-0.28,-32.04,2,0.841,2,4.2,74.3,15.0,10.6,-0.2835
After 3+ Up Days,2,10,30,113,79.65,-0.17,-19.6,2,0.901,2,5.4,77.9,15.9,6.2,-0.1735
After 3+ Up Days,2,10,60,113,81.42,-0.25,-27.94,2,0.867,2,6.4,79.6,18.6,1.8,-0.2473
After 3+ Up Days,2,10,120,113,81.42,-0.24,-26.6,2,0.873,2,6.9,80.5,18.6,0.9,-0.2354
After 3+ Up Days,2,10,240,113,81.42,-0.23,-26,2,0.876,2,7.0,81.4,18.6,0.0,-0.2301
After 3+ Up Days,2,10,390,113,81.42,-0.23,-26,2,0.876,2,7.0,81.4,18.6,0.0,-0.2301
After 3+ Up Days,2,15,15,113,79.65,-0.26,-29.79,2,0.855,2,4.8,77.0,6.2,16.8,-0.2636
After 3+ Up Days,2,15,30,113,83.19,-0.19,-21.23,2,0.897,2,6.7,81.4,10.6,8.0,-0.1879
After 3+ Up Days,2,15,60,113,85.84,-0.3,-33.72,2,0.851,2,8.2,84.1,12.4,3.5,-0.2984
After 3+ Up Days,2,15,120,113,85.84,-0.23,-26.48,2,0.88,2,9.8,85.0,12.4,2.7,-0.2343
After 3+ Up Days,2,15,240,113,86.73,-0.26,-29,2,0.871,2,11.0,86.7,13.3,0.0,-0.2566
After 3+ Up Days,2,15,390,113,86.73,-0.26,-29,2,0.871,2,11.0,86.7,13.3,0.0,-0.2566
After 3+ Up Days,2,20,15,113,80.53,-0.1,-10.75,2,0.943,2,5.1,77.9,0.9,21.2,-0.0951
After 3+ Up Days,2,20,30,113,84.07,-0.18,-20.37,2,0.902,2,7.7,82.3,5.3,12.4,-0.1803
After 3+ Up Days,2,20,60,113,87.61,-0.33,-37.69,2,0.839,2,10.1,85.8,8.0,6.2,-0.3335
After 3+ Up Days,2,20,120,113,87.61,-0.35,-39.84,2,0.832,2,12.3,86.7,9.7,3.5,-0.3526
After 3+ Up Days,2,20,240,113,89.38,-0.28,-32.07,2,0.863,2,14.7,89.4,9.7,0.9,-0.2838
After 3+ Up Days,2,20,390,113,89.38,-0.34,-38,2,0.842,2,15.0,89.4,10.6,0.0,-0.3363
After 3+ Up Days,2,30,15,113,80.53,-0.1,-11.27,2,0.94,2,5.2,77.9,0.0,22.1,-0.0997
After 3+ Up Days,2,30,30,113,84.07,-0.14,-15.35,2,0.924,2,8.3,82.3,0.0,17.7,-0.1358
After 3+ Up Days,2,30,60,113,87.61,-0.77,-87.34,2,0.692,2,11.8,85.8,5.3,8.8,-0.7729
After 3+ Up Days,2,30,120,113,87.61,-1.12,-126.89,2,0.609,2,15.9,86.7,7.1,6.2,-1.1229
After 3+ Up Days,2,30,240,113,89.38,-1.02,-115.6,2,0.636,2,19.4,89.4,8.8,1.8,-1.023
After 3+ Up Days,2,30,390,113,90.27,-1.12,-126,2,0.618,2,20.2,90.3,9.7,0.0,-1.115
After 3+ Up Days,2,50,15,113,80.53,-0.1,-11.27,2,0.94,2,5.2,77.9,0.0,22.1,-0.0997
After 3+ Up Days,2,50,30,113,84.07,-0.14,-15.35,2,0.924,2,8.3,82.3,0.0,17.7,-0.1358
After 3+ Up Days,2,50,60,113,87.61,-1.04,-117.07,2,0.626,2,12.7,85.8,0.9,13.3,-1.036
After 3+ Up Days,2,50,120,113,87.61,-1.62,-182.76,2,0.519,2,19.6,86.7,2.7,10.6,-1.6173
After 3+ Up Days,2,50,240,113,89.38,-1.24,-140.34,2,0.59,2,30.4,89.4,2.7,8.0,-1.2419
After 3+ Up Days,2,50,390,113,90.27,-1.44,-162.28,2,0.557,2,40.1,90.3,4.4,5.3,-1.4361
After 3+ Up Days,5,2,15,113,46.02,1.23,138.99,-2,2.155,7,2.2,45.1,53.1,1.8,1.23
After 3+ Up Days,5,2,30,113,46.9,1.24,140.41,-2,2.17,7,2.3,46.0,53.1,0.9,1.2426
After 3+ Up Days,5,2,60,113,46.9,1.28,144.62,-2,2.205,7,2.6,46.0,53.1,0.9,1.2798
After 3+ Up Days,5,2,120,113,46.9,1.28,145,-2,2.208,7,2.6,46.9,53.1,0.0,1.2832
After 3+ Up Days,5,2,240,113,46.9,1.28,145,-2,2.208,7,2.6,46.9,53.1,0.0,1.2832
After 3+ Up Days,5,2,390,113,46.9,1.28,145,-2,2.208,7,2.6,46.9,53.1,0.0,1.2832
After 3+ Up Days,5,5,15,113,57.52,0.76,86.24,5,1.391,7,4.5,52.2,37.2,10.6,0.7632
After 3+ Up Days,5,5,30,113,57.52,0.65,73.18,5,1.31,7,5.6,54.0,39.8,6.2,0.6476
After 3+ Up Days,5,5,60,113,57.52,0.65,73.92,5,1.308,7,6.8,54.0,42.5,3.5,0.6542
After 3+ Up Days,5,5,120,113,56.64,0.71,79.78,5,1.332,7,7.6,56.6,42.5,0.9,0.706
After 3+ Up Days,5,5,240,113,56.64,0.66,75,5,1.306,7,7.8,56.6,43.4,0.0,0.6637
After 3+ Up Days,5,5,390,113,56.64,0.66,75,5,1.306,7,7.8,56.6,43.4,0.0,0.6637
After 3+ Up Days,5,8,15,113,62.83,0.71,79.78,5,1.311,7,6.0,57.5,24.8,17.7,0.706
After 3+ Up Days,5,8,30,113,64.6,0.49,54.99,5,1.188,7,8.0,60.2,30.1,9.7,0.4866
After 3+ Up Days,5,8,60,113,64.6,0.34,38.78,5,1.123,7,10.1,61.1,34.5,4.4,0.3432
After 3+ Up Days,5,8,120,113,64.6,0.42,47.8,5,1.153,7,11.4,63.7,34.5,1.8,0.423
After 3+ Up Days,5,8,240,113,63.72,0.34,38.96,5,1.121,7,13,63.7,35.4,0.9,0.3448
After 3+ Up Days,5,8,390,113,63.72,0.28,32,5,1.098,7,13.1,63.7,36.3,0.0,0.2832
After 3+ Up Days,5,10,15,113,65.49,0.76,85.69,5,1.335,5,7.2,57.5,15.9,26.5,0.7583
After 3+ Up Days,5,10,30,113,69.03,0.69,78.42,5,1.275,4,10.2,61.9,22.1,15.9,0.694
After 3+ Up Days,5,10,60,113,69.91,0.5,56.35,5,1.174,4,13.3,65.5,27.4,7.1,0.4987
After 3+ Up Days,5,10,120,113,70.8,0.63,71.2,5,1.222,3,15.5,69.0,28.3,2.7,0.6301
After 3+ Up Days,5,10,240,113,69.91,0.65,73.03,5,1.227,3,18.3,69.9,28.3,1.8,0.6463
After 3+ Up Days,5,10,390,113,70.8,0.62,70,5,1.212,3,19.4,70.8,29.2,0.0,0.6195
After 3+ Up Days,5,15,15,113,66.37,0.7,79.45,5,1.298,5,7.9,58.4,7.1,34.5,0.7031
After 3+ Up Days,5,15,30,113,72.57,0.62,70.22,5,1.225,4,12.0,64.6,15.0,20.4,0.6214
After 3+ Up Days,5,15,60,113,75.22,0.5,56.47,5,1.16,4,16.7,70.8,18.6,10.6,0.4997
After 3+ Up Days,5,15,120,113,76.99,0.74,83.39,5,1.243,3,20.7,75.2,19.5,5.3,0.738
After 3+ Up Days,5,15,240,113,76.99,0.74,83.83,5,1.239,3,25.7,77.0,20.4,2.7,0.7419
After 3+ Up Days,5,15,390,113,77.88,0.71,79.93,5,1.222,3,28.3,77.9,21.2,0.9,0.7073
After 3+ Up Days,5,20,15,113,66.37,0.82,92.3,5,1.364,5,8.3,58.4,0.9,40.7,0.8168
After 3+ Up Days,5,20,30,113,74.34,0.77,86.94,5,1.289,3,13.4,65.5,6.2,28.3,0.7694
After 3+ Up Days,5,20,60,113,76.99,0.41,46.15,5,1.124,3,19.7,71.7,12.4,15.9,0.4084
After 3+ Up Days,5,20,120,113,79.65,0.58,65.59,5,1.175,3,25.7,77.9,15.0,7.1,0.5804
After 3+ Up Days,5,20,240,113,79.65,0.44,49.76,5,1.124,3,32.2,79.6,16.8,3.5,0.4404
After 3+ Up Days,5,20,390,113,80.53,0.31,34.93,5,1.083,3,35.2,80.5,18.6,0.9,0.3091
After 3+ Up Days,5,30,15,113,66.37,0.81,91.78,5,1.361,5,8.4,58.4,0.0,41.6,0.8122
After 3+ Up Days,5,30,30,113,74.34,0.88,99.17,5,1.344,3,14.1,65.5,0.0,34.5,0.8776
After 3+ Up Days,5,30,60,113,77.88,0.11,12.86,5,1.031,3,22.2,72.6,6.2,21.2,0.1138
After 3+ Up Days,5,30,120,113,80.53,-0.21,-23.9,5,0.949,3,30.7,78.8,9.7,11.5,-0.2115
After 3+ Up Days,5,30,240,113,80.53,-0.61,-68.45,5,0.869,3,40.3,80.5,14.2,5.3,-0.6058
After 3+ Up Days,5,30,390,113,82.3,-0.93,-105.07,5,0.816,3,45.1,82.3,16.8,0.9,-0.9298
After 3+ Up Days,5,50,15,113,66.37,0.81,91.78,5,1.361,5,8.4,58.4,0.0,41.6,0.8122
After 3+ Up Days,5,50,30,113,74.34,0.88,99.17,5,1.344,3,14.1,65.5,0.0,34.5,0.8776
After 3+ Up Days,5,50,60,113,77.88,-0.33,-36.87,5,0.92,3,23.1,72.6,1.8,25.7,-0.3263
After 3+ Up Days,5,50,120,113,80.53,-0.75,-84.25,5,0.841,3,35.3,78.8,3.5,17.7,-0.7456
After 3+ Up Days,5,50,240,113,80.53,-0.87,-98.67,5,0.822,3,55.9,80.5,3.5,15.9,-0.8732
After 3+ Up Days,5,50,390,113,82.3,-1.91,-215.7,5,0.683,3,75.2,82.3,8.8,8.8,-1.9088
After 3+ Up Days,8,2,15,113,40.71,1.77,199.48,-2,2.544,8,4.0,31.9,56.6,11.5,1.7653
After 3+ Up Days,8,2,30,113,41.59,1.83,206.41,-2,2.564,8,5.1,35.4,58.4,6.2,1.8266
After 3+ Up Days,8,2,60,113,38.05,1.75,197.39,-2,2.41,12,6.1,36.3,61.9,1.8,1.7468
After 3+ Up Days,8,2,120,113,38.05,1.73,196.05,-2,2.4,12,6.7,37.2,61.9,0.9,1.735
After 3+ Up Days,8,2,240,113,37.17,1.72,194,-2,2.366,12,7.6,37.2,62.8,0.0,1.7168
After 3+ Up Days,8,2,390,113,37.17,1.72,194,-2,2.366,12,7.6,37.2,62.8,0.0,1.7168
After 3+ Up Days,8,5,15,113,52.21,1.33,150.73,0.91,1.638,7,6.7,34.5,39.8,25.7,1.3339
After 3+ Up Days,8,5,30,113,54.87,1.49,168.0,1.82,1.67,7,9.6,41.6,42.5,15.9,1.4867
After 3+ Up Days,8,5,60,113,50.44,1.18,133.12,0.56,1.484,12,13.0,42.5,48.7,8.8,1.1781
After 3+ Up Days,8,5,120,113,49.56,1.24,140.49,-0.22,1.501,12,16.4,46.0,49.6,4.4,1.2433
After 3+ Up Days,8,5,240,113,49.56,1.4,158.15,-5,1.555,12,19.3,48.7,50.4,0.9,1.3996
After 3+ Up Days,8,5,390,113,48.67,1.33,150,-5,1.517,12,20.6,48.7,51.3,0.0,1.3274
After 3+ Up Days,8,8,15,113,57.52,1.21,136.61,3.15,1.485,7,8.4,36.3,27.4,36.3,1.2089
After 3+ Up Days,8,8,30,113,61.95,1.33,150.24,4.57,1.476,7,12.6,45.1,32.7,22.1,1.3296
After 3+ Up Days,8,8,60,113,56.64,0.88,99.91,4.77,1.274,8,18,47.8,38.1,14.2,0.8842
After 3+ Up Days,8,8,120,113,56.64,0.92,103.85,8,1.279,8,23.7,52.2,40.7,7.1,0.919
After 3+ Up Days,8,8,240,113,55.75,0.94,106.11,8,1.27,8,28.9,54.9,43.4,1.8,0.939
After 3+ Up Days,8,8,390,113,54.87,0.83,93.68,8,1.233,8,30.3,54.9,44.2,0.9,0.829
After 3+ Up Days,8,10,15,113,60.18,1.22,137.54,3.56,1.482,5,9.6,36.3,17.7,46.0,1.2172
After 3+ Up Days,8,10,30,113,66.37,1.43,161.08,4.57,1.511,4,15.0,45.1,24.8,30.1,1.4255
After 3+ Up Days,8,10,60,113,60.18,0.75,85.14,7.76,1.215,4,22.1,49.6,31.9,18.6,0.7535
After 3+ Up Days,8,10,120,113,61.06,0.88,99.23,8,1.244,4,29.8,54.9,35.4,9.7,0.8781
After 3+ Up Days,8,10,240,113,60.18,0.98,111.08,8,1.261,4,38.7,58.4,37.2,4.4,0.983
After 3+ Up Days,8,10,390,113,60.18,0.95,107.52,8,1.248,4,41.8,59.3,38.1,2.7,0.9515
After 3+ Up Days,8,15,15,113,60.18,0.93,104.81,3.56,1.329,5,10.4,36.3,8.8,54.9,0.9275
After 3+ Up Days,8,15,30,113,69.03,1.1,123.88,4.82,1.333,4,17.0,46.9,18.6,34.5,1.0963
After 3+ Up Days,8,15,60,113,64.6,0.6,68.01,8,1.152,4,26.1,52.2,22.1,25.7,0.6019
After 3+ Up Days,8,15,120,113,66.37,0.84,94.37,8,1.205,4,37.0,60.2,24.8,15.0,0.8351
After 3+ Up Days,8,15,240,113,65.49,0.51,57.08,8,1.108,4,50.0,63.7,30.1,6.2,0.5051
After 3+ Up Days,8,15,390,113,65.49,0.4,45.45,8,1.084,4,56.0,64.6,31.9,3.5,0.4022
After 3+ Up Days,8,20,15,113,60.18,0.99,112.09,3.56,1.361,5,10.8,36.3,1.8,61.9,0.9919
After 3+ Up Days,8,20,30,113,70.8,1.27,143.44,5.18,1.398,3,18.7,47.8,8.0,44.2,1.2694
After 3+ Up Days,8,20,60,113,66.37,0.53,59.33,8,1.126,4,29.7,53.1,15.0,31.9,0.525
After 3+ Up Days,8,20,120,113,69.03,0.54,61.37,8,1.119,4,43.5,61.9,19.5,18.6,0.5431
After 3+ Up Days,8,20,240,113,68.14,-0.01,-1.26,8,0.998,4,60.2,66.4,23.9,9.7,-0.0112
After 3+ Up Days,8,20,390,113,69.03,-0.19,-21.17,8,0.967,4,68.7,67.3,27.4,5.3,-0.1873
After 3+ Up Days,8,30,15,113,60.18,0.9,101.57,3.56,1.316,5,10.9,36.3,0.9,62.8,0.8988
After 3+ Up Days,8,30,30,113,70.8,1.2,135.67,5.18,1.368,3,19.5,47.8,1.8,50.4,1.2006
After 3+ Up Days,8,30,60,113,67.26,-0.01,-0.96,8,0.998,4,32.3,54.0,8.8,37.2,-0.0085
After 3+ Up Days,8,30,120,113,69.91,-0.58,-65.86,8,0.899,4,49.0,62.8,13.3,23.9,-0.5828
After 3+ Up Days,8,30,240,113,69.03,-1.56,-175.93,8,0.778,4,70.2,67.3,20.4,12.4,-1.5569
After 3+ Up Days,8,30,390,113,70.8,-2.0,-226.56,8,0.736,4,82.6,69.0,24.8,6.2,-2.005
After 3+ Up Days,8,50,15,113,60.18,0.91,102.68,3.56,1.321,5,11.0,36.3,0.0,63.7,0.9087
After 3+ Up Days,8,50,30,113,70.8,1.2,135.84,5.18,1.369,3,19.7,47.8,0.0,52.2,1.2021
After 3+ Up Days,8,50,60,113,67.26,-0.74,-83.51,8,0.865,4,34.0,54.0,3.5,42.5,-0.739
After 3+ Up Days,8,50,120,113,69.91,-1.57,-177.23,8,0.768,4,55.0,62.8,5.3,31.9,-1.5684
After 3+ Up Days,8,50,240,113,69.03,-2.38,-269.38,8,0.696,4,89.4,67.3,6.2,26.5,-2.3839
After 3+ Up Days,8,50,390,113,70.8,-3.61,-408.25,8,0.607,4,122.5,69.0,12.4,18.6,-3.6128
After 3+ Up Days,10,2,15,113,36.28,1.67,188.35,-2,2.353,8,5.2,23.0,61.1,15.9,1.6668
After 3+ Up Days,10,2,30,113,36.28,1.77,199.5,-2,2.385,8,6.9,27.4,63.7,8.8,1.7655
After 3+ Up Days,10,2,60,113,31.86,1.67,188.28,-2,2.223,13,8.3,29.2,68.1,2.7,1.6662
After 3+ Up Days,10,2,120,113,31.86,1.7,191.73,-2,2.245,13,9.5,30.1,68.1,1.8,1.6967
After 3+ Up Days,10,2,240,113,30.09,1.61,182,-2,2.152,13,11.2,30.1,69.9,0.0,1.6106
After 3+ Up Days,10,2,390,113,30.09,1.61,182,-2,2.152,13,11.2,30.1,69.9,0.0,1.6106
After 3+ Up Days,10,5,15,113,48.67,1.37,154.38,-0.12,1.627,7,8.2,25.7,40.7,33.6,1.3662
After 3+ Up Days,10,5,30,113,50.44,1.56,176.52,0.08,1.669,7,12.2,32.7,44.2,23.0,1.5621
After 3+ Up Days,10,5,60,113,44.25,1.05,118.15,-5,1.382,12,16.7,35.4,54.0,10.6,1.0456
After 3+ Up Days,10,5,120,113,43.36,1.18,133.27,-5,1.423,12,21.5,38.1,55.8,6.2,1.1794
After 3+ Up Days,10,5,240,113,42.48,1.27,143.89,-5,1.446,12,26.6,40.7,56.6,2.7,1.2734
After 3+ Up Days,10,5,390,113,42.48,1.37,155,-5,1.477,12,28.8,42.5,57.5,0.0,1.3717
After 3+ Up Days,10,8,15,113,53.98,1.25,141.26,1.28,1.479,7,9.9,27.4,28.3,44.2,1.2501
After 3+ Up Days,10,8,30,113,57.52,1.42,160.02,2.76,1.478,7,15.3,35.4,34.5,30.1,1.4161
After 3+ Up Days,10,8,60,113,51.33,0.85,96.06,0.99,1.239,8,22.5,39.8,41.6,18.6,0.8501
After 3+ Up Days,10,8,120,113,51.33,1.02,114.99,0.05,1.278,8,30.4,45.1,45.1,9.7,1.0176
After 3+ Up Days,10,8,240,113,49.56,0.91,102.85,-1.04,1.232,8,38.5,47.8,48.7,3.5,0.9102
After 3+ Up Days,10,8,390,113,49.56,0.97,109.68,-2.32,1.244,8,40.7,49.6,49.6,0.9,0.9706
After 3+ Up Days,10,10,15,113,57.52,1.35,152.94,1.68,1.527,5,11.2,27.4,17.7,54.9,1.3535
After 3+ Up Days,10,10,30,113,62.83,1.64,184.97,2.84,1.564,4,18.0,35.4,25.7,38.9,1.6369
After 3+ Up Days,10,10,60,113,55.75,0.86,96.73,2.26,1.225,4,27.3,41.6,33.6,24.8,0.856
After 3+ Up Days,10,10,120,113,56.64,1.12,126.37,5.68,1.282,4,37.6,48.7,38.9,12.4,1.1183
After 3+ Up Days,10,10,240,113,54.87,1.1,123.82,10,1.259,4,49.4,52.2,41.6,6.2,1.0958
After 3+ Up Days,10,10,390,113,55.75,1.25,141.52,10,1.293,4,53.5,54.9,42.5,2.7,1.2524
After 3+ Up Days,10,15,15,113,57.52,1.06,120.21,1.68,1.372,5,12,27.4,8.8,63.7,1.0638
After 3+ Up Days,10,15,30,113,65.49,1.35,152.19,3.53,1.398,4,20.1,36.3,18.6,45.1,1.3468
After 3+ Up Days,10,15,60,113,61.06,0.79,89.8,4.77,1.188,4,31.5,43.4,23.0,33.6,0.7947
After 3+ Up Days,10,15,120,113,62.83,1.26,142.3,10,1.293,4,46.9,53.1,25.7,21.2,1.2593
After 3+ Up Days,10,15,240,113,61.06,0.64,72.08,10,1.123,4,67.1,56.6,32.7,10.6,0.6379
After 3+ Up Days,10,15,390,113,60.18,0.45,50.95,10,1.082,4,76.3,59.3,36.3,4.4,0.4509
After 3+ Up Days,10,20,15,113,57.52,1.13,127.49,1.68,1.404,5,12.4,27.4,1.8,70.8,1.1282
After 3+ Up Days,10,20,30,113,67.26,1.54,173.75,3.53,1.468,3,21.8,37.2,8.0,54.9,1.5376
After 3+ Up Days,10,20,60,113,62.83,0.69,78.12,5.2,1.155,4,35.1,44.2,15.9,39.8,0.6913
After 3+ Up Days,10,20,120,113,65.49,0.96,108.3,10,1.198,4,53.4,54.9,20.4,24.8,0.9584
After 3+ Up Days,10,20,240,113,63.72,0.04,4.74,10,1.007,4,77.6,59.3,26.5,14.2,0.0419
After 3+ Up Days,10,20,390,113,63.72,-0.31,-34.67,10,0.953,4,89.4,61.9,31.9,6.2,-0.3068
After 3+ Up Days,10,30,15,113,57.52,1.04,116.97,1.68,1.358,5,12.5,27.4,0.9,71.7,1.0351
After 3+ Up Days,10,30,30,113,67.26,1.47,165.98,3.53,1.438,3,22.5,37.2,1.8,61.1,1.4688
After 3+ Up Days,10,30,60,113,63.72,0.09,9.83,5.72,1.017,4,37.9,45.1,9.7,45.1,0.087
After 3+ Up Days,10,30,120,113,66.37,-0.24,-26.93,10,0.961,4,59.1,55.8,14.2,30.1,-0.2383
After 3+ Up Days,10,30,240,113,64.6,-1.55,-175.22,10,0.799,4,88.0,60.2,21.2,18.6,-1.5506
After 3+ Up Days,10,30,390,113,66.37,-1.96,-221.34,10,0.769,4,107.0,64.6,27.4,8.0,-1.9588
After 3+ Up Days,10,50,15,113,57.52,1.04,118.08,1.68,1.363,5,12.6,27.4,0.0,72.6,1.045
After 3+ Up Days,10,50,30,113,67.26,1.47,166.15,3.53,1.439,3,22.7,37.2,0.0,62.8,1.4704
After 3+ Up Days,10,50,60,113,63.72,-0.6,-67.79,5.72,0.897,4,39.6,45.1,3.5,51.3,-0.5999
After 3+ Up Days,10,50,120,113,66.37,-1.11,-125.38,10,0.842,4,65.7,55.8,5.3,38.9,-1.1096
After 3+ Up Days,10,50,240,113,64.6,-2.32,-262.12,10,0.727,4,108.8,60.2,6.2,33.6,-2.3196
After 3+ Up Days,10,50,390,113,66.37,-3.37,-381.29,10,0.659,4,150.6,64.6,13.3,22.1,-3.3742
After 3+ Up Days,15,2,15,113,35.4,1.96,221.19,-2,2.567,8,6.6,8.8,61.9,29.2,1.9574
After 3+ Up Days,15,2,30,113,33.63,2.09,236.09,-2,2.586,8,10.0,15.9,65.5,18.6,2.0893
After 3+ Up Days,15,2,60,113,24.78,1.72,194.27,-2,2.143,15,13.1,19.5,75.2,5.3,1.7192
After 3+ Up Days,15,2,120,113,23.01,1.7,191.73,-2,2.102,15,15.1,21.2,77.0,1.8,1.6967
After 3+ Up Days,15,2,240,113,21.24,1.61,182,-2,2.022,17,16.8,21.2,78.8,0.0,1.6106
After 3+ Up Days,15,2,390,113,21.24,1.61,182,-2,2.022,17,16.8,21.2,78.8,0.0,1.6106
After 3+ Up Days,15,5,15,113,48.67,1.68,190.36,-0.12,1.773,7,9.6,8.8,40.7,50.4,1.6846
After 3+ Up Days,15,5,30,113,48.67,1.93,218.35,-0.82,1.81,7,15.8,18.6,45.1,36.3,1.9323
After 3+ Up Days,15,5,60,113,38.94,1.21,137.02,-5,1.404,12,23.5,23.0,59.3,17.7,1.2126
After 3+ Up Days,15,5,120,113,36.28,1.42,160.95,-5,1.459,12,31,28.3,61.9,9.7,1.4243
After 3+ Up Days,15,5,240,113,34.51,1.59,179.75,-5,1.489,12,39.7,30.1,64.6,5.3,1.5907
After 3+ Up Days,15,5,390,113,33.63,1.67,189.05,-5,1.504,12,44.5,32.7,66.4,0.9,1.673
After 3+ Up Days,15,8,15,113,53.98,1.6,180.78,1.28,1.613,7,11.4,9.7,28.3,61.9,1.5998
After 3+ Up Days,15,8,30,113,54.87,1.65,186.62,1.22,1.531,7,19,19.5,36.3,44.2,1.6515
After 3+ Up Days,15,8,60,113,46.02,1.05,119.0,-3.86,1.267,12,29.8,26.5,45.1,28.3,1.0531
After 3+ Up Days,15,8,120,113,45.13,1.41,159.7,-8,1.346,12,42.9,32.7,50.4,16.8,1.4133
After 3+ Up Days,15,8,240,113,42.48,1.3,147.36,-8,1.29,12,58.6,35.4,55.8,8.8,1.3041
After 3+ Up Days,15,8,390,113,39.82,1.12,126.56,-8,1.238,12,66.8,38.1,58.4,3.5,1.12
After 3+ Up Days,15,10,15,113,57.52,1.7,192.46,1.68,1.663,5,12.7,9.7,17.7,72.6,1.7032
After 3+ Up Days,15,10,30,113,61.06,1.93,217.84,2.18,1.643,4,21.8,19.5,26.5,54.0,1.9278
After 3+ Up Days,15,10,60,113,51.33,1.25,141.47,0.56,1.301,5,35.2,28.3,35.4,36.3,1.2519
After 3+ Up Days,15,10,120,113,51.33,1.73,196.04,0.05,1.394,5,51.2,36.3,43.4,20.4,1.7349
After 3+ Up Days,15,10,240,113,48.67,1.77,199.73,-1.04,1.37,5,72.1,38.9,46.9,14.2,1.7675
After 3+ Up Days,15,10,390,113,46.02,1.41,159.14,-10,1.274,8,86.0,42.5,50.4,7.1,1.4083
After 3+ Up Days,15,15,15,113,57.52,1.41,159.73,1.68,1.494,5,13.5,9.7,8.8,81.4,1.4135
After 3+ Up Days,15,15,30,113,63.72,1.64,185.06,2.76,1.465,4,23.9,20.4,19.5,60.2,1.6377
After 3+ Up Days,15,15,60,113,56.64,1.25,140.8,1.99,1.274,4,39.9,29.2,23.9,46.9,1.246
After 3+ Up Days,15,15,120,113,57.52,2.11,238.93,3.31,1.461,4,63.4,38.9,26.5,34.5,2.1144
After 3+ Up Days,15,15,240,113,54.87,1.39,157.6,4.57,1.242,4,98.0,41.6,35.4,23.0,1.3947
After 3+ Up Days,15,15,390,113,49.56,0.36,40.17,-0.07,1.053,8,121.8,46.0,43.4,10.6,0.3555
After 3+ Up Days,15,20,15,113,57.52,1.48,167.01,1.68,1.529,5,13.9,9.7,1.8,88.5,1.478
After 3+ Up Days,15,20,30,113,65.49,1.8,202.88,2.76,1.53,4,25.7,20.4,8.0,71.7,1.7954
After 3+ Up Days,15,20,60,113,58.41,1.14,129.12,2.34,1.237,4,43.8,30.1,16.8,53.1,1.1427
After 3+ Up Days,15,20,120,113,60.18,1.82,206.12,4.9,1.352,4,70.4,39.8,21.2,38.9,1.8241
After 3+ Up Days,15,20,240,113,57.52,0.9,101.74,6.29,1.136,4,111.6,44.2,27.4,28.3,0.9004
After 3+ Up Days,15,20,390,113,53.98,-0.11,-12.93,5.11,0.985,6,140.5,48.7,35.4,15.9,-0.1144
After 3+ Up Days,15,30,15,113,57.52,1.38,156.49,1.68,1.479,5,14.0,9.7,0.9,89.4,1.3849
After 3+ Up Days,15,30,30,113,65.49,1.73,195.11,2.76,1.499,4,26.5,20.4,1.8,77.9,1.7266
After 3+ Up Days,15,30,60,113,59.29,0.56,62.78,2.89,1.101,4,46.8,30.1,9.7,60.2,0.5556
After 3+ Up Days,15,30,120,113,61.06,0.64,72.76,5.07,1.099,4,77.2,40.7,14.2,45.1,0.6439
After 3+ Up Days,15,30,240,113,58.41,-0.74,-83.22,9.21,0.912,4,123.2,45.1,22.1,32.7,-0.7365
After 3+ Up Days,15,30,390,113,56.64,-1.77,-199.7,10.64,0.816,6,161.8,49.6,29.2,21.2,-1.7673
After 3+ Up Days,15,50,15,113,57.52,1.39,157.6,1.68,1.485,5,14.1,9.7,0.0,90.3,1.3947
After 3+ Up Days,15,50,30,113,65.49,1.73,195.28,2.76,1.5,4,26.7,20.4,0.0,79.6,1.7281
After 3+ Up Days,15,50,60,113,59.29,-0.13,-14.84,2.89,0.979,4,48.5,30.1,3.5,66.4,-0.1313
After 3+ Up Days,15,50,120,113,61.06,-0.23,-25.69,5.07,0.969,4,83.8,40.7,5.3,54.0,-0.2273
After 3+ Up Days,15,50,240,113,58.41,-1.68,-190.12,9.21,0.82,4,144.6,45.1,7.1,47.8,-1.6825
After 3+ Up Days,15,50,390,113,56.64,-3.54,-399.65,10.64,0.688,6,206.1,49.6,15.0,35.4,-3.5367
After 3+ Up Days,20,2,15,113,34.51,2.06,232.74,-2,2.626,8,7.1,5.3,62.8,31.9,2.0596
After 3+ Up Days,20,2,30,113,31.86,2.27,256.8,-2,2.68,8,11.4,8.8,67.3,23.9,2.2726
After 3+ Up Days,20,2,60,113,21.24,1.56,176.1,-2,1.989,16,15.8,12.4,78.8,8.8,1.5584
After 3+ Up Days,20,2,120,113,17.7,1.48,167.17,-2,1.899,16,19.4,15.0,82.3,2.7,1.4794
After 3+ Up Days,20,2,240,113,15.04,1.31,148,-2,1.771,27,21.7,15.0,85.0,0.0,1.3097
After 3+ Up Days,20,2,390,113,15.04,1.31,148,-2,1.771,27,21.7,15.0,85.0,0.0,1.3097
After 3+ Up Days,20,5,15,113,47.79,1.76,198.91,-0.25,1.791,7,10.1,5.3,41.6,53.1,1.7603
After 3+ Up Days,20,5,30,113,46.02,1.95,220.82,-2.01,1.776,7,17.3,9.7,47.8,42.5,1.9542
After 3+ Up Days,20,5,60,113,33.63,0.71,80.04,-5,1.222,13,26.8,13.3,62.8,23.9,0.7083
After 3+ Up Days,20,5,120,113,30.09,0.88,99.87,-5,1.259,13,37.5,18.6,68.1,13.3,0.8838
After 3+ Up Days,20,5,240,113,25.66,0.78,87.76,-5,1.21,13,49.0,19.5,73.5,7.1,0.7766
After 3+ Up Days,20,5,390,113,24.78,0.92,104.1,-5,1.245,13,55.4,23.0,75.2,1.8,0.9212
After 3+ Up Days,20,8,15,113,53.1,1.69,191.33,0.91,1.632,7,12.0,6.2,29.2,64.6,1.6932
After 3+ Up Days,20,8,30,113,52.21,1.64,185.09,0.41,1.493,7,20.6,10.6,38.9,50.4,1.638
After 3+ Up Days,20,8,60,113,40.71,0.51,57.43,-5.44,1.122,13,33.7,14.2,47.8,38.1,0.5082
After 3+ Up Days,20,8,120,113,38.94,0.81,91.54,-8,1.177,13,51.1,22.1,56.6,21.2,0.8101
After 3+ Up Days,20,8,240,113,33.63,0.49,55.37,-8,1.094,13,71.0,24.8,64.6,10.6,0.49
After 3+ Up Days,20,8,390,113,30.97,0.37,41.61,-8,1.068,13,80.8,28.3,67.3,4.4,0.3682
After 3+ Up Days,20,10,15,113,56.64,1.78,201.01,1.5,1.669,5,13.3,6.2,18.6,75.2,1.7788
After 3+ Up Days,20,10,30,113,58.41,1.97,222.83,1.69,1.625,4,23.5,10.6,27.4,61.9,1.9719
After 3+ Up Days,20,10,60,113,46.9,0.84,94.64,-1.35,1.192,5,39.5,15.0,37.2,47.8,0.8375
After 3+ Up Days,20,10,120,113,47.79,1.7,191.66,-0.55,1.356,5,61.3,25.7,46.9,27.4,1.6961
After 3+ Up Days,20,10,240,113,42.48,1.66,187.14,-10,1.311,5,89.4,29.2,52.2,18.6,1.6561
After 3+ Up Days,20,10,390,113,38.94,1.32,148.78,-10,1.229,8,108.2,34.5,55.8,9.7,1.3166
After 3+ Up Days,20,15,15,113,56.64,1.48,167.18,1.5,1.5,5,14.1,6.2,8.8,85.0,1.4795
After 3+ Up Days,20,15,30,113,61.06,1.67,188.57,2.18,1.448,4,25.6,10.6,20.4,69.0,1.6688
After 3+ Up Days,20,15,60,113,51.33,0.59,66.3,0.29,1.121,4,44.6,15.0,25.7,59.3,0.5867
After 3+ Up Days,20,15,120,113,53.98,2.1,237.85,0.89,1.425,4,75.7,26.5,28.3,45.1,2.1049
After 3+ Up Days,20,15,240,113,49.56,1.34,151.21,-0.93,1.209,4,120.6,31.0,38.9,30.1,1.3381
After 3+ Up Days,20,15,390,113,43.36,0.49,54.81,-5.5,1.065,8,152.5,38.9,47.8,13.3,0.485
After 3+ Up Days,20,20,15,113,56.64,1.54,174.46,1.5,1.534,5,14.5,6.2,1.8,92.0,1.5439
After 3+ Up Days,20,20,30,113,62.83,1.78,201.39,2.39,1.491,4,27.5,10.6,8.8,80.5,1.7822
After 3+ Up Days,20,20,60,113,52.21,0.23,25.82,0.56,1.043,4,48.8,15.0,18.6,66.4,0.2285
After 3+ Up Days,20,20,120,113,56.64,1.61,181.67,1.36,1.285,4,83.6,26.5,23.0,50.4,1.6077
After 3+ Up Days,20,20,240,113,51.33,0.47,53.63,2.15,1.063,4,136.4,31.9,31.0,37.2,0.4746
After 3+ Up Days,20,20,390,113,46.9,-0.37,-41.8,-1.68,0.957,6,176.1,39.8,39.8,20.4,-0.3699
After 3+ Up Days,20,30,15,113,56.64,1.45,163.94,1.5,1.486,5,14.6,6.2,0.9,92.9,1.4508
After 3+ Up Days,20,30,30,113,62.83,1.7,192.59,2.39,1.459,4,28.3,10.6,1.8,87.6,1.7043
After 3+ Up Days,20,30,60,113,53.1,-0.42,-47.19,0.99,0.93,4,52.0,15.0,10.6,74.3,-0.4176
After 3+ Up Days,20,30,120,113,56.64,0.12,13.03,1.36,1.016,4,91.0,26.5,15.9,57.5,0.1153
After 3+ Up Days,20,30,240,113,52.21,-1.37,-154.26,3.15,0.857,4,150.0,32.7,24.8,42.5,-1.3651
After 3+ Up Days,20,30,390,113,50.44,-1.9,-214.89,0.05,0.82,6,201.7,40.7,31.9,27.4,-1.9017
After 3+ Up Days,20,50,15,113,56.64,1.46,165.05,1.5,1.491,5,14.7,6.2,0.0,93.8,1.4606
After 3+ Up Days,20,50,30,113,62.83,1.71,192.76,2.39,1.46,4,28.5,10.6,0.0,89.4,1.7058
After 3+ Up Days,20,50,60,113,53.1,-1.18,-133.71,0.99,0.825,4,54.0,15.0,3.5,81.4,-1.1833
After 3+ Up Days,20,50,120,113,56.64,-1.11,-125.42,1.36,0.867,4,98.0,26.5,7.1,66.4,-1.1099
After 3+ Up Days,20,50,240,113,52.21,-2.58,-291.66,3.15,0.761,4,172.1,32.7,8.8,58.4,-2.5811
After 3+ Up Days,20,50,390,113,50.44,-3.93,-444.61,0.05,0.687,6,248.1,40.7,16.8,42.5,-3.9346
After 3+ Up Days,30,2,15,113,34.51,2.23,251.7,-2,2.758,8,7.4,0.9,62.8,36.3,2.2274
After 3+ Up Days,30,2,30,113,31.86,2.36,266.26,-2,2.742,8,12.5,1.8,67.3,31.0,2.3563
After 3+ Up Days,30,2,60,113,19.47,1.62,182.59,-2,2.003,16,19.2,4.4,80.5,15.0,1.6158
After 3+ Up Days,30,2,120,113,15.04,1.44,163.1,-2,1.849,16,25.9,6.2,85.0,8.8,1.4434
After 3+ Up Days,30,2,240,113,12.39,1.82,205.24,-2,2.037,27,33.9,9.7,87.6,2.7,1.8163
After 3+ Up Days,30,2,390,113,12.39,1.91,215.9,-2,2.09,27,36.6,11.5,87.6,0.9,1.9106
After 3+ Up Days,30,5,15,113,47.79,1.93,217.87,-0.25,1.867,7,10.4,0.9,41.6,57.5,1.9281
After 3+ Up Days,30,5,30,113,46.02,2.05,231.93,-2.01,1.815,7,18.6,1.8,47.8,50.4,2.0525
After 3+ Up Days,30,5,60,113,32.74,0.95,107.28,-5,1.293,13,30.5,5.3,63.7,31.0,0.9494
After 3+ Up Days,30,5,120,113,29.2,0.84,95.26,-5,1.244,13,45.9,7.1,69.0,23.9,0.843
After 3+ Up Days,30,5,240,113,23.89,1.36,154.07,-5,1.36,13,67.9,11.5,75.2,13.3,1.3635
After 3+ Up Days,30,5,390,113,22.12,1.86,210.36,-5,1.478,13,82.0,15.0,77.9,7.1,1.8616
After 3+ Up Days,30,8,15,113,53.1,1.86,210.61,0.91,1.696,7,12.3,0.9,29.2,69.9,1.8638
After 3+ Up Days,30,8,30,113,52.21,1.81,204.88,0.41,1.545,7,22.0,1.8,38.9,59.3,1.8131
After 3+ Up Days,30,8,60,113,39.82,0.87,98.4,-5.44,1.208,13,37.7,6.2,47.8,46.0,0.8708
After 3+ Up Days,30,8,120,113,38.94,0.88,98.88,-8,1.191,13,61.2,8.0,56.6,35.4,0.875
After 3+ Up Days,30,8,240,113,32.74,1.4,157.94,-8,1.265,13,96.4,13.3,65.5,21.2,1.3977
After 3+ Up Days,30,8,390,113,29.2,1.79,202.37,-8,1.322,13,118.9,19.5,69.0,11.5,1.7909
After 3+ Up Days,30,10,15,113,56.64,1.95,220.29,1.5,1.733,5,13.6,0.9,18.6,80.5,1.9495
After 3+ Up Days,30,10,30,113,58.41,2.15,242.62,1.69,1.681,4,24.9,1.8,27.4,70.8,2.1471
After 3+ Up Days,30,10,60,113,46.02,1.19,133.94,-1.35,1.271,5,43.5,6.2,37.2,56.6,1.1853
After 3+ Up Days,30,10,120,113,46.9,1.67,189.19,-0.64,1.345,5,72.6,8.8,47.8,43.4,1.6742
After 3+ Up Days,30,10,240,113,40.71,2.54,286.55,-10,1.461,5,116.4,15.9,54.0,30.1,2.5358
After 3+ Up Days,30,10,390,113,36.28,2.64,298.26,-10,1.438,8,150.4,22.1,58.4,19.5,2.6395
After 3+ Up Days,30,15,15,113,56.64,1.65,186.46,1.5,1.558,5,14.4,0.9,8.8,90.3,1.6501
After 3+ Up Days,30,15,30,113,61.06,1.84,208.36,2.18,1.495,4,27.0,1.8,20.4,77.9,1.8439
After 3+ Up Days,30,15,60,113,50.44,0.93,105.6,0.18,1.192,4,48.6,6.2,25.7,68.1,0.9345
After 3+ Up Days,30,15,120,113,53.1,2.13,240.38,0.56,1.418,4,87.0,9.7,29.2,61.1,2.1273
After 3+ Up Days,30,15,240,113,47.79,2.28,258.17,-1.43,1.343,5,148.7,16.8,40.7,42.5,2.2847
After 3+ Up Days,30,15,390,113,40.71,1.92,216.49,-8.73,1.246,8,197.5,23.9,49.6,26.5,1.9158
After 3+ Up Days,30,20,15,113,56.64,1.71,193.74,1.5,1.593,5,14.8,0.9,1.8,97.3,1.7145
After 3+ Up Days,30,20,30,113,62.83,1.96,221.18,2.39,1.539,4,28.9,1.8,8.8,89.4,1.9573
After 3+ Up Days,30,20,60,113,51.33,0.58,65.12,0.29,1.109,4,52.8,6.2,18.6,75.2,0.5763
After 3+ Up Days,30,20,120,113,55.75,1.59,179.2,1.09,1.273,4,94.9,9.7,23.9,66.4,1.5858
After 3+ Up Days,30,20,240,113,49.56,1.3,147.36,-0.93,1.165,4,165.4,16.8,32.7,50.4,1.3041
After 3+ Up Days,30,20,390,113,44.25,0.9,102.0,-3.45,1.1,6,223.2,23.9,41.6,34.5,0.9027
After 3+ Up Days,30,30,15,113,56.64,1.62,183.22,1.5,1.543,5,14.9,0.9,0.9,98.2,1.6214
After 3+ Up Days,30,30,30,113,62.83,1.88,212.38,2.39,1.507,4,29.7,1.8,1.8,96.5,1.8795
After 3+ Up Days,30,30,60,113,52.21,-0.07,-7.89,0.56,0.988,4,56.1,6.2,10.6,83.2,-0.0698
After 3+ Up Days,30,30,120,113,55.75,0.11,12.18,1.09,1.015,4,102.4,9.7,15.9,74.3,0.1078
After 3+ Up Days,30,30,240,113,50.44,-0.23,-25.89,1.84,0.976,4,180.8,17.7,24.8,57.5,-0.2291
After 3+ Up Days,30,30,390,113,47.79,-0.26,-29.35,-1.27,0.976,6,253.4,24.8,31.9,43.4,-0.2597
After 3+ Up Days,30,50,15,113,56.64,1.63,184.33,1.5,1.548,5,15,0.9,0.0,99.1,1.6312
After 3+ Up Days,30,50,30,113,62.83,1.88,212.55,2.39,1.507,4,29.9,1.8,0.0,98.2,1.881
After 3+ Up Days,30,50,60,113,52.21,-0.84,-94.41,0.56,0.876,4,58.0,6.2,3.5,90.3,-0.8355
After 3+ Up Days,30,50,120,113,55.75,-1.12,-126.27,1.09,0.869,4,109.3,9.7,7.1,83.2,-1.1174
After 3+ Up Days,30,50,240,113,50.44,-1.45,-163.29,1.84,0.868,4,203.0,17.7,8.8,73.5,-1.445
After 3+ Up Days,30,50,390,113,47.79,-2.29,-259.07,-1.27,0.819,6,299.8,24.8,16.8,58.4,-2.2927
After 3+ Up Days,50,2,15,113,34.51,2.2,248.41,-2,2.735,8,7.4,0.0,62.8,37.2,2.1983
After 3+ Up Days,50,2,30,113,31.86,2.32,262.1,-2,2.715,8,12.6,0.0,67.3,32.7,2.3195
After 3+ Up Days,50,2,60,113,19.47,1.71,192.85,-2,2.06,16,20.4,0.0,80.5,19.5,1.7066
After 3+ Up Days,50,2,120,113,15.04,1.31,148.28,-2,1.772,16,30.6,0.0,85.0,15.0,1.3122
After 3+ Up Days,50,2,240,113,11.5,1.63,184.48,-2,1.922,27,46.6,0.0,88.5,11.5,1.6326
After 3+ Up Days,50,2,390,113,11.5,1.79,201.87,-2,2.009,27,60.9,1.8,88.5,9.7,1.7865
After 3+ Up Days,50,5,15,113,47.79,1.9,214.58,-0.25,1.854,7,10.4,0.0,41.6,58.4,1.8989
After 3+ Up Days,50,5,30,113,46.02,2.02,227.77,-2.01,1.801,7,18.7,0.0,47.8,52.2,2.0157
After 3+ Up Days,50,5,60,113,32.74,1.03,116.15,-5,1.317,13,31.9,0.0,63.7,36.3,1.0279
After 3+ Up Days,50,5,120,113,29.2,0.81,91.01,-5,1.233,13,51.3,0.0,69.0,31.0,0.8054
After 3+ Up Days,50,5,240,113,23.01,1.3,147.04,-5,1.34,13,82.7,0.0,76.1,23.9,1.3012
After 3+ Up Days,50,5,390,113,21.24,2.07,234.07,-5,1.526,13,110.5,3.5,78.8,17.7,2.0714
After 3+ Up Days,50,8,15,113,53.1,1.83,207.32,0.91,1.685,7,12.3,0.0,29.2,70.8,1.8347
After 3+ Up Days,50,8,30,113,52.21,1.78,200.72,0.41,1.534,7,22.2,0.0,38.9,61.1,1.7763
After 3+ Up Days,50,8,60,113,39.82,1.13,127.27,-5.44,1.269,13,39.1,0.9,47.8,51.3,1.1263
After 3+ Up Days,50,8,120,113,38.94,1.01,114.63,-8,1.221,13,66.6,0.9,56.6,42.5,1.0144
After 3+ Up Days,50,8,240,113,31.86,1.47,165.7,-8,1.274,13,111.7,0.9,66.4,32.7,1.4664
After 3+ Up Days,50,8,390,113,28.32,2.29,258.97,-8,1.407,13,150.8,5.3,69.9,24.8,2.2918
After 3+ Up Days,50,10,15,113,56.64,1.92,217.0,1.5,1.722,5,13.6,0.0,18.6,81.4,1.9204
After 3+ Up Days,50,10,30,113,58.41,2.11,238.46,1.69,1.669,4,25.0,0.0,27.4,72.6,2.1103
After 3+ Up Days,50,10,60,113,46.02,1.44,162.81,-1.35,1.329,5,44.9,0.9,37.2,61.9,1.4408
After 3+ Up Days,50,10,120,113,46.9,1.76,198.46,-0.64,1.362,5,78.4,0.9,47.8,51.3,1.7563
After 3+ Up Days,50,10,240,113,39.82,2.57,290.79,-10,1.46,5,135.2,0.9,54.9,44.2,2.5734
After 3+ Up Days,50,10,390,113,35.4,3.37,381.07,-10,1.552,8,188.6,7.1,59.3,33.6,3.3723
After 3+ Up Days,50,15,15,113,56.64,1.62,183.17,1.5,1.548,5,14.4,0.0,8.8,91.2,1.621
After 3+ Up Days,50,15,30,113,61.06,1.81,204.2,2.18,1.485,4,27.2,0.0,20.4,79.6,1.8071
After 3+ Up Days,50,15,60,113,50.44,1.19,134.47,0.18,1.244,4,50,0.9,25.7,73.5,1.19
After 3+ Up Days,50,15,120,113,53.1,2.39,269.65,0.56,1.469,4,93.1,1.8,29.2,69.0,2.3863
After 3+ Up Days,50,15,240,113,46.9,2.52,285.04,-2.15,1.375,5,168.2,1.8,40.7,57.5,2.5225
After 3+ Up Days,50,15,390,113,39.82,2.54,286.65,-15,1.321,8,238.2,8.0,50.4,41.6,2.5367
After 3+ Up Days,50,20,15,113,56.64,1.69,190.45,1.5,1.582,5,14.8,0.0,1.8,98.2,1.6854
After 3+ Up Days,50,20,30,113,62.83,1.92,217.02,2.39,1.529,4,29.0,0.0,8.8,91.2,1.9205
After 3+ Up Days,50,20,60,113,51.33,0.83,93.99,0.29,1.158,4,54.2,0.9,18.6,80.5,0.8318
After 3+ Up Days,50,20,120,113,55.75,1.84,208.47,1.09,1.317,4,101.1,1.8,23.9,74.3,1.8449
After 3+ Up Days,50,20,240,113,48.67,1.54,174.23,-1.04,1.193,4,184.9,1.8,32.7,65.5,1.5419
After 3+ Up Days,50,20,390,113,43.36,1.48,167.16,-4.34,1.16,6,264.2,8.0,42.5,49.6,1.4793
After 3+ Up Days,50,30,15,113,56.64,1.59,179.93,1.5,1.533,5,14.9,0.0,0.9,99.1,1.5923
After 3+ Up Days,50,30,30,113,62.83,1.84,208.22,2.39,1.497,4,29.8,0.0,1.8,98.2,1.8427
After 3+ Up Days,50,30,60,113,52.21,0.19,20.98,0.56,1.031,4,57.5,0.9,10.6,88.5,0.1857
After 3+ Up Days,50,30,120,113,55.75,0.37,41.45,1.09,1.05,4,108.5,1.8,15.9,82.3,0.3668
After 3+ Up Days,50,30,240,113,49.56,-0.0,-0.23,-0.93,1.0,4,200.4,1.8,24.8,73.5,-0.002
After 3+ Up Days,50,30,390,113,46.9,0.31,35.32,-1.39,1.029,6,296.0,8.0,32.7,59.3,0.3126
After 3+ Up Days,50,50,15,113,56.64,1.6,181.04,1.5,1.538,5,15,0.0,0.0,100.0,1.6021
After 3+ Up Days,50,50,30,113,62.83,1.84,208.39,2.39,1.497,4,30,0.0,0.0,100.0,1.8442
After 3+ Up Days,50,50,60,113,52.21,-0.58,-65.54,0.56,0.914,4,59.4,0.9,3.5,95.6,-0.58
After 3+ Up Days,50,50,120,113,55.75,-0.86,-97.0,1.09,0.899,4,115.5,1.8,7.1,91.2,-0.8584
After 3+ Up Days,50,50,240,113,49.56,-1.22,-137.63,-0.93,0.889,4,222.5,1.8,8.8,89.4,-1.218
After 3+ Up Days,50,50,390,113,46.9,-1.71,-193.72,-1.39,0.868,6,342.6,8.0,16.8,75.2,-1.7143
After 3+ Up Days,75,2,15,113,34.51,2.2,248.41,-2,2.735,8,7.4,0.0,62.8,37.2,2.1983
After 3+ Up Days,75,2,30,113,31.86,2.32,262.1,-2,2.715,8,12.6,0.0,67.3,32.7,2.3195
After 3+ Up Days,75,2,60,113,19.47,1.71,192.85,-2,2.06,16,20.4,0.0,80.5,19.5,1.7066
After 3+ Up Days,75,2,120,113,15.04,1.31,148.28,-2,1.772,16,30.6,0.0,85.0,15.0,1.3122
After 3+ Up Days,75,2,240,113,11.5,1.63,184.48,-2,1.922,27,46.6,0.0,88.5,11.5,1.6326
After 3+ Up Days,75,2,390,113,11.5,1.76,198.64,-2,1.993,27,61.1,0.0,88.5,11.5,1.7579
After 3+ Up Days,75,5,15,113,47.79,1.9,214.58,-0.25,1.854,7,10.4,0.0,41.6,58.4,1.8989
After 3+ Up Days,75,5,30,113,46.02,2.02,227.77,-2.01,1.801,7,18.7,0.0,47.8,52.2,2.0157
After 3+ Up Days,75,5,60,113,32.74,1.03,116.15,-5,1.317,13,31.9,0.0,63.7,36.3,1.0279
After 3+ Up Days,75,5,120,113,29.2,0.81,91.01,-5,1.233,13,51.3,0.0,69.0,31.0,0.8054
After 3+ Up Days,75,5,240,113,23.01,1.3,147.04,-5,1.34,13,82.7,0.0,76.1,23.9,1.3012
After 3+ Up Days,75,5,390,113,21.24,2.23,252.06,-5,1.566,13,112.6,0.0,78.8,21.2,2.2306
After 3+ Up Days,75,8,15,113,53.1,1.83,207.32,0.91,1.685,7,12.3,0.0,29.2,70.8,1.8347
After 3+ Up Days,75,8,30,113,52.21,1.78,200.72,0.41,1.534,7,22.2,0.0,38.9,61.1,1.7763
After 3+ Up Days,75,8,60,113,39.82,1.03,116.47,-5.44,1.246,13,39.3,0.0,47.8,52.2,1.0307
After 3+ Up Days,75,8,120,113,38.94,0.89,100.42,-8,1.194,13,67.4,0.0,56.6,43.4,0.8887
After 3+ Up Days,75,8,240,113,31.86,1.38,156.33,-8,1.259,13,113.6,0.0,66.4,33.6,1.3835
After 3+ Up Days,75,8,390,113,28.32,2.6,294.21,-8,1.463,13,156.1,0.0,69.9,30.1,2.6036
After 3+ Up Days,75,10,15,113,56.64,1.92,217.0,1.5,1.722,5,13.6,0.0,18.6,81.4,1.9204
After 3+ Up Days,75,10,30,113,58.41,2.11,238.46,1.69,1.669,4,25.0,0.0,27.4,72.6,2.1103
After 3+ Up Days,75,10,60,113,46.02,1.35,152.01,-1.35,1.308,5,45.2,0.0,37.2,62.8,1.3452
After 3+ Up Days,75,10,120,113,46.9,1.63,184.25,-0.64,1.336,5,79.2,0.0,47.8,52.2,1.6305
After 3+ Up Days,75,10,240,113,39.82,2.49,281.42,-10,1.446,5,137.1,0.0,54.9,45.1,2.4904
After 3+ Up Days,75,10,390,113,35.4,3.69,416.66,-10,1.604,8,195.1,0.0,59.3,40.7,3.6873
After 3+ Up Days,75,15,15,113,56.64,1.62,183.17,1.5,1.548,5,14.4,0.0,8.8,91.2,1.621
After 3+ Up Days,75,15,30,113,61.06,1.81,204.2,2.18,1.485,4,27.2,0.0,20.4,79.6,1.8071
After 3+ Up Days,75,15,60,113,50.44,1.09,123.67,0.18,1.225,4,50.3,0.0,25.7,74.3,1.0944
After 3+ Up Days,75,15,120,113,53.1,2.28,258.17,0.56,1.449,4,93.9,0.0,29.2,70.8,2.2847
After 3+ Up Days,75,15,240,113,46.9,2.66,300.67,-2.15,1.396,5,170.8,0.9,40.7,58.4,2.6608
After 3+ Up Days,75,15,390,113,39.82,3.07,347.24,-15,1.389,8,245.4,0.9,50.4,48.7,3.0729
After 3+ Up Days,75,20,15,113,56.64,1.69,190.45,1.5,1.582,5,14.8,0.0,1.8,98.2,1.6854
After 3+ Up Days,75,20,30,113,62.83,1.92,217.02,2.39,1.529,4,29.0,0.0,8.8,91.2,1.9205
After 3+ Up Days,75,20,60,113,51.33,0.74,83.19,0.29,1.14,4,54.5,0.0,18.6,81.4,0.7362
After 3+ Up Days,75,20,120,113,55.75,1.74,196.99,1.09,1.3,4,101.9,0.0,23.9,76.1,1.7433
After 3+ Up Days,75,20,240,113,48.67,1.68,189.86,-1.04,1.211,4,187.5,0.9,32.7,66.4,1.6802
After 3+ Up Days,75,20,390,113,43.36,2.02,227.75,-4.34,1.219,6,271.4,0.9,42.5,56.6,2.0155
After 3+ Up Days,75,30,15,113,56.64,1.59,179.93,1.5,1.533,5,14.9,0.0,0.9,99.1,1.5923
After 3+ Up Days,75,30,30,113,62.83,1.84,208.22,2.39,1.497,4,29.8,0.0,1.8,98.2,1.8427
After 3+ Up Days,75,30,60,113,52.21,0.09,10.18,0.56,1.015,4,57.7,0.0,10.6,89.4,0.0901
After 3+ Up Days,75,30,120,113,55.75,0.27,29.97,1.09,1.036,4,109.3,0.0,15.9,84.1,0.2652
After 3+ Up Days,75,30,240,113,49.56,0.14,15.4,-0.93,1.014,4,203.0,0.9,24.8,74.3,0.1363
After 3+ Up Days,75,30,390,113,46.9,0.85,95.91,-1.39,1.078,6,303.2,0.9,32.7,66.4,0.8488
After 3+ Up Days,75,50,15,113,56.64,1.6,181.04,1.5,1.538,5,15,0.0,0.0,100.0,1.6021
After 3+ Up Days,75,50,30,113,62.83,1.84,208.39,2.39,1.497,4,30,0.0,0.0,100.0,1.8442
After 3+ Up Days,75,50,60,113,52.21,-0.68,-76.34,0.56,0.9,4,59.7,0.0,3.5,96.5,-0.6756
After 3+ Up Days,75,50,120,113,55.75,-0.96,-108.48,1.09,0.887,4,116.3,0.0,7.1,92.9,-0.96
After 3+ Up Days,75,50,240,113,49.56,-1.08,-122.0,-0.93,0.902,4,225.1,0.9,8.8,90.3,-1.0796
After 3+ Up Days,75,50,390,113,46.9,-1.18,-133.13,-1.39,0.909,6,349.8,0.9,16.8,82.3,-1.1781
After 3+ Up Days,100,2,15,113,34.51,2.2,248.41,-2,2.735,8,7.4,0.0,62.8,37.2,2.1983
After 3+ Up Days,100,2,30,113,31.86,2.32,262.1,-2,2.715,8,12.6,0.0,67.3,32.7,2.3195
After 3+ Up Days,100,2,60,113,19.47,1.71,192.85,-2,2.06,16,20.4,0.0,80.5,19.5,1.7066
After 3+ Up Days,100,2,120,113,15.04,1.31,148.28,-2,1.772,16,30.6,0.0,85.0,15.0,1.3122
After 3+ Up Days,100,2,240,113,11.5,1.63,184.48,-2,1.922,27,46.6,0.0,88.5,11.5,1.6326
After 3+ Up Days,100,2,390,113,11.5,1.76,198.64,-2,1.993,27,61.1,0.0,88.5,11.5,1.7579
After 3+ Up Days,100,5,15,113,47.79,1.9,214.58,-0.25,1.854,7,10.4,0.0,41.6,58.4,1.8989
After 3+ Up Days,100,5,30,113,46.02,2.02,227.77,-2.01,1.801,7,18.7,0.0,47.8,52.2,2.0157
After 3+ Up Days,100,5,60,113,32.74,1.03,116.15,-5,1.317,13,31.9,0.0,63.7,36.3,1.0279
After 3+ Up Days,100,5,120,113,29.2,0.81,91.01,-5,1.233,13,51.3,0.0,69.0,31.0,0.8054
After 3+ Up Days,100,5,240,113,23.01,1.3,147.04,-5,1.34,13,82.7,0.0,76.1,23.9,1.3012
After 3+ Up Days,100,5,390,113,21.24,2.23,252.06,-5,1.566,13,112.6,0.0,78.8,21.2,2.2306
After 3+ Up Days,100,8,15,113,53.1,1.83,207.32,0.91,1.685,7,12.3,0.0,29.2,70.8,1.8347
After 3+ Up Days,100,8,30,113,52.21,1.78,200.72,0.41,1.534,7,22.2,0.0,38.9,61.1,1.7763
After 3+ Up Days,100,8,60,113,39.82,1.03,116.47,-5.44,1.246,13,39.3,0.0,47.8,52.2,1.0307
After 3+ Up Days,100,8,120,113,38.94,0.89,100.42,-8,1.194,13,67.4,0.0,56.6,43.4,0.8887
After 3+ Up Days,100,8,240,113,31.86,1.38,156.33,-8,1.259,13,113.6,0.0,66.4,33.6,1.3835
After 3+ Up Days,100,8,390,113,28.32,2.6,294.21,-8,1.463,13,156.1,0.0,69.9,30.1,2.6036
After 3+ Up Days,100,10,15,113,56.64,1.92,217.0,1.5,1.722,5,13.6,0.0,18.6,81.4,1.9204
After 3+ Up Days,100,10,30,113,58.41,2.11,238.46,1.69,1.669,4,25.0,0.0,27.4,72.6,2.1103
After 3+ Up Days,100,10,60,113,46.02,1.35,152.01,-1.35,1.308,5,45.2,0.0,37.2,62.8,1.3452
After 3+ Up Days,100,10,120,113,46.9,1.63,184.25,-0.64,1.336,5,79.2,0.0,47.8,52.2,1.6305
After 3+ Up Days,100,10,240,113,39.82,2.49,281.42,-10,1.446,5,137.1,0.0,54.9,45.1,2.4904
After 3+ Up Days,100,10,390,113,35.4,3.69,416.66,-10,1.604,8,195.1,0.0,59.3,40.7,3.6873
After 3+ Up Days,100,15,15,113,56.64,1.62,183.17,1.5,1.548,5,14.4,0.0,8.8,91.2,1.621
After 3+ Up Days,100,15,30,113,61.06,1.81,204.2,2.18,1.485,4,27.2,0.0,20.4,79.6,1.8071
After 3+ Up Days,100,15,60,113,50.44,1.09,123.67,0.18,1.225,4,50.3,0.0,25.7,74.3,1.0944
After 3+ Up Days,100,15,120,113,53.1,2.28,258.17,0.56,1.449,4,93.9,0.0,29.2,70.8,2.2847
After 3+ Up Days,100,15,240,113,46.9,2.65,299.16,-2.15,1.394,5,171.2,0.0,40.7,59.3,2.6474
After 3+ Up Days,100,15,390,113,39.82,3.12,353.02,-15,1.395,8,247.1,0.0,50.4,49.6,3.1241
After 3+ Up Days,100,20,15,113,56.64,1.69,190.45,1.5,1.582,5,14.8,0.0,1.8,98.2,1.6854
After 3+ Up Days,100,20,30,113,62.83,1.92,217.02,2.39,1.529,4,29.0,0.0,8.8,91.2,1.9205
After 3+ Up Days,100,20,60,113,51.33,0.74,83.19,0.29,1.14,4,54.5,0.0,18.6,81.4,0.7362
After 3+ Up Days,100,20,120,113,55.75,1.74,196.99,1.09,1.3,4,101.9,0.0,23.9,76.1,1.7433
After 3+ Up Days,100,20,240,113,48.67,1.67,188.35,-1.04,1.209,4,187.9,0.0,32.7,67.3,1.6668
After 3+ Up Days,100,20,390,113,43.36,2.07,233.53,-4.34,1.224,6,273.1,0.0,42.5,57.5,2.0666
After 3+ Up Days,100,30,15,113,56.64,1.59,179.93,1.5,1.533,5,14.9,0.0,0.9,99.1,1.5923
After 3+ Up Days,100,30,30,113,62.83,1.84,208.22,2.39,1.497,4,29.8,0.0,1.8,98.2,1.8427
After 3+ Up Days,100,30,60,113,52.21,0.09,10.18,0.56,1.015,4,57.7,0.0,10.6,89.4,0.0901
After 3+ Up Days,100,30,120,113,55.75,0.27,29.97,1.09,1.036,4,109.3,0.0,15.9,84.1,0.2652
After 3+ Up Days,100,30,240,113,49.56,0.12,13.89,-0.93,1.013,4,203.3,0.0,24.8,75.2,0.1229
After 3+ Up Days,100,30,390,113,46.9,0.9,101.69,-1.39,1.082,6,304.8,0.0,32.7,67.3,0.8999
After 3+ Up Days,100,50,15,113,56.64,1.6,181.04,1.5,1.538,5,15,0.0,0.0,100.0,1.6021
After 3+ Up Days,100,50,30,113,62.83,1.84,208.39,2.39,1.497,4,30,0.0,0.0,100.0,1.8442
After 3+ Up Days,100,50,60,113,52.21,-0.68,-76.34,0.56,0.9,4,59.7,0.0,3.5,96.5,-0.6756
After 3+ Up Days,100,50,120,113,55.75,-0.96,-108.48,1.09,0.887,4,116.3,0.0,7.1,92.9,-0.96
After 3+ Up Days,100,50,240,113,49.56,-1.09,-123.51,-0.93,0.901,4,225.5,0.0,8.8,91.2,-1.093
After 3+ Up Days,100,50,390,113,46.9,-1.13,-127.35,-1.39,0.913,6,351.5,0.0,16.8,83.2,-1.127
After Tight Range Day,2,2,15,90,52.22,0.09,8,2.0,1.093,4,1.1,52.2,47.8,0.0,0.0889
After Tight Range Day,2,2,30,90,52.22,0.09,8,2.0,1.093,4,1.1,52.2,47.8,0.0,0.0889
After Tight Range Day,2,2,60,90,52.22,0.09,8,2.0,1.093,4,1.1,52.2,47.8,0.0,0.0889
After Tight Range Day,2,2,120,90,52.22,0.09,8,2.0,1.093,4,1.1,52.2,47.8,0.0,0.0889
After Tight Range Day,2,2,240,90,52.22,0.09,8,2.0,1.093,4,1.1,52.2,47.8,0.0,0.0889
After Tight Range Day,2,2,390,90,52.22,0.09,8,2.0,1.093,4,1.1,52.2,47.8,0.0,0.0889
After Tight Range Day,2,5,15,90,67.78,-0.26,-23.06,2.0,0.838,3,2.1,65.6,31.1,3.3,-0.2562
After Tight Range Day,2,5,30,90,67.78,-0.26,-23,2.0,0.841,3,2.3,67.8,32.2,0.0,-0.2556
After Tight Range Day,2,5,60,90,67.78,-0.26,-23,2.0,0.841,3,2.3,67.8,32.2,0.0,-0.2556
After Tight Range Day,2,5,120,90,67.78,-0.26,-23,2.0,0.841,3,2.3,67.8,32.2,0.0,-0.2556
After Tight Range Day,2,5,240,90,67.78,-0.26,-23,2.0,0.841,3,2.3,67.8,32.2,0.0,-0.2556
After Tight Range Day,2,5,390,90,67.78,-0.26,-23,2.0,0.841,3,2.3,67.8,32.2,0.0,-0.2556
After Tight Range Day,2,8,15,90,71.11,-0.42,-37.57,2.0,0.769,3,3.4,68.9,21.1,10.0,-0.4174
After Tight Range Day,2,8,30,90,74.44,-0.34,-30.38,2.0,0.815,3,4.3,74.4,22.2,3.3,-0.3376
After Tight Range Day,2,8,60,90,77.78,-0.22,-20,2.0,0.875,3,4.9,77.8,22.2,0.0,-0.2222
After Tight Range Day,2,8,120,90,77.78,-0.22,-20,2.0,0.875,3,4.9,77.8,22.2,0.0,-0.2222
After Tight Range Day,2,8,240,90,77.78,-0.22,-20,2.0,0.875,3,4.9,77.8,22.2,0.0,-0.2222
After Tight Range Day,2,8,390,90,77.78,-0.22,-20,2.0,0.875,3,4.9,77.8,22.2,0.0,-0.2222
After Tight Range Day,2,10,15,90,73.33,-0.38,-34.62,2.0,0.789,3,4.0,71.1,15.6,13.3,-0.3847
After Tight Range Day,2,10,30,90,76.67,-0.33,-29.3,2.0,0.825,3,5.5,76.7,16.7,6.7,-0.3256
After Tight Range Day,2,10,60,90,81.11,-0.17,-15.4,2.0,0.905,3,6.5,81.1,17.8,1.1,-0.1711
After Tight Range Day,2,10,120,90,82.22,-0.13,-12,2.0,0.925,3,6.5,82.2,17.8,0.0,-0.1333
After Tight Range Day,2,10,240,90,82.22,-0.13,-12,2.0,0.925,3,6.5,82.2,17.8,0.0,-0.1333
After Tight Range Day,2,10,390,90,82.22,-0.13,-12,2.0,0.925,3,6.5,82.2,17.8,0.0,-0.1333
After Tight Range Day,2,15,15,90,76.67,0.03,2.63,2.0,1.02,2,5.1,74.4,5.6,20.0,0.0292
After Tight Range Day,2,15,30,90,82.22,-0.03,-3.0,2.0,0.98,2,7.5,81.1,8.9,10.0,-0.0333
After Tight Range Day,2,15,60,90,86.67,-0.12,-10.4,2.0,0.938,2,9.0,86.7,12.2,1.1,-0.1156
After Tight Range Day,2,15,120,90,87.78,-0.08,-7,2.0,0.958,2,9.0,87.8,12.2,0.0,-0.0778
After Tight Range Day,2,15,240,90,87.78,-0.08,-7,2.0,0.958,2,9.0,87.8,12.2,0.0,-0.0778
After Tight Range Day,2,15,390,90,87.78,-0.08,-7,2.0,0.958,2,9.0,87.8,12.2,0.0,-0.0778
After Tight Range Day,2,20,15,90,77.78,0.33,30.1,2.0,1.281,2,5.4,75.6,1.1,23.3,0.3344
After Tight Range Day,2,20,30,90,83.33,0.19,16.67,2.0,1.127,2,8.2,82.2,3.3,14.4,0.1852
After Tight Range Day,2,20,60,90,88.89,-0.05,-4.18,2.0,0.975,2,10.6,88.9,7.8,3.3,-0.0464
After Tight Range Day,2,20,120,90,90.0,-0.05,-4.1,2.0,0.975,2,11.4,90.0,8.9,1.1,-0.0456
After Tight Range Day,2,20,240,90,90.0,-0.1,-9.07,2.0,0.947,2,12.8,90.0,8.9,1.1,-0.1008
After Tight Range Day,2,20,390,90,90.0,-0.2,-18,2.0,0.9,2,13.2,90.0,10.0,0.0,-0.2
After Tight Range Day,2,30,15,90,77.78,0.33,29.58,2.0,1.275,2,5.5,75.6,0.0,24.4,0.3287
After Tight Range Day,2,30,30,90,83.33,0.1,9.08,2.0,1.065,2,8.7,82.2,0.0,17.8,0.1009
After Tight Range Day,2,30,60,90,88.89,-0.17,-15.21,2.0,0.913,2,12.4,88.9,1.1,10.0,-0.169
After Tight Range Day,2,30,120,90,90.0,-0.34,-30.74,2.0,0.841,2,16.3,90.0,4.4,5.6,-0.3416
After Tight Range Day,2,30,240,90,91.11,-0.16,-14.73,2.0,0.918,2,20.7,91.1,5.6,3.3,-0.1637
After Tight Range Day,2,30,390,90,92.22,-0.35,-31.49,2.0,0.841,2,23.3,92.2,6.7,1.1,-0.3499
After Tight Range Day,2,50,15,90,77.78,0.33,29.58,2.0,1.275,2,5.5,75.6,0.0,24.4,0.3287
After Tight Range Day,2,50,30,90,83.33,0.1,9.08,2.0,1.065,2,8.7,82.2,0.0,17.8,0.1009
After Tight Range Day,2,50,60,90,88.89,-0.17,-15.1,2.0,0.914,2,12.7,88.9,0.0,11.1,-0.1678
After Tight Range Day,2,50,120,90,90.0,-0.49,-43.9,2.0,0.787,2,18.7,90.0,0.0,10.0,-0.4878
After Tight Range Day,2,50,240,90,91.11,-0.24,-21.75,2.0,0.883,2,29,91.1,1.1,7.8,-0.2417
After Tight Range Day,2,50,390,90,92.22,-0.27,-24.08,2.0,0.873,2,38.3,92.2,1.1,6.7,-0.2676
After Tight Range Day,5,2,15,90,43.33,0.99,88.67,-2.0,1.869,5,2.7,41.1,56.7,2.2,0.9852
After Tight Range Day,5,2,30,90,43.33,1.01,91.06,-2.0,1.893,5,3,42.2,56.7,1.1,1.0118
After Tight Range Day,5,2,60,90,43.33,1.03,93,-2.0,1.912,5,3.1,43.3,56.7,0.0,1.0333
After Tight Range Day,5,2,120,90,43.33,1.03,93,-2.0,1.912,5,3.1,43.3,56.7,0.0,1.0333
After Tight Range Day,5,2,240,90,43.33,1.03,93,-2.0,1.912,5,3.1,43.3,56.7,0.0,1.0333
After Tight Range Day,5,2,390,90,43.33,1.03,93,-2.0,1.912,5,3.1,43.3,56.7,0.0,1.0333
After Tight Range Day,5,5,15,90,56.67,0.55,49.38,4.27,1.268,4,4.9,50.0,38.9,11.1,0.5487
After Tight Range Day,5,5,30,90,57.78,0.67,60.16,5.0,1.322,4,6.4,52.2,40.0,7.8,0.6684
After Tight Range Day,5,5,60,90,56.67,0.62,55.99,5.0,1.287,4,7.5,55.6,43.3,1.1,0.6221
After Tight Range Day,5,5,120,90,55.56,0.61,54.78,5.0,1.281,4,8.1,55.6,43.3,1.1,0.6087
After Tight Range Day,5,5,240,90,55.56,0.56,50,5.0,1.25,4,8.4,55.6,44.4,0.0,0.5556
After Tight Range Day,5,5,390,90,55.56,0.56,50,5.0,1.25,4,8.4,55.6,44.4,0.0,0.5556
After Tight Range Day,5,8,15,90,60.0,0.39,35.06,5.0,1.168,4,6.6,52.2,24.4,23.3,0.3896
After Tight Range Day,5,8,30,90,64.44,0.65,58.67,5.0,1.272,4,9.6,57.8,26.7,15.6,0.6519
After Tight Range Day,5,8,60,90,64.44,0.46,41.22,5.0,1.173,4,12.7,61.1,32.2,6.7,0.458
After Tight Range Day,5,8,120,90,63.33,0.43,38.36,5.0,1.156,4,15.3,63.3,33.3,3.3,0.4262
After Tight Range Day,5,8,240,90,65.56,0.55,49.19,5.0,1.204,4,19.0,64.4,33.3,2.2,0.5466
After Tight Range Day,5,8,390,90,65.56,0.52,47,5.0,1.19,4,19.4,65.6,34.4,0.0,0.5222
After Tight Range Day,5,10,15,90,63.33,0.58,52.22,5.0,1.259,3,7.5,53.3,16.7,30.0,0.5802
After Tight Range Day,5,10,30,90,66.67,0.71,64.32,5.0,1.292,3,11.3,60.0,20.0,20.0,0.7147
After Tight Range Day,5,10,60,90,67.78,0.64,57.42,5.0,1.245,3,15.7,63.3,23.3,13.3,0.638
After Tight Range Day,5,10,120,90,68.89,0.7,62.72,5.0,1.254,3,20.0,68.9,26.7,4.4,0.6969
After Tight Range Day,5,10,240,90,72.22,0.88,79.19,5.0,1.329,3,24.8,71.1,26.7,2.2,0.8799
After Tight Range Day,5,10,390,90,72.22,0.83,75,5.0,1.3,3,25.2,72.2,27.8,0.0,0.8333
After Tight Range Day,5,15,15,90,63.33,0.64,57.34,5.0,1.291,3,8.8,53.3,7.8,38.9,0.6371
After Tight Range Day,5,15,30,90,70.0,0.86,77.15,5.0,1.36,3,14.0,61.1,11.1,27.8,0.8572
After Tight Range Day,5,15,60,90,72.22,0.48,43.0,5.0,1.16,2,20.2,67.8,16.7,15.6,0.4778
After Tight Range Day,5,15,120,90,73.33,0.72,65.21,5.0,1.246,2,26.5,73.3,17.8,8.9,0.7246
After Tight Range Day,5,15,240,90,77.78,0.88,79.17,5.0,1.298,2,36.2,76.7,18.9,4.4,0.8797
After Tight Range Day,5,15,390,90,77.78,0.63,56.79,5.0,1.194,2,38.9,77.8,21.1,1.1,0.631
After Tight Range Day,5,20,15,90,64.44,0.9,81.12,5.0,1.456,3,9.1,54.4,2.2,43.3,0.9013
After Tight Range Day,5,20,30,90,71.11,1.08,97.32,5.0,1.489,3,14.9,62.2,4.4,33.3,1.0813
After Tight Range Day,5,20,60,90,74.44,0.48,43.03,5.0,1.155,2,22.3,70.0,11.1,18.9,0.4781
After Tight Range Day,5,20,120,90,75.56,0.74,66.7,5.0,1.244,2,30.3,75.6,13.3,11.1,0.7411
After Tight Range Day,5,20,240,90,81.11,0.95,85.43,5.0,1.311,2,41.6,80.0,13.3,6.7,0.9492
After Tight Range Day,5,20,390,90,81.11,0.41,36.79,5.0,1.112,2,45.2,81.1,17.8,1.1,0.4088
After Tight Range Day,5,30,15,90,64.44,0.84,75.75,5.0,1.413,3,9.3,54.4,0.0,45.6,0.8417
After Tight Range Day,5,30,30,90,71.11,0.89,79.73,5.0,1.368,3,15.5,62.2,1.1,36.7,0.8859
After Tight Range Day,5,30,60,90,74.44,0.25,22.8,5.0,1.076,2,24.5,70.0,2.2,27.8,0.2533
After Tight Range Day,5,30,120,90,75.56,0.2,17.71,5.0,1.055,2,37.1,75.6,6.7,17.8,0.1968
After Tight Range Day,5,30,240,90,82.22,0.6,54.06,5.0,1.174,2,52.9,81.1,8.9,10.0,0.6007
After Tight Range Day,5,30,390,90,84.44,0.18,16.19,5.0,1.045,2,62.4,84.4,12.2,3.3,0.1799
After Tight Range Day,5,50,15,90,64.44,0.84,75.75,5.0,1.413,3,9.3,54.4,0.0,45.6,0.8417
After Tight Range Day,5,50,30,90,71.11,0.89,80.27,5.0,1.371,3,15.6,62.2,0.0,37.8,0.8919
After Tight Range Day,5,50,60,90,74.44,0.42,37.87,5.0,1.134,2,25.2,70.0,0.0,30.0,0.4208
After Tight Range Day,5,50,120,90,76.67,0.44,39.21,5.0,1.128,2,40.5,76.7,0.0,23.3,0.4357
After Tight Range Day,5,50,240,90,83.33,1.04,94.01,5.0,1.34,2,64.8,82.2,1.1,16.7,1.0446
After Tight Range Day,5,50,390,90,85.56,0.35,31.92,5.0,1.09,2,85.8,85.6,3.3,11.1,0.3547
After Tight Range Day,8,2,15,90,34.44,1.02,91.6,-2.0,1.807,5,4.9,23.3,62.2,14.4,1.0178
After Tight Range Day,8,2,30,90,35.56,1.23,110.7,-2.0,1.954,5,6.6,26.7,64.4,8.9,1.23
After Tight Range Day,8,2,60,90,35.56,1.33,119.32,-2.0,2.029,5,8.5,30.0,64.4,5.6,1.3258
After Tight Range Day,8,2,120,90,34.44,1.31,117.87,-2.0,1.999,6,10.5,32.2,65.6,2.2,1.3097
After Tight Range Day,8,2,240,90,33.33,1.24,112.01,-2.0,1.933,7,12.9,32.2,66.7,1.1,1.2446
After Tight Range Day,8,2,390,90,32.22,1.22,110,-2.0,1.902,7,13.0,32.2,67.8,0.0,1.2222
After Tight Range Day,8,5,15,90,48.89,0.58,52.59,-0.45,1.26,4,7.6,25.6,41.1,33.3,0.5843
After Tight Range Day,8,5,30,90,53.33,1.11,99.86,1.29,1.483,4,11.6,35.6,44.4,20.0,1.1096
After Tight Range Day,8,5,60,90,50.0,1.09,98.17,-2.24,1.436,4,15.5,41.1,50.0,8.9,1.0908
After Tight Range Day,8,5,120,90,47.78,1.12,100.64,-5.0,1.437,4,18.9,44.4,51.1,4.4,1.1182
After Tight Range Day,8,5,240,90,47.78,1.07,96.16,-5.0,1.409,4,22.2,45.6,52.2,2.2,1.0684
After Tight Range Day,8,5,390,90,45.56,0.92,83,-5.0,1.339,4,25.1,45.6,54.4,0.0,0.9222
After Tight Range Day,8,8,15,90,52.22,0.52,46.71,0.37,1.211,4,9.4,26.7,24.4,48.9,0.519
After Tight Range Day,8,8,30,90,61.11,1.19,106.79,3.04,1.461,4,15.5,36.7,28.9,34.4,1.1866
After Tight Range Day,8,8,60,90,57.78,0.89,80.4,5.13,1.281,4,22.8,46.7,38.9,14.4,0.8933
After Tight Range Day,8,8,120,90,55.56,0.94,84.22,8.0,1.278,4,28.7,52.2,41.1,6.7,0.9358
After Tight Range Day,8,8,240,90,56.67,0.96,86.73,8.0,1.288,4,35.8,53.3,41.1,5.6,0.9637
After Tight Range Day,8,8,390,90,53.33,0.63,56.68,8.0,1.173,4,41.2,53.3,44.4,2.2,0.6298
After Tight Range Day,8,10,15,90,55.56,0.74,66.87,0.81,1.312,3,10.2,27.8,16.7,55.6,0.743
After Tight Range Day,8,10,30,90,63.33,1.23,111.14,3.23,1.468,3,17.5,37.8,21.1,41.1,1.2349
After Tight Range Day,8,10,60,90,60.0,0.84,75.35,5.61,1.25,3,26.4,47.8,30.0,22.2,0.8372
After Tight Range Day,8,10,120,90,61.11,1.11,100.07,8.0,1.315,3,35.1,55.6,34.4,10.0,1.1119
After Tight Range Day,8,10,240,90,62.22,1.11,99.55,8.0,1.313,3,46.1,56.7,34.4,8.9,1.1061
After Tight Range Day,8,10,390,90,58.89,0.84,75.96,8.0,1.218,3,55.6,58.9,36.7,4.4,0.844
After Tight Range Day,8,15,15,90,55.56,0.8,71.99,0.81,1.344,3,11.5,27.8,7.8,64.4,0.7999
After Tight Range Day,8,15,30,90,66.67,1.4,126.44,3.47,1.545,3,20.2,38.9,11.1,50.0,1.4049
After Tight Range Day,8,15,60,90,62.22,0.66,59.62,7.28,1.179,3,32.4,50.0,17.8,32.2,0.6624
After Tight Range Day,8,15,120,90,63.33,0.57,51.21,8.0,1.134,3,46.2,57.8,25.6,16.7,0.569
After Tight Range Day,8,15,240,90,64.44,0.32,29.09,8.0,1.072,3,64.4,58.9,27.8,13.3,0.3232
After Tight Range Day,8,15,390,90,61.11,-0.26,-23.47,8.0,0.949,3,79.6,61.1,32.2,6.7,-0.2608
After Tight Range Day,8,20,15,90,56.67,1.1,98.77,1.16,1.518,3,11.9,28.9,2.2,68.9,1.0974
After Tight Range Day,8,20,30,90,67.78,1.66,149.61,3.94,1.69,3,21.2,40.0,4.4,55.6,1.6623
After Tight Range Day,8,20,60,90,64.44,0.67,60.65,8.0,1.174,3,34.7,52.2,12.2,35.6,0.6739
After Tight Range Day,8,20,120,90,65.56,0.46,41.32,8.0,1.101,3,51.1,60.0,18.9,21.1,0.4591
After Tight Range Day,8,20,240,90,67.78,0.24,21.81,8.0,1.05,3,74.0,62.2,20.0,17.8,0.2423
After Tight Range Day,8,20,390,90,64.44,-0.66,-59.79,8.0,0.886,3,92.1,64.4,26.7,8.9,-0.6643
After Tight Range Day,8,30,15,90,56.67,1.04,93.4,1.16,1.477,3,12.1,28.9,0.0,71.1,1.0378
After Tight Range Day,8,30,30,90,67.78,1.47,132.02,3.94,1.563,3,21.7,40.0,1.1,58.9,1.4669
After Tight Range Day,8,30,60,90,64.44,0.34,30.42,8.0,1.08,3,36.9,52.2,3.3,44.4,0.338
After Tight Range Day,8,30,120,90,65.56,-0.1,-8.97,8.0,0.98,3,59.1,60.0,7.8,32.2,-0.0997
After Tight Range Day,8,30,240,90,68.89,-0.38,-33.86,8.0,0.931,3,92.2,62.2,12.2,25.6,-0.3762
After Tight Range Day,8,30,390,90,67.78,-1.47,-131.97,8.0,0.787,3,122.7,65.6,18.9,15.6,-1.4663
After Tight Range Day,8,50,15,90,56.67,1.04,93.4,1.16,1.477,3,12.1,28.9,0.0,71.1,1.0378
After Tight Range Day,8,50,30,90,67.78,1.47,132.56,3.94,1.567,3,21.9,40.0,0.0,60.0,1.4729
After Tight Range Day,8,50,60,90,64.44,0.48,43.13,8.0,1.118,3,37.6,52.2,0.0,47.8,0.4792
After Tight Range Day,8,50,120,90,66.67,-0.05,-4.47,8.0,0.99,3,62.6,61.1,1.1,37.8,-0.0497
After Tight Range Day,8,50,240,90,70.0,-0.04,-3.88,8.0,0.992,3,105.6,63.3,2.2,34.4,-0.0431
After Tight Range Day,8,50,390,90,68.89,-1.31,-118.3,8.0,0.807,3,152.5,66.7,5.6,27.8,-1.3144
After Tight Range Day,10,2,15,90,34.44,1.19,106.99,-2.0,1.943,5,5.6,16.7,62.2,21.1,1.1888
After Tight Range Day,10,2,30,90,34.44,1.49,134.24,-2.0,2.138,6,7.9,23.3,65.6,11.1,1.4916
After Tight Range Day,10,2,60,90,32.22,1.45,130.82,-2.0,2.078,8,10.4,25.6,66.7,7.8,1.4536
After Tight Range Day,10,2,120,90,31.11,1.51,136.15,-2.0,2.098,8,12.8,27.8,68.9,3.3,1.5128
After Tight Range Day,10,2,240,90,30.0,1.49,134.01,-2.0,2.064,8,15.8,28.9,70.0,1.1,1.489
After Tight Range Day,10,2,390,90,28.89,1.47,132,-2.0,2.031,8,15.9,28.9,71.1,0.0,1.4667
After Tight Range Day,10,5,15,90,48.89,0.79,70.77,-0.45,1.35,4,8.4,17.8,41.1,41.1,0.7863
After Tight Range Day,10,5,30,90,51.11,1.32,118.69,0.26,1.569,6,13.4,27.8,44.4,27.8,1.3188
After Tight Range Day,10,5,60,90,45.56,1.11,99.83,-5.0,1.414,8,19.3,33.3,53.3,13.3,1.1092
After Tight Range Day,10,5,120,90,43.33,1.23,110.69,-5.0,1.442,8,24.8,36.7,55.6,7.8,1.2299
After Tight Range Day,10,5,240,90,43.33,1.26,113.39,-5.0,1.445,8,30.2,40.0,56.7,3.3,1.2599
After Tight Range Day,10,5,390,90,40.0,1.05,94.54,-5.0,1.356,8,34.8,40.0,58.9,1.1,1.0504
After Tight Range Day,10,8,15,90,52.22,0.74,66.89,0.37,1.302,4,10.1,18.9,24.4,56.7,0.7432
After Tight Range Day,10,8,30,90,58.89,1.42,127.62,2.36,1.546,6,17.4,28.9,28.9,42.2,1.418
After Tight Range Day,10,8,60,90,53.33,0.85,76.14,1.44,1.246,8,27.5,36.7,41.1,22.2,0.846
After Tight Range Day,10,8,120,90,50.0,0.88,79.57,-0.09,1.233,8,36.8,43.3,45.6,11.1,0.8841
After Tight Range Day,10,8,240,90,51.11,0.98,87.96,0.12,1.258,8,45.9,46.7,46.7,6.7,0.9773
After Tight Range Day,10,8,390,90,46.67,0.58,52.22,-6.5,1.142,8,53,46.7,50.0,3.3,0.5802
After Tight Range Day,10,10,15,90,55.56,0.96,85.97,0.81,1.401,3,11.0,18.9,16.7,64.4,0.9552
After Tight Range Day,10,10,30,90,61.11,1.49,133.97,2.63,1.56,5,19.3,30.0,21.1,48.9,1.4886
After Tight Range Day,10,10,60,90,55.56,0.77,69.09,1.76,1.21,7,31.4,37.8,32.2,30.0,0.7677
After Tight Range Day,10,10,120,90,55.56,1.14,102.94,5.7,1.29,7,43.6,46.7,37.8,15.6,1.1438
After Tight Range Day,10,10,240,90,57.78,1.3,116.78,10.0,1.326,7,57.7,51.1,38.9,10.0,1.2976
After Tight Range Day,10,10,390,90,53.33,0.98,88.2,10.0,1.227,7,69.7,52.2,41.1,6.7,0.98
After Tight Range Day,10,15,15,90,55.56,1.01,91.09,0.81,1.435,3,12.3,18.9,7.8,73.3,1.0121
After Tight Range Day,10,15,30,90,64.44,1.68,151.27,2.91,1.646,3,22.1,31.1,11.1,57.8,1.6808
After Tight Range Day,10,15,60,90,58.89,0.75,67.51,1.97,1.193,6,37.5,40.0,17.8,42.2,0.7501
After Tight Range Day,10,15,120,90,57.78,0.59,53.28,7.81,1.126,6,56.0,48.9,27.8,23.3,0.592
After Tight Range Day,10,15,240,90,60.0,0.39,35.04,10.0,1.076,6,78.6,53.3,31.1,15.6,0.3893
After Tight Range Day,10,15,390,90,55.56,-0.2,-17.73,10.0,0.966,6,98.1,54.4,35.6,10.0,-0.197
After Tight Range Day,10,20,15,90,56.67,1.33,119.87,0.89,1.629,3,12.7,20.0,2.2,77.8,1.3319
After Tight Range Day,10,20,30,90,65.56,1.96,176.44,3.04,1.806,3,23.1,32.2,4.4,63.3,1.9604
After Tight Range Day,10,20,60,90,61.11,0.81,72.54,3.83,1.199,6,39.9,42.2,12.2,45.6,0.806
After Tight Range Day,10,20,120,90,60.0,0.42,37.39,10.0,1.081,6,61.2,51.1,21.1,27.8,0.4154
After Tight Range Day,10,20,240,90,62.22,0.07,6.34,10.0,1.012,6,89.8,55.6,22.2,22.2,0.0704
After Tight Range Day,10,20,390,90,60.0,-0.37,-33.05,10.0,0.942,5,113.3,58.9,28.9,12.2,-0.3672
After Tight Range Day,10,30,15,90,56.67,1.27,114.5,0.89,1.584,3,12.9,20.0,0.0,80.0,1.2722
After Tight Range Day,10,30,30,90,65.56,1.76,158.85,3.04,1.672,3,23.6,32.2,1.1,66.7,1.765
After Tight Range Day,10,30,60,90,61.11,0.47,42.31,3.83,1.107,6,42.0,42.2,3.3,54.4,0.4701
After Tight Range Day,10,30,120,90,60.0,-0.37,-32.9,10.0,0.938,6,69.2,51.1,10.0,38.9,-0.3656
After Tight Range Day,10,30,240,90,63.33,-0.77,-69.33,10.0,0.882,6,108.1,55.6,14.4,30.0,-0.7703
After Tight Range Day,10,30,390,90,63.33,-1.37,-123.23,10.0,0.82,5,144.7,60.0,21.1,18.9,-1.3692
After Tight Range Day,10,50,15,90,56.67,1.27,114.5,0.89,1.584,3,12.9,20.0,0.0,80.0,1.2722
After Tight Range Day,10,50,30,90,65.56,1.77,159.39,3.04,1.675,3,23.8,32.2,0.0,67.8,1.771
After Tight Range Day,10,50,60,90,61.11,0.61,55.02,3.83,1.144,6,42.8,42.2,0.0,57.8,0.6113
After Tight Range Day,10,50,120,90,61.11,-0.34,-30.67,10.0,0.943,6,73.3,52.2,1.1,46.7,-0.3408
After Tight Range Day,10,50,240,90,64.44,-0.23,-20.83,10.0,0.962,6,124.7,56.7,2.2,41.1,-0.2314
After Tight Range Day,10,50,390,90,64.44,-0.92,-82.46,10.0,0.874,5,180.9,61.1,5.6,33.3,-0.9162
After Tight Range Day,15,2,15,90,32.22,1.27,113.93,-2.0,1.97,5,7.1,6.7,64.4,28.9,1.2659
After Tight Range Day,15,2,30,90,30.0,1.55,139.69,-2.0,2.126,6,10.7,13.3,68.9,17.8,1.5521
After Tight Range Day,15,2,60,90,25.56,1.45,130.67,-2.0,1.98,10,14.9,13.3,73.3,13.3,1.4519
After Tight Range Day,15,2,120,90,24.44,1.59,142.66,-2.0,2.049,10,20.1,17.8,75.6,6.7,1.5851
After Tight Range Day,15,2,240,90,21.11,1.42,128.01,-2.0,1.901,11,24.6,20.0,78.9,1.1,1.4223
After Tight Range Day,15,2,390,90,20.0,1.4,126,-2.0,1.875,13,24.7,20.0,80.0,0.0,1.4
After Tight Range Day,15,5,15,90,46.67,0.8,71.92,-0.91,1.344,4,9.9,6.7,42.2,51.1,0.7991
After Tight Range Day,15,5,30,90,46.67,1.26,113.31,-1.89,1.507,6,16.6,14.4,47.8,37.8,1.259
After Tight Range Day,15,5,60,90,37.78,0.99,89.34,-5.0,1.325,8,25.4,16.7,60.0,23.3,0.9927
After Tight Range Day,15,5,120,90,35.56,1.24,111.47,-5.0,1.391,8,34.8,24.4,63.3,12.2,1.2386
After Tight Range Day,15,5,240,90,34.44,1.34,120.41,-5.0,1.408,8,44.3,30.0,65.6,4.4,1.3379
After Tight Range Day,15,5,390,90,31.11,1.27,114.54,-5.0,1.375,8,49.5,31.1,67.8,1.1,1.2727
After Tight Range Day,15,8,15,90,50.0,0.78,70.04,-0.1,1.303,4,11.7,7.8,25.6,66.7,0.7782
After Tight Range Day,15,8,30,90,54.44,1.31,118.24,1.61,1.458,6,20.6,15.6,32.2,52.2,1.3138
After Tight Range Day,15,8,60,90,45.56,0.61,55.11,-4.43,1.152,8,34.0,17.8,47.8,34.4,0.6123
After Tight Range Day,15,8,120,90,43.33,0.93,83.88,-8.0,1.215,8,49.8,27.8,52.2,20.0,0.932
After Tight Range Day,15,8,240,90,43.33,1.13,101.28,-8.0,1.255,8,67.1,34.4,54.4,11.1,1.1253
After Tight Range Day,15,8,390,90,37.78,0.8,71.84,-8.0,1.168,8,78.9,36.7,57.8,5.6,0.7982
After Tight Range Day,15,10,15,90,53.33,0.97,87.12,0.44,1.385,3,12.5,7.8,17.8,74.4,0.968
After Tight Range Day,15,10,30,90,56.67,1.27,114.1,1.97,1.424,5,22.7,15.6,24.4,60.0,1.2678
After Tight Range Day,15,10,60,90,48.89,0.5,44.95,-0.68,1.118,7,38.8,17.8,36.7,45.6,0.4994
After Tight Range Day,15,10,120,90,48.89,1.08,96.86,-0.35,1.235,7,59.7,28.9,43.3,27.8,1.0762
After Tight Range Day,15,10,240,90,51.11,1.6,143.69,0.12,1.344,7,85.7,37.8,45.6,16.7,1.5966
After Tight Range Day,15,10,390,90,45.56,1.47,131.89,-4.5,1.291,7,106.1,42.2,47.8,10.0,1.4654
After Tight Range Day,15,15,15,90,53.33,1.02,92.17,0.44,1.417,3,13.9,7.8,7.8,84.4,1.0241
After Tight Range Day,15,15,30,90,60.0,1.35,121.4,2.16,1.435,4,25.7,16.7,14.4,68.9,1.3489
After Tight Range Day,15,15,60,90,51.11,0.26,23.61,0.35,1.057,6,45.5,18.9,21.1,60.0,0.2623
After Tight Range Day,15,15,120,90,50.0,0.16,14.07,-0.09,1.028,6,73.6,30.0,33.3,36.7,0.1563
After Tight Range Day,15,15,240,90,52.22,0.25,22.2,1.12,1.04,6,109.6,38.9,37.8,23.3,0.2467
After Tight Range Day,15,15,390,90,46.67,-0.27,-24.04,-3.16,0.961,6,138.0,43.3,43.3,13.3,-0.2671
After Tight Range Day,15,20,15,90,54.44,1.4,125.95,0.62,1.622,3,14.2,8.9,2.2,88.9,1.3994
After Tight Range Day,15,20,30,90,61.11,1.87,168.07,2.22,1.679,4,26.9,17.8,4.4,77.8,1.8674
After Tight Range Day,15,20,60,90,53.33,0.48,43.23,0.85,1.101,6,49,21.1,13.3,65.6,0.4803
After Tight Range Day,15,20,120,90,52.22,-0.01,-0.85,2.65,0.998,6,80.8,32.2,25.6,42.2,-0.0094
After Tight Range Day,15,20,240,90,55.56,0.06,5.67,3.15,1.009,6,124.1,41.1,27.8,31.1,0.063
After Tight Range Day,15,20,390,90,52.22,-0.22,-19.36,5.66,0.972,6,157.1,48.9,35.6,15.6,-0.2151
After Tight Range Day,15,30,15,90,54.44,1.34,120.58,0.62,1.58,3,14.4,8.9,0.0,91.1,1.3398
After Tight Range Day,15,30,30,90,61.11,1.67,150.48,2.22,1.568,4,27.4,17.8,1.1,81.1,1.672
After Tight Range Day,15,30,60,90,53.33,0.18,16.41,0.85,1.036,6,51.3,21.1,3.3,75.6,0.1823
After Tight Range Day,15,30,120,90,52.22,-0.99,-89.5,2.65,0.861,6,90.3,32.2,12.2,55.6,-0.9944
After Tight Range Day,15,30,240,90,57.78,-1.0,-89.9,3.15,0.874,6,145.8,41.1,18.9,40.0,-0.9989
After Tight Range Day,15,30,390,90,55.56,-1.45,-130.49,11.39,0.844,5,194.8,50.0,25.6,24.4,-1.4499
After Tight Range Day,15,50,15,90,54.44,1.34,120.58,0.62,1.58,3,14.4,8.9,0.0,91.1,1.3398
After Tight Range Day,15,50,30,90,61.11,1.68,151.02,2.22,1.571,4,27.6,17.8,0.0,82.2,1.678
After Tight Range Day,15,50,60,90,53.33,0.32,29.12,0.85,1.066,6,52.0,21.1,0.0,78.9,0.3236
After Tight Range Day,15,50,120,90,53.33,-0.69,-62.39,3.36,0.901,6,95.2,32.2,1.1,66.7,-0.6932
After Tight Range Day,15,50,240,90,57.78,-0.95,-85.92,3.15,0.878,6,168.8,41.1,3.3,55.6,-0.9547
After Tight Range Day,15,50,390,90,55.56,-1.53,-138.14,11.39,0.836,5,243.7,50.0,7.8,42.2,-1.5349
After Tight Range Day,20,2,15,90,32.22,1.43,128.42,-2.0,2.093,5,7.3,3.3,64.4,32.2,1.4269
After Tight Range Day,20,2,30,90,28.89,1.63,146.31,-2.0,2.161,6,11.6,5.6,70.0,24.4,1.6257
After Tight Range Day,20,2,60,90,24.44,1.63,146.59,-2.0,2.083,10,17.2,7.8,74.4,17.8,1.6288
After Tight Range Day,20,2,120,90,23.33,1.86,167.2,-2.0,2.212,10,25.8,11.1,76.7,12.2,1.8578
After Tight Range Day,20,2,240,90,20.0,1.52,137.06,-2.0,1.952,11,36.7,13.3,80.0,6.7,1.5229
After Tight Range Day,20,2,390,90,17.78,1.58,142.33,-2.0,1.962,13,42.0,14.4,82.2,3.3,1.5814
After Tight Range Day,20,5,15,90,46.67,0.96,86.41,-0.91,1.413,4,10.0,3.3,42.2,54.4,0.9601
After Tight Range Day,20,5,30,90,45.56,1.38,123.91,-2.69,1.547,6,17.7,6.7,47.8,45.6,1.3768
After Tight Range Day,20,5,60,90,36.67,1.25,112.58,-5.0,1.402,8,28.1,10.0,61.1,28.9,1.2509
After Tight Range Day,20,5,120,90,34.44,1.73,155.65,-5.0,1.536,8,41.9,16.7,64.4,18.9,1.7294
After Tight Range Day,20,5,240,90,33.33,1.8,162.18,-5.0,1.541,8,60.0,20.0,66.7,13.3,1.802
After Tight Range Day,20,5,390,90,30.0,2.04,183.64,-5.0,1.592,8,73.1,25.6,68.9,5.6,2.0404
After Tight Range Day,20,8,15,90,50.0,0.79,71.26,-0.1,1.308,4,11.9,3.3,25.6,71.1,0.7918
After Tight Range Day,20,8,30,90,53.33,1.29,116.16,1.09,1.445,6,21.9,6.7,32.2,61.1,1.2907
After Tight Range Day,20,8,60,90,45.56,0.86,77.54,-4.43,1.215,8,37.6,10.0,47.8,42.2,0.8616
After Tight Range Day,20,8,120,90,42.22,1.39,124.79,-8.0,1.317,8,59.2,17.8,52.2,30.0,1.3866
After Tight Range Day,20,8,240,90,42.22,1.62,145.63,-8.0,1.36,8,87.9,22.2,55.6,22.2,1.6181
After Tight Range Day,20,8,390,90,36.67,1.62,146.13,-8.0,1.335,8,110.2,30.0,58.9,11.1,1.6237
After Tight Range Day,20,10,15,90,53.33,0.98,88.34,0.44,1.39,3,12.8,3.3,17.8,78.9,0.9816
After Tight Range Day,20,10,30,90,55.56,1.24,112.02,1.76,1.411,5,24.1,6.7,24.4,68.9,1.2447
After Tight Range Day,20,10,60,90,48.89,0.75,67.38,-0.68,1.177,7,42.3,10.0,36.7,53.3,0.7487
After Tight Range Day,20,10,120,90,47.78,1.52,137.07,-0.56,1.33,7,69.2,17.8,43.3,38.9,1.523
After Tight Range Day,20,10,240,90,50.0,1.93,173.54,-0.52,1.406,7,109.3,23.3,46.7,30.0,1.9282
After Tight Range Day,20,10,390,90,43.33,2.21,199.18,-8.36,1.422,7,141.6,34.4,50.0,15.6,2.2131
After Tight Range Day,20,15,15,90,53.33,1.04,93.39,0.44,1.422,3,14.1,3.3,7.8,88.9,1.0377
After Tight Range Day,20,15,30,90,58.89,1.36,122.84,2.12,1.435,4,27.1,6.7,14.4,78.9,1.3649
After Tight Range Day,20,15,60,90,50.0,0.32,28.37,-0.14,1.068,7,49.5,10.0,21.1,68.9,0.3152
After Tight Range Day,20,15,120,90,48.89,0.59,53.54,-0.35,1.104,6,84.2,17.8,33.3,48.9,0.5949
After Tight Range Day,20,15,240,90,51.11,0.72,64.75,0.12,1.116,6,135.2,24.4,37.8,37.8,0.7194
After Tight Range Day,20,15,390,90,45.56,0.63,56.61,-4.0,1.089,6,177.6,35.6,44.4,20.0,0.629
After Tight Range Day,20,20,15,90,54.44,1.43,128.95,0.62,1.637,3,14.6,3.3,2.2,94.4,1.4328
After Tight Range Day,20,20,30,90,60.0,1.94,174.51,2.16,1.697,4,28.4,7.8,4.4,87.8,1.939
After Tight Range Day,20,20,60,90,52.22,0.47,42.09,0.61,1.098,7,53.1,11.1,13.3,75.6,0.4677
After Tight Range Day,20,20,120,90,51.11,0.42,38.11,1.22,1.068,6,92.2,18.9,25.6,55.6,0.4234
After Tight Range Day,20,20,240,90,54.44,0.65,58.22,2.96,1.095,6,151.5,26.7,27.8,45.6,0.6469
After Tight Range Day,20,20,390,90,50.0,0.46,41.29,1.31,1.056,6,199.9,40.0,37.8,22.2,0.4588
After Tight Range Day,20,30,15,90,54.44,1.37,123.58,0.62,1.595,3,14.8,3.3,0.0,96.7,1.3731
After Tight Range Day,20,30,30,90,60.0,1.74,156.92,2.16,1.585,4,28.9,7.8,1.1,91.1,1.7436
After Tight Range Day,20,30,60,90,52.22,0.17,15.27,0.61,1.033,7,55.3,11.1,3.3,85.6,0.1697
After Tight Range Day,20,30,120,90,51.11,-0.56,-50.54,1.22,0.922,6,101.7,18.9,12.2,68.9,-0.5616
After Tight Range Day,20,30,240,90,56.67,-0.42,-37.35,2.96,0.948,6,173.1,26.7,18.9,54.4,-0.415
After Tight Range Day,20,30,390,90,53.33,-0.91,-82.19,3.56,0.907,5,238.1,40.0,26.7,33.3,-0.9132
After Tight Range Day,20,50,15,90,54.44,1.37,123.58,0.62,1.595,3,14.8,3.3,0.0,96.7,1.3731
After Tight Range Day,20,50,30,90,60.0,1.75,157.46,2.16,1.589,4,29.1,7.8,0.0,92.2,1.7496
After Tight Range Day,20,50,60,90,52.22,0.31,27.98,0.61,1.063,7,56.1,11.1,0.0,88.9,0.3109
After Tight Range Day,20,50,120,90,52.22,-0.26,-23.43,2.65,0.963,6,106.6,18.9,1.1,80.0,-0.2603
After Tight Range Day,20,50,240,90,56.67,-0.37,-33.37,2.96,0.953,6,196.2,26.7,3.3,70.0,-0.3708
After Tight Range Day,20,50,390,90,53.33,-1.22,-109.84,3.56,0.88,5,287.1,40.0,8.9,51.1,-1.2204
After Tight Range Day,30,2,15,90,32.22,1.42,127.38,-2.0,2.084,5,7.5,0.0,64.4,35.6,1.4153
After Tight Range Day,30,2,30,90,28.89,1.51,135.56,-2.0,2.076,6,12.4,0.0,70.0,30.0,1.5062
After Tight Range Day,30,2,60,90,22.22,1.44,129.56,-2.0,1.929,10,19.3,3.3,76.7,20.0,1.4396
After Tight Range Day,30,2,120,90,20.0,1.59,143.41,-2.0,1.996,10,28.8,4.4,80.0,15.6,1.5934
After Tight Range Day,30,2,240,90,16.67,1.54,138.8,-2.0,1.925,11,44.1,6.7,83.3,10.0,1.5422
After Tight Range Day,30,2,390,90,14.44,1.6,144.15,-2.0,1.936,13,54.6,7.8,85.6,6.7,1.6017
After Tight Range Day,30,5,15,90,46.67,0.95,85.37,-0.91,1.408,4,10.3,0.0,42.2,57.8,0.9486
After Tight Range Day,30,5,30,90,45.56,1.26,113.76,-2.69,1.502,6,18.4,0.0,47.8,52.2,1.264
After Tight Range Day,30,5,60,90,35.56,1.22,109.59,-5.0,1.384,8,30.7,3.3,62.2,34.4,1.2177
After Tight Range Day,30,5,120,90,32.22,1.05,94.64,-5.0,1.315,8,48.5,4.4,66.7,28.9,1.0516
After Tight Range Day,30,5,240,90,30.0,1.71,153.81,-5.0,1.488,8,78.3,6.7,70.0,23.3,1.709
After Tight Range Day,30,5,390,90,26.67,2.2,197.63,-5.0,1.607,8,107.9,11.1,72.2,16.7,2.1959
After Tight Range Day,30,8,15,90,50.0,0.78,70.22,-0.1,1.303,4,12.1,0.0,25.6,74.4,0.7802
After Tight Range Day,30,8,30,90,53.33,1.18,106.01,1.09,1.406,6,22.7,0.0,32.2,67.8,1.1779
After Tight Range Day,30,8,60,90,44.44,0.8,71.55,-5.47,1.194,8,40.2,3.3,48.9,47.8,0.795
After Tight Range Day,30,8,120,90,40.0,0.57,51.54,-8.0,1.126,8,66.5,4.4,54.4,41.1,0.5727
After Tight Range Day,30,8,240,90,38.89,1.17,105.25,-8.0,1.246,8,109.6,6.7,58.9,34.4,1.1694
After Tight Range Day,30,8,390,90,32.22,1.42,128.05,-8.0,1.274,8,152.0,12.2,63.3,24.4,1.4228
After Tight Range Day,30,10,15,90,53.33,0.97,87.3,0.44,1.386,3,13.0,0.0,17.8,82.2,0.97
After Tight Range Day,30,10,30,90,55.56,1.13,101.87,1.76,1.374,5,24.8,0.0,24.4,75.6,1.1319
After Tight Range Day,30,10,60,90,47.78,0.66,59.39,-1.14,1.152,7,45.0,3.3,37.8,58.9,0.6599
After Tight Range Day,30,10,120,90,45.56,0.66,59.82,-2.89,1.137,7,76.4,4.4,45.6,50.0,0.6647
After Tight Range Day,30,10,240,90,46.67,1.38,124.13,-6.81,1.271,7,131.7,6.7,50.0,43.3,1.3792
After Tight Range Day,30,10,390,90,38.89,2.09,187.84,-10.0,1.367,7,185.3,14.4,54.4,31.1,2.0871
After Tight Range Day,30,15,15,90,53.33,1.03,92.35,0.44,1.417,3,14.4,0.0,7.8,92.2,1.0261
After Tight Range Day,30,15,30,90,58.89,1.25,112.69,2.12,1.399,4,27.9,0.0,14.4,85.6,1.2521
After Tight Range Day,30,15,60,90,50.0,0.67,60.38,-0.14,1.144,7,52.3,4.4,21.1,74.4,0.6709
After Tight Range Day,30,15,120,90,47.78,0.29,25.77,-0.5,1.05,6,92.0,5.6,33.3,61.1,0.2863
After Tight Range Day,30,15,240,90,50.0,0.79,70.94,-0.34,1.124,6,160.7,7.8,38.9,53.3,0.7882
After Tight Range Day,30,15,390,90,43.33,1.27,114.21,-5.25,1.171,6,226.4,16.7,46.7,36.7,1.269
After Tight Range Day,30,20,15,90,54.44,1.42,127.91,0.62,1.632,3,14.8,0.0,2.2,97.8,1.4212
After Tight Range Day,30,20,30,90,60.0,1.73,155.69,2.16,1.622,4,29.3,0.0,4.4,95.6,1.7299
After Tight Range Day,30,20,60,90,52.22,0.93,84.1,0.61,1.196,7,56.1,5.6,13.3,81.1,0.9344
After Tight Range Day,30,20,120,90,50.0,0.23,20.34,-0.09,1.036,6,100.2,6.7,25.6,67.8,0.226
After Tight Range Day,30,20,240,90,53.33,0.75,67.51,2.45,1.106,6,177.7,8.9,28.9,62.2,0.7501
After Tight Range Day,30,20,390,90,47.78,1.14,102.46,-2.23,1.132,6,252.1,18.9,40.0,41.1,1.1384
After Tight Range Day,30,30,15,90,54.44,1.36,122.54,0.62,1.59,3,15,0.0,0.0,100.0,1.3616
After Tight Range Day,30,30,30,90,60.0,1.53,138.1,2.16,1.515,4,29.9,0.0,1.1,98.9,1.5344
After Tight Range Day,30,30,60,90,52.22,0.64,57.28,0.61,1.125,7,58.4,5.6,3.3,91.1,0.6364
After Tight Range Day,30,30,120,90,50.0,-0.76,-68.31,-0.09,0.895,6,109.7,6.7,12.2,81.1,-0.759
After Tight Range Day,30,30,240,90,55.56,-0.2,-18.36,2.64,0.975,6,200.0,8.9,18.9,72.2,-0.204
After Tight Range Day,30,30,390,90,51.11,-0.18,-16.15,3.13,0.982,5,292.7,18.9,27.8,53.3,-0.1794
After Tight Range Day,30,50,15,90,54.44,1.36,122.54,0.62,1.59,3,15,0.0,0.0,100.0,1.3616
After Tight Range Day,30,50,30,90,60.0,1.54,138.64,2.16,1.518,4,30,0.0,0.0,100.0,1.5404
After Tight Range Day,30,50,60,90,52.22,0.78,69.99,0.61,1.158,7,59.1,5.6,0.0,94.4,0.7777
After Tight Range Day,30,50,120,90,51.11,-0.46,-41.2,0.68,0.935,6,114.6,6.7,1.1,92.2,-0.4578
After Tight Range Day,30,50,240,90,55.56,-0.16,-14.38,2.64,0.98,6,223.0,8.9,3.3,87.8,-0.1598
After Tight Range Day,30,50,390,90,51.11,-0.71,-63.8,3.13,0.934,5,342.1,18.9,10.0,71.1,-0.7089
After Tight Range Day,50,2,15,90,32.22,1.42,127.38,-2.0,2.084,5,7.5,0.0,64.4,35.6,1.4153
After Tight Range Day,50,2,30,90,28.89,1.51,135.56,-2.0,2.076,6,12.4,0.0,70.0,30.0,1.5062
After Tight Range Day,50,2,60,90,22.22,1.31,117.55,-2.0,1.843,10,19.8,0.0,76.7,23.3,1.3061
After Tight Range Day,50,2,120,90,20.0,1.31,117.76,-2.0,1.818,10,32.0,0.0,80.0,20.0,1.3084
After Tight Range Day,50,2,240,90,15.56,0.94,84.89,-2.0,1.558,11,52.4,0.0,84.4,15.6,0.9432
After Tight Range Day,50,2,390,90,12.22,0.74,66.65,-2.0,1.422,15,69.8,0.0,87.8,12.2,0.7406
After Tight Range Day,50,5,15,90,46.67,0.95,85.37,-0.91,1.408,4,10.3,0.0,42.2,57.8,0.9486
After Tight Range Day,50,5,30,90,45.56,1.26,113.76,-2.69,1.502,6,18.4,0.0,47.8,52.2,1.264
After Tight Range Day,50,5,60,90,35.56,1.08,97.58,-5.0,1.342,8,31.2,0.0,62.2,37.8,1.0842
After Tight Range Day,50,5,120,90,32.22,0.77,68.99,-5.0,1.23,8,51.7,0.0,66.7,33.3,0.7666
After Tight Range Day,50,5,240,90,28.89,1.08,96.9,-5.0,1.303,8,86.6,0.0,71.1,28.9,1.0767
After Tight Range Day,50,5,390,90,24.44,1.48,132.87,-5.0,1.396,8,127.6,0.0,74.4,25.6,1.4763
After Tight Range Day,50,8,15,90,50.0,0.78,70.22,-0.1,1.303,4,12.1,0.0,25.6,74.4,0.7802
After Tight Range Day,50,8,30,90,53.33,1.18,106.01,1.09,1.406,6,22.7,0.0,32.2,67.8,1.1779
After Tight Range Day,50,8,60,90,44.44,0.66,59.54,-5.47,1.161,8,40.7,0.0,48.9,51.1,0.6616
After Tight Range Day,50,8,120,90,40.0,0.29,25.89,-8.0,1.063,8,69.7,0.0,54.4,45.6,0.2877
After Tight Range Day,50,8,240,90,37.78,0.5,45.34,-8.0,1.104,8,118.1,0.0,60.0,40.0,0.5038
After Tight Range Day,50,8,390,90,30.0,0.64,57.5,-8.0,1.119,8,171.9,0.0,65.6,34.4,0.6389
After Tight Range Day,50,10,15,90,53.33,0.97,87.3,0.44,1.386,3,13.0,0.0,17.8,82.2,0.97
After Tight Range Day,50,10,30,90,55.56,1.13,101.87,1.76,1.374,5,24.8,0.0,24.4,75.6,1.1319
After Tight Range Day,50,10,60,90,47.78,0.53,47.38,-1.14,1.121,7,45.5,0.0,37.8,62.2,0.5264
After Tight Range Day,50,10,120,90,45.56,0.38,34.17,-2.89,1.078,7,79.6,0.0,45.6,54.4,0.3797
After Tight Range Day,50,10,240,90,45.56,0.69,62.22,-10.0,1.133,7,140.2,0.0,51.1,48.9,0.6913
After Tight Range Day,50,10,390,90,36.67,1.48,133.21,-10.0,1.25,7,206.4,1.1,56.7,42.2,1.4801
After Tight Range Day,50,15,15,90,53.33,1.03,92.35,0.44,1.417,3,14.4,0.0,7.8,92.2,1.0261
After Tight Range Day,50,15,30,90,58.89,1.25,112.69,2.12,1.399,4,27.9,0.0,14.4,85.6,1.2521
After Tight Range Day,50,15,60,90,50.0,0.51,45.73,-0.14,1.109,7,52.9,0.0,21.1,78.9,0.5081
After Tight Range Day,50,15,120,90,47.78,-0.03,-2.95,-0.5,0.994,6,95.9,0.0,33.3,66.7,-0.0328
After Tight Range Day,50,15,240,90,48.89,0.22,19.51,-0.87,1.034,6,171.8,0.0,38.9,61.1,0.2168
After Tight Range Day,50,15,390,90,41.11,0.51,46.28,-7.46,1.067,6,253.5,2.2,47.8,50.0,0.5142
After Tight Range Day,50,20,15,90,54.44,1.42,127.91,0.62,1.632,3,14.8,0.0,2.2,97.8,1.4212
After Tight Range Day,50,20,30,90,60.0,1.73,155.69,2.16,1.622,4,29.3,0.0,4.4,95.6,1.7299
After Tight Range Day,50,20,60,90,52.22,0.71,64.27,0.61,1.149,7,57.0,0.0,13.3,86.7,0.7141
After Tight Range Day,50,20,120,90,50.0,-0.13,-12.15,-0.09,0.978,6,105.0,0.0,25.6,74.4,-0.135
After Tight Range Day,50,20,240,90,52.22,0.4,36.08,1.12,1.056,6,189.8,1.1,28.9,70.0,0.4009
After Tight Range Day,50,20,390,90,45.56,0.56,50.4,-3.16,1.063,6,280.8,3.3,41.1,55.6,0.56
After Tight Range Day,50,30,15,90,54.44,1.36,122.54,0.62,1.59,3,15,0.0,0.0,100.0,1.3616
After Tight Range Day,50,30,30,90,60.0,1.53,138.1,2.16,1.515,4,29.9,0.0,1.1,98.9,1.5344
After Tight Range Day,50,30,60,90,52.22,0.42,37.45,0.61,1.082,7,59.2,0.0,3.3,96.7,0.4161
After Tight Range Day,50,30,120,90,50.0,-1.12,-100.8,-0.09,0.844,6,114.5,0.0,12.2,87.8,-1.12
After Tight Range Day,50,30,240,90,54.44,-0.55,-49.79,2.2,0.932,6,212.2,1.1,18.9,80.0,-0.5532
After Tight Range Day,50,30,390,90,48.89,-0.87,-78.21,-1.34,0.919,5,321.6,3.3,28.9,67.8,-0.869
After Tight Range Day,50,50,15,90,54.44,1.36,122.54,0.62,1.59,3,15,0.0,0.0,100.0,1.3616
After Tight Range Day,50,50,30,90,60.0,1.54,138.64,2.16,1.518,4,30,0.0,0.0,100.0,1.5404
After Tight Range Day,50,50,60,90,52.22,0.56,50.16,0.61,1.113,7,60,0.0,0.0,100.0,0.5573
After Tight Range Day,50,50,120,90,51.11,-0.82,-73.69,0.68,0.883,6,119.5,0.0,1.1,98.9,-0.8188
After Tight Range Day,50,50,240,90,54.44,-0.51,-45.81,2.2,0.937,6,235.2,1.1,3.3,95.6,-0.509
After Tight Range Day,50,50,390,90,48.89,-1.39,-125.18,-1.34,0.876,5,371.3,3.3,10.0,86.7,-1.3909
After Tight Range Day,75,2,15,90,32.22,1.42,127.38,-2.0,2.084,5,7.5,0.0,64.4,35.6,1.4153
After Tight Range Day,75,2,30,90,28.89,1.51,135.56,-2.0,2.076,6,12.4,0.0,70.0,30.0,1.5062
After Tight Range Day,75,2,60,90,22.22,1.31,117.55,-2.0,1.843,10,19.8,0.0,76.7,23.3,1.3061
After Tight Range Day,75,2,120,90,20.0,1.31,117.76,-2.0,1.818,10,32.0,0.0,80.0,20.0,1.3084
After Tight Range Day,75,2,240,90,15.56,0.94,84.89,-2.0,1.558,11,52.4,0.0,84.4,15.6,0.9432
After Tight Range Day,75,2,390,90,12.22,0.74,66.65,-2.0,1.422,15,69.8,0.0,87.8,12.2,0.7406
After Tight Range Day,75,5,15,90,46.67,0.95,85.37,-0.91,1.408,4,10.3,0.0,42.2,57.8,0.9486
After Tight Range Day,75,5,30,90,45.56,1.26,113.76,-2.69,1.502,6,18.4,0.0,47.8,52.2,1.264
After Tight Range Day,75,5,60,90,35.56,1.08,97.58,-5.0,1.342,8,31.2,0.0,62.2,37.8,1.0842
After Tight Range Day,75,5,120,90,32.22,0.77,68.99,-5.0,1.23,8,51.7,0.0,66.7,33.3,0.7666
After Tight Range Day,75,5,240,90,28.89,1.08,96.9,-5.0,1.303,8,86.6,0.0,71.1,28.9,1.0767
After Tight Range Day,75,5,390,90,24.44,1.48,132.87,-5.0,1.396,8,127.6,0.0,74.4,25.6,1.4763
After Tight Range Day,75,8,15,90,50.0,0.78,70.22,-0.1,1.303,4,12.1,0.0,25.6,74.4,0.7802
After Tight Range Day,75,8,30,90,53.33,1.18,106.01,1.09,1.406,6,22.7,0.0,32.2,67.8,1.1779
After Tight Range Day,75,8,60,90,44.44,0.66,59.54,-5.47,1.161,8,40.7,0.0,48.9,51.1,0.6616
After Tight Range Day,75,8,120,90,40.0,0.29,25.89,-8.0,1.063,8,69.7,0.0,54.4,45.6,0.2877
After Tight Range Day,75,8,240,90,37.78,0.5,45.34,-8.0,1.104,8,118.1,0.0,60.0,40.0,0.5038
After Tight Range Day,75,8,390,90,30.0,0.64,57.5,-8.0,1.119,8,171.9,0.0,65.6,34.4,0.6389
After Tight Range Day,75,10,15,90,53.33,0.97,87.3,0.44,1.386,3,13.0,0.0,17.8,82.2,0.97
After Tight Range Day,75,10,30,90,55.56,1.13,101.87,1.76,1.374,5,24.8,0.0,24.4,75.6,1.1319
After Tight Range Day,75,10,60,90,47.78,0.53,47.38,-1.14,1.121,7,45.5,0.0,37.8,62.2,0.5264
After Tight Range Day,75,10,120,90,45.56,0.38,34.17,-2.89,1.078,7,79.6,0.0,45.6,54.4,0.3797
After Tight Range Day,75,10,240,90,45.56,0.69,62.22,-10.0,1.133,7,140.2,0.0,51.1,48.9,0.6913
After Tight Range Day,75,10,390,90,36.67,1.52,136.67,-10.0,1.257,7,207.2,0.0,56.7,43.3,1.5186
After Tight Range Day,75,15,15,90,53.33,1.03,92.35,0.44,1.417,3,14.4,0.0,7.8,92.2,1.0261
After Tight Range Day,75,15,30,90,58.89,1.25,112.69,2.12,1.399,4,27.9,0.0,14.4,85.6,1.2521
After Tight Range Day,75,15,60,90,50.0,0.51,45.73,-0.14,1.109,7,52.9,0.0,21.1,78.9,0.5081
After Tight Range Day,75,15,120,90,47.78,-0.03,-2.95,-0.5,0.994,6,95.9,0.0,33.3,66.7,-0.0328
After Tight Range Day,75,15,240,90,48.89,0.22,19.51,-0.87,1.034,6,171.8,0.0,38.9,61.1,0.2168
After Tight Range Day,75,15,390,90,41.11,0.42,37.9,-7.46,1.055,6,254.6,0.0,47.8,52.2,0.4211
After Tight Range Day,75,20,15,90,54.44,1.42,127.91,0.62,1.632,3,14.8,0.0,2.2,97.8,1.4212
After Tight Range Day,75,20,30,90,60.0,1.73,155.69,2.16,1.622,4,29.3,0.0,4.4,95.6,1.7299
After Tight Range Day,75,20,60,90,52.22,0.71,64.27,0.61,1.149,7,57.0,0.0,13.3,86.7,0.7141
After Tight Range Day,75,20,120,90,50.0,-0.13,-12.15,-0.09,0.978,6,105.0,0.0,25.6,74.4,-0.135
After Tight Range Day,75,20,240,90,52.22,0.47,42.6,1.12,1.066,6,191.1,0.0,28.9,71.1,0.4733
After Tight Range Day,75,20,390,90,45.56,0.74,67.02,-3.16,1.083,6,283.8,1.1,41.1,57.8,0.7447
After Tight Range Day,75,30,15,90,54.44,1.36,122.54,0.62,1.59,3,15,0.0,0.0,100.0,1.3616
After Tight Range Day,75,30,30,90,60.0,1.53,138.1,2.16,1.515,4,29.9,0.0,1.1,98.9,1.5344
After Tight Range Day,75,30,60,90,52.22,0.42,37.45,0.61,1.082,7,59.2,0.0,3.3,96.7,0.4161
After Tight Range Day,75,30,120,90,50.0,-1.12,-100.8,-0.09,0.844,6,114.5,0.0,12.2,87.8,-1.12
After Tight Range Day,75,30,240,90,54.44,-0.48,-43.27,2.2,0.941,6,213.4,0.0,18.9,81.1,-0.4808
After Tight Range Day,75,30,390,90,48.89,-0.68,-61.59,-1.34,0.936,5,324.6,1.1,28.9,70.0,-0.6843
After Tight Range Day,75,50,15,90,54.44,1.36,122.54,0.62,1.59,3,15,0.0,0.0,100.0,1.3616
After Tight Range Day,75,50,30,90,60.0,1.54,138.64,2.16,1.518,4,30,0.0,0.0,100.0,1.5404
After Tight Range Day,75,50,60,90,52.22,0.56,50.16,0.61,1.113,7,60,0.0,0.0,100.0,0.5573
After Tight Range Day,75,50,120,90,51.11,-0.82,-73.69,0.68,0.883,6,119.5,0.0,1.1,98.9,-0.8188
After Tight Range Day,75,50,240,90,54.44,-0.44,-39.29,2.2,0.946,6,236.4,0.0,3.3,96.7,-0.4366
After Tight Range Day,75,50,390,90,48.89,-1.21,-108.56,-1.34,0.892,5,374.3,1.1,10.0,88.9,-1.2062
After Tight Range Day,100,2,15,90,32.22,1.42,127.38,-2.0,2.084,5,7.5,0.0,64.4,35.6,1.4153
After Tight Range Day,100,2,30,90,28.89,1.51,135.56,-2.0,2.076,6,12.4,0.0,70.0,30.0,1.5062
After Tight Range Day,100,2,60,90,22.22,1.31,117.55,-2.0,1.843,10,19.8,0.0,76.7,23.3,1.3061
After Tight Range Day,100,2,120,90,20.0,1.31,117.76,-2.0,1.818,10,32.0,0.0,80.0,20.0,1.3084
After Tight Range Day,100,2,240,90,15.56,0.94,84.89,-2.0,1.558,11,52.4,0.0,84.4,15.6,0.9432
After Tight Range Day,100,2,390,90,12.22,0.74,66.65,-2.0,1.422,15,69.8,0.0,87.8,12.2,0.7406
After Tight Range Day,100,5,15,90,46.67,0.95,85.37,-0.91,1.408,4,10.3,0.0,42.2,57.8,0.9486
After Tight Range Day,100,5,30,90,45.56,1.26,113.76,-2.69,1.502,6,18.4,0.0,47.8,52.2,1.264
After Tight Range Day,100,5,60,90,35.56,1.08,97.58,-5.0,1.342,8,31.2,0.0,62.2,37.8,1.0842
After Tight Range Day,100,5,120,90,32.22,0.77,68.99,-5.0,1.23,8,51.7,0.0,66.7,33.3,0.7666
After Tight Range Day,100,5,240,90,28.89,1.08,96.9,-5.0,1.303,8,86.6,0.0,71.1,28.9,1.0767
After Tight Range Day,100,5,390,90,24.44,1.48,132.87,-5.0,1.396,8,127.6,0.0,74.4,25.6,1.4763
After Tight Range Day,100,8,15,90,50.0,0.78,70.22,-0.1,1.303,4,12.1,0.0,25.6,74.4,0.7802
After Tight Range Day,100,8,30,90,53.33,1.18,106.01,1.09,1.406,6,22.7,0.0,32.2,67.8,1.1779
After Tight Range Day,100,8,60,90,44.44,0.66,59.54,-5.47,1.161,8,40.7,0.0,48.9,51.1,0.6616
After Tight Range Day,100,8,120,90,40.0,0.29,25.89,-8.0,1.063,8,69.7,0.0,54.4,45.6,0.2877
After Tight Range Day,100,8,240,90,37.78,0.5,45.34,-8.0,1.104,8,118.1,0.0,60.0,40.0,0.5038
After Tight Range Day,100,8,390,90,30.0,0.64,57.5,-8.0,1.119,8,171.9,0.0,65.6,34.4,0.6389
After Tight Range Day,100,10,15,90,53.33,0.97,87.3,0.44,1.386,3,13.0,0.0,17.8,82.2,0.97
After Tight Range Day,100,10,30,90,55.56,1.13,101.87,1.76,1.374,5,24.8,0.0,24.4,75.6,1.1319
After Tight Range Day,100,10,60,90,47.78,0.53,47.38,-1.14,1.121,7,45.5,0.0,37.8,62.2,0.5264
After Tight Range Day,100,10,120,90,45.56,0.38,34.17,-2.89,1.078,7,79.6,0.0,45.6,54.4,0.3797
After Tight Range Day,100,10,240,90,45.56,0.69,62.22,-10.0,1.133,7,140.2,0.0,51.1,48.9,0.6913
After Tight Range Day,100,10,390,90,36.67,1.52,136.67,-10.0,1.257,7,207.2,0.0,56.7,43.3,1.5186
After Tight Range Day,100,15,15,90,53.33,1.03,92.35,0.44,1.417,3,14.4,0.0,7.8,92.2,1.0261
After Tight Range Day,100,15,30,90,58.89,1.25,112.69,2.12,1.399,4,27.9,0.0,14.4,85.6,1.2521
After Tight Range Day,100,15,60,90,50.0,0.51,45.73,-0.14,1.109,7,52.9,0.0,21.1,78.9,0.5081
After Tight Range Day,100,15,120,90,47.78,-0.03,-2.95,-0.5,0.994,6,95.9,0.0,33.3,66.7,-0.0328
After Tight Range Day,100,15,240,90,48.89,0.22,19.51,-0.87,1.034,6,171.8,0.0,38.9,61.1,0.2168
After Tight Range Day,100,15,390,90,41.11,0.42,37.9,-7.46,1.055,6,254.6,0.0,47.8,52.2,0.4211
After Tight Range Day,100,20,15,90,54.44,1.42,127.91,0.62,1.632,3,14.8,0.0,2.2,97.8,1.4212
After Tight Range Day,100,20,30,90,60.0,1.73,155.69,2.16,1.622,4,29.3,0.0,4.4,95.6,1.7299
After Tight Range Day,100,20,60,90,52.22,0.71,64.27,0.61,1.149,7,57.0,0.0,13.3,86.7,0.7141
After Tight Range Day,100,20,120,90,50.0,-0.13,-12.15,-0.09,0.978,6,105.0,0.0,25.6,74.4,-0.135
After Tight Range Day,100,20,240,90,52.22,0.47,42.6,1.12,1.066,6,191.1,0.0,28.9,71.1,0.4733
After Tight Range Day,100,20,390,90,45.56,0.53,47.71,-3.16,1.059,6,284.8,0.0,41.1,58.9,0.5301
After Tight Range Day,100,30,15,90,54.44,1.36,122.54,0.62,1.59,3,15,0.0,0.0,100.0,1.3616
After Tight Range Day,100,30,30,90,60.0,1.53,138.1,2.16,1.515,4,29.9,0.0,1.1,98.9,1.5344
After Tight Range Day,100,30,60,90,52.22,0.42,37.45,0.61,1.082,7,59.2,0.0,3.3,96.7,0.4161
After Tight Range Day,100,30,120,90,50.0,-1.12,-100.8,-0.09,0.844,6,114.5,0.0,12.2,87.8,-1.12
After Tight Range Day,100,30,240,90,54.44,-0.48,-43.27,2.2,0.941,6,213.4,0.0,18.9,81.1,-0.4808
After Tight Range Day,100,30,390,90,48.89,-0.9,-80.9,-1.34,0.916,5,325.6,0.0,28.9,71.1,-0.8989
After Tight Range Day,100,50,15,90,54.44,1.36,122.54,0.62,1.59,3,15,0.0,0.0,100.0,1.3616
After Tight Range Day,100,50,30,90,60.0,1.54,138.64,2.16,1.518,4,30,0.0,0.0,100.0,1.5404
After Tight Range Day,100,50,60,90,52.22,0.56,50.16,0.61,1.113,7,60,0.0,0.0,100.0,0.5573
After Tight Range Day,100,50,120,90,51.11,-0.82,-73.69,0.68,0.883,6,119.5,0.0,1.1,98.9,-0.8188
After Tight Range Day,100,50,240,90,54.44,-0.44,-39.29,2.2,0.946,6,236.4,0.0,3.3,96.7,-0.4366
After Tight Range Day,100,50,390,90,48.89,-1.42,-127.87,-1.34,0.873,5,375.3,0.0,10.0,90.0,-1.4208
After Wide Range Day,2,2,15,298,53.69,0.15,44,2.0,1.159,8,1.1,53.7,46.3,0.0,0.1477
After Wide Range Day,2,2,30,298,53.69,0.15,44,2.0,1.159,8,1.1,53.7,46.3,0.0,0.1477
After Wide Range Day,2,2,60,298,53.69,0.15,44,2.0,1.159,8,1.1,53.7,46.3,0.0,0.1477
After Wide Range Day,2,2,120,298,53.69,0.15,44,2.0,1.159,8,1.1,53.7,46.3,0.0,0.1477
After Wide Range Day,2,2,240,298,53.69,0.15,44,2.0,1.159,8,1.1,53.7,46.3,0.0,0.1477
After Wide Range Day,2,2,390,298,53.69,0.15,44,2.0,1.159,8,1.1,53.7,46.3,0.0,0.1477
After Wide Range Day,2,5,15,298,63.76,-0.53,-157.71,2.0,0.707,8,1.6,63.8,35.9,0.3,-0.5292
After Wide Range Day,2,5,30,298,63.76,-0.54,-160,2.0,0.704,8,1.6,63.8,36.2,0.0,-0.5369
After Wide Range Day,2,5,60,298,63.76,-0.54,-160,2.0,0.704,8,1.6,63.8,36.2,0.0,-0.5369
After Wide Range Day,2,5,120,298,63.76,-0.54,-160,2.0,0.704,8,1.6,63.8,36.2,0.0,-0.5369
After Wide Range Day,2,5,240,298,63.76,-0.54,-160,2.0,0.704,8,1.6,63.8,36.2,0.0,-0.5369
After Wide Range Day,2,5,390,298,63.76,-0.54,-160,2.0,0.704,8,1.6,63.8,36.2,0.0,-0.5369
After Wide Range Day,2,8,15,298,70.81,-0.85,-253.69,2.0,0.625,8,2.0,70.8,27.5,1.7,-0.8513
After Wide Range Day,2,8,30,298,71.14,-0.85,-252.77,2.0,0.627,8,2.2,71.1,28.2,0.7,-0.8482
After Wide Range Day,2,8,60,298,71.48,-0.85,-254,2.0,0.626,8,2.4,71.5,28.5,0.0,-0.8523
After Wide Range Day,2,8,120,298,71.48,-0.85,-254,2.0,0.626,8,2.4,71.5,28.5,0.0,-0.8523
After Wide Range Day,2,8,240,298,71.48,-0.85,-254,2.0,0.626,8,2.4,71.5,28.5,0.0,-0.8523
After Wide Range Day,2,8,390,298,71.48,-0.85,-254,2.0,0.626,8,2.4,71.5,28.5,0.0,-0.8523
After Wide Range Day,2,10,15,298,73.15,-1.1,-329.19,2.0,0.57,4,2.4,73.2,24.8,2.0,-1.1047
After Wide Range Day,2,10,30,298,73.83,-1.05,-313.87,2.0,0.584,4,2.7,73.8,24.8,1.3,-1.0533
After Wide Range Day,2,10,60,298,74.83,-1.02,-304,2.0,0.595,4,2.9,74.8,25.2,0.0,-1.0201
After Wide Range Day,2,10,120,298,74.83,-1.02,-304,2.0,0.595,4,2.9,74.8,25.2,0.0,-1.0201
After Wide Range Day,2,10,240,298,74.83,-1.02,-304,2.0,0.595,4,2.9,74.8,25.2,0.0,-1.0201
After Wide Range Day,2,10,390,298,74.83,-1.02,-304,2.0,0.595,4,2.9,74.8,25.2,0.0,-1.0201
After Wide Range Day,2,15,15,298,76.85,-1.37,-409.67,2.0,0.528,4,3.4,76.8,16.1,7.0,-1.3747
After Wide Range Day,2,15,30,298,78.86,-1.23,-367.49,2.0,0.561,4,4.3,78.9,17.1,4.0,-1.2332
After Wide Range Day,2,15,60,298,80.87,-1.17,-349.06,2.0,0.58,2,5.1,80.9,17.8,1.3,-1.1713
After Wide Range Day,2,15,120,298,81.21,-1.17,-347.36,2.0,0.582,2,5.7,81.2,18.1,0.7,-1.1656
After Wide Range Day,2,15,240,298,81.54,-1.14,-339,2.0,0.589,2,6.0,81.5,18.5,0.0,-1.1376
After Wide Range Day,2,15,390,298,81.54,-1.14,-339,2.0,0.589,2,6.0,81.5,18.5,0.0,-1.1376
After Wide Range Day,2,20,15,298,77.18,-1.86,-554.19,2.0,0.454,4,3.9,77.2,12.4,10.4,-1.8597
After Wide Range Day,2,20,30,298,79.53,-1.9,-566.67,2.0,0.455,4,5.0,79.5,15.4,5.0,-1.9016
After Wide Range Day,2,20,60,298,81.54,-1.82,-543.72,2.0,0.472,2,6.0,81.5,16.4,2.0,-1.8246
After Wide Range Day,2,20,120,298,82.21,-1.83,-544.61,2.0,0.474,2,7.0,82.2,16.8,1.0,-1.8276
After Wide Range Day,2,20,240,298,82.55,-1.84,-548,2.0,0.473,2,7.4,82.6,17.4,0.0,-1.8389
After Wide Range Day,2,20,390,298,82.55,-1.84,-548,2.0,0.473,2,7.4,82.6,17.4,0.0,-1.8389
After Wide Range Day,2,30,15,298,78.19,-2.07,-616.52,2.0,0.43,4,4.6,78.2,5.4,16.4,-2.0689
After Wide Range Day,2,30,30,298,82.21,-1.86,-552.98,2.0,0.469,4,6.6,81.9,8.1,10.1,-1.8556
After Wide Range Day,2,30,60,298,85.23,-1.7,-505.44,2.0,0.501,2,8.8,85.2,9.1,5.7,-1.6961
After Wide Range Day,2,30,120,298,86.91,-1.58,-470.59,2.0,0.524,2,11.1,86.9,9.7,3.4,-1.5792
After Wide Range Day,2,30,240,298,87.92,-1.58,-469.93,2.0,0.527,2,13.9,87.6,10.1,2.3,-1.5769
After Wide Range Day,2,30,390,298,88.26,-1.56,-465.91,2.0,0.53,2,15.7,88.3,10.7,1.0,-1.5635
After Wide Range Day,2,50,15,298,78.86,-2.14,-639.05,2.0,0.424,4,4.9,78.9,1.7,19.5,-2.1445
After Wide Range Day,2,50,30,298,82.89,-2.13,-634.19,2.0,0.437,4,7.6,82.6,3.0,14.4,-2.1282
After Wide Range Day,2,50,60,298,87.58,-1.79,-534.73,2.0,0.494,2,10.7,87.6,4.4,8.1,-1.7944
After Wide Range Day,2,50,120,298,89.6,-1.7,-505.95,2.0,0.513,2,14.2,89.6,5.7,4.7,-1.6978
After Wide Range Day,2,50,240,298,90.6,-1.57,-467.63,2.0,0.536,2,18.9,90.3,5.7,4.0,-1.5692
After Wide Range Day,2,50,390,298,91.61,-1.54,-457.68,2.0,0.544,2,23.2,91.6,5.7,2.7,-1.5358
After Wide Range Day,5,2,15,298,48.32,1.38,412.67,-2.0,2.343,8,1.6,48.3,51.3,0.3,1.3848
After Wide Range Day,5,2,30,298,48.32,1.38,412,-2.0,2.338,8,1.6,48.3,51.7,0.0,1.3826
After Wide Range Day,5,2,60,298,48.32,1.38,412,-2.0,2.338,8,1.6,48.3,51.7,0.0,1.3826
After Wide Range Day,5,2,120,298,48.32,1.38,412,-2.0,2.338,8,1.6,48.3,51.7,0.0,1.3826
After Wide Range Day,5,2,240,298,48.32,1.38,412,-2.0,2.338,8,1.6,48.3,51.7,0.0,1.3826
After Wide Range Day,5,2,390,298,48.32,1.38,412,-2.0,2.338,8,1.6,48.3,51.7,0.0,1.3826
After Wide Range Day,5,5,15,298,56.38,0.65,195.0,5.0,1.309,8,2.7,54.7,41.9,3.4,0.6544
After Wide Range Day,5,5,30,298,56.04,0.62,184.01,5.0,1.283,8,2.8,56.0,43.6,0.3,0.6175
After Wide Range Day,5,5,60,298,56.38,0.64,190,5.0,1.292,8,2.9,56.4,43.6,0.0,0.6376
After Wide Range Day,5,5,120,298,56.38,0.64,190,5.0,1.292,8,2.9,56.4,43.6,0.0,0.6376
After Wide Range Day,5,5,240,298,56.38,0.64,190,5.0,1.292,8,2.9,56.4,43.6,0.0,0.6376
After Wide Range Day,5,5,390,298,56.38,0.64,190,5.0,1.292,8,2.9,56.4,43.6,0.0,0.6376
After Wide Range Day,5,8,15,298,61.41,0.22,66.54,5.0,1.08,8,3.5,59.4,32.2,8.4,0.2233
After Wide Range Day,5,8,30,298,61.41,0.1,28.98,5.0,1.033,8,4.2,61.1,36.2,2.7,0.0972
After Wide Range Day,5,8,60,298,61.74,0.05,15.74,5.0,1.017,8,4.7,61.7,37.9,0.3,0.0528
After Wide Range Day,5,8,120,298,61.74,0.03,8.86,5.0,1.01,8,4.9,61.7,37.9,0.3,0.0297
After Wide Range Day,5,8,240,298,61.74,0.03,8,5.0,1.009,8,4.9,61.7,38.3,0.0,0.0268
After Wide Range Day,5,8,390,298,61.74,0.03,8,5.0,1.009,8,4.9,61.7,38.3,0.0,0.0268
After Wide Range Day,5,10,15,298,63.76,0.0,0.77,5.0,1.001,5,4.0,61.4,28.2,10.4,0.0026
After Wide Range Day,5,10,30,298,63.42,-0.19,-56.23,5.0,0.944,5,5.1,63.1,31.9,5.0,-0.1887
After Wide Range Day,5,10,60,298,65.1,-0.17,-49.72,5.0,0.951,4,6.0,65.1,33.9,1.0,-0.1668
After Wide Range Day,5,10,120,298,65.44,-0.16,-48.68,5.0,0.952,4,6.5,65.4,33.9,0.7,-0.1634
After Wide Range Day,5,10,240,298,65.44,-0.15,-46.05,5.0,0.955,4,7.0,65.4,34.2,0.3,-0.1545
After Wide Range Day,5,10,390,298,65.44,-0.18,-55,5.0,0.947,4,7.2,65.4,34.6,0.0,-0.1846
After Wide Range Day,5,15,15,298,67.79,-0.13,-37.68,5.0,0.963,5,5.2,65.1,17.4,17.4,-0.1264
After Wide Range Day,5,15,30,298,69.13,-0.24,-70.78,5.0,0.935,5,7.3,67.8,20.1,12.1,-0.2375
After Wide Range Day,5,15,60,298,72.15,-0.2,-59.75,5.0,0.947,4,9.6,71.1,23.2,5.7,-0.2005
After Wide Range Day,5,15,120,298,73.15,-0.22,-65.22,5.0,0.944,4,11.8,73.2,24.5,2.3,-0.2189
After Wide Range Day,5,15,240,298,73.49,-0.22,-65.25,5.0,0.944,4,13.3,73.5,25.8,0.7,-0.219
After Wide Range Day,5,15,390,298,73.83,-0.18,-55.07,5.0,0.952,3,14.1,73.8,25.8,0.3,-0.1848
After Wide Range Day,5,20,15,298,68.12,-0.56,-167.92,5.0,0.855,5,5.8,65.4,12.8,21.8,-0.5635
After Wide Range Day,5,20,30,298,70.47,-0.75,-224.72,5.0,0.822,5,8.3,69.1,16.4,14.4,-0.7541
After Wide Range Day,5,20,60,298,73.83,-0.73,-218.33,5.0,0.833,4,11.5,72.8,18.8,8.4,-0.7327
After Wide Range Day,5,20,120,298,75.17,-0.86,-257.75,5.0,0.812,3,14.8,74.8,21.5,3.7,-0.8649
After Wide Range Day,5,20,240,298,75.84,-0.83,-248.54,5.0,0.82,3,17.8,75.8,22.5,1.7,-0.834
After Wide Range Day,5,20,390,298,76.51,-0.81,-240.07,5.0,0.826,3,18.9,76.5,23.2,0.3,-0.8056
After Wide Range Day,5,30,15,298,69.13,-0.74,-221.79,5.0,0.819,5,6.4,66.4,5.4,28.2,-0.7443
After Wide Range Day,5,30,30,298,72.82,-0.63,-186.64,5.0,0.851,5,10.1,71.1,8.1,20.8,-0.6263
After Wide Range Day,5,30,60,298,77.18,-0.7,-207.82,5.0,0.846,4,15.0,75.8,10.7,13.4,-0.6974
After Wide Range Day,5,30,120,298,79.87,-0.59,-174.65,5.0,0.872,3,20.7,79.5,12.4,8.1,-0.5861
After Wide Range Day,5,30,240,298,81.88,-0.65,-194.1,5.0,0.862,3,28.1,81.5,14.1,4.4,-0.6513
After Wide Range Day,5,30,390,298,83.22,-0.5,-150.28,5.0,0.892,2,31.9,82.9,15.1,2.0,-0.5043
After Wide Range Day,5,50,15,298,69.8,-0.8,-238.32,5.0,0.81,5,6.8,67.1,1.7,31.2,-0.7997
After Wide Range Day,5,50,30,298,73.49,-0.88,-261.85,5.0,0.805,5,11.1,71.8,3.0,25.2,-0.8787
After Wide Range Day,5,50,60,298,79.19,-0.77,-230.87,5.0,0.835,4,17.2,77.5,4.7,17.8,-0.7747
After Wide Range Day,5,50,120,298,82.21,-0.72,-215.67,5.0,0.85,3,25.7,81.9,6.0,12.1,-0.7237
After Wide Range Day,5,50,240,298,85.23,-0.68,-201.58,5.0,0.863,3,36.6,84.9,7.4,7.7,-0.6764
After Wide Range Day,5,50,390,298,87.25,-0.66,-195.38,5.0,0.869,2,45.1,86.9,8.4,4.7,-0.6556
After Wide Range Day,8,2,15,298,43.29,2.27,677.03,-2.0,3.007,8,2.6,41.3,56.4,2.3,2.2719
After Wide Range Day,8,2,30,298,43.29,2.3,686.88,-2.0,3.032,8,2.8,42.6,56.7,0.7,2.305
After Wide Range Day,8,2,60,298,43.29,2.33,694,-2.0,3.053,8,2.8,43.3,56.7,0.0,2.3289
After Wide Range Day,8,2,120,298,43.29,2.33,694,-2.0,3.053,8,2.8,43.3,56.7,0.0,2.3289
After Wide Range Day,8,2,240,298,43.29,2.33,694,-2.0,3.053,8,2.8,43.3,56.7,0.0,2.3289
After Wide Range Day,8,2,390,298,43.29,2.33,694,-2.0,3.053,8,2.8,43.3,56.7,0.0,2.3289
After Wide Range Day,8,5,15,298,50.67,1.45,431.86,0.67,1.61,8,4.1,45.6,47.0,7.4,1.4492
After Wide Range Day,8,5,30,298,50.0,1.46,433.89,1.51,1.586,8,4.7,48.3,49.7,2.0,1.456
After Wide Range Day,8,5,60,298,50.0,1.48,441.66,-1.17,1.593,8,4.9,49.7,50.0,0.3,1.4821
After Wide Range Day,8,5,120,298,49.66,1.46,434,-5.0,1.579,8,5.0,49.7,50.3,0.0,1.4564
After Wide Range Day,8,5,240,298,49.66,1.46,434,-5.0,1.579,8,5.0,49.7,50.3,0.0,1.4564
After Wide Range Day,8,5,390,298,49.66,1.46,434,-5.0,1.579,8,5.0,49.7,50.3,0.0,1.4564
After Wide Range Day,8,8,15,298,56.04,0.97,289.51,4.85,1.309,8,5.2,48.3,35.9,15.8,0.9715
After Wide Range Day,8,8,30,298,56.04,0.96,286.64,8.0,1.284,8,6.8,52.7,41.3,6.0,0.9619
After Wide Range Day,8,8,60,298,55.7,0.89,263.98,8.0,1.252,8,7.8,54.7,44.0,1.3,0.8858
After Wide Range Day,8,8,120,298,55.37,0.84,250.76,8.0,1.236,8,8.4,55.0,44.3,0.7,0.8415
After Wide Range Day,8,8,240,298,55.37,0.83,248.15,8.0,1.233,8,8.9,55.0,44.6,0.3,0.8327
After Wide Range Day,8,8,390,298,55.03,0.81,240,8.0,1.224,8,9.0,55.0,45.0,0.0,0.8054
After Wide Range Day,8,10,15,298,58.72,0.77,228.86,7.64,1.219,5,5.9,50.0,31.5,18.5,0.768
After Wide Range Day,8,10,30,298,58.05,0.65,192.69,8.0,1.167,5,7.9,54.7,36.6,8.7,0.6466
After Wide Range Day,8,10,60,298,59.06,0.66,195.31,8.0,1.164,4,9.5,57.7,39.3,3.0,0.6554
After Wide Range Day,8,10,120,298,59.06,0.63,187.57,8.0,1.155,4,10.6,58.4,39.9,1.7,0.6294
After Wide Range Day,8,10,240,298,59.06,0.63,189.1,8.0,1.156,4,11.8,58.7,40.6,0.7,0.6346
After Wide Range Day,8,10,390,298,58.72,0.57,170,8.0,1.138,4,12.1,58.7,41.3,0.0,0.5705
After Wide Range Day,8,15,15,298,62.42,0.63,186.97,8.0,1.161,5,7.3,52.7,18.8,28.5,0.6274
After Wide Range Day,8,15,30,298,64.09,0.59,176.94,8.0,1.137,5,10.6,59.4,24.2,16.4,0.5938
After Wide Range Day,8,15,60,298,66.11,0.6,177.72,8.0,1.132,4,14.2,63.1,27.5,9.4,0.5964
After Wide Range Day,8,15,120,298,67.11,0.58,173.07,8.0,1.122,4,17.5,66.1,29.9,4.0,0.5808
After Wide Range Day,8,15,240,298,67.45,0.6,177.65,8.0,1.125,4,20.2,66.8,31.5,1.7,0.5961
After Wide Range Day,8,15,390,298,67.45,0.55,163.44,8.0,1.114,4,22.4,67.1,31.9,1.0,0.5485
After Wide Range Day,8,20,15,298,62.75,0.16,48.2,8.0,1.037,5,7.8,53.0,13.4,33.6,0.1617
After Wide Range Day,8,20,30,298,65.44,0.04,10.73,8.0,1.007,5,11.9,60.4,18.5,21.1,0.036
After Wide Range Day,8,20,60,298,68.12,0.11,33.13,8.0,1.021,4,16.7,64.8,21.8,13.4,0.1112
After Wide Range Day,8,20,120,298,69.46,-0.12,-36.65,8.0,0.978,4,21.7,68.1,25.5,6.4,-0.123
After Wide Range Day,8,20,240,298,70.13,-0.11,-31.66,8.0,0.981,4,26.9,69.5,27.5,3.0,-0.1062
After Wide Range Day,8,20,390,298,70.47,-0.2,-59.56,8.0,0.966,4,29.8,70.1,28.9,1.0,-0.1999
After Wide Range Day,8,30,15,298,64.09,0.06,16.8,8.0,1.012,5,8.6,54.0,5.7,40.3,0.0564
After Wide Range Day,8,30,30,298,67.79,0.12,34.74,8.0,1.023,5,13.8,62.1,9.1,28.9,0.1166
After Wide Range Day,8,30,60,298,71.81,0.13,38.35,8.0,1.024,4,20.7,68.1,13.1,18.8,0.1287
After Wide Range Day,8,30,120,298,74.83,0.19,57.07,8.0,1.034,3,29.0,72.8,15.1,12.1,0.1915
After Wide Range Day,8,30,240,298,76.51,0.03,9.65,8.0,1.005,3,39.8,75.2,18.1,6.7,0.0324
After Wide Range Day,8,30,390,298,77.85,0.14,41.07,8.0,1.023,3,46.5,77.2,19.5,3.4,0.1378
After Wide Range Day,8,50,15,298,64.77,0.02,7.38,8.0,1.005,5,9.0,54.7,1.7,43.6,0.0248
After Wide Range Day,8,50,30,298,68.46,-0.13,-38.91,8.0,0.976,5,14.9,62.8,3.0,34.2,-0.1306
After Wide Range Day,8,50,60,298,73.83,-0.25,-73.62,8.0,0.958,4,23.4,69.8,6.7,23.5,-0.247
After Wide Range Day,8,50,120,298,77.18,-0.21,-62.25,8.0,0.967,3,34.8,75.2,8.1,16.8,-0.2089
After Wide Range Day,8,50,240,298,80.2,-0.15,-45.23,8.0,0.977,3,50.6,78.5,9.7,11.7,-0.1518
After Wide Range Day,8,50,390,298,81.88,-0.24,-71.79,8.0,0.964,3,64.1,81.2,11.1,7.7,-0.2409
After Wide Range Day,10,2,15,298,39.6,2.49,741.87,-2.0,3.067,8,3.5,33.9,59.7,6.4,2.4895
After Wide Range Day,10,2,30,298,38.59,2.51,748.58,-2.0,3.045,8,4.1,36.6,61.4,2.0,2.512
After Wide Range Day,10,2,60,298,37.92,2.54,757.74,-2.0,3.048,11,4.3,37.6,62.1,0.3,2.5428
After Wide Range Day,10,2,120,298,37.58,2.51,748,-2.0,3.011,11,4.4,37.6,62.4,0.0,2.5101
After Wide Range Day,10,2,240,298,37.58,2.51,748,-2.0,3.011,11,4.4,37.6,62.4,0.0,2.5101
After Wide Range Day,10,2,390,298,37.58,2.51,748,-2.0,3.011,11,4.4,37.6,62.4,0.0,2.5101
After Wide Range Day,10,5,15,298,47.65,1.75,520.76,-1.44,1.701,8,5.1,38.6,49.0,12.4,1.7475
After Wide Range Day,10,5,30,298,46.98,1.79,532.46,-5.0,1.677,8,6.4,42.3,52.7,5.0,1.7868
After Wide Range Day,10,5,60,298,45.64,1.8,535.42,-5.0,1.661,8,7.2,44.3,54.4,1.3,1.7967
After Wide Range Day,10,5,120,298,44.63,1.71,509.47,-5.0,1.621,8,7.7,44.6,55.0,0.3,1.7096
After Wide Range Day,10,5,240,298,44.63,1.69,505,-5.0,1.612,8,7.7,44.6,55.4,0.0,1.6946
After Wide Range Day,10,5,390,298,44.63,1.69,505,-5.0,1.612,8,7.7,44.6,55.4,0.0,1.6946
After Wide Range Day,10,8,15,298,53.36,1.29,383.3,2.14,1.397,8,6.4,40.3,36.2,23.5,1.2862
After Wide Range Day,10,8,30,298,53.36,1.3,388.42,4.17,1.364,8,8.9,45.6,43.6,10.7,1.3034
After Wide Range Day,10,8,60,298,51.34,1.18,352.29,7.12,1.307,8,10.8,49.0,48.0,3.0,1.1822
After Wide Range Day,10,8,120,298,50.34,1.06,316.23,5.95,1.269,8,11.9,50.0,49.0,1.0,1.0612
After Wide Range Day,10,8,240,298,50.34,1.03,306.15,5.07,1.259,8,12.4,50.0,49.7,0.3,1.0273
After Wide Range Day,10,8,390,298,50.0,1,298,1.0,1.25,8,12.6,50.0,50.0,0.0,1
After Wide Range Day,10,10,15,298,56.04,1.12,334.08,3.28,1.312,6,7.1,41.6,31.5,26.8,1.1211
After Wide Range Day,10,10,30,298,55.7,1.02,302.53,5.64,1.249,6,10.1,47.3,38.6,14.1,1.0152
After Wide Range Day,10,10,60,298,54.7,0.97,289.75,10.0,1.222,5,12.9,52.0,42.6,5.4,0.9723
After Wide Range Day,10,10,120,298,54.36,0.89,265.04,10.0,1.198,5,14.7,53.7,44.3,2.0,0.8894
After Wide Range Day,10,10,240,298,54.36,0.88,261.52,10.0,1.195,5,16.5,53.7,45.0,1.3,0.8776
After Wide Range Day,10,10,390,298,53.69,0.74,220,10.0,1.159,5,17.8,53.7,46.3,0.0,0.7383
After Wide Range Day,10,15,15,298,59.06,0.96,284.75,4.29,1.239,6,8.6,43.6,18.8,37.6,0.9555
After Wide Range Day,10,15,30,298,61.41,0.92,273.66,10.0,1.2,6,13.1,51.0,25.8,23.2,0.9183
After Wide Range Day,10,15,60,298,61.41,0.8,236.91,10.0,1.156,5,18.0,57.0,30.9,12.1,0.795
After Wide Range Day,10,15,120,298,61.74,0.63,188.75,10.0,1.116,5,22.8,60.1,34.2,5.7,0.6334
After Wide Range Day,10,15,240,298,62.08,0.63,188.19,10.0,1.115,5,26.9,60.7,36.2,3.0,0.6315
After Wide Range Day,10,15,390,298,61.41,0.42,126.32,10.0,1.075,5,30.8,61.1,37.2,1.7,0.4239
After Wide Range Day,10,20,15,298,59.4,0.5,147.98,4.49,1.111,6,9.1,44.0,13.4,42.6,0.4966
After Wide Range Day,10,20,30,298,62.75,0.4,119.83,10.0,1.077,6,14.4,52.0,19.5,28.5,0.4021
After Wide Range Day,10,20,60,298,63.76,0.39,116.21,10.0,1.068,5,21.0,59.1,23.8,17.1,0.39
After Wide Range Day,10,20,120,298,64.77,0.09,26.47,10.0,1.014,5,28.0,62.8,28.2,9.1,0.0888
After Wide Range Day,10,20,240,298,66.11,0.15,44.88,10.0,1.024,4,35.2,64.8,30.9,4.4,0.1506
After Wide Range Day,10,20,390,298,65.77,-0.12,-36.9,10.0,0.981,4,39.8,65.4,32.6,2.0,-0.1238
After Wide Range Day,10,30,15,298,60.74,0.41,122.58,5.03,1.088,6,9.9,45.0,5.7,49.3,0.4113
After Wide Range Day,10,30,30,298,65.1,0.5,148.98,10.0,1.094,6,16.5,53.7,9.1,37.2,0.4999
After Wide Range Day,10,30,60,298,67.79,0.55,163.7,10.0,1.093,5,25.4,62.4,14.1,23.5,0.5493
After Wide Range Day,10,30,120,298,70.47,0.6,180.24,10.0,1.096,4,36.5,67.8,16.4,15.8,0.6048
After Wide Range Day,10,30,240,298,73.15,0.55,162.48,10.0,1.082,3,51.0,71.1,19.8,9.1,0.5452
After Wide Range Day,10,30,390,298,74.16,0.51,151.74,10.0,1.075,3,61.3,73.2,21.5,5.4,0.5092
After Wide Range Day,10,50,15,298,61.41,0.39,117.16,5.31,1.082,6,10.2,45.6,1.7,52.7,0.3932
After Wide Range Day,10,50,30,298,65.77,0.27,79.33,10.0,1.047,6,17.6,54.4,3.0,42.6,0.2662
After Wide Range Day,10,50,60,298,69.46,0.13,39.19,10.0,1.02,5,28.4,63.8,7.0,29.2,0.1315
After Wide Range Day,10,50,120,298,73.15,0.39,116.51,10.0,1.058,4,42.8,70.5,8.4,21.1,0.391
After Wide Range Day,10,50,240,298,77.52,0.58,171.75,10.0,1.082,3,63.0,75.2,10.1,14.8,0.5763
After Wide Range Day,10,50,390,298,78.86,0.65,194.68,10.0,1.091,3,81.4,77.9,11.4,10.7,0.6533
After Wide Range Day,15,2,15,298,38.26,3.24,966.91,-2.0,3.635,8,5.0,22.1,61.1,16.8,3.2447
After Wide Range Day,15,2,30,298,34.23,3.15,938.06,-2.0,3.4,8,6.8,25.8,65.4,8.7,3.1479
After Wide Range Day,15,2,60,298,32.21,3.18,947.6,-2.0,3.346,11,8.3,28.9,67.8,3.4,3.1799
After Wide Range Day,15,2,120,298,29.53,3.02,900,-2.0,3.143,13,9.1,29.5,70.5,0.0,3.0201
After Wide Range Day,15,2,240,298,29.53,3.02,900,-2.0,3.143,13,9.1,29.5,70.5,0.0,3.0201
After Wide Range Day,15,2,390,298,29.53,3.02,900,-2.0,3.143,13,9.1,29.5,70.5,0.0,3.0201
After Wide Range Day,15,5,15,298,45.97,2.51,747.41,-5.0,1.973,8,6.8,23.5,50.7,25.8,2.5081
After Wide Range Day,15,5,30,298,42.62,2.46,734.02,-5.0,1.87,8,9.7,29.9,56.4,13.8,2.4632
After Wide Range Day,15,5,60,298,39.6,2.48,739.44,-5.0,1.825,8,12.5,34.6,60.1,5.4,2.4813
After Wide Range Day,15,5,120,298,36.91,2.38,709.71,-5.0,1.765,9,14.5,35.9,62.1,2.0,2.3816
After Wide Range Day,15,5,240,298,37.25,2.38,709.81,-5.0,1.759,9,15.7,36.6,62.8,0.7,2.3819
After Wide Range Day,15,5,390,298,36.91,2.37,705.66,-5.0,1.751,9,16.3,36.6,63.1,0.3,2.368
After Wide Range Day,15,8,15,298,51.68,2.04,607.75,0.52,1.605,8,8.2,24.8,37.6,37.6,2.0394
After Wide Range Day,15,8,30,298,48.99,2.0,596.18,-1.22,1.522,8,12.4,32.6,46.3,21.1,2.0006
After Wide Range Day,15,8,60,298,44.3,1.7,506.78,-8.0,1.391,8,17.0,37.9,53.7,8.4,1.7006
After Wide Range Day,15,8,120,298,42.28,1.65,492.43,-8.0,1.366,8,20.6,39.9,55.7,4.4,1.6524
After Wide Range Day,15,8,240,298,42.95,1.71,510.5,-8.0,1.375,8,23.8,41.3,57.0,1.7,1.7131
After Wide Range Day,15,8,390,298,42.28,1.69,502.66,-8.0,1.367,8,25.5,41.6,57.4,1.0,1.6868
After Wide Range Day,15,10,15,298,54.36,1.91,570.53,1.85,1.511,6,8.9,26.2,32.9,40.9,1.9145
After Wide Range Day,15,10,30,298,51.34,1.75,522.49,1.18,1.402,6,13.7,34.2,40.9,24.8,1.7533
After Wide Range Day,15,10,60,298,47.65,1.51,448.81,-4.41,1.304,6,19.3,39.9,48.0,12.1,1.5061
After Wide Range Day,15,10,120,298,46.64,1.59,473.43,-10.0,1.308,5,24.7,43.0,50.3,6.7,1.5887
After Wide Range Day,15,10,240,298,47.65,1.78,528.98,-10.0,1.343,5,29.6,45.6,51.3,3.0,1.7751
After Wide Range Day,15,10,390,298,46.64,1.65,492.86,-10.0,1.313,6,33.0,46.0,52.7,1.3,1.6539
After Wide Range Day,15,15,15,298,57.05,1.68,501.98,2.76,1.401,6,10.5,26.8,19.8,53.4,1.6845
After Wide Range Day,15,15,30,298,56.71,1.64,488.9,4.03,1.327,6,17.1,36.9,27.9,35.2,1.6406
After Wide Range Day,15,15,60,298,54.03,1.27,378.83,3.18,1.217,6,25.5,44.0,34.6,21.5,1.2712
After Wide Range Day,15,15,120,298,54.03,1.25,371.18,9.32,1.195,5,35.0,47.7,39.6,12.8,1.2456
After Wide Range Day,15,15,240,298,54.7,1.38,411.65,15.0,1.212,5,44.1,51.7,43.0,5.4,1.3814
After Wide Range Day,15,15,390,298,53.69,1.2,358.55,15.0,1.179,6,51.2,52.0,44.0,4.0,1.2032
After Wide Range Day,15,20,15,298,57.38,1.23,367.71,2.9,1.262,6,11.1,27.2,14.1,58.7,1.2339
After Wide Range Day,15,20,30,298,58.05,1.09,325.89,4.54,1.191,6,18.5,37.9,21.1,40.9,1.0936
After Wide Range Day,15,20,60,298,56.38,0.9,268.83,6.01,1.138,6,28.9,45.6,26.2,28.2,0.9021
After Wide Range Day,15,20,120,298,57.05,0.63,188.53,14.26,1.086,5,41.5,50.0,32.9,17.1,0.6327
After Wide Range Day,15,20,240,298,58.72,0.82,244.38,15.0,1.108,4,55.5,54.7,35.9,9.4,0.8201
After Wide Range Day,15,20,390,298,58.39,0.68,202.05,15.0,1.086,4,65.5,56.0,38.3,5.7,0.678
After Wide Range Day,15,30,15,298,58.72,1.17,349.21,3.53,1.238,6,11.9,28.2,6.0,65.8,1.1718
After Wide Range Day,15,30,30,298,60.74,1.23,366.33,5.29,1.209,6,20.7,39.6,10.4,50.0,1.2293
After Wide Range Day,15,30,60,298,60.74,1.11,332.25,9.61,1.164,6,33.6,48.3,15.8,35.9,1.1149
After Wide Range Day,15,30,120,298,62.75,1.1,327.16,15.0,1.144,5,51.9,54.0,19.1,26.8,1.0979
After Wide Range Day,15,30,240,298,65.1,0.96,285.05,15.0,1.114,3,75.7,60.4,24.2,15.4,0.9565
After Wide Range Day,15,30,390,298,66.44,1.14,340.66,15.0,1.134,3,94.4,62.8,26.5,10.7,1.1432
After Wide Range Day,15,50,15,298,59.73,1.31,389.68,3.78,1.266,6,12.3,28.9,1.7,69.5,1.3077
After Wide Range Day,15,50,30,298,61.41,1.03,306.04,5.64,1.166,6,21.9,40.3,3.4,56.4,1.027
After Wide Range Day,15,50,60,298,62.75,0.95,282.42,11.76,1.132,6,37.0,49.3,7.4,43.3,0.9477
After Wide Range Day,15,50,120,298,65.77,1.19,355.29,15.0,1.15,5,59.6,57.0,9.1,33.9,1.1922
After Wide Range Day,15,50,240,298,70.13,1.31,389.92,15.0,1.15,3,92.2,64.8,11.4,23.8,1.3085
After Wide Range Day,15,50,390,298,72.15,1.63,485.6,15.0,1.184,3,122.4,68.5,13.4,18.1,1.6295
After Wide Range Day,20,2,15,298,34.56,2.94,876.58,-2.0,3.26,14,6.3,10.7,64.4,24.8,2.9415
After Wide Range Day,20,2,30,298,29.87,3.08,918.72,-2.0,3.204,14,9.1,16.1,69.8,14.1,3.083
After Wide Range Day,20,2,60,298,26.17,3.0,892.91,-2.0,3.029,14,11.9,20.1,73.8,6.0,2.9963
After Wide Range Day,20,2,120,298,22.48,2.77,824.43,-2.0,2.784,15,14.0,21.1,77.5,1.3,2.7665
After Wide Range Day,20,2,240,298,21.81,2.78,829.5,-2.0,2.78,19,14.9,21.5,78.2,0.3,2.7836
After Wide Range Day,20,2,390,298,21.81,2.8,834,-2.0,2.79,19,14.9,21.8,78.2,0.0,2.7987
After Wide Range Day,20,5,15,298,42.28,2.17,646.86,-5.0,1.792,9,8.1,11.7,53.7,34.6,2.1707
After Wide Range Day,20,5,30,298,37.58,2.24,667.66,-5.0,1.728,9,12.3,18.5,61.1,20.5,2.2405
After Wide Range Day,20,5,60,298,32.89,2.19,651.39,-5.0,1.656,9,16.7,23.5,66.4,10.1,2.1859
After Wide Range Day,20,5,120,298,29.19,1.94,576.98,-5.0,1.553,13,20.7,25.8,69.8,4.4,1.9362
After Wide Range Day,20,5,240,298,28.19,1.88,559.59,-5.0,1.523,19,24.0,26.8,71.8,1.3,1.8778
After Wide Range Day,20,5,390,298,27.52,1.85,550.66,-5.0,1.51,19,24.9,27.2,72.5,0.3,1.8479
After Wide Range Day,20,8,15,298,47.65,1.59,473.85,-1.03,1.438,8,9.6,12.4,40.6,47.0,1.5901
After Wide Range Day,20,8,30,298,43.62,1.66,493.74,-8.0,1.39,8,15.2,20.1,51.3,28.5,1.6568
After Wide Range Day,20,8,60,298,37.58,1.31,391.31,-8.0,1.271,8,21.6,26.2,59.7,14.1,1.3131
After Wide Range Day,20,8,120,298,34.9,1.19,353.7,-8.0,1.232,8,27.9,29.5,63.1,7.4,1.1869
After Wide Range Day,20,8,240,298,34.23,1.27,377.28,-8.0,1.241,9,33.8,31.9,65.8,2.3,1.266
After Wide Range Day,20,8,390,298,33.22,1.23,366.66,-8.0,1.231,9,35.8,32.6,66.4,1.0,1.2304
After Wide Range Day,20,10,15,298,50.34,1.49,445.38,0.27,1.371,6,10.3,13.4,35.2,51.3,1.4946
After Wide Range Day,20,10,30,298,46.31,1.49,444.4,-3.06,1.309,6,16.6,21.8,45.3,32.9,1.4913
After Wide Range Day,20,10,60,298,41.61,1.24,369.92,-10.0,1.225,8,24.1,28.2,53.0,18.8,1.2413
After Wide Range Day,20,10,120,298,39.93,1.31,389.81,-10.0,1.224,8,32.5,32.9,57.0,10.1,1.3081
After Wide Range Day,20,10,240,298,38.93,1.4,417.42,-10.0,1.234,9,41.3,35.9,59.4,4.7,1.4007
After Wide Range Day,20,10,390,298,37.58,1.26,376.18,-10.0,1.205,9,45.6,36.9,61.4,1.7,1.2623
After Wide Range Day,20,15,15,298,53.36,1.29,383.08,1.53,1.287,6,12.0,13.8,20.8,65.4,1.2855
After Wide Range Day,20,15,30,298,52.35,1.44,428.06,1.22,1.257,6,20.4,24.2,31.2,44.6,1.4364
After Wide Range Day,20,15,60,298,48.66,1.09,326.01,-0.76,1.168,7,31.2,31.9,38.6,29.5,1.094
After Wide Range Day,20,15,120,298,47.65,1.06,315.4,-5.83,1.146,8,44.4,37.9,44.6,17.4,1.0584
After Wide Range Day,20,15,240,298,46.31,0.98,291.31,-15.0,1.127,8,58.7,41.9,50.3,7.7,0.9776
After Wide Range Day,20,15,390,298,44.97,0.74,221.33,-15.0,1.093,8,67.5,43.0,52.3,4.7,0.7427
After Wide Range Day,20,20,15,298,53.69,0.81,241.39,1.61,1.163,6,12.7,13.8,14.4,71.8,0.81
After Wide Range Day,20,20,30,298,53.69,0.75,224.12,1.81,1.116,6,22.0,24.5,24.2,51.3,0.7521
After Wide Range Day,20,20,60,298,51.01,0.62,186.09,0.35,1.085,6,34.9,32.9,29.9,37.2,0.6245
After Wide Range Day,20,20,120,298,50.34,0.21,61.24,0.3,1.024,5,51.5,39.9,37.9,22.1,0.2055
After Wide Range Day,20,20,240,298,50.67,0.42,125.46,1.86,1.047,5,72.6,44.3,41.6,14.1,0.421
After Wide Range Day,20,20,390,298,50.0,0.28,82.11,0.42,1.029,6,87.9,47.3,45.3,7.4,0.2755
After Wide Range Day,20,30,15,298,55.03,0.75,222.94,1.97,1.143,6,13.5,14.4,6.4,79.2,0.7481
After Wide Range Day,20,30,30,298,56.38,0.77,230.19,2.86,1.114,6,24.3,25.8,12.1,62.1,0.7724
After Wide Range Day,20,30,60,298,55.37,0.79,236.18,3.35,1.102,6,40.2,34.9,18.5,46.6,0.7926
After Wide Range Day,20,30,120,298,56.04,0.59,174.76,7.41,1.065,5,64.0,43.3,22.5,34.2,0.5864
After Wide Range Day,20,30,240,298,57.38,0.54,162.01,18.75,1.054,5,97.4,50.0,28.9,21.1,0.5437
After Wide Range Day,20,30,390,298,58.39,0.75,224.14,20.0,1.073,5,124.1,53.7,31.5,14.8,0.7521
After Wide Range Day,20,50,15,298,56.04,0.96,286.36,2.15,1.187,6,13.9,14.8,1.7,83.6,0.9609
After Wide Range Day,20,50,30,298,57.38,0.73,219.0,3.39,1.105,6,25.6,26.5,3.4,70.1,0.7349
After Wide Range Day,20,50,60,298,57.72,0.79,234.38,4.7,1.098,6,44.4,35.9,8.1,56.0,0.7865
After Wide Range Day,20,50,120,298,59.4,0.7,209.14,10.0,1.074,5,73.5,46.3,10.7,43.0,0.7018
After Wide Range Day,20,50,240,298,63.42,0.85,253.58,20.0,1.08,5,118.2,53.7,14.4,31.9,0.8509
After Wide Range Day,20,50,390,298,64.77,1.08,322.2,20.0,1.097,5,159.3,59.4,16.8,23.8,1.0812
After Wide Range Day,30,2,15,298,34.23,3.26,970.67,-2.0,3.491,14,6.9,3.0,64.4,32.6,3.2573
After Wide Range Day,30,2,30,298,28.52,3.18,948.15,-2.0,3.232,14,11.0,6.0,71.1,22.8,3.1817
After Wide Range Day,30,2,60,298,22.82,3.05,909.41,-2.0,2.982,14,16.4,9.4,76.8,13.8,3.0517
After Wide Range Day,30,2,120,298,17.45,2.71,808.81,-2.0,2.644,19,21.7,11.7,82.6,5.7,2.7141
After Wide Range Day,30,2,240,298,16.11,2.83,843.54,-2.0,2.687,21,26.1,13.4,83.9,2.7,2.8307
After Wide Range Day,30,2,390,298,15.77,2.87,855.42,-2.0,2.704,21,29.5,14.1,84.2,1.7,2.8705
After Wide Range Day,30,5,15,298,41.95,2.53,753.66,-5.0,1.92,9,8.8,3.7,53.7,42.6,2.5291
After Wide Range Day,30,5,30,298,36.24,2.31,689.41,-5.0,1.736,9,14.3,6.7,62.4,30.9,2.3135
After Wide Range Day,30,5,60,298,29.87,2.37,705.62,-5.0,1.685,9,21.9,11.1,68.8,20.1,2.3679
After Wide Range Day,30,5,120,298,25.17,2.13,634.8,-5.0,1.576,13,30.7,14.8,73.8,11.4,2.1302
After Wide Range Day,30,5,240,298,23.49,2.19,651.46,-5.0,1.571,19,40.9,17.4,76.5,6.0,2.1861
After Wide Range Day,30,5,390,298,22.48,2.39,711.11,-5.0,1.616,19,48.1,19.1,77.5,3.4,2.3863
After Wide Range Day,30,8,15,298,47.32,1.95,581.45,-1.19,1.537,8,10.2,3.7,40.6,55.7,1.9512
After Wide Range Day,30,8,30,298,42.28,1.68,499.49,-8.0,1.385,8,17.4,7.0,52.7,40.3,1.6761
After Wide Range Day,30,8,60,298,34.23,1.49,443.34,-8.0,1.295,8,27.3,12.8,61.7,25.5,1.4877
After Wide Range Day,30,8,120,298,31.54,1.41,421.54,-8.0,1.263,8,39.7,16.8,66.4,16.8,1.4146
After Wide Range Day,30,8,240,298,29.87,1.79,532.25,-8.0,1.319,9,55.6,20.5,69.8,9.7,1.7861
After Wide Range Day,30,8,390,298,27.85,1.85,552.41,-8.0,1.322,9,66.9,23.2,71.5,5.4,1.8537
After Wide Range Day,30,10,15,298,50.0,1.95,580.35,-0.11,1.483,6,11.0,4.4,35.2,60.4,1.9475
After Wide Range Day,30,10,30,298,44.97,1.68,501.83,-3.39,1.341,6,18.9,8.7,46.3,45.0,1.684
After Wide Range Day,30,10,60,298,38.26,1.58,469.95,-10.0,1.275,8,30.1,14.8,55.0,30.2,1.577
After Wide Range Day,30,10,120,298,36.58,1.79,534.09,-10.0,1.292,8,45.1,19.5,60.1,20.5,1.7922
After Wide Range Day,30,10,240,298,34.9,2.27,677.63,-10.0,1.356,9,64.5,24.2,63.1,12.8,2.2739
After Wide Range Day,30,10,390,298,32.55,2.21,657.2,-10.0,1.331,9,79.6,26.8,66.1,7.0,2.2054
After Wide Range Day,30,15,15,298,53.02,1.72,513.11,1.38,1.384,6,12.7,4.4,20.8,74.8,1.7218
After Wide Range Day,30,15,30,298,51.01,1.56,465.4,0.71,1.272,6,22.8,9.4,31.9,58.7,1.5617
After Wide Range Day,30,15,60,298,44.63,1.32,392.02,-4.41,1.191,7,37.8,16.4,40.6,43.0,1.3155
After Wide Range Day,30,15,120,298,43.29,1.28,382.74,-10.84,1.165,8,59.2,21.8,47.7,30.5,1.2844
After Wide Range Day,30,15,240,298,42.28,1.85,550.82,-15.0,1.224,8,87.4,27.9,54.0,18.1,1.8484
After Wide Range Day,30,15,390,298,39.26,1.62,482.56,-15.0,1.185,8,110.2,31.2,57.0,11.7,1.6193
After Wide Range Day,30,20,15,298,53.36,1.25,371.42,1.53,1.25,6,13.4,4.4,14.4,81.2,1.2464
After Wide Range Day,30,20,30,298,52.68,1.0,297.72,1.5,1.152,6,24.5,9.4,24.5,66.1,0.9991
After Wide Range Day,30,20,60,298,46.64,0.7,207.16,-1.37,1.089,6,42.0,16.8,31.2,52.0,0.6952
After Wide Range Day,30,20,120,298,45.64,0.13,37.62,-6.21,1.014,5,67.7,22.5,40.9,36.6,0.1262
After Wide Range Day,30,20,240,298,46.31,1.0,298.18,-4.82,1.103,7,104.1,28.5,45.6,25.8,1.0006
After Wide Range Day,30,20,390,298,43.96,0.99,293.58,-20.0,1.094,7,135.2,33.2,50.3,16.4,0.9852
After Wide Range Day,30,30,15,298,54.7,1.2,357.94,1.85,1.229,6,14.2,4.4,6.4,89.3,1.2011
After Wide Range Day,30,30,30,298,55.37,1.12,333.79,2.5,1.161,6,26.8,10.7,12.4,76.8,1.1201
After Wide Range Day,30,30,60,298,51.01,0.97,290.06,0.35,1.118,6,47.4,18.5,19.1,62.4,0.9734
After Wide Range Day,30,30,120,298,51.68,0.64,191.57,0.86,1.066,5,80.8,24.8,24.8,50.3,0.6429
After Wide Range Day,30,30,240,298,53.02,0.95,282.91,3.87,1.085,7,131.8,32.2,32.2,35.6,0.9494
After Wide Range Day,30,30,390,298,51.34,1.21,360.0,2.6,1.103,7,178.2,37.6,35.6,26.8,1.2081
After Wide Range Day,30,50,15,298,55.7,1.41,421.01,2.14,1.274,6,14.6,4.4,1.7,94.0,1.4128
After Wide Range Day,30,50,30,298,56.04,0.97,288.96,2.85,1.134,6,28.3,11.1,3.4,85.6,0.9697
After Wide Range Day,30,50,60,298,53.02,0.77,228.55,2.32,1.088,6,52.0,18.8,8.4,72.8,0.7669
After Wide Range Day,30,50,120,298,55.37,0.87,260.43,4.1,1.084,5,92.0,26.2,11.7,62.1,0.8739
After Wide Range Day,30,50,240,298,59.06,1.2,357.46,7.66,1.099,7,156.5,35.6,17.1,47.3,1.1995
After Wide Range Day,30,50,390,298,58.05,1.65,490.44,12.55,1.126,7,220.0,43.0,19.5,37.6,1.6458
After Wide Range Day,50,2,15,298,34.23,3.32,987.97,-2.0,3.535,14,7.0,0.7,64.4,34.9,3.3153
After Wide Range Day,50,2,30,298,28.19,3.25,969.98,-2.0,3.273,14,11.6,1.0,71.5,27.5,3.255
After Wide Range Day,50,2,60,298,22.15,3.13,932.22,-2.0,3.014,14,18.8,1.3,77.5,21.1,3.1283
After Wide Range Day,50,2,120,298,16.44,3.18,948.43,-2.0,2.904,19,29.0,2.3,83.6,14.1,3.1827
After Wide Range Day,50,2,240,298,14.43,3.22,958.62,-2.0,2.88,21,43.4,4.4,85.6,10.1,3.2168
After Wide Range Day,50,2,390,298,13.09,3.2,954.93,-2.0,2.843,26,56.5,6.0,86.9,7.0,3.2045
After Wide Range Day,50,5,15,298,41.95,2.58,768.0,-5.0,1.938,9,8.9,0.7,53.7,45.6,2.5772
After Wide Range Day,50,5,30,298,35.91,2.32,690.95,-5.0,1.734,9,15.1,1.0,62.8,36.2,2.3186
After Wide Range Day,50,5,60,298,29.19,2.28,679.24,-5.0,1.653,9,24.8,1.3,69.5,29.2,2.2793
After Wide Range Day,50,5,120,298,23.83,2.33,693.94,-5.0,1.618,16,39.8,2.3,75.2,22.5,2.3287
After Wide Range Day,50,5,240,298,21.14,2.58,769.26,-5.0,1.655,19,62.9,5.4,78.9,15.8,2.5814
After Wide Range Day,50,5,390,298,19.13,2.85,849.82,-5.0,1.705,19,82.2,8.4,80.9,10.7,2.8517
After Wide Range Day,50,8,15,298,47.32,2.0,595.79,-1.19,1.55,8,10.4,0.7,40.6,58.7,1.9993
After Wide Range Day,50,8,30,298,42.28,1.84,547.94,-8.0,1.423,8,18.2,1.0,52.7,46.3,1.8387
After Wide Range Day,50,8,60,298,33.89,1.64,489.19,-8.0,1.324,8,30.6,2.0,62.1,35.9,1.6416
After Wide Range Day,50,8,120,298,30.54,1.99,593.81,-8.0,1.365,11,49.8,3.7,67.4,28.9,1.9927
After Wide Range Day,50,8,240,298,27.85,2.46,732.8,-8.0,1.427,14,80.3,6.7,71.8,21.5,2.4591
After Wide Range Day,50,8,390,298,24.5,2.67,796.33,-8.0,1.444,16,106.8,10.4,74.8,14.8,2.6722
After Wide Range Day,50,10,15,298,50.0,2.07,616.77,-0.11,1.513,6,11.2,1.0,35.2,63.8,2.0697
After Wide Range Day,50,10,30,298,44.97,1.89,563.28,-3.39,1.383,6,19.9,1.3,46.3,52.3,1.8902
After Wide Range Day,50,10,60,298,37.92,1.91,568.49,-10.0,1.331,8,33.9,3.0,55.4,41.6,1.9077
After Wide Range Day,50,10,120,298,35.23,2.36,701.81,-10.0,1.375,11,56.3,4.7,61.4,33.9,2.3551
After Wide Range Day,50,10,240,298,32.55,3.02,900.14,-10.0,1.457,14,92.7,7.7,65.4,26.8,3.0206
After Wide Range Day,50,10,390,298,28.86,3.17,943.83,-10.0,1.451,16,125.3,12.4,69.8,17.8,3.1672
After Wide Range Day,50,15,15,298,53.02,1.84,549.53,1.38,1.411,6,12.9,1.0,20.8,78.2,1.8441
After Wide Range Day,50,15,30,298,51.01,1.76,525.8,0.71,1.307,6,23.8,1.3,31.9,66.8,1.7644
After Wide Range Day,50,15,60,298,44.63,1.88,559.25,-4.41,1.272,7,42.1,3.7,40.6,55.7,1.8767
After Wide Range Day,50,15,120,298,42.28,2.07,615.44,-12.4,1.26,9,71.8,6.0,48.7,45.3,2.0652
After Wide Range Day,50,15,240,298,38.93,2.29,681.47,-15.0,1.261,14,118.8,9.1,57.4,33.6,2.2868
After Wide Range Day,50,15,390,298,34.56,2.36,703.65,-15.0,1.25,15,161.4,14.8,61.7,23.5,2.3612
After Wide Range Day,50,20,15,298,53.36,1.37,407.84,1.53,1.275,6,13.6,1.0,14.4,84.6,1.3686
After Wide Range Day,50,20,30,298,52.68,1.2,358.12,1.5,1.183,6,25.5,1.3,24.5,74.2,1.2017
After Wide Range Day,50,20,60,298,46.64,1.29,385.09,-1.37,1.166,6,46.3,3.7,31.2,65.1,1.2922
After Wide Range Day,50,20,120,298,44.97,0.98,290.75,-6.49,1.104,9,80.6,6.0,41.6,52.3,0.9757
After Wide Range Day,50,20,240,298,43.62,1.57,466.75,-10.69,1.153,9,137.3,9.4,47.3,43.3,1.5663
After Wide Range Day,50,20,390,298,38.93,1.65,491.28,-20.0,1.146,9,191.0,16.1,54.7,29.2,1.6486
After Wide Range Day,50,30,15,298,54.7,1.32,394.36,1.85,1.253,6,14.4,1.0,6.4,92.6,1.3234
After Wide Range Day,50,30,30,298,55.37,1.13,336.67,2.3,1.163,6,27.9,1.3,12.4,86.2,1.1298
After Wide Range Day,50,30,60,298,50.67,1.44,430.55,0.24,1.173,6,52.3,3.7,19.5,76.8,1.4448
After Wide Range Day,50,30,120,298,50.67,1.35,403.62,0.31,1.134,9,95.0,6.7,25.8,67.4,1.3544
After Wide Range Day,50,30,240,298,49.66,1.4,418.25,-0.49,1.119,9,168.2,10.7,33.9,55.4,1.4035
After Wide Range Day,50,30,390,298,45.64,1.72,512.49,-3.91,1.133,9,241.5,17.8,38.6,43.6,1.7198
After Wide Range Day,50,50,15,298,55.7,1.54,457.43,2.14,1.298,6,14.8,1.0,1.7,97.3,1.535
After Wide Range Day,50,50,30,298,56.04,1.05,311.84,2.7,1.145,6,29.4,1.7,3.4,95.0,1.0464
After Wide Range Day,50,50,60,298,52.68,1.34,400.7,1.88,1.153,6,56.9,4.0,8.4,87.6,1.3446
After Wide Range Day,50,50,120,298,54.36,1.62,483.78,2.75,1.152,5,106.9,7.0,11.7,81.2,1.6234
After Wide Range Day,50,50,240,298,56.04,1.97,587.04,4.38,1.151,7,195.9,12.8,18.5,68.8,1.9699
After Wide Range Day,50,50,390,298,52.68,2.6,773.47,4.34,1.179,7,289.6,20.8,21.5,57.7,2.5955
After Wide Range Day,75,2,15,298,34.23,3.37,1005.68,-2.0,3.581,14,7.1,0.0,64.4,35.6,3.3748
After Wide Range Day,75,2,30,298,28.19,3.29,981.2,-2.0,3.299,14,11.8,0.0,71.5,28.5,3.2926
After Wide Range Day,75,2,60,298,22.15,3.21,957.76,-2.0,3.069,14,19.3,0.0,77.5,22.5,3.214
After Wide Range Day,75,2,120,298,16.11,3.02,901.39,-2.0,2.803,19,30.6,0.3,83.9,15.8,3.0248
After Wide Range Day,75,2,240,298,13.42,3.04,904.96,-2.0,2.754,21,46.9,1.0,86.6,12.4,3.0368
After Wide Range Day,75,2,390,298,12.08,2.99,890.19,-2.0,2.699,26,64.3,1.3,87.9,10.7,2.9872
After Wide Range Day,75,5,15,298,41.95,2.64,785.71,-5.0,1.959,9,9.0,0.0,53.7,46.3,2.6366
After Wide Range Day,75,5,30,298,35.91,2.36,702.17,-5.0,1.746,9,15.2,0.0,62.8,37.2,2.3563
After Wide Range Day,75,5,60,298,29.19,2.37,704.78,-5.0,1.678,9,25.3,0.0,69.5,30.5,2.365
After Wide Range Day,75,5,120,298,23.49,2.16,643.9,-5.0,1.571,17,41.4,0.3,75.5,24.2,2.1607
After Wide Range Day,75,5,240,298,20.13,2.36,704.07,-5.0,1.592,19,66.8,1.0,79.9,19.1,2.3627
After Wide Range Day,75,5,390,298,18.12,2.51,746.92,-5.0,1.612,19,92.9,1.3,81.9,16.8,2.5064
After Wide Range Day,75,8,15,298,47.32,2.06,613.5,-1.19,1.566,8,10.5,0.0,40.6,59.4,2.0587
After Wide Range Day,75,8,30,298,42.28,1.88,559.16,-8.0,1.431,8,18.4,0.0,52.7,47.3,1.8764
After Wide Range Day,75,8,60,298,33.89,1.77,527.91,-8.0,1.35,8,31.3,0.0,62.1,37.9,1.7715
After Wide Range Day,75,8,120,298,30.2,1.79,532.11,-8.0,1.326,17,52.1,0.7,67.8,31.5,1.7856
After Wide Range Day,75,8,240,298,26.85,2.24,667.22,-8.0,1.383,17,86.0,1.7,72.8,25.5,2.239
After Wide Range Day,75,8,390,298,23.49,2.46,734.53,-8.0,1.404,17,120.4,2.3,75.8,21.8,2.4649
After Wide Range Day,75,10,15,298,50.0,2.04,606.55,-0.11,1.505,6,11.3,0.0,35.2,64.8,2.0354
After Wide Range Day,75,10,30,298,44.97,2.01,599.5,-3.39,1.408,6,20.1,0.3,46.3,53.4,2.0117
After Wide Range Day,75,10,60,298,37.92,2.14,638.36,-10.0,1.372,8,34.7,0.3,55.4,44.3,2.1421
After Wide Range Day,75,10,120,298,34.9,2.33,695.51,-10.0,1.37,11,59.1,1.3,61.7,36.9,2.3339
After Wide Range Day,75,10,240,298,31.54,3.03,903.56,-10.0,1.452,14,99.2,2.7,66.4,30.9,3.0321
After Wide Range Day,75,10,390,298,27.85,3.1,923.37,-10.0,1.435,16,140.8,3.4,70.8,25.8,3.0986
After Wide Range Day,75,15,15,298,53.02,1.81,539.31,1.38,1.403,6,13.0,0.0,20.8,79.2,1.8098
After Wide Range Day,75,15,30,298,51.01,1.89,562.02,0.71,1.329,6,24.1,0.3,31.9,67.8,1.886
After Wide Range Day,75,15,60,298,44.63,2.07,615.94,-4.41,1.3,7,42.9,0.3,40.6,59.1,2.0669
After Wide Range Day,75,15,120,298,41.95,1.98,590.63,-12.99,1.248,9,75.1,1.3,49.0,49.7,1.982
After Wide Range Day,75,15,240,298,37.92,2.27,675.97,-15.0,1.255,14,127.0,3.4,58.4,38.3,2.2684
After Wide Range Day,75,15,390,298,33.56,2.36,702.45,-15.0,1.245,15,180.1,4.4,62.8,32.9,2.3572
After Wide Range Day,75,20,15,298,53.36,1.33,397.62,1.53,1.268,6,13.7,0.0,14.4,85.6,1.3343
After Wide Range Day,75,20,30,298,52.68,1.32,394.34,1.5,1.201,6,25.7,0.3,24.5,75.2,1.3233
After Wide Range Day,75,20,60,298,46.64,1.48,441.78,-1.37,1.191,6,47.1,0.3,31.2,68.5,1.4825
After Wide Range Day,75,20,120,298,44.63,0.88,260.94,-6.77,1.092,9,83.9,1.3,41.9,56.7,0.8756
After Wide Range Day,75,20,240,298,42.62,1.54,459.13,-13.94,1.148,9,145.9,3.4,48.3,48.3,1.5407
After Wide Range Day,75,20,390,298,37.58,1.47,437.77,-20.0,1.127,9,210.8,5.0,55.7,39.3,1.469
After Wide Range Day,75,30,15,298,54.7,1.29,384.14,1.85,1.246,6,14.5,0.0,6.4,93.6,1.2891
After Wide Range Day,75,30,30,298,55.37,1.25,372.89,2.3,1.18,6,28.2,0.3,12.4,87.2,1.2513
After Wide Range Day,75,30,60,298,50.67,1.64,487.24,0.24,1.196,6,53.1,0.3,19.5,80.2,1.635
After Wide Range Day,75,30,120,298,50.34,1.36,404.73,0.25,1.133,9,98.6,1.7,26.2,72.1,1.3582
After Wide Range Day,75,30,240,298,48.99,1.39,414.94,-1.16,1.116,9,178.2,3.7,34.6,61.7,1.3924
After Wide Range Day,75,30,390,298,44.63,1.44,430.5,-5.06,1.11,9,264.7,5.4,39.3,55.4,1.4446
After Wide Range Day,75,50,15,298,55.7,1.5,447.21,2.14,1.291,6,14.9,0.0,1.7,98.3,1.5007
After Wide Range Day,75,50,30,298,56.04,1.2,357.81,2.7,1.166,6,29.6,0.3,3.4,96.3,1.2007
After Wide Range Day,75,50,60,298,52.68,1.41,419.89,1.88,1.16,6,57.8,0.3,8.4,91.3,1.409
After Wide Range Day,75,50,120,298,54.03,1.7,507.77,2.63,1.159,5,110.8,1.7,11.7,86.6,1.7039
After Wide Range Day,75,50,240,298,55.7,2.06,613.35,4.29,1.156,7,207.7,4.4,18.8,76.8,2.0582
After Wide Range Day,75,50,390,298,51.34,2.38,709.42,1.25,1.16,7,317.4,7.4,21.8,70.8,2.3806
After Wide Range Day,100,2,15,298,34.23,3.37,1005.68,-2.0,3.581,14,7.1,0.0,64.4,35.6,3.3748
After Wide Range Day,100,2,30,298,28.19,3.29,981.2,-2.0,3.299,14,11.8,0.0,71.5,28.5,3.2926
After Wide Range Day,100,2,60,298,22.15,3.21,957.76,-2.0,3.069,14,19.3,0.0,77.5,22.5,3.214
After Wide Range Day,100,2,120,298,16.11,3.04,904.94,-2.0,2.81,19,30.7,0.0,83.9,16.1,3.0367
After Wide Range Day,100,2,240,298,13.42,3.18,947.93,-2.0,2.837,21,47.5,0.7,86.6,12.8,3.181
After Wide Range Day,100,2,390,298,12.08,3.1,922.79,-2.0,2.761,26,65.4,0.7,87.9,11.4,3.0966
After Wide Range Day,100,5,15,298,41.95,2.64,785.71,-5.0,1.959,9,9.0,0.0,53.7,46.3,2.6366
After Wide Range Day,100,5,30,298,35.91,2.36,702.17,-5.0,1.746,9,15.2,0.0,62.8,37.2,2.3563
After Wide Range Day,100,5,60,298,29.19,2.37,704.78,-5.0,1.678,9,25.3,0.0,69.5,30.5,2.365
After Wide Range Day,100,5,120,298,23.49,2.17,647.45,-5.0,1.574,17,41.5,0.0,75.5,24.5,2.1727
After Wide Range Day,100,5,240,298,20.13,2.51,747.04,-5.0,1.628,19,67.4,0.7,79.9,19.5,2.5068
After Wide Range Day,100,5,390,298,18.12,2.62,779.52,-5.0,1.639,19,94.0,0.7,81.9,17.4,2.6158
After Wide Range Day,100,8,15,298,47.32,2.06,613.5,-1.19,1.566,8,10.5,0.0,40.6,59.4,2.0587
After Wide Range Day,100,8,30,298,42.28,1.88,559.16,-8.0,1.431,8,18.4,0.0,52.7,47.3,1.8764
After Wide Range Day,100,8,60,298,33.89,1.77,527.91,-8.0,1.35,8,31.3,0.0,62.1,37.9,1.7715
After Wide Range Day,100,8,120,298,30.2,1.88,560.66,-8.0,1.343,17,52.2,0.3,67.8,31.9,1.8814
After Wide Range Day,100,8,240,298,26.85,2.44,726.92,-8.0,1.418,17,86.7,1.0,72.8,26.2,2.4393
After Wide Range Day,100,8,390,298,23.49,2.6,775.03,-8.0,1.426,17,122.4,1.0,75.8,23.2,2.6008
After Wide Range Day,100,10,15,298,50.0,2.04,606.55,-0.11,1.505,6,11.3,0.0,35.2,64.8,2.0354
After Wide Range Day,100,10,30,298,44.97,2.01,599.02,-3.39,1.407,6,20.1,0.0,46.3,53.7,2.0101
After Wide Range Day,100,10,60,298,37.92,2.04,607.74,-10.0,1.354,8,34.8,0.0,55.4,44.6,2.0394
After Wide Range Day,100,10,120,298,34.56,2.14,637.94,-10.0,1.338,12,59.4,0.3,62.1,37.6,2.1407
After Wide Range Day,100,10,240,298,31.21,3.09,919.48,-10.0,1.457,14,100.6,1.3,66.8,31.9,3.0855
After Wide Range Day,100,10,390,298,27.52,3.12,928.87,-10.0,1.435,16,143.7,1.7,71.1,27.2,3.117
After Wide Range Day,100,15,15,298,53.02,1.81,539.31,1.38,1.403,6,13.0,0.0,20.8,79.2,1.8098
After Wide Range Day,100,15,30,298,51.01,1.88,561.54,0.71,1.328,6,24.1,0.0,31.9,68.1,1.8844
After Wide Range Day,100,15,60,298,44.63,1.96,585.32,-4.41,1.285,7,43.0,0.0,40.6,59.4,1.9642
After Wide Range Day,100,15,120,298,41.61,1.77,528.06,-13.24,1.22,9,75.5,0.3,49.3,50.3,1.772
After Wide Range Day,100,15,240,298,37.58,2.35,699.22,-15.0,1.262,14,128.8,1.3,58.7,39.9,2.3464
After Wide Range Day,100,15,390,298,33.22,2.35,701.64,-15.0,1.244,15,184.3,2.0,63.1,34.9,2.3545
After Wide Range Day,100,20,15,298,53.36,1.33,397.62,1.53,1.268,6,13.7,0.0,14.4,85.6,1.3343
After Wide Range Day,100,20,30,298,52.68,1.32,393.86,1.5,1.201,6,25.7,0.0,24.5,75.5,1.3217
After Wide Range Day,100,20,60,298,46.64,1.38,411.16,-1.37,1.178,6,47.2,0.0,31.2,68.8,1.3797
After Wide Range Day,100,20,120,298,44.63,0.86,256.14,-6.77,1.091,9,84.4,0.3,41.9,57.7,0.8595
After Wide Range Day,100,20,240,298,42.62,2.0,597.38,-13.94,1.193,9,148.1,1.7,48.3,50.0,2.0046
After Wide Range Day,100,20,390,298,37.58,1.91,567.98,-20.0,1.165,9,215.8,2.7,55.7,41.6,1.906
After Wide Range Day,100,30,15,298,54.7,1.29,384.14,1.85,1.246,6,14.5,0.0,6.4,93.6,1.2891
After Wide Range Day,100,30,30,298,55.37,1.25,372.41,2.3,1.18,6,28.2,0.0,12.4,87.6,1.2497
After Wide Range Day,100,30,60,298,50.67,1.53,456.62,0.24,1.184,6,53.2,0.0,19.5,80.5,1.5323
After Wide Range Day,100,30,120,298,50.34,1.38,412.47,0.25,1.136,9,99.1,0.3,26.2,73.5,1.3841
After Wide Range Day,100,30,240,298,48.99,1.94,578.19,-1.16,1.162,9,180.6,2.0,34.6,63.4,1.9402
After Wide Range Day,100,30,390,298,44.63,1.97,585.71,-5.06,1.149,9,269.9,3.0,39.3,57.7,1.9655
After Wide Range Day,100,50,15,298,55.7,1.5,447.21,2.14,1.291,6,14.9,0.0,1.7,98.3,1.5007
After Wide Range Day,100,50,30,298,56.04,1.2,357.33,2.7,1.166,6,29.6,0.0,3.4,96.6,1.1991
After Wide Range Day,100,50,60,298,52.68,1.31,389.27,1.88,1.149,6,57.9,0.0,8.4,91.6,1.3063
After Wide Range Day,100,50,120,298,54.03,1.73,515.51,2.63,1.161,5,111.3,0.3,11.7,87.9,1.7299
After Wide Range Day,100,50,240,298,55.7,2.53,752.53,4.29,1.192,7,210.6,2.0,18.8,79.2,2.5253
After Wide Range Day,100,50,390,298,51.34,2.9,863.98,1.25,1.195,7,324.1,3.7,21.8,74.5,2.8993
