date,open,high,low,close,volume,vwap,transactions
2018-01-02,126.49,126.51,125.07,125.49,16238206.0,125.5464,52771
2018-01-03,126,126.2,125.49,126.09,8605121.0,125.9404,39236
2018-01-04,125.65,126.16,125.37,126.07,9217876.0,125.8724,38327
2018-01-05,125.87,126.18,125.36,125.71,10915437.0,125.6463,34764
2018-01-08,125.99,126.03,125.17,125.63,8850576.0,125.6275,31065
2018-01-09,124.81,124.83,123.81,123.95,16226402.0,124.1176,63129
2018-01-10,122.81,123.93,122.66,123.8,14302604.0,123.2428,56274
2018-01-11,123.51,124.59,123.31,124.31,12511001.0,123.9723,56994
2018-01-12,124.1,124.79,123.91,124.52,9987129.0,124.3757,42604
2018-01-16,125.17,125.28,124.56,125.04,9125890.0,125.0048,44845
2018-01-17,125.08,125.64,124.595,124.87,8326973.0,125.0727,36466
2018-01-18,123.93,124.27,123.535,123.71,10843892.0,123.8782,46883
2018-01-19,123.4,123.56,122.98,123.06,11374309.0,123.249,46934
2018-01-22,123.45,123.71,122.99,123.18,8985125.0,123.3248,34431
2018-01-23,123.81,124.2,123.24,123.71,12325687.0,123.7026,36670
2018-01-24,122.85,123.13,122.535,123.04,9038909.0,122.8278,44057
2018-01-25,123.16,124.15,122.8,124.05,12173297.0,123.7287,50987
2018-01-26,123.88,123.91,123.1,123.59,6462945.0,123.4976,31067
2018-01-29,122.97,122.97,122.3,122.73,12223038.0,122.6805,39633
2018-01-30,122.28,122.37,121.7,122.01,12064454.0,122.085,52625
2018-01-31,122.87,122.93,121.94,122.73,18045079.0,122.5282,71252
2018-02-01,122.48,122.53,120.625,120.7,18632780.0,121.3377,63945
2018-02-02,120.15,120.26,119.24,119.58,23944423.0,119.6676,70616
2018-02-05,119.17,121.82,118.64,120.71,28606241.0,120.0665,93594
2018-02-06,120.42,120.87,119.72,119.96,10935439.0,120.2238,50937
2018-02-07,120.13,120.33,118.56,118.82,16271063.0,119.2222,61843
2018-02-08,118.01,119.18,117.85,118.69,15155094.0,118.521,64936
2018-02-09,118.11,119.09,117.7901,117.94,15661576.0,118.3175,54911
2018-02-12,118.56,119.3,118.19,118.46,10944598.0,118.5633,51924
2018-02-13,118.61,119.0101,118.39,118.99,8157569.0,118.7075,41310
2018-02-14,118.46,118.54,117.47,117.67,12043313.0,117.9796,49510
2018-02-15,118.19,118.7964,117.99,118.07,8222416.0,118.3024,37681
2018-02-16,119.04,119.21,118.34,118.71,8454089.0,118.7791,37340
2018-02-20,118.28,118.51,117.78,118.19,8268822.0,118.1319,32037
2018-02-21,118.24,118.29,116.51,116.74,12054315.0,117.2736,51025
2018-02-22,117.24,117.66,117,117.09,9317852.0,117.2486,35106
2018-02-23,117.88,118.31,117.72,118.13,9072850.0,118.0604,34208
2018-02-26,118.68,118.91,118.04,118.17,8771646.0,118.4183,33550
2018-02-27,118.52,118.66,117.26,118,12525659.0,117.8764,53439
2018-02-28,118.47,118.8301,118.25,118.75,9311606.0,118.5854,34906
2018-03-01,118.43,119.62,118.15,119.32,12287700.0,118.9217,50486
2018-03-02,118.85,118.93,118.121,118.35,10064302.0,118.4808,36554
2018-03-05,118.75,118.8,117.63,118.03,5658174.0,118.0958,22827
2018-03-06,118.36,118.68,118.12,118.14,5452045.0,118.4129,24345
2018-03-07,118.57,118.68,117.955,118.01,4461757.0,118.2273,21153
2018-03-08,118.31,118.99,118.26,118.69,7086716.0,118.6809,28761
2018-03-09,117.99,118.269,117.59,117.91,6570366.0,117.9219,25919
2018-03-12,118.31,118.66,118.19,118.59,5801739.0,118.4379,26616
2018-03-13,118.98,119.3678,118.5,119.19,7455302.0,119.0728,31293
2018-03-14,119.4,120.4,119.37,120.24,10175049.0,120.1182,38274
2018-03-15,120.17,120.49,119.93,120.24,6757935.0,120.1952,24567
2018-03-16,119.8,120.01,119.55,119.81,6084329.0,119.7796,21577
2018-03-19,119.21,119.97,119.2,119.43,8491173.0,119.5698,27661
2018-03-20,118.91,119.22,118.83,118.95,5445971.0,118.9861,22284
2018-03-21,118.66,119.42,118.11,119.08,9742409.0,118.7478,42800
2018-03-22,120.31,120.82,119.67,120.26,12136574.0,120.2807,52781
2018-03-23,119.68,120.31,119.62,120.17,7250408.0,119.9714,33134
2018-03-26,120,120.45,119.67,119.71,8237947.0,119.9819,29685
2018-03-27,119.83,121.12,119.81,120.99,9168508.0,120.6545,39029
2018-03-28,121.45,121.64,120.945,121.31,7412538.0,121.2967,31706
2018-03-29,121.54,122.29,121.51,121.9,9694323.0,121.9943,43976
2018-04-02,121.35,122.3573,121.16,121.88,12036489.0,121.8293,50436
2018-04-03,121.36,121.475,120.83,120.94,9855032.0,121.085,37812
2018-04-04,121.35,121.46,120.6,120.69,6654312.0,120.9666,26199
2018-04-05,120.1,120.27,119.77,119.79,7603733.0,119.9582,35611
2018-04-06,120.66,121.15,120.2199,121.1,8831225.0,120.856,34021
2018-04-09,120.64,121.3,120.35,121.3,6307525.0,120.9182,23618
2018-04-10,121.2,121.38,120.78,121.08,6021101.0,121.0821,21879
2018-04-11,121.85,121.89,121.27,121.51,5901296.0,121.5794,26776
2018-04-12,121.04,121.07,120.41,120.62,6622829.0,120.6961,29221
2018-04-13,120.52,121.13,120.5,120.9,4963954.0,120.854,23274
2018-04-16,120.23,120.97,120.18,120.94,4491254.0,120.6775,17042
2018-04-17,120.92,121.58,120.82,121.27,5590360.0,121.2461,22312
2018-04-18,121.29,121.34,120.28,120.3,8138401.0,120.774,30136
2018-04-19,119.42,119.53,118.81,119.32,9875870.0,119.2272,39492
2018-04-20,118.89,119.13,118.4314,118.46,7579370.0,118.6491,30428
2018-04-23,118.33,118.62,118.08,118.49,7073216.0,118.3911,27853
2018-04-24,118.21,118.45,117.7608,117.95,8190786.0,118.0857,32033
2018-04-25,117.41,117.65,116.94,117.16,6603780.0,117.2424,26178
2018-04-26,117.73,118.13,117.59,117.98,6528572.0,117.8347,23721
2018-04-27,118.47,118.95,118.44,118.89,5402102.0,118.7937,25641
2018-04-30,119.08,119.56,118.94,119.1,8321071.0,119.2244,31050
2018-05-01,118.77,118.84,118.23,118.41,7979321.0,118.4811,27736
2018-05-02,118.64,118.8692,118.2599,118.28,4626551.0,118.489,21931
2018-05-03,118.84,119.31,118.68,118.81,6345335.0,118.9127,28384
2018-05-04,119.23,119.23,118.49,118.99,4283487.0,118.9094,20857
2018-05-07,118.97,119.0152,118.735,118.8,3647906.0,118.8338,13896
2018-05-08,118.55,119,118.3,118.69,6091243.0,118.6057,20549
2018-05-09,118.12,118.42,117.98,117.98,7832538.0,118.1499,30707
2018-05-10,118.55,118.98,118.35,118.93,7090865.0,118.7742,27723
2018-05-11,119.32,119.36,118.82,119.23,4273364.0,119.1095,22076
2018-05-14,118.8,118.99,118.59,118.6,4996183.0,118.7524,21462
2018-05-15,117.56,117.58,116.7,117.25,12901003.0,117.1972,49916
2018-05-16,117.42,117.53,116.79,116.8,6518040.0,117.0225,28624
2018-05-17,116.63,116.82,116.09,116.21,7330707.0,116.354,34472
2018-05-18,116.51,117.29,116.51,117.21,9606468.0,116.9546,41559
2018-05-21,117.13,117.38,116.95,117.27,4448525.0,117.1711,20897
2018-05-22,117.29,117.345,116.851,117.09,4700736.0,117.0335,24039
2018-05-23,117.75,118.11,117.6552,117.94,9633993.0,117.9124,32944
2018-05-24,118.69,119.055,118.6408,118.88,8204131.0,118.8545,36998
2018-05-25,119.56,119.84,119.465,119.62,8482823.0,119.6391,35020
2018-05-29,120.79,122.52,120.4261,122.24,21668143.0,121.6947,101650
2018-05-30,121,121.4799,120.74,121.42,11616340.0,121.1357,55424
2018-05-31,121.56,121.98,120.95,121.22,10759941.0,121.5486,52802
2018-06-01,120.17,120.705,119.85,120.3,8718753.0,120.2391,39934
2018-06-04,120.11,120.14,119.37,119.43,7156542.0,119.6947,32837
2018-06-05,119.96,120.16,119.62,119.71,5635865.0,119.8433,26989
2018-06-06,119.08,119.1,118.42,118.74,7813347.0,118.7168,40582
2018-06-07,118.69,120.49,118.68,119.89,13201506.0,119.6105,56879
2018-06-08,119.56,119.85,119.44,119.53,6790574.0,119.6109,30576
2018-06-11,119.07,119.391,118.94,119.31,6844224.0,119.1979,28742
2018-06-12,118.93,119.46,118.89,119.34,6048154.0,119.2576,23955
2018-06-13,119.45,119.64,118.63,119.28,8834656.0,119.2054,43096
2018-06-14,119.78,120.3,119.48,120.27,10078771.0,120.002,40400
2018-06-15,120.83,121.09,120.3,120.38,7992758.0,120.596,36727
2018-06-18,120.48,120.56,120.04,120.27,4893710.0,120.2838,19094
2018-06-19,120.97,121.23,120.7,120.97,6133301.0,120.963,23518
2018-06-20,120.77,120.788,119.9,119.91,6879114.0,120.2332,31411
2018-06-21,120.36,120.75,120.22,120.54,7235850.0,120.5093,28321
2018-06-22,120.09,120.62,120.06,120.53,4082473.0,120.3854,18774
2018-06-25,120.66,121.11,120.64,120.8,8363674.0,120.8949,30241
2018-06-26,120.77,121.0299,120.66,120.97,5450031.0,120.8782,24660
2018-06-27,121.75,122.18,121.55,122.11,8173837.0,121.9555,32286
2018-06-28,122.13,122.2452,121.83,122.14,7109543.0,122.0398,27920
2018-06-29,122.17,122.5,121.65,121.72,11164777.0,121.9785,42657
2018-07-02,121.74,121.75,121.2901,121.35,9661972.0,121.5152,33892
2018-07-03,121.53,122.03,121.53,122,3808806.0,121.881,19401
2018-07-05,122.06,122.53,122.01,122.35,3860359.0,122.3071,20704
2018-07-06,122.75,122.92,122.48,122.75,4679906.0,122.6823,21415
2018-07-09,122.07,122.21,121.9,121.96,5952743.0,122.0158,22186
2018-07-10,121.87,122.13,121.81,121.95,5759682.0,121.9537,18446
2018-07-11,122.45,122.55,122.09,122.42,6869150.0,122.3446,23250
2018-07-12,122.17,122.47,122.14,122.41,4824734.0,122.3548,19285
2018-07-13,122.61,122.87,122.47,122.72,4078970.0,122.7052,17713
2018-07-16,122.21,122.285,121.639,122.21,5517099.0,122.0553,20658
2018-07-17,122.29,122.39,121.9,121.98,3764341.0,122.0387,14775
2018-07-18,122.02,122.04,121.39,121.49,6329961.0,121.7193,23347
2018-07-19,121.8,122.45,121.77,122.26,6166739.0,122.1372,25932
2018-07-20,121.58,121.59,120.7,120.76,10469693.0,120.9066,34510
2018-07-23,120.38,120.38,119.18,119.27,11571846.0,119.4618,39964
2018-07-24,119.28,119.815,119.14,119.68,9053492.0,119.5685,30388
2018-07-25,120.02,120.26,119.26,119.49,7357054.0,119.892,32794
2018-07-26,119.71,119.88,119.16,119.26,6821057.0,119.4843,36585
2018-07-27,119.85,119.87,119.4,119.46,4542059.0,119.573,21102
2018-07-30,118.99,119.405,118.97,119.05,7111165.0,119.2017,21906
2018-07-31,119.79,119.86,119.555,119.7,6797432.0,119.7047,26369
2018-08-01,118.285,118.835,118.07,118.46,13206687.0,118.4748,38902
2018-08-02,118.62,118.74,118.3,118.63,4451078.0,118.5562,23933
2018-08-03,118.83,119.29,118.81,119.22,6162443.0,119.1228,25610
2018-08-06,119.54,119.84,119.27,119.29,4200296.0,119.5406,19838
2018-08-07,119.03,119.1,118.57,118.67,5346872.0,118.7866,18496
2018-08-08,118.66,119.025,118.61,118.79,5641629.0,118.7844,19219
2018-08-09,119.23,119.83,119.12,119.79,7144257.0,119.5596,25969
2018-08-10,120.37,121.05,120.28,120.66,8457940.0,120.6415,32166
2018-08-13,120.25,120.7,120.21,120.41,7923199.0,120.4116,28409
2018-08-14,120.54,120.56,120.03,120.14,4251313.0,120.2143,19796
2018-08-15,120.66,121.13,120.57,120.84,7649988.0,120.867,31295
2018-08-16,120.81,120.93,120.28,120.83,5400385.0,120.6654,22495
2018-08-17,121.09,121.3858,120.75,120.98,3537626.0,121.0946,18959
2018-08-20,121.64,121.91,121.535,121.79,5604121.0,121.7482,25081
2018-08-21,121.37,121.53,121.065,121.38,4695004.0,121.3245,20485
2018-08-22,122,122.0535,121.58,121.86,5309599.0,121.7998,20087
2018-08-23,122,122.13,121.78,122.05,5329024.0,122.03,21429
2018-08-24,121.62,122.33,121.49,122.29,6092150.0,122.0818,23193
2018-08-27,121.78,121.87,121.52,121.59,6407403.0,121.6947,27793
2018-08-28,121,121.09,120.6812,120.86,4929337.0,120.8848,22135
2018-08-29,120.94,121.145,120.615,121.02,5613329.0,120.9202,23947
2018-08-30,121.31,121.46,121.08,121.28,5302865.0,121.2841,28007
2018-08-31,121.89,121.92,120.89,120.995,9677540.0,121.4247,43226
2018-09-04,119.96,120.095,119.75,120.03,18343553.0,119.9338,51662
2018-09-05,119.76,119.9,119.5464,119.71,9422630.0,119.7186,33140
2018-09-06,119.76,120.4,119.6947,120.15,9566047.0,120.1242,30540
2018-09-07,119.33,119.4,118.99,119.13,11212607.0,119.1716,37728
2018-09-10,119.17,119.6,119.17,119.57,6386352.0,119.5017,19690
2018-09-11,119.08,119.17,118.6,118.66,5440021.0,118.7896,24142
2018-09-12,119.05,119.17,118.9,118.94,3347210.0,119.0346,17462
2018-09-13,119.34,119.57,118.98,119.12,4833033.0,119.2157,20098
2018-09-14,118.41,118.91,118.2999,118.55,5579455.0,118.5645,26704
2018-09-17,118.18,118.82,118.12,118.55,5432961.0,118.5241,21605
2018-09-18,118.06,118.065,117.16,117.31,10182303.0,117.479,36201
2018-09-19,117.105,117.11,116.19,116.61,13379645.0,116.6231,42720
2018-09-20,116.58,117.3,116.47,117.15,8657325.0,116.8653,27579
2018-09-21,116.87,117.275,116.84,117.1,6173846.0,117.0883,21796
2018-09-24,116.74,117.27,116.72,116.8,5505769.0,116.9147,21764
2018-09-25,116.48,116.74,116.4,116.68,6650853.0,116.5949,21998
2018-09-26,116.93,117.58,116.66,117.5,9512864.0,117.1527,40583
2018-09-27,117.24,117.65,117.1,117.58,5758577.0,117.4066,27050
2018-09-28,117.85,117.91,117.22,117.27,12807703.0,117.4052,49946
2018-10-01,116.66,116.83,116.12,116.15,22442374.0,116.3213,48518
2018-10-02,116.67,117.13,116.6,116.86,8266949.0,116.8779,30318
2018-10-03,116.27,116.36,114.24,114.83,20829180.0,115.1092,75247
2018-10-04,114.13,114.39,113.71,114.02,16207617.0,114.0511,62420
2018-10-05,113.39,113.72,112.62,113.04,18096505.0,113.1042,66277
2018-10-08,112.99,113.11,112.64,112.66,5855890.0,112.7984,19133
2018-10-09,113.14,113.85,113.07,113.8,11530860.0,113.5181,47930
2018-10-10,113.14,113.575,112.785,113.49,15290066.0,113.2818,53559
2018-10-11,114,115.15,113.79,114.87,16087021.0,114.5488,65605
2018-10-12,114.39,115.01,114.28,114.47,6794138.0,114.6521,32187
2018-10-15,114.66,114.8168,114.29,114.42,7146281.0,114.4993,24889
2018-10-16,114.39,114.72,114.16,114.68,4762322.0,114.4979,20410
2018-10-17,114.66,114.785,113.98,114,5880696.0,114.3368,27381
2018-10-18,113.62,114.39,113.55,113.96,5728828.0,114.0364,27927
2018-10-19,113.85,113.95,113.4103,113.71,10892437.0,113.6977,43322
2018-10-22,113.95,114.08,113.53,113.56,3244179.0,113.7433,16890
2018-10-23,114.76,115.02,113.84,113.92,10330735.0,114.5017,40147
2018-10-24,114.36,114.82,114.24,114.78,16008012.0,114.5314,54470
2018-10-25,114.54,114.74,114.23,114.3,12613470.0,114.3799,43117
2018-10-26,114.93,115.32,114.79,114.99,18582470.0,115.0054,63667
2018-10-29,114.84,115.02,114.26,114.73,7679887.0,114.66,34244
2018-10-30,114.26,114.54,114.02,114.16,9939616.0,114.2557,37643
2018-10-31,113.74,113.96,113.21,113.58,8706583.0,113.6242,38130
2018-11-01,112.85,113.56,112.8399,113.41,6100276.0,113.305,23542
2018-11-02,113.17,113.26,111.9,112,11315059.0,112.4123,44104
2018-11-05,112.48,112.71,112.35,112.44,4760223.0,112.5017,17230
2018-11-06,112.6,112.73,112.3333,112.37,3159875.0,112.5284,15462
2018-11-07,113.19,113.4,112.409,112.52,9227311.0,112.9076,38441
2018-11-08,112.96,112.97,112.41,112.51,6905193.0,112.5781,27868
2018-11-09,112.75,113.4967,112.72,113.35,6465323.0,113.2308,26881
2018-11-12,113.95,114.31,113.91,114.09,6840265.0,114.0778,26970
2018-11-13,113.71,114.02,113.4845,114.02,6525830.0,113.7958,32173
2018-11-14,113.48,114.52,113.3,114.09,8690822.0,113.9595,38636
2018-11-15,114.44,114.54,113.68,114.04,7879799.0,114.14,33126
2018-11-16,114.2,114.81,113.92,114.7,9236764.0,114.4653,32812
2018-11-19,114.41,115.02,114.41,115.02,7027204.0,114.8038,26603
2018-11-20,115.24,115.46,114.93,115.06,6332804.0,115.1384,31075
2018-11-21,114.89,115.09,114.54,115.02,4951058.0,114.8785,23115
2018-11-23,115.67,115.76,115.09,115.14,3027861.0,115.4037,14456
2018-11-26,114.86,115.06,114.78,114.88,6599041.0,114.895,19064
2018-11-27,114.81,115.25,114.76,115.01,5967245.0,115.0147,24575
2018-11-28,114.85,115.02,114.36,114.45,7814288.0,114.6615,34373
2018-11-29,114.92,115.25,114.59,114.9,7295627.0,114.9365,33460
2018-11-30,115.31,115.42,114.98,115.33,9126693.0,115.2044,35742
2018-12-03,114.68,115.88,114.66,115.88,9763851.0,115.4925,34397
2018-12-04,116.81,118.67,116.625,117.82,18100549.0,117.7206,69041
2018-12-06,118.54,119.2,118.13,118.19,15319440.0,118.652,65414
2018-12-07,117.81,118.53,117.52,118.41,8608467.0,118.082,37228
2018-12-10,118.87,119.28,118.44,118.9,8777672.0,118.8305,41925
2018-12-11,118.97,119.38,118.61,118.88,8071952.0,119.0156,35605
2018-12-12,118.58,118.72,118.24,118.35,6182206.0,118.4626,28621
2018-12-13,118.46,118.58,117.98,118.07,5564328.0,118.1945,27335
2018-12-14,118.55,118.77,118.22,118.48,8169221.0,118.5307,36130
2018-12-17,118.59,119.3,118.58,119.17,9726781.0,119.0792,34127
2018-12-18,119.07,119.785,118.94,119.6,10019103.0,119.4677,41603
2018-12-19,120.11,121.66,119.92,121.18,23046272.0,120.7501,95468
2018-12-20,122.01,122.03,120.67,120.74,18543731.0,121.4496,77086
2018-12-21,121.14,121.21,120.39,120.72,9945103.0,120.6792,41237
2018-12-24,121.13,121.42,120.91,121.32,8377482.0,121.1622,35317
2018-12-26,120.99,121.39,119.97,120.02,11700412.0,120.5197,54998
2018-12-27,121.26,121.38,119.98,120.04,12146772.0,120.8387,50961
2018-12-28,120.4,121.05,120.29,121.05,9879116.0,120.7601,46713
2018-12-31,120.65,121.56,120.46,121.51,17408971.0,121.1472,89243
2019-01-02,121.66,122.16,121.3401,122.15,19841232.0,121.9496,53365
2019-01-03,122.29,123.86,122.2267,123.54,21007045.0,123.2649,72729
2019-01-04,122.34,122.56,121.65,122.11,12970226.0,122.1256,56645
2019-01-07,122.62,122.65,121.62,121.75,8498104.0,122.0334,37141
2019-01-08,121.69,121.94,121.39,121.43,7737103.0,121.6489,30790
2019-01-09,121.26,121.43,120.795,121.24,9349245.0,121.1003,38743
2019-01-10,121.28,121.41,120.34,120.46,8222860.0,120.7682,38554
2019-01-11,120.83,121.27,120.68,120.93,5786934.0,120.9602,28332
2019-01-14,120.9,121.01,120.2416,120.48,6730681.0,120.5642,24538
2019-01-15,120.56,120.57,119.95,120.04,8997352.0,120.1125,40100
2019-01-16,119.59,120.39,119.51,120.16,6048446.0,120.048,30937
2019-01-17,120.22,120.53,119.89,120.19,8153350.0,120.2222,37072
2019-01-18,119.84,120.12,119.385,119.56,14106447.0,119.65,56591
2019-01-22,120.31,120.72,120.07,120.37,8881133.0,120.3816,40849
2019-01-23,119.88,120.62,119.83,120.32,5776907.0,120.2499,29338
2019-01-24,120.91,121.26,120.71,121.11,7121480.0,121.0334,25295
2019-01-25,120.59,120.75,120.32,120.53,6460820.0,120.5436,29066
2019-01-28,120.54,120.94,120.41,120.41,6435820.0,120.6937,29317
2019-01-29,120.53,121.04,120.39,121.02,5750177.0,120.8064,26328
2019-01-30,120.84,120.98,120.33,120.93,10571325.0,120.7492,48001
2019-01-31,121.55,122.18,121.5,121.97,11843413.0,121.888,51559
2019-02-01,121.48,121.57,120.8446,120.96,12024576.0,121.0275,43564
2019-02-04,120.44,120.55,120.02,120.42,8966375.0,120.3338,29940
2019-02-05,120.73,121.23,120.66,120.97,6983255.0,120.9341,25927
2019-02-06,121.36,121.41,120.73,121.03,5184018.0,121.0954,24055
2019-02-07,121.46,121.91,121.23,121.83,8781040.0,121.6071,32261
2019-02-08,122.26,122.47,122.07,122.35,5885427.0,122.3018,22241
2019-02-11,121.86,122.18,121.75,121.87,4353004.0,121.9376,20090
2019-02-12,121.66,121.75,121.2,121.555,7939591.0,121.4292,33556
2019-02-13,121.15,121.39,120.91,121.1,4757681.0,121.1494,21941
2019-02-14,122.14,122.2,121.58,121.79,5868918.0,121.8134,25790
2019-02-15,121.56,122.02,121.54,121.98,5527244.0,121.8992,21104
2019-02-19,122.42,122.54,121.95,122.29,5872819.0,122.224,22092
2019-02-20,121.95,122.08,121.59,121.94,4455832.0,121.8783,25641
2019-02-21,121.07,121.16,120.7,120.85,7382942.0,120.9055,32342
2019-02-22,121.47,121.945,121.42,121.57,6374560.0,121.6361,27478
2019-02-25,121.17,121.3,120.92,121.21,6293534.0,121.1393,22014
2019-02-26,121.73,121.82,121.36,121.81,6028892.0,121.6538,25559
2019-02-27,121.12,121.13,120.2799,120.43,7737411.0,120.5947,29735
2019-02-28,120.56,120.62,119.71,120.02,9533457.0,120.0442,40427
2019-03-01,119.33,119.53,118.64,118.66,13541090.0,118.9229,50784
2019-03-04,119.29,119.77,119.06,119.59,9808468.0,119.507,34091
2019-03-05,119.28,119.87,119.27,119.84,5595345.0,119.6017,24219
2019-03-06,119.92,120.52,119.89,120.28,7766707.0,120.1935,29482
2019-03-07,120.64,121.26,120.61,121.06,8187227.0,121.0213,34294
2019-03-08,121.12,121.69,120.845,121.57,7517600.0,121.4171,32896
2019-03-11,121.4,121.42,120.98,121.21,5158011.0,121.1799,25477
2019-03-12,121.3,122.23,121.255,122.06,6422386.0,121.8118,30182
2019-03-13,121.66,121.96,121.62,121.83,4386732.0,121.7703,22119
2019-03-14,121.69,121.76,120.92,120.95,8188564.0,121.1537,31729
2019-03-15,121.74,121.95,121.4,121.75,4302045.0,121.6816,22378
2019-03-18,121.57,121.87,121.5169,121.68,3893364.0,121.7124,15915
2019-03-19,121.09,121.615,120.89,121.41,5220325.0,121.3302,23766
2019-03-20,121.74,122.85,121.73,122.68,10123663.0,122.3143,44255
2019-03-21,122.96,123.09,122.74,122.95,7182572.0,122.9123,31145
2019-03-22,124.21,125.28,124.06,124.86,13077043.0,124.6958,63640
2019-03-25,124.81,125.94,124.5099,125.06,9736593.0,125.1287,45392
2019-03-26,124.7,125.29,124.62,124.97,7502260.0,124.9328,35812
2019-03-27,125.42,126.34,125.31,126.12,14207179.0,125.9818,67263
2019-03-28,126.25,126.69,126.01,126.56,9143238.0,126.3784,41019
2019-03-29,125.68,126.47,125.64,126.44,10841631.0,126.1726,52871
2019-04-01,125.29,125.3565,124.19,124.37,16501475.0,124.5617,64437
2019-04-02,124.48,124.7369,124.245,124.6,9725032.0,124.5235,35395
2019-04-03,123.61,123.87,123.37,123.52,10407417.0,123.5831,46760
2019-04-04,123.6,123.89,123.44,123.87,7503361.0,123.765,32263
2019-04-05,123.62,124.17,123.58,124.03,6322026.0,123.9836,22720
2019-04-08,123.83,123.95,123.52,123.59,4446429.0,123.6734,22231
2019-04-09,124.22,124.335,123.77,123.98,7020320.0,124.0657,32089
2019-04-10,124.27,124.52,124.1,124.28,7519916.0,124.2944,30422
2019-04-11,123.93,124.02,123.41,123.55,8679319.0,123.6482,25684
2019-04-12,122.89,123.06,122.63,122.67,7005541.0,122.7909,28089
2019-04-15,122.775,122.99,122.72,122.98,3070036.0,122.8749,16440
2019-04-16,122.51,122.63,122.14,122.21,8927558.0,122.3151,30619
2019-04-17,122.13,122.5701,122.11,122.26,6118702.0,122.3405,22831
2019-04-18,122.81,123.1,122.78,122.9,27589692.0,122.9672,56161
2019-04-22,122.47,122.57,122.235,122.31,6241353.0,122.3826,26829
2019-04-23,122.61,122.7,122.39,122.57,6239726.0,122.5585,21062
2019-04-24,123.11,123.59,123.09,123.57,7302206.0,123.4261,27323
2019-04-25,123.49,123.62,123.1,123.39,5380867.0,123.3231,23368
2019-04-26,123.98,124.02,123.64,123.81,5950651.0,123.8442,24882
2019-04-29,123.23,123.35,122.85,123.02,10246172.0,123.0355,23110
2019-04-30,122.95,123.74,122.93,123.65,7957662.0,123.4994,33573
2019-05-01,123.69,124.45,123.6,123.9,14372113.0,123.9937,60161
2019-05-02,123.68,123.81,123.04,123.31,6613062.0,123.3288,29177
2019-05-03,123.66,123.875,123.37,123.66,6191750.0,123.5881,22162
2019-05-06,124.31,124.38,123.925,124,4482690.0,124.1183,22038
2019-05-07,124.53,125.14,124.39,124.95,8984929.0,124.88,34572
2019-05-08,125.15,125.2999,124.3,124.41,6907690.0,124.74,30750
2019-05-09,125.11,125.3,124.31,124.92,9412288.0,124.9003,39425
2019-05-10,124.89,125.45,124.59,124.75,6037925.0,124.9992,28867
2019-05-13,125.4,125.93,125.25,125.73,10501611.0,125.6451,41015
2019-05-14,125.51,125.65,125.2,125.36,5690447.0,125.3642,30770
2019-05-15,126.21,126.27,125.77,126.13,9566544.0,126.0302,39723
2019-05-16,125.81,125.83,125.53,125.71,7666369.0,125.6894,22671
2019-05-17,126.28,126.3,125.69,125.99,4747076.0,125.9995,23708
2019-05-20,126.12,126.38,125.65,125.73,6043112.0,125.8393,21969
2019-05-21,125.6,125.72,125.3,125.53,4022162.0,125.5496,18041
2019-05-22,125.77,126.33,125.72,126.25,5675312.0,126.1623,24787
2019-05-23,126.89,128.09,126.88,127.67,9707687.0,127.5976,40550
2019-05-24,127.56,127.78,127.39,127.78,4981893.0,127.6457,20155
2019-05-28,128.27,128.9,128.085,128.79,8098871.0,128.6252,27798
2019-05-29,129.67,129.9,129,129.09,13260571.0,129.4608,46102
2019-05-30,129.33,130.23,128.8852,130.2,13024761.0,129.74,45468
2019-05-31,130.9,131.9,130.81,131.83,18933634.0,131.4402,71581
2019-06-03,131.91,132.58,131.55,132.44,17822448.0,132.0225,69102
2019-06-04,131.39,131.76,130.55,130.93,14250018.0,131.0147,52535
2019-06-05,130.52,130.95,130.12,130.19,8815195.0,130.4593,41962
2019-06-06,130.97,131.59,130.32,130.61,9598094.0,130.9413,37430
2019-06-07,131.79,132.07,131.438,131.74,11378665.0,131.72,38794
2019-06-10,130.68,130.704,130.32,130.5,8289092.0,130.5205,29227
2019-06-11,130.42,130.76,130.32,130.58,5115128.0,130.5525,21117
2019-06-12,130.39,130.75,130.3,130.68,5278799.0,130.5906,22540
2019-06-13,130.8,131.25,130.79,131.13,5560844.0,131.0496,25187
2019-06-14,131.1,131.71,131.09,131.46,5838794.0,131.4365,25177
2019-06-17,131.39,131.76,131.13,131.69,6046416.0,131.5732,20172
2019-06-18,132.74,132.86,131.945,132.35,10320696.0,132.3787,45062
2019-06-19,131.86,132.72,131.58,132.54,11962501.0,132.1397,53856
2019-06-20,132.91,133.505,132.59,132.89,10721526.0,132.9564,45212
2019-06-21,132.51,132.53,131.375,131.43,14495149.0,131.6708,51435
2019-06-24,132.16,132.53,132.079,132.41,6378869.0,132.3204,25340
2019-06-25,132.79,133.09,132.72,132.82,9604623.0,132.9072,40884
2019-06-26,132.68,132.7,131.88,131.97,12766810.0,132.0341,26451
2019-06-27,132.31,133.09,131.99,132.9,9724166.0,132.6079,31733
2019-06-28,132.58,133.08,132.4458,132.81,8149205.0,132.8754,34837
2019-07-01,132.57,132.75,131.591,132.24,14141551.0,132.1684,41741
2019-07-02,132.57,133.39,132.46,133.26,10495462.0,133.1092,33709
2019-07-03,133.52,134.29,133.51,134.21,5380269.0,134.0405,21387
2019-07-05,132.54,132.55,131.67,132.43,12180126.0,132.2864,46292
2019-07-08,133.05,133.22,132.61,132.61,6489997.0,132.8465,25422
2019-07-09,132.68,132.71,132.16,132.56,6214784.0,132.4595,25190
2019-07-10,132.35,132.435,131.51,131.83,9470193.0,131.9052,41581
2019-07-11,131.31,131.41,129.76,130.07,14126804.0,130.3863,59810
2019-07-12,129.92,130.45,129.68,130.22,6992095.0,130.0977,30227
2019-07-15,130.45,131.05,130.45,130.97,6055917.0,130.8334,24973
2019-07-16,130.17,130.6,129.955,130.58,6172721.0,130.3722,25721
2019-07-17,131.06,132.0184,131.05,131.99,9662156.0,131.5864,30029
2019-07-18,131.47,132.32,131.24,132,5725713.0,131.7611,28727
2019-07-19,131.59,131.93,131.505,131.69,5804843.0,131.7045,27570
2019-07-22,132.47,132.49,131.7439,131.94,5204504.0,132.0999,21414
2019-07-23,131.6,131.74,130.965,131.22,8108940.0,131.2961,31904
2019-07-24,131.6,131.897,131.465,131.79,6389664.0,131.701,26277
2019-07-25,131.25,131.41,130.51,131.16,8893057.0,131.1154,43278
2019-07-26,131.7,131.78,131.25,131.47,6188692.0,131.4601,22778
2019-07-29,131.82,131.9499,131.395,131.51,6231836.0,131.6449,24493
2019-07-30,132,132.1,131.43,131.83,5678475.0,131.7108,28546
2019-07-31,131.7,133.33,131.66,132.89,15798745.0,132.6024,72649
2019-08-01,133.39,135.39,133.26,135.26,26665016.0,134.6658,113044
2019-08-02,135.66,136.51,135.4,136.51,15143050.0,135.9051,68560
2019-08-05,138.14,138.89,137.66,138.87,18542993.0,138.381,93359
2019-08-06,138.2,139.98,138.085,139.98,12747356.0,139.2798,59913
2019-08-07,142.4,143.06,139.78,140.03,32582045.0,141.6882,174762
2019-08-08,139.14,140.43,137.98,140.33,14745985.0,139.2899,81852
2019-08-09,140.67,141.55,139.87,140.05,10625972.0,140.5795,56733
2019-08-12,141.72,143.43,141.5115,142.97,14094307.0,142.5945,61294
2019-08-13,143.81,143.9116,141.95,142.48,16099485.0,142.8383,93892
2019-08-14,145.16,145.7261,144.71,145.69,15068949.0,145.2625,77425
2019-08-15,145.95,148.6,145.58,147.31,23732522.0,146.9139,131998
2019-08-16,146.06,146.51,144.84,146.13,17649776.0,145.842,88091
2019-08-19,143.57,144.66,143.515,144.04,13615286.0,144.0895,66768
2019-08-20,145.28,145.6225,144.84,145.53,7451608.0,145.2616,43648
2019-08-21,144.72,145.79,144.285,144.56,9372115.0,144.9064,57552
2019-08-22,144,144.7,143.48,143.6,13880305.0,143.823,60684
2019-08-23,143.52,146.27,143.43,145.96,16194116.0,145.1467,85600
2019-08-26,145.87,146.29,145.29,145.37,12174799.0,145.7551,64415
2019-08-27,146.63,147.72,146.48,147.61,11332754.0,147.3134,55764
2019-08-28,148.78,148.9,147.66,147.8,10097776.0,148.1297,56793
2019-08-29,147.25,147.34,146.13,147.24,8884955.0,146.8007,50278
2019-08-30,146.61,147.48,146.36,147.28,13550909.0,146.9897,76933
2019-09-03,147.09,148.67,146.57,147.21,15662954.0,147.6814,77728
2019-09-04,146.53,147.62,146.48,147.43,7962232.0,147.1724,43623
2019-09-05,145.66,145.8,143.89,144.76,19386357.0,144.735,95034
2019-09-06,145.26,146.03,145.08,145.79,9466371.0,145.5888,49505
2019-09-09,143.83,144,143.19,143.2,15862660.0,143.5067,68482
2019-09-10,142.84,143.29,140.66,140.69,13851422.0,141.7431,76278
2019-09-11,140.4,141.15,140.39,140.44,10941748.0,140.7093,53046
2019-09-12,141.5,141.8,139.0647,139.52,19163308.0,140.0712,95038
2019-09-13,138.28,138.71,136.54,136.54,18922161.0,137.3025,98541
2019-09-16,137.88,138.57,137.2544,138.28,10971572.0,138.0791,61918
2019-09-17,138.36,139.6,138.02,139.03,9287893.0,139.007,56679
2019-09-18,139.93,140.66,139.53,139.62,11106841.0,140.1098,67909
2019-09-19,140.76,140.99,139.97,140.04,13434396.0,140.4428,68278
2019-09-20,140.77,141.98,140.44,141.89,13377236.0,141.3003,64422
2019-09-23,142.24,143.155,141.7,141.86,15402596.0,142.3191,75352
2019-09-24,142.42,143.845,142.41,143.57,12947855.0,143.3552,73668
2019-09-25,143.26,143.55,141.14,141.47,14520656.0,142.1434,81847
2019-09-26,142.27,142.99,141.895,142.38,10775214.0,142.4205,52591
2019-09-27,142.32,142.975,142.14,142.73,10387398.0,142.5605,51944
2019-09-30,141.88,143.09,141.84,143.08,8410379.0,142.655,41477
2019-10-01,141.26,143.91,141.14,143.26,16869140.0,143.1019,83739
2019-10-02,143.46,144.27,143.24,143.61,12896884.0,143.8459,64439
2019-10-03,143.98,145.67,143.92,144.92,13526957.0,144.8686,72815
2019-10-04,145.35,146.03,145.2,145.99,11936986.0,145.6924,63490
2019-10-07,145.16,145.53,144.71,144.78,11751551.0,144.965,50374
2019-10-08,145.82,145.93,144.62,145.17,14540249.0,145.3057,80883
2019-10-09,144.6,144.61,143.8,144.35,8933140.0,144.1976,53432
2019-10-10,143.12,143.18,141.73,142.2,15057081.0,142.3468,81076
2019-10-11,140.98,141.1,139.71,140.44,28513340.0,140.4338,131516
2019-10-14,141.48,141.505,141.08,141.46,5937726.0,141.335,30915
2019-10-15,140.67,140.945,139.55,139.75,12663622.0,140.0724,55219
2019-10-16,139.64,140.06,139.35,139.92,8645282.0,139.8194,40230
2019-10-17,139.52,140.38,139.2967,139.58,6558397.0,139.7974,32150
2019-10-18,139.81,140.23,139.45,139.58,6456407.0,139.7741,35231
2019-10-21,138.57,138.99,138.225,138.53,8189288.0,138.5709,38733
2019-10-22,139.38,139.529,138.635,139.34,6690041.0,139.1879,37260
2019-10-23,140.03,140.3138,139.36,139.48,5999896.0,139.728,27941
2019-10-24,139.68,140.24,139.03,139.2,6830080.0,139.5818,30589
2019-10-25,139.53,139.55,138.31,138.52,5669966.0,138.7754,34541
2019-10-28,137.58,137.58,136.99,137.26,11402050.0,137.2355,41611
2019-10-29,137.62,137.74,137.17,137.35,5296576.0,137.4376,29092
2019-10-30,137.77,139.45,137.77,139.36,10914151.0,138.7618,53237
2019-10-31,140.48,141.677,140.43,141.24,15835800.0,141.2396,70902
2019-11-01,140.73,141.27,139.79,140.56,11425486.0,140.4709,52139
2019-11-04,138.97,139.14,138.53,138.71,11134604.0,138.7984,45237
2019-11-05,137.22,137.44,136.73,137.15,13496331.0,137.0613,59146
2019-11-06,138.02,138.41,137.34,137.98,9353012.0,138.0021,42140
2019-11-07,136.35,136.36,134.45,135.48,19214100.0,135.4193,94002
2019-11-08,135.15,135.95,134.78,134.91,10227217.0,135.237,45143
2019-11-11,135.38,135.39,134.64,135,4578098.0,135.0024,21253
2019-11-12,135.28,135.9499,134.788,135.62,5773630.0,135.3951,32840
2019-11-13,136.81,136.96,136.165,136.5,6751842.0,136.5841,36595
2019-11-14,137.8,138.44,137.67,137.91,10272804.0,137.9691,50665
2019-11-15,137.48,138.16,137.43,137.76,4657758.0,137.7665,25866
2019-11-18,138.21,138.61,137.93,138.01,5944030.0,138.2191,28032
2019-11-19,138.37,139.24,138.37,139.16,7893300.0,139.0027,31481
2019-11-20,139.91,140.6,139.77,140.6,7909901.0,140.2488,43531
2019-11-21,139.64,140.08,139.12,139.72,5981899.0,139.6171,36897
2019-11-22,140.1,140.28,139.68,139.9,4666026.0,139.9665,27332
2019-11-25,140.3,140.53,140.18,140.31,4157476.0,140.339,25480
2019-11-26,141,141.31,140.94,141.13,4281650.0,141.1297,23675
2019-11-27,140.6,140.91,140.42,140.72,4096955.0,140.6905,24938
2019-11-29,140.62,140.68,139.78,140.42,6251071.0,140.3239,26768
2019-12-02,138.14,138.67,137.95,138.31,17705004.0,138.2954,54882
2019-12-03,140.04,141.77,139.93,141.21,13323804.0,141.0282,68082
2019-12-04,140.34,140.5,139.21,139.8,8588810.0,139.7258,43260
2019-12-05,138.66,139.44,138.6,139.12,7274024.0,139.0778,35661
2019-12-06,138.03,139.12,137.86,138.35,7931904.0,138.396,38734
2019-12-09,138.99,139.11,138.57,138.65,4155592.0,138.7674,22406
2019-12-10,139.18,139.35,138.41,138.66,4947745.0,138.7499,32645
2019-12-11,139.3,140.14,139.23,139.75,6257375.0,139.7093,35194
2019-12-12,139.19,139.2846,136.61,137.45,14868125.0,137.5655,92235
2019-12-13,138.12,139.61,137.23,139.04,11335349.0,138.6321,64908
2019-12-16,138.4,138.46,137.43,137.79,9160997.0,137.8458,37422
2019-12-17,138.21,138.34,137.21,137.6,6179893.0,137.7007,30902
2019-12-18,137.3,137.45,136.28,136.47,6244828.0,136.6174,38361
2019-12-19,136,136.86,135.7601,136.47,6591083.0,136.3406,34419
2019-12-20,136.13,136.69,135.93,136.65,5455919.0,136.4621,25899
2019-12-23,136.81,136.9687,136,136.45,5175177.0,136.4584,34206
2019-12-24,135.92,137.06,135.89,136.84,4667428.0,136.6602,22163
2019-12-26,136.91,137.22,136.51,137.17,5290981.0,136.9124,28912
2019-12-27,137.44,137.63,137.29,137.32,7300695.0,137.4285,30526
2019-12-30,135.89,136.9,135.66,136.82,7979841.0,136.3201,43271
2019-12-31,136.21,136.46,135.38,135.48,10707518.0,135.7542,57949
2020-01-02,136.79,137.53,136.665,137.015,10798137.0,137.0055,53179
2020-01-03,138.27,139.16,137.88,139.12,12366830.0,138.6087,79486
2020-01-06,139.69,139.71,138.15,138.33,11370199.0,138.7121,53310
2020-01-07,138.22,138.47,137.64,137.645,8456431.0,137.8686,38657
2020-01-08,137.93,138.31,136.32,136.74,10626391.0,136.9951,59870
2020-01-09,136,137.435,135.905,137.22,7412990.0,136.6659,51717
2020-01-10,137.67,138.47,137.6299,138.44,8776937.0,138.217,38314
2020-01-13,137.88,138.09,137.39,138.02,5967295.0,137.8224,39657
2020-01-14,138.18,138.82,138.135,138.73,13921031.0,138.691,41746
2020-01-15,139.52,139.76,139.02,139.65,6290520.0,139.429,33454
2020-01-16,139.26,139.53,138.74,139.21,6798593.0,139.155,33380
2020-01-17,137.58,138.14,137.36,138.02,9693280.0,137.8491,49610
2020-01-21,138.81,139.65,138.77,139.47,6794885.0,139.3556,36844
2020-01-22,139.72,140.14,139.59,139.96,6317029.0,139.9068,32058
2020-01-23,140.845,141.38,140.78,140.94,9747418.0,141.0462,46965
2020-01-24,141.42,142.55,141.3,142.08,8584952.0,141.9669,49124
2020-01-27,143.95,144.29,143.5004,144.29,10935243.0,144.0045,57054
2020-01-28,143.925,144.085,142.82,143.16,10612917.0,143.2244,46480
2020-01-29,143.44,144.7,143.43,144.56,9567654.0,144.2148,49124
2020-01-30,144.9,145.67,144.29,144.58,14711787.0,144.9009,65581
2020-01-31,145.17,145.99,145.09,145.9,14538096.0,145.6663,68139
2020-02-03,144.945,145.755,144.12,145.54,15310744.0,145.1485,55757
2020-02-04,143.99,144.14,143.06,143.58,11388275.0,143.5323,58445
2020-02-05,142.3,142.7,141.9,142.01,10782161.0,142.2355,60476
2020-02-06,142.18,142.88,142,142.65,6683128.0,142.5432,35141
2020-02-07,144.22,144.74,143.87,144.43,11374834.0,144.3767,54608
2020-02-10,145.1,145.25,144.68,144.83,6699265.0,144.9462,37921
2020-02-11,144.59,144.72,143.94,144.1,7784102.0,144.2606,42354
2020-02-12,143.37,143.55,142.99,143.37,5595524.0,143.3112,33691
2020-02-13,143.44,144.2,143.27,143.92,7883440.0,143.8388,36580
2020-02-14,144.76,145.08,144.45,144.55,7137363.0,144.698,34804
2020-02-18,145.34,146.05,144.92,145.54,6912053.0,145.5912,36449
2020-02-19,145.12,145.62,144.98,145.53,5707712.0,145.3745,29989
2020-02-20,146.08,146.94,145.9985,146.67,9332916.0,146.5479,47429
2020-02-21,147.8,148.88,147.65,148.04,13861573.0,148.2221,72563
2020-02-24,150.83,150.96,150,150.25,15929281.0,150.4821,88238
2020-02-25,150.21,151.7553,150.14,151.05,20802922.0,151.182,93703
2020-02-26,149.95,151.72,149.58,150.25,22599482.0,150.5718,129317
2020-02-27,152.7,153.08,150.83,151.88,30687929.0,152.0366,156226
2020-02-28,154.45,155.9799,154.16,155.31,45010774.0,155.1289,245470
2020-03-02,155.3,156.5,153.76,153.94,28152383.0,155.0491,128578
2020-03-03,153.81,159.7,152.36,156.33,38608024.0,156.1867,223965
2020-03-04,156.41,157.35,154.19,154.67,23463690.0,156.1037,129451
2020-03-05,157.13,158.82,156.81,158.52,17786220.0,157.9096,99542
2020-03-06,167.3,169.33,164.11,166.77,76288337.0,166.5579,499822
2020-03-09,179.1,179.7,170.34,171.29,41552819.0,175.3841,276690
2020-03-10,169.635,172.93,162.03,162.51,37728253.0,167.3178,
2020-03-11,165.43,167.03,155.63,156.53,29594066.0,161.9894,
2020-03-12,163.51,166.36,155.66,157.5,24361836.0,159.8934,
2020-03-13,155,158.2,152.19,153.94,19812859.0,155.1043,
2020-03-16,160.38,166.15,157.81,163.91,30496696.0,161.4943,
2020-03-17,163.5,165.63,152.71,152.98,18570872.0,158.3882,
2020-03-18,152.84,154.14,139.0105,144.35,46976975.0,146.5635,
2020-03-19,146.95,153.45,145.25,148.28,21175266.0,148.6656,
2020-03-20,153.3,159.43,152.11,159.43,20863060.0,156.2267,
2020-03-23,157.5,166.69,156.57,166,19971809.0,163.5982,
2020-03-24,161.25,165.45,160.41,162.91,11948557.0,162.8876,
2020-03-25,163.59,166.68,161.62,162.54,10750564.0,164.2335,
2020-03-26,163.995,165.68,162.27,163.34,10576587.0,163.7972,
2020-03-27,165.52,168.25,164.59,167.7,12550007.0,166.2618,
2020-03-30,168.3,170.11,165.94,166.32,13473205.0,167.7229,
2020-03-31,165.7,166.92,164.56,164.97,11464935.0,165.514,
2020-04-01,168.48,168.96,166.4,167.04,11334698.0,167.7997,
2020-04-02,168.83,169.22,167.26,168.1,5771227.0,168.1828,
2020-04-03,168.55,170.33,168.14,168.5,6570840.0,169.0509,
2020-04-06,167,168.27,166.53,168.06,9434786.0,167.6188,
2020-04-07,164.96,166.42,163.71,166.3,13811848.0,165.2067,
2020-04-08,165.11,166.19,164.13,165.09,10147077.0,165.2175,
2020-04-09,164.28,165.79,163.78,165.39,14260806.0,164.9966,
2020-04-13,164.75,165.71,163.88,163.88,8750297.0,164.6798,
2020-04-14,163.84,164.74,163.48,163.84,9019531.0,164.0738,
2020-04-15,166.8,168.6,166.74,168.18,10027752.0,167.8748,
2020-04-16,169.26,170.315,169.0156,170.09,8265414.0,169.8668,
2020-04-17,169.82,170.84,167.27,167.81,8612119.0,169.0828,
2020-04-20,168.44,169.29,167.96,169.16,6462639.0,168.649,
2020-04-21,171.93,172.15,170.78,171.29,7850725.0,171.4537,
2020-04-22,169.97,170.39,168.705,169.54,6230495.0,169.4913,
2020-04-23,169.87,170.93,169.605,170.44,5968584.0,170.2338,
2020-04-24,169.61,170.84,169.57,170.84,6211579.0,170.1605,
2020-04-27,169.66,169.75,167.44,167.66,9039484.0,168.2496,
2020-04-28,168.55,169.85,168.45,169.59,9905415.0,169.2885,
2020-04-29,169.53,170.26,167.96,168.71,8619566.0,169.0836,
2020-04-30,168.74,169.23,166.71,166.74,11606074.0,167.8755,
2020-05-01,167.5,168.11,166.44,167.95,10209421.0,167.3623,
2020-05-04,167.56,167.68,166.48,167.16,8300923.0,167.0266,
2020-05-05,165.57,166.27,165.27,166.09,7831916.0,165.8867,
2020-05-06,163.23,163.64,162.05,163.41,14721518.0,163.0029,
2020-05-07,163.56,166.37,163.34,166.14,9165455.0,165.3024,
2020-05-08,164.49,165.4,163.68,163.98,8130474.0,164.332,
2020-05-11,163.66,164.22,162.095,162.7,8713747.0,162.8026,
2020-05-12,163.16,164.93,163.13,164.37,10057348.0,164.1076,
2020-05-13,165.09,166.29,164.8272,165.52,13305576.0,165.53,
2020-05-14,167.32,168.15,167.05,167.14,10080361.0,167.5784,
2020-05-15,168.3,168.49,166.33,166.71,7225634.0,166.9913,
2020-05-18,164.93,165.055,162.42,163.05,10073986.0,163.5784,
2020-05-19,162.52,163.7,162.48,163.66,8638577.0,163.2561,
2020-05-20,163.17,164.7,162.88,164.15,10927274.0,163.8275,
2020-05-21,164.86,165.36,164.29,164.56,8920309.0,164.7572,
2020-05-22,164.72,165.68,164.61,165.55,4956814.0,165.3388,
2020-05-26,163.71,163.79,162.975,163.33,8098939.0,163.3867,
2020-05-27,162.785,163.91,162.59,163.03,8047060.0,163.3434,
2020-05-28,161.96,162.57,161.66,162.43,10276172.0,162.2468,
2020-05-29,162.71,164.09,162.355,163.59,14662054.0,163.2646,
2020-06-01,162.1,162.44,161.67,162.28,13353301.0,162.3631,
2020-06-02,161.67,162.093,161.25,161.69,11517053.0,161.688,
2020-06-03,160.18,160.33,158.94,159.54,12255736.0,159.5102,
2020-06-04,158.92,159.01,157.185,157.23,14038570.0,157.7648,
2020-06-05,154.61,156.16,153.16,156.11,17778549.0,154.6529,
2020-06-08,155.07,156.85,155.05,156.71,10346680.0,156.2485,
2020-06-09,159.05,159.64,158.3,158.49,9095265.0,158.8195,
2020-06-10,159.24,160.9,159.05,160.84,12955518.0,160.1069,
2020-06-11,163.245,164.23,162.63,163.88,17086373.0,163.4195,
2020-06-12,162.41,163.66,162.05,162.3,9716433.0,162.7251,
2020-06-15,163.89,164.22,162.14,162.39,7760836.0,163.0856,
2020-06-16,159.41,161.23,158.7,159.9,13701298.0,159.9845,
2020-06-17,160.27,160.77,159.34,160.56,7072900.0,160.167,
2020-06-18,162.04,162.48,161.61,162.26,7691375.0,162.0508,
2020-06-19,161,162.5,160.91,162.39,8565778.0,161.885,
2020-06-22,163.19,163.4184,162.07,162.41,9271961.0,162.604,
2020-06-23,161.48,162.06,161.12,161.3,9088580.0,161.4776,
2020-06-24,161.53,163.09,161.52,163.03,11436501.0,162.6761,
2020-06-25,164.21,164.35,163.4,163.5,10967984.0,163.8192,
2020-06-26,164.25,165.32,164.18,165.25,12119310.0,165.0293,
2020-06-29,164.85,165.27,164.38,164.73,7274571.0,164.7881,
2020-06-30,165.23,165.29,163.48,163.93,14841678.0,164.1329,
2020-07-01,162.81,163.56,162.15,163.42,13181262.0,163.014,
2020-07-02,162.7,163.74,162.24,163.59,7599940.0,163.1579,
2020-07-06,162.33,163.02,161.75,162.92,7972668.0,162.4931,
2020-07-07,163.42,165.34,163.2,165.21,12645095.0,164.492,
2020-07-08,164.32,164.92,163.83,164.55,7253883.0,164.4715,
2020-07-09,164.66,167.45,164.6,167.17,13373095.0,166.3804,
2020-07-10,167.95,168.21,166.16,166.33,8478375.0,167.1935,
2020-07-13,165.5,166.96,165.23,166.88,8054011.0,166.1495,
2020-07-14,167.93,168.14,166.98,167.12,11344635.0,167.4278,
2020-07-15,165.92,166.945,165.8291,166.34,7840586.0,166.3743,
2020-07-16,167.4,167.77,167.04,167.13,9107383.0,167.2855,
2020-07-17,167.27,167.4,166.47,166.78,8550164.0,166.7995,
2020-07-20,167.51,167.62,166.8,167.19,6907518.0,167.1966,
2020-07-21,167.3,167.72,167.075,167.29,8455112.0,167.3418,
2020-07-22,168.26,168.46,167.69,167.79,6592084.0,168.0351,
2020-07-23,168.92,169.88,168.48,169.75,10471802.0,169.303,
2020-07-24,169.01,169.92,168.8695,169.74,7520837.0,169.5573,
2020-07-27,170.25,170.3,168.99,169.11,6146734.0,169.543,
2020-07-28,169.54,170.34,169.43,170.28,8519764.0,170.0763,
2020-07-29,170.05,170.39,168.98,169.99,6733733.0,169.6064,
2020-07-30,171.05,171.26,170.75,171.11,9376128.0,171.0572,
2020-07-31,170.15,171.4554,169.94,171,8886264.0,170.6858,
2020-08-03,169.24,169.99,168.97,169.95,9067756.0,169.5143,
2020-08-04,170.83,171.58,170.72,171.57,9878888.0,171.3456,
2020-08-05,170.06,170.56,169.69,170.07,6954183.0,170.0881,
2020-08-06,171.38,172.25,170.62,171.02,9481800.0,171.2779,
2020-08-07,171.28,171.5,169.58,169.88,8176856.0,170.2856,
2020-08-10,170.22,170.25,169.07,169.12,6408461.0,169.4292,
2020-08-11,167.17,167.49,165.875,167.105,19234202.0,166.7469,
2020-08-12,165.7,166.065,164.99,165.59,11745839.0,165.5248,
2020-08-13,165.31,165.58,163.165,163.82,12744712.0,164.2763,
2020-08-14,163.81,164.15,163.16,163.18,6398178.0,163.6981,
2020-08-17,163.97,164.46,163.43,163.59,6901480.0,163.838,
2020-08-18,164.36,164.87,164.085,164.76,8140643.0,164.6431,
2020-08-19,165.37,165.6101,163.3,163.73,12497748.0,164.6902,
2020-08-20,165.39,165.65,164.93,165.21,10320126.0,165.2915,
2020-08-21,165.77,166.33,165.01,166.2,6836242.0,165.9378,
2020-08-24,166.32,166.97,165.86,165.93,6490666.0,166.3035,
2020-08-25,164.35,165.09,163.83,164.66,10518301.0,164.5813,
2020-08-26,164.05,164.325,163.28,164.03,8276618.0,163.8553,
2020-08-27,164.76,164.82,161.16,161.24,19860113.0,161.9542,
2020-08-28,161.77,162.05,160.64,161.12,8415402.0,161.3281,
2020-08-31,161.6,163.25,161.56,162.19,11388108.0,162.4495,
2020-09-01,161.76,164.07,161.18,163.86,10587634.0,163.1389,
2020-09-02,163.51,165.56,163.49,165.42,15167718.0,165.1114,
2020-09-03,165.75,167.24,165.44,165.89,16416624.0,166.244,
2020-09-04,164.41,164.6984,162.45,162.74,13780313.0,163.3906,
2020-09-08,164.37,165.26,163.74,163.74,13790421.0,164.2264,
2020-09-09,163.94,164.25,162.7582,163.3,9559005.0,163.3557,
2020-09-10,162.46,164.35,161.95,164.13,8847742.0,163.1898,
2020-09-11,164.31,164.57,164.08,164.48,5458222.0,164.3706,
2020-09-14,164.79,165.08,164.23,164.47,4274947.0,164.6105,
2020-09-15,164.17,164.47,163.79,164.07,6853248.0,164.1315,
2020-09-16,164.78,164.89,162.9804,163.58,8816914.0,164.0431,
2020-09-17,164.9,164.96,163.801,164.08,7813922.0,164.2684,
2020-09-18,164.17,164.24,163.34,163.57,7246282.0,163.6134,
2020-09-21,164.89,165.4,164.135,164.4,11086895.0,164.622,
2020-09-22,164.44,164.88,163.87,164.27,10524495.0,164.3692,
2020-09-23,164.3,164.53,163.48,164.49,6224763.0,164.1075,
2020-09-24,164.96,165.12,164.62,165.12,8278072.0,164.9842,
2020-09-25,165.11,165.42,164.71,165.12,5140298.0,165.0995,
2020-09-28,164.87,164.9,164.37,164.65,4470504.0,164.5854,
2020-09-29,164.8,165.24,164.56,164.84,10297950.0,164.8933,
2020-09-30,164,164,162.55,163.26,12968570.0,163.2847,
2020-10-01,162.51,163.7401,162.1,163.36,11523874.0,163.1945,
2020-10-02,163.61,163.67,162.18,162.75,8829140.0,162.693,
2020-10-05,160.95,160.95,159.52,159.57,14586045.0,160.2284,
2020-10-06,159.33,161.405,158.68,160.43,22419358.0,160.0374,
2020-10-07,159.56,160.417,158.86,159.26,9429580.0,159.5331,
2020-10-08,159.97,160.25,159.655,160.12,8406044.0,160.0096,
2020-10-09,159.52,160.27,158.81,160.09,8441506.0,159.6482,
2020-10-12,160.43,160.68,160.11,160.6,3962045.0,160.385,
2020-10-13,161.21,161.83,161.18,161.75,7914641.0,161.5695,
2020-10-14,162.33,162.75,161.9674,162.12,6956736.0,162.2718,
2020-10-15,163.04,163.19,161.64,161.84,9458911.0,162.2401,
2020-10-16,161.66,162.32,161.1,161.39,8418197.0,161.5085,
2020-10-19,160.5,160.98,160.05,160.78,9286787.0,160.6302,
2020-10-20,159.86,160.01,158.95,159.25,11189208.0,159.3998,
2020-10-21,158.79,159.37,158.37,158.7,10453705.0,158.8931,
2020-10-22,158.29,158.63,156.97,157.05,12665822.0,157.5871,
2020-10-23,156.81,158.21,156.75,158.01,8760336.0,157.6992,
2020-10-26,159.21,160.02,159.01,159.48,7227337.0,159.4995,
2020-10-27,160.23,160.7,159.895,160.55,6062330.0,160.3913,
2020-10-28,161.38,161.46,160.2,160.7,11765784.0,160.8109,
2020-10-29,160.73,160.83,158.47,159.14,11932379.0,159.3406,
2020-10-30,159.03,159.35,157.57,157.57,13095938.0,158.3176,
2020-11-02,158.7,159.19,158.33,158.58,10810494.0,158.7001,
2020-11-03,157.85,157.98,157.04,157.66,16228695.0,157.6197,
2020-11-04,161.64,162.17,160.54,161.08,21563335.0,161.222,
2020-11-05,161.64,161.74,160.58,161.36,18537530.0,161.2528,
2020-11-06,159.618,159.915,158.94,159.41,12408432.0,159.5401,
2020-11-09,155.97,156.15,154.625,156.06,23245038.0,155.4948,
2020-11-10,154.96,155.81,154.78,155.16,12482227.0,155.2369,
2020-11-11,155.02,155.94,154.97,155.72,5888233.0,155.4732,
2020-11-12,156.94,158.4,156.71,158.37,16001553.0,157.7366,
2020-11-13,158.36,158.5,157.91,158.16,7305549.0,158.2041,
2020-11-16,157.73,158.28,157.61,157.78,6310397.0,157.901,
2020-11-17,158.77,159.16,158.59,158.81,7444575.0,158.8577,
2020-11-18,159.44,159.57,158.35,159.27,10333345.0,159.0229,
2020-11-19,159.97,160.72,159.84,160.09,10623316.0,160.1836,
2020-11-20,160.525,161.54,160.39,161.51,7247351.0,161.0444,
2020-11-23,160.82,160.99,160.28,160.77,11304789.0,160.6669,
2020-11-24,159.99,160.0218,159.01,159.17,10892973.0,159.4588,
2020-11-25,159.25,159.91,158.62,158.68,9146000.0,159.0719,
2020-11-27,159.61,160.27,159.58,160.22,4708153.0,160.0412,
2020-11-30,160.03,160.53,159.76,160.02,13071557.0,160.0859,
2020-12-01,158.55,158.74,156.68,157.5,13663889.0,157.5243,
2020-12-02,156.88,156.93,155.48,156.25,12114580.0,156.1838,
2020-12-03,156.94,157.82,156.58,157.51,9626457.0,157.2243,
2020-12-04,155.69,155.785,154.77,155.2,12734642.0,155.3524,
2020-12-07,156.35,156.88,156.18,156.6,9316138.0,156.5617,
2020-12-08,157.57,158.07,157.2,157.34,7397240.0,157.5287,
2020-12-09,156.55,157.32,156.015,156.82,7747059.0,156.6397,
2020-12-10,157.24,158.29,156.83,158.21,10025124.0,157.7103,
2020-12-11,158.65,159.39,158.32,158.77,8136090.0,158.8475,
2020-12-14,157.49,158.69,157.11,158.33,7535875.0,157.9971,
2020-12-15,157.78,158.39,157.31,157.8,6847676.0,157.8885,
2020-12-16,156.58,157.89,156.39,157.38,9954190.0,157.2032,
2020-12-17,158.13,158.46,156.43,156.8,9422697.0,157.2426,
2020-12-18,157.12,157.38,156.18,156.33,6505271.0,156.6168,
2020-12-21,157.2,157.34,156.45,156.95,8988176.0,156.9397,
2020-12-22,157.5634,157.83,157.08,157.76,7378508.0,157.6269,
2020-12-23,156.62,156.69,155.46,156.67,9266649.0,156.264,
2020-12-24,156.9,157.43,156.85,157.29,3117104.0,157.1231,
2020-12-28,156.38,157.45,156.095,157.36,7791093.0,156.8929,
2020-12-29,156.39,157.29,156.36,157.16,9030948.0,157.0201,
2020-12-30,156.82,157.53,156.68,157.5,9097313.0,157.1991,
2020-12-31,157.46,158.08,157.45,157.73,7742413.0,157.7869,
2021-01-04,156.67,158.18,156.535,157.54,13152865.0,157.5366,
2021-01-05,156.95,156.95,155.66,156.37,10458065.0,156.2488,
2021-01-06,153.82,153.85,152.29,153.16,22827290.0,152.9469,
2021-01-07,151.79,152.17,151.26,151.81,14651882.0,151.8167,
2021-01-08,151.48,151.96,150.66,151.32,13622819.0,151.3171,
2021-01-11,151,151.21,150.49,151.07,8380898.0,150.9236,
2021-01-12,150.79,151.16,149.925,150.95,12186305.0,150.5626,
2021-01-13,151.66,153.07,151.57,152.65,12533256.0,152.4176,
2021-01-14,152.58,152.64,150.79,151.22,14835458.0,151.6043,
2021-01-15,152.185,152.36,151.47,151.82,11624672.0,151.9614,
2021-01-19,151.62,152.36,151.505,152.31,9575571.0,152.1019,
2021-01-20,151.985,152.48,151.79,152.46,5368933.0,152.1143,
2021-01-21,151.44,151.75,151.1,151.39,8164729.0,151.378,
2021-01-22,151.85,152.01,151.42,151.88,9507150.0,151.8126,
2021-01-25,152.76,153.69,152.635,153.67,8712616.0,153.3566,
2021-01-26,153.1,153.6,152.92,153.38,7690318.0,153.3503,
2021-01-27,154.07,154.5,153.53,153.77,7895249.0,153.9544,
2021-01-28,153.4,153.46,152.16,152.92,10660041.0,152.8715,
2021-01-29,151.42,152.49,151.3,152,14966238.0,151.8969,
2021-02-01,151.66,152.36,151.49,152,8165534.0,151.9262,
2021-02-02,150.74,151.085,150.52,151.02,9177457.0,150.9023,
2021-02-03,150.425,150.59,149.58,149.68,9633084.0,149.9839,
2021-02-04,149.16,149.49,148.8,149.28,8262613.0,149.2347,
2021-02-05,149.1,149.57,148.02,148.03,10258935.0,148.6397,
2021-02-08,148.3,149.265,148.035,148.68,11574766.0,148.6661,
2021-02-09,149.22,149.67,148.655,148.79,5218341.0,149.2292,
2021-02-10,149.28,149.78,149.1409,149.78,8079802.0,149.5171,
2021-02-11,149.6791,149.79,148.75,148.96,11962758.0,149.1643,
2021-02-12,147.7,148.08,147.03,147.11,14088379.0,147.3857,
2021-02-16,145.22,145.655,144.6625,144.87,17761487.0,145.0241,
2021-02-17,145.95,146.38,144.98,145.79,11203329.0,145.7234,
2021-02-18,144.61,145.6,144.32,145.2,10755817.0,144.999,
2021-02-19,144.06,144.32,142.8517,143.27,12741726.0,143.4139,
2021-02-22,143.03,143.74,141.72,142.18,13203873.0,142.6868,
2021-02-23,141.52,142.5,141.14,141.77,12658455.0,141.7815,
2021-02-24,139.352,141.175,139.16,140.84,17244498.0,140.3662,
2021-02-25,139.52,139.92,136.61,138.54,52621705.0,138.7036,
2021-02-26,140.77,143.3,139.68,143.12,45423326.0,141.0743,
2021-03-01,140.66,141.41,140.09,141.06,22050428.0,140.6766,
2021-03-02,140.4,141.13,140.295,141.07,12482218.0,140.7087,
2021-03-03,139.38,140.15,138.76,139.54,19763736.0,139.5614,
2021-03-04,139.632,139.94,137.96,138.64,22366564.0,138.8416,
2021-03-05,138.1687,139.34,137.99,138.91,20598039.0,138.81,
2021-03-08,138.83,138.9,137.83,137.83,15236619.0,138.3016,
2021-03-09,139.27,139.815,138.97,139.74,14463394.0,139.4566,
2021-03-10,139.8,140.15,139.28,140.02,12387639.0,139.6969,
2021-03-11,139.17,139.38,138.46,139.01,14150742.0,138.9461,
2021-03-12,136.4,136.4591,135.65,136.06,20402701.0,136.091,
2021-03-15,136.49,137.09,136.41,136.86,11366662.0,136.7219,
2021-03-16,137.02,137.12,135.75,136.31,15567907.0,136.3302,
2021-03-17,135.15,135.525,134.15,135.29,27107490.0,134.9366,
2021-03-18,133.31,134.47,133.19,133.92,21622014.0,133.7433,
2021-03-19,134.08,134.83,133.8,134.75,18684950.0,134.3132,
2021-03-22,135.69,136.41,135.37,136.26,17047525.0,135.991,
2021-03-23,136.585,137.54,136.15,137.49,16768448.0,137.0714,
2021-03-24,137.06,138.28,136.945,138.23,13862975.0,137.6354,
2021-03-25,138.3862,138.655,137.09,137.14,20781964.0,137.6641,
2021-03-26,136.42,137.2392,136.22,136.66,8433292.0,136.714,
2021-03-29,136.83,136.8465,134.97,135.5,13968084.0,135.7009,
2021-03-30,135.3,136.515,135.005,136.21,14956777.0,135.8263,
2021-03-31,136.34,136.59,134.98,135.45,19271281.0,135.7736,
2021-04-01,136.55,137.62,136.3,137.51,14885947.0,137.1285,
2021-04-05,136.55,136.97,135.94,136.91,8242978.0,136.4799,
2021-04-06,137.16,137.98,137.01,137.84,9282395.0,137.6218,
2021-04-07,137.45,138.1,136.88,136.88,11052827.0,137.408,
2021-04-08,137.39,138.07,137.36,138.01,7847918.0,137.8222,
2021-04-09,137.5,138.19,137.09,137.51,8717951.0,137.6787,
2021-04-12,137.46,137.53,137.1,137.45,7658990.0,137.3432,
2021-04-13,137.3,138.51,137.2,138.48,13232786.0,138.0375,
2021-04-14,138.03,138.2351,137.57,138.04,7293169.0,137.9212,
2021-04-15,139.49,140.98,139.455,140.35,23896725.0,140.3709,
2021-04-16,139.1,139.73,138.9308,139.26,15238401.0,139.3415,
2021-04-19,138.74,139.31,138.55,138.86,13886874.0,138.8388,
2021-04-20,138.45,139.76,138.43,139.5,11476489.0,139.4032,
2021-04-21,139.54,139.91,139.07,139.78,11777155.0,139.5413,
2021-04-22,140,140.39,139.2,140.39,14156678.0,140.0034,
2021-04-23,140.38,140.47,139.49,140.06,12302248.0,139.9291,
2021-04-26,140.15,140.51,139.85,139.86,9103549.0,140.0586,
2021-04-27,139.59,139.82,138.525,138.64,14137281.0,138.9451,
2021-04-28,138.65,138.89,137.96,138.73,15263720.0,138.5114,
2021-04-29,137.45,138.36,137.125,138.32,17178229.0,137.9017,
2021-04-30,138.507,138.73,137.98,138.64,15692322.0,138.4395,
2021-05-03,138.7,139.645,138.28,138.52,16447651.0,138.7854,
2021-05-04,139.49,140.16,139.155,139.46,18640004.0,139.5607,
2021-05-05,139.03,139.85,138.92,139.69,11128146.0,139.3534,
2021-05-06,139.25,140.19,139.2003,139.92,21907928.0,139.8904,
2021-05-07,140.1,140.6,138.91,139.23,18346877.0,139.5953,
2021-05-10,138.95,139.25,137.69,137.82,15146246.0,138.2103,
2021-05-11,137.23,137.48,136.77,137.04,15158611.0,137.1023,
2021-05-12,136.67,136.8,135.36,135.6,20859432.0,135.9744,
2021-05-13,135.93,136.37,135.63,135.81,13074735.0,135.947,
2021-05-14,136.53,137.08,136.22,137.08,17566732.0,136.7431,
2021-05-17,136.83,137.17,136.565,136.79,6113792.0,136.8306,
2021-05-18,136.4,136.57,136.07,136.44,11423065.0,136.3765,
2021-05-19,136.54,137.3,135.62,136.11,14296300.0,136.4361,
2021-05-20,136.76,137.49,136.67,137.23,13310501.0,137.1865,
2021-05-21,137.66,137.7,137.06,137.67,10171561.0,137.4513,
2021-05-24,137.99,138.58,137.89,138.18,6736459.0,138.2078,
2021-05-25,138.63,139.5,138.62,139.46,12346882.0,139.1796,
2021-05-26,139.59,139.91,138.88,139.22,9793707.0,139.4275,
2021-05-27,138.5,138.69,137.99,138.655,10695157.0,138.3829,
2021-05-28,138.582,139.3,138.34,138.44,10258035.0,138.8745,
2021-06-01,137.82,138.26,137.25,138.21,11578666.0,137.8739,
2021-06-02,138.55,138.79,138.32,138.53,7347905.0,138.5571,
2021-06-03,138.51,138.51,137.845,138.01,10994063.0,138.1369,
2021-06-04,138.52,139.9,138.52,139.9,15773737.0,139.3847,
2021-06-07,139.59,139.705,139.325,139.47,7799833.0,139.5428,
2021-06-08,140.655,140.66,140.21,140.45,11231222.0,140.4429,
2021-06-09,141.765,142.15,141.25,141.69,12768309.0,141.6283,
2021-06-10,140.83,142.56,140.68,142.54,19698410.0,141.7936,
2021-06-11,142.305,142.4,141.84,142.31,8646698.0,142.1762,
2021-06-14,142.1,142.1,141.015,141.22,9401341.0,141.2979,
2021-06-15,140.8,141.09,140.48,141.05,18207559.0,140.8636,
2021-06-16,141.4,141.67,140.21,140.93,19676264.0,141.0412,
2021-06-17,141.86,144.925,141.64,143.04,35073794.0,143.4229,
2021-06-18,144.28,146.04,144.12,145.73,26116912.0,145.185,
2021-06-21,144.39,144.49,143.02,143.29,16485035.0,143.672,
2021-06-22,142.17,143.68,142.12,143.64,14530318.0,143.1846,
2021-06-23,143.11,143.5,142.71,143.27,12041212.0,143.0866,
2021-06-24,143.42,143.9,143.33,143.5,8788460.0,143.5778,
2021-06-25,143.265,143.4,141.37,142.01,15562491.0,142.062,
2021-06-28,142.72,143.8,142.7,143.47,11460926.0,143.3917,
2021-06-29,143.1,143.72,143.04,143.71,11218106.0,143.5066,
2021-06-30,144.25,144.93,144.07,144.35,15708857.0,144.4868,
2021-07-01,143.98,144.31,143.53,144.17,10809998.0,143.8448,
2021-07-02,144.23,145.04,144.11,145.04,9650170.0,144.7376,
2021-07-06,145.72,146.99,145.715,146.74,20037177.0,146.4897,
2021-07-07,147.57,148.56,147.22,148.04,20964385.0,147.9885,
2021-07-08,148.88,149.44,148.17,148.62,17487838.0,148.7462,
2021-07-09,146.87,146.99,146.49,146.53,14483634.0,146.6791,
2021-07-12,147.09,147.23,146.17,146.34,10610428.0,146.4898,
2021-07-13,146.82,147.46,144.64,145.22,23340375.0,145.8024,
2021-07-14,146.01,146.92,145.81,146.87,16038556.0,146.4465,
2021-07-15,147.95,148.6,147.03,148.49,18462700.0,148.1045,
2021-07-16,147.34,148.34,147.32,148.21,12787919.0,148.0436,
2021-07-19,150.95,151.95,150.62,151.46,40203891.0,151.3499,
2021-07-20,152.53,152.71,149.76,150,25210791.0,150.6341,
2021-07-21,148.18,148.5,146.67,148.1,19905311.0,148.0002,
2021-07-22,148.11,149.805,148.06,149.5,18136637.0,149.1363,
2021-07-23,147.94,148.655,147.89,148.5,12639262.0,148.3822,
2021-07-26,148.995,149.06,147.88,148.06,10732370.0,148.4681,
2021-07-27,149.33,149.69,148.99,149.64,13014604.0,149.4406,
2021-07-28,148.67,149.67,148.27,149.65,14346869.0,148.9594,
2021-07-29,148.78,149.22,148.53,148.82,11532032.0,148.8537,
2021-07-30,149.13,149.72,149.06,149.52,14342162.0,149.4908,
2021-08-02,149.454,151.23,149.18,150.67,21232706.0,150.4552,
2021-08-03,150.75,151.23,150.39,150.75,13361939.0,150.7946,
2021-08-04,151.5,151.82,149.72,151.06,18267907.0,150.7236,
2021-08-05,150.76,150.92,150,150.29,15345359.0,150.3963,
2021-08-06,148.322,148.76,147.6909,147.78,21144286.0,148.1101,
2021-08-09,148.152,148.56,147.23,147.25,12942623.0,147.6493,
2021-08-10,147.49,147.57,146.56,146.57,13716901.0,146.794,
2021-08-11,146.412,147.23,145.71,146.48,17074605.0,146.3381,
2021-08-12,146.09,146.44,145.43,146.24,14644231.0,146.0491,
2021-08-13,146.83,148.56,146.81,148.55,18653828.0,148.1016,
2021-08-16,149.19,150.02,148.81,148.91,19171543.0,149.2123,
2021-08-17,148.88,149.47,148.67,148.85,14126883.0,149.0355,
2021-08-18,148.71,149.47,148.45,149.35,13143979.0,148.8793,
2021-08-19,150.31,150.46,149.81,150.45,15474585.0,150.2512,
2021-08-20,150.59,150.81,150.11,150.55,12332924.0,150.4183,
2021-08-23,150.2,150.495,149.92,150.45,10615040.0,150.2965,
2021-08-24,149.76,150.07,149.28,149.28,13835931.0,149.5075,
2021-08-25,149.21,149.37,147.58,148.04,16743814.0,148.2204,
2021-08-26,147.965,148.57,147.51,148.45,16657435.0,148.1125,
2021-08-27,148.57,149.485,148.33,149.46,15384740.0,148.939,
2021-08-30,148.99,149.9,148.93,149.85,10596306.0,149.5045,
2021-08-31,149.67,150.09,148.5,148.83,15262401.0,148.9962,
2021-09-01,149.27,149.39,148.49,148.89,10807084.0,148.8928,
2021-09-02,149.24,149.55,148.75,149.54,9766003.0,149.2377,
2021-09-03,148.27,148.51,147.94,148.18,12928250.0,148.1889,
2021-09-07,147.262,147.52,146.655,146.93,15859642.0,147.0049,
2021-09-08,147.66,148.19,147.39,147.93,14533699.0,147.7968,
2021-09-09,148.17,149.89,147.85,149.72,20324739.0,149.1925,
2021-09-10,148.9,149.17,148.16,148.4,14894629.0,148.5883,
2021-09-13,149.042,149.49,148.95,149.3,15424487.0,149.2967,
2021-09-14,149.73,151.57,149.58,151.11,20441935.0,150.8488,
2021-09-15,151.21,151.25,149.93,150.58,12255997.0,150.5574,
2021-09-16,149.67,150.45,149.5,149.89,13328978.0,149.9512,
2021-09-17,149.182,149.36,148.7,149.17,13783034.0,149.0989,
2021-09-20,150.57,151.37,150.23,151.02,14660406.0,150.8622,
2021-09-21,150.71,150.96,150.2,150.89,10035770.0,150.6615,
2021-09-22,150.79,151.79,150.44,151.79,22277765.0,151.1462,
2021-09-23,150.42,150.45,148.3401,148.36,23853343.0,149.0356,
2021-09-24,147.84,147.85,146.735,146.91,20203937.0,147.1516,
2021-09-27,146.06,146.87,145.88,146.37,13464252.0,146.5388,
2021-09-28,144.33,145.07,143.64,144.09,26613486.0,144.3618,
2021-09-29,144.8,145.43,143.69,144.34,23569416.0,144.4522,
2021-09-30,144.1,144.515,143.65,144.32,23168444.0,144.1547,
2021-10-01,144.85,145.4,144.2,145.35,26151798.0,144.9467,
2021-10-04,144.67,145.46,144.1,144.98,28027596.0,144.9392,
2021-10-05,144.6,144.7,143.461,143.58,22659503.0,143.7682,
2021-10-06,144.23,144.715,144.025,144.39,18446687.0,144.3042,
2021-10-07,143.185,143.335,142.59,142.88,14706041.0,142.9429,
2021-10-08,142.255,142.35,141.525,141.88,17845584.0,141.9646,
2021-10-11,141.6,141.9,141.45,141.52,7213403.0,141.6541,
2021-10-12,142.63,144.01,142.48,143.94,17968952.0,143.3186,
2021-10-13,144.61,145.53,144.5754,145.34,23569827.0,145.1112,
2021-10-14,145.37,145.96,144.945,145.88,12950609.0,145.6547,
2021-10-15,145,145.14,144.47,145.03,11811540.0,144.8734,
2021-10-18,145,146,144.52,145.71,12115879.0,145.5042,
2021-10-19,144.66,144.73,143.65,143.7,11656566.0,144.0218,
2021-10-20,143.25,143.68,142.51,142.73,12782477.0,143.0594,
2021-10-21,143,143.15,142.23,142.56,13660022.0,142.6048,
2021-10-22,143.45,144.4,143.21,144.13,13740010.0,143.8933,
2021-10-25,143.67,144.3,143.63,143.91,8138047.0,143.9473,
2021-10-26,144.62,145.1,143.74,145.1,13650997.0,144.7487,
2021-10-27,146.4,148.18,145.93,147.74,22092262.0,147.2849,
2021-10-28,147.79,148.33,146.835,147.24,17497586.0,147.3156,
2021-10-29,146.47,148,146.32,147.69,19087338.0,147.4636,
2021-11-01,145.8,146.76,145.7,146.44,18035452.0,146.2329,
2021-11-02,146.5,147.57,146.5,147.09,9836737.0,147.0243,
2021-11-03,147.82,147.98,145.53,145.57,20639350.0,146.5217,
2021-11-04,145.87,147.36,145.85,147.1,15874377.0,146.775,
2021-11-05,148.52,149.58,148.13,149.3,21513029.0,149.0209,
2021-11-08,148.96,149.28,148.51,149.02,12083905.0,148.9882,
2021-11-09,150.8,151.767,150.64,150.96,23430239.0,151.0518,
2021-11-10,150.83,150.93,147.03,148.2,28170644.0,148.7897,
2021-11-11,148.508,148.655,147.89,147.98,5547568.0,148.0682,
2021-11-12,148,148.51,146.76,147.33,12711972.0,147.4428,
2021-11-15,146.89,146.96,145.22,145.48,15232710.0,145.7864,
2021-11-16,145.69,146.38,144.85,145.11,12980708.0,145.5475,
2021-11-17,144.57,146.29,144.46,146.26,14193864.0,145.4668,
2021-11-18,145.9917,146.9,145.95,146.81,11009020.0,146.573,
2021-11-19,147.58,148.595,147.58,148.36,14022924.0,148.209,
2021-11-22,147.4,147.64,146.125,146.62,15267367.0,146.8856,
2021-11-23,145.93,146.11,144.5,144.5,15321246.0,145.228,
2021-11-24,144.94,146.82,144.79,146.82,13769705.0,146.1482,
2021-11-26,148.83,150.68,148.67,150.53,20064778.0,149.8079,
2021-11-29,148.31,149.635,148.17,149.32,23234231.0,149.1505,
2021-11-30,150.83,152.07,150.25,151.59,31076117.0,151.4034,
2021-12-01,150.485,152.41,149.79,152.34,30838845.0,151.3636,
2021-12-02,152.93,152.99,150.76,152.53,17754176.0,152.2084,
2021-12-03,151.68,155.12,151.35,154.35,34427106.0,153.7803,
2021-12-06,154.05,154.35,151.93,152.23,30924205.0,152.8111,
2021-12-07,151.72,152.525,150.8601,151,22115851.0,151.6654,
2021-12-08,150.472,150.48,148.36,148.39,33633891.0,149.2569,
2021-12-09,149.34,149.84,148.48,149.22,17544892.0,149.2653,
2021-12-10,149.92,150.24,148.81,148.86,14298740.0,149.3718,
2021-12-13,150.39,151.305,150.31,151.06,17860465.0,150.8846,
2021-12-14,150.37,150.93,149.31,150.7,14015451.0,150.3443,
2021-12-15,149.6139,150.79,149.13,149.25,25383933.0,149.9833,
2021-12-16,148.75,149.88,148.73,149.14,18677893.0,149.3034,
2021-12-17,150.34,150.98,150.16,150.83,18094619.0,150.6548,
2021-12-20,150.75,151.02,149.595,149.7,17147276.0,150.2669,
2021-12-21,148.14,149.2,147.62,149.13,16598163.0,148.3034,
2021-12-22,149.73,149.86,149.02,149.82,12253936.0,149.5819,
2021-12-23,149.59,149.6,148.03,148.52,11642576.0,148.4427,
2021-12-27,148.46,149.01,148.32,148.88,7822856.0,148.7632,
2021-12-28,149.6,149.78,148.01,148.29,9176428.0,148.8054,
2021-12-29,146.91,147.309,146.41,146.67,11771223.0,146.7767,
2021-12-30,147.25,147.9699,146.45,147.9,10355046.0,147.4616,
2021-12-31,147.81,149.03,147.43,148.19,13402321.0,148.2116,
2022-01-03,146.41,146.94,144.28,144.3,33860382.0,145.399,
2022-01-04,143.61,144.13,142.74,143.7,21891350.0,143.4198,
2022-01-05,144.14,144.16,142.71,142.92,20911677.0,143.2854,
2022-01-06,142.59,143.44,142.29,143.29,18996353.0,142.8608,
2022-01-07,143.13,143.236,141.56,142.26,18756845.0,142.312,
2022-01-10,141.65,142.805,141.36,142.61,13775770.0,142.1264,
2022-01-11,142.88,143.63,142.695,143.56,24388906.0,143.2404,
2022-01-12,143.9,144.01,142.995,143.01,14440646.0,143.4059,
2022-01-13,143.39,144.42,143.03,144.28,15166030.0,143.7991,
2022-01-14,143.42,143.46,141.795,142.1,22997531.0,142.4388,
2022-01-18,140.96,141.31,140.02,140.1,21173750.0,140.4773,
2022-01-19,140.53,141.71,140.31,141.07,17930463.0,141.1447,
2022-01-20,141.37,141.99,141.09,141.94,13958952.0,141.5489,
2022-01-21,143.4,144.1,142.67,143.63,28916580.0,143.4518,
2022-01-24,144.3,144.365,142.43,142.45,25005719.0,143.5287,
2022-01-25,143.11,143.71,141.8,142.22,15598988.0,142.5486,
2022-01-26,142.26,142.57,140.49,140.5,23655546.0,141.4872,
2022-01-27,142.41,143.365,142.33,143.08,21501789.0,142.9673,
2022-01-28,142.09,143.46,141.85,143.13,12732012.0,142.9597,
2022-01-31,142.18,142.95,141.96,142.39,13998392.0,142.4351,
2022-02-01,142.28,142.36,141.055,141.72,20806097.0,141.6807,
2022-02-02,141.95,143.57,141.93,142.2,18404569.0,142.6652,
2022-02-03,140.44,141.48,140.18,141.09,17234053.0,140.923,
2022-02-04,139.85,140.14,138.78,139.01,23609757.0,139.2128,
2022-02-07,138.91,139.31,138.55,139.1,12962436.0,139.0075,
2022-02-08,138.21,138.58,137.82,138.17,16269187.0,138.2322,
2022-02-09,138.72,139.37,138.19,138.43,14349139.0,138.7313,
2022-02-10,137.66,137.83,135.84,136.23,30896240.0,136.8197,
2022-02-11,136.87,138.51,135.36,138.25,43210273.0,137.0303,
2022-02-14,137.13,137.74,135.97,136.53,23157421.0,136.7568,
2022-02-15,135.6,135.84,134.94,134.98,18200703.0,135.3212,
2022-02-16,135.95,136.07,134.51,135.78,16473677.0,135.3502,
2022-02-17,136.45,137.565,135.9,136.79,24508242.0,136.8046,
2022-02-18,137.52,138.37,137.16,138.23,17522577.0,137.8951,
2022-02-22,137.69,138.67,137.47,138.59,19534043.0,138.1472,
2022-02-23,137.68,137.8499,136.565,136.68,17757840.0,137.1025,
2022-02-24,139.1,139.37,136.25,136.77,28150362.0,137.7195,
2022-02-25,136.86,137.31,136.18,136.87,15025360.0,136.7387,
2022-02-28,138.43,140.045,138.32,139.87,25817704.0,139.3698,
2022-03-01,140.36,142.33,140,141.3,35664355.0,141.3207,
2022-03-02,139.84,140.42,136.41,136.47,30397410.0,138.2782,
2022-03-03,137.49,138.7,137.02,137.86,20649063.0,137.881,
2022-03-04,140.36,140.825,139.305,140.24,25854808.0,140.2176,
2022-03-07,139.12,140.64,138.77,139.17,23710932.0,139.6372,
2022-03-08,137.51,138.25,137.25,137.77,28331275.0,137.7678,
2022-03-09,137.065,137.3403,136.13,136.42,18819154.0,136.7064,
2022-03-10,134.83,135.17,133.72,134.46,26868881.0,134.3631,
2022-03-11,134.33,135.45,134.21,134.91,15583795.0,134.7706,
2022-03-14,132.7,132.89,131.72,131.76,24084956.0,132.2266,
2022-03-15,132.86,133.15,131.19,131.53,17518754.0,131.9556,
2022-03-16,131.83,133.13,130.32,132.82,25857702.0,131.9712,
2022-03-17,132.82,133.34,131.07,131.83,19330578.0,132.0969,
2022-03-18,132.57,133.535,132.57,133.44,55891681.0,133.2173,
2022-03-21,131.28,131.67,129.75,130.35,26122048.0,130.7397,
2022-03-22,128.96,129.335,128.34,128.68,21830886.0,128.89,
2022-03-23,129.37,131.6,128.86,131.5,21266117.0,130.3361,
2022-03-24,129.65,131.18,129.6,130.47,17029091.0,130.4947,
2022-03-25,129.5,129.52,127.65,128.66,25689789.0,128.7084,
2022-03-28,129.39,130.56,129.04,129.76,17657777.0,129.6556,
2022-03-29,130.56,131.55,129.74,130.74,19319654.0,130.6267,
2022-03-30,130.07,132.01,129.985,131.76,16249969.0,131.4236,
2022-03-31,131.98,132.67,131.66,132.08,19900953.0,132.2827,
2022-04-01,130.01,132.96,129.71,132.38,23480724.0,131.8437,
2022-04-04,131.93,131.98,130.71,131.46,13609923.0,131.4129,
2022-04-05,130.76,130.775,128.29,128.49,25196929.0,128.8934,
2022-04-06,126.43,128.3,126.4,127.45,22951954.0,127.2652,
2022-04-07,126.11,126.67,125.41,126.49,23458768.0,126.0857,
2022-04-08,125.45,125.83,124.26,125.12,26859158.0,125.0013,
2022-04-11,123.92,124.19,122.56,123.14,29910696.0,123.2374,
2022-04-12,124.05,124.16,122.67,122.97,23124178.0,123.3993,
2022-04-13,123.05,124.3,122.89,123.22,17140500.0,123.5474,
2022-04-14,122.86,122.93,120.38,120.75,34244530.0,121.112,
2022-04-18,120.87,121.08,119.69,120.15,18784253.0,120.1957,
2022-04-19,119.15,119.72,118.67,119.25,26012315.0,119.1545,
2022-04-20,120.22,121.965,119.92,121.65,31423175.0,121.0392,
2022-04-21,120.83,120.91,119.17,120.75,22815744.0,120.0996,
2022-04-22,120.07,121.44,119.81,119.99,19739655.0,120.2742,
2022-04-25,121.38,122.185,121.125,121.19,24018916.0,121.627,
2022-04-26,122.44,123.03,121.76,122.41,26931347.0,122.331,
2022-04-27,122.19,122.32,120.77,120.84,14560521.0,121.2377,
2022-04-28,120.39,121.07,120.01,121.02,16892495.0,120.5132,
2022-04-29,119.31,120.97,119.105,119.45,26153421.0,119.8611,
2022-05-02,117.86,118.27,116.93,117.18,29220885.0,117.3865,
2022-05-03,119.04,119.31,117.89,117.97,21256662.0,118.5122,
2022-05-04,117.97,118.965,117.35,118.62,25575688.0,118.0857,
2022-05-05,116.35,116.47,114.015,115.37,47384528.0,115.1035,
2022-05-06,114.14,115.04,113.31,113.67,32790491.0,113.9541,
2022-05-09,112.86,114.71,112.62,114.67,26773036.0,113.6377,
2022-05-10,115.89,116.96,115.48,115.71,33640756.0,116.132,
2022-05-11,114.74,117.94,114.44,117.94,34173628.0,116.7962,
2022-05-12,118.02,118.89,117.655,117.72,26405693.0,118.2216,
2022-05-13,116.98,117.15,115.9,115.98,20782747.0,116.3251,
2022-05-16,116.21,116.935,115.85,115.86,11050571.0,116.3362,
2022-05-17,114.71,115.35,114.36,114.46,15040753.0,114.7577,
2022-05-18,114.72,117,114.61,116.9,21295265.0,116.3651,
2022-05-19,118.64,118.72,116.8537,117.18,21937465.0,117.6422,
2022-05-20,117.09,119.02,117.06,118.51,22780940.0,118.3976,
2022-05-23,117.705,118.25,116.54,116.56,15925189.0,117.0573,
2022-05-24,117.9,119.638,117.86,118.86,23388212.0,118.94,
2022-05-25,119.61,119.62,118.59,119.33,14410842.0,119.2033,
2022-05-26,119.02,119.09,117.8,118.79,14912949.0,118.5226,
2022-05-27,119.36,119.737,118.74,119.08,11190504.0,119.2037,
2022-05-31,117.18,117.23,115.928,116.56,28393674.0,116.7048,
2022-06-01,117.03,117.34,115.69,116.22,15544848.0,116.2597,
2022-06-02,116.63,116.71,115.46,116.28,9832015.0,116.1297,
2022-06-03,115.09,116.06,114.87,116.03,15330410.0,115.4956,
2022-06-06,115.15,115.51,113.81,113.89,20815373.0,114.1762,
2022-06-07,114.61,115.775,114.58,115.12,14276653.0,115.1606,
2022-06-08,114.68,115.13,114.08,114.1,11476139.0,114.4069,
2022-06-09,113.835,114.71,113.68,114.48,15527256.0,114.249,
2022-06-10,114.36,114.61,112.965,113.77,21917058.0,113.7912,
2022-06-13,111.49,111.67,109.24,110.2,36968312.0,110.4423,
2022-06-14,110.53,110.98,108.59,108.81,21865876.0,109.3339,
2022-06-15,110.085,110.99,109.03,110.84,25202801.0,109.8739,
2022-06-16,108.45,111.72,108.115,111.72,26067258.0,110.1792,
2022-06-17,112.01,112.83,110.96,112.08,21614262.0,112.0734,
2022-06-21,110.09,111.015,109.8128,110.18,17663799.0,110.2584,
2022-06-22,112.69,113.31,112.38,113.21,23703814.0,112.9854,
2022-06-23,113.9,115.165,113.49,114.14,20669222.0,114.3426,
2022-06-24,113.46,114.17,112.5,112.56,18161250.0,112.9121,
2022-06-27,111.22,112.22,111.16,111.6,12053040.0,111.6898,
2022-06-28,111.29,112.18,110.87,112.12,13708196.0,111.7538,
2022-06-29,112.38,113.9,112.17,113.87,12925357.0,113.509,
2022-06-30,114.859,115.77,114.75,114.87,25685128.0,115.303,
2022-07-01,115.9,117.59,115.22,115.82,21858829.0,116.1139,
2022-07-05,116.89,117.75,116.17,116.73,16689670.0,116.9999,
2022-07-06,117.39,117.54,114.77,114.77,20205365.0,115.4982,
2022-07-07,115.1,115.17,113.51,113.76,13087988.0,114.121,
2022-07-08,113.5,113.5,112.05,112.5,15320004.0,112.5634,
2022-07-11,113.79,114.79,113.7,114.44,13639942.0,114.317,
2022-07-12,115.51,116.23,114.97,115.12,18547318.0,115.6099,
2022-07-13,113.77,116.65,113.45,116.44,20562832.0,115.5535,
2022-07-14,115.08,116.16,114.47,115.49,15664987.0,115.5648,
2022-07-15,115.84,116.82,115.6,116.14,16022586.0,116.2272,
2022-07-18,115.25,115.32,114.18,114.93,15838268.0,114.9217,
2022-07-19,114.91,115.15,113.66,114.31,9276754.0,114.4472,
2022-07-20,115.48,115.55,114.05,114.61,9117311.0,114.5958,
2022-07-21,115.19,116.7195,115.01,116.59,14754886.0,116.0756,
2022-07-22,118.29,119.27,117.97,118.55,17715311.0,118.4677,
2022-07-25,116.71,117.54,116.47,117.39,24868134.0,117.221,
2022-07-26,118.86,119.24,117.395,117.48,13535963.0,118.151,
2022-07-27,118.01,118.485,116.71,116.82,15675564.0,117.7272,
2022-07-28,118.045,118.92,117.32,117.75,16580414.0,118.0801,
2022-07-29,117.7,119.305,117.33,117.43,16655870.0,118.1841,
2022-08-01,118.25,120.1,118.08,120.04,17974560.0,119.4788,
2022-08-02,120.15,120.69,117.285,117.5,17896257.0,118.5629,
2022-08-03,117.17,119.49,116.3336,119.35,16731172.0,118.2625,
2022-08-04,118.98,119.55,118.54,119.31,11003006.0,119.0266,
2022-08-05,117.07,117.11,115.89,116.47,19492287.0,116.5308,
2022-08-08,117.64,118.53,117.56,118.35,17477736.0,118.1297,
2022-08-09,117.73,118.359,117.46,117.89,8223201.0,117.8995,
2022-08-10,117.73,118.91,116.73,117.12,14665302.0,117.5094,
2022-08-11,116.87,117.06,114.09,114.39,20663783.0,115.0304,
2022-08-12,115.1,115.57,114.43,115.55,12153401.0,115.2433,
2022-08-15,116.33,116.745,115.45,115.45,9031814.0,116.0243,
2022-08-16,115.25,116.02,114.24,115.93,11065955.0,115.299,
2022-08-17,115.06,115.1,114.31,114.72,14131281.0,114.7013,
2022-08-18,114.97,115.64,114.585,114.89,10696578.0,115.0951,
2022-08-19,113.23,113.335,112.74,113.04,16218898.0,113.0453,
2022-08-22,112.86,112.96,112.13,112.66,10457236.0,112.6081,
2022-08-23,112.19,113.48,111.735,112.04,17813184.0,112.6369,
2022-08-24,111.485,111.87,110.86,111.22,13901626.0,111.313,
2022-08-25,111.32,113.09,110.99,112.77,21429692.0,112.3648,
2022-08-26,112.3,113.99,112.01,113.62,18764391.0,113.2346,
2022-08-29,112.94,113.01,112.1324,112.68,14278261.0,112.5016,
2022-08-30,112.62,113.51,112.21,112.96,14346559.0,112.9471,
2022-08-31,112.69,113.34,111.575,111.88,13623548.0,112.3509,
2022-09-01,109.87,110.25,108.94,109.6,22490448.0,109.6616,
2022-09-02,109.68,110.56,109.47,110.22,13000448.0,110.0534,
2022-09-06,108.9,108.97,107.42,107.49,24398520.0,107.8355,
2022-09-07,108.32,109.48,108.21,109.19,17050131.0,108.9178,
2022-09-08,108.84,109.52,108.05,108.07,14671366.0,108.6625,
2022-09-09,108.33,108.795,107.63,108.31,12529797.0,108.3638,
2022-09-12,108.63,108.89,106.92,107.42,14806921.0,107.8336,
2022-09-13,106.56,107.735,106.24,107.67,22153274.0,106.9361,
2022-09-14,107.34,108.21,107.115,108.04,13077844.0,107.773,
2022-09-15,107.85,108.19,107.58,107.97,10124164.0,107.8694,
2022-09-16,107.03,108.05,106.765,107.07,18903848.0,107.1922,
2022-09-19,106.96,107.82,106.8,107.32,11084426.0,107.4152,
2022-09-20,105.69,106.84,105.4,106.25,20112840.0,106.1432,
2022-09-21,106.7,108.04,105.97,108.03,23132922.0,107.2844,
2022-09-22,105.79,105.96,104.73,105.27,29030571.0,105.3446,
2022-09-23,105.34,106.425,104.56,105.7,23033234.0,105.5254,
2022-09-26,105.36,105.41,103.22,103.68,24964572.0,104.1686,
2022-09-27,102.71,102.98,100.9,100.95,34508653.0,101.7715,
2022-09-28,103.13,104.45,102.48,104.33,38783095.0,103.7776,
2022-09-29,102.9,104.225,102.8,103.79,19127141.0,103.569,
2022-09-30,104.27,104.86,102.225,102.45,26485690.0,103.2168,
2022-10-03,103.85,104.68,103.15,103.83,26492238.0,103.7751,
2022-10-04,104.15,104.6499,103.3,103.54,13788739.0,103.8893,
2022-10-05,102.73,102.84,101.5802,102.55,20522057.0,102.3578,
2022-10-06,102.59,102.84,101.53,101.98,13965691.0,102.1204,
2022-10-07,100.81,101.62,100.47,100.99,14814780.0,101.0377,
2022-10-10,100.5,100.51,98.795,99.42,15652632.0,99.4109,
2022-10-11,99.74,100.9,98.99,99.86,33246713.0,100.2527,
2022-10-12,99.275,100.535,99.19,100.35,21447565.0,100.1321,
2022-10-13,98.36,100.38,98.34,99.39,30292454.0,99.4159,
2022-10-14,100.19,100.19,98.25,98.57,18702742.0,98.7888,
2022-10-17,99.29,99.66,97.94,98.09,18969871.0,98.7525,
2022-10-18,97.95,98.46,96.87,98.32,16931451.0,97.942,
2022-10-19,97.19,97.42,96.32,96.53,25231577.0,96.6998,
2022-10-20,95.93,96.33,94.74,94.88,25434934.0,95.4109,
2022-10-21,93.02,93.93,92.26,93.17,46280271.0,93.2904,
2022-10-24,92.82,93.55,91.85,92.4,30832597.0,92.7281,
2022-10-25,94.58,95.225,94.44,95.09,30707113.0,94.8577,
2022-10-26,95.77,96.69,95.765,96.46,24845542.0,96.2515,
2022-10-27,96.98,97.9,96.215,97.47,20270036.0,97.276,
2022-10-28,96.86,97.625,96.41,96.8,21884089.0,96.8225,
2022-10-31,96.36,96.62,95.03,96.11,23956687.0,95.8853,
2022-11-01,97.38,97.42,96.21,96.77,17585088.0,96.6988,
2022-11-02,96.91,97.63,95.96,96.35,25010515.0,96.7147,
2022-11-03,95.17,96.38,95.09,95.83,29097497.0,95.8509,
2022-11-04,95.1,95.655,94.22,94.22,23561369.0,94.732,
2022-11-07,94.8,94.86,93.24,93.28,14522820.0,93.8213,
2022-11-08,93.8,94.96,93.7698,94.3,20360550.0,94.444,
2022-11-09,93.82,95.02,93.69,94.61,15637180.0,94.3179,
2022-11-10,96.725,98.43,96.64,98.25,45380877.0,97.6272,
2022-11-11,97.57,98.37,97.54,97.89,15943114.0,97.9482,
2022-11-14,97.91,97.985,97.09,97.65,13711928.0,97.469,
2022-11-15,98.25,99.3,98.11,99.23,26604714.0,98.8691,
2022-11-16,100.02,101.45,99.74,101.4,28486673.0,100.7217,
2022-11-17,100.2,100.57,99.78,100.33,24484378.0,100.2565,
2022-11-18,100.6,100.885,99.545,99.64,14941277.0,99.9042,
2022-11-21,100.69,100.815,99.8,100.06,15486009.0,100.1873,
2022-11-22,100.65,101.62,100.5319,101.48,18103116.0,101.2699,
2022-11-23,102.14,103.25,102.08,103.25,23234587.0,102.7392,
2022-11-25,102.61,102.93,102.43,102.9,9486076.0,102.6594,
2022-11-28,103.61,103.805,102.685,103.19,14569219.0,103.2208,
2022-11-29,102.15,102.96,101.91,101.98,16576438.0,102.3124,
2022-11-30,101.615,102.73,101.37,102.73,21560959.0,102.1846,
2022-12-01,103.15,105.81,103.1,105.76,53156786.0,104.8567,
2022-12-02,105.3,107.1,104.605,107.09,24479525.0,105.9503,
2022-12-05,105.84,105.99,104.9,105.59,20159732.0,105.5549,
2022-12-06,106.5,107.39,106.19,106.95,21754513.0,106.8163,
2022-12-07,108.37,109.68,108.2,109.47,30474179.0,109.035,
2022-12-08,108.7,109.45,108.47,109.17,13377290.0,108.9827,
2022-12-09,107.94,108.17,106.27,106.33,25872173.0,107.0916,
2022-12-12,107.86,108.11,106.26,106.67,16897091.0,106.908,
2022-12-13,109.04,109.08,107.455,107.7,23854670.0,108.2295,
2022-12-14,107.66,108.32,106.8927,108.16,19517531.0,107.6468,
2022-12-15,108.39,109.12,108.16,108.32,20255470.0,108.5785,
2022-12-16,106.6,107.83,106.31,107.11,20838343.0,107.1686,
2022-12-19,105.83,105.84,104.98,105.31,26126829.0,105.3839,
2022-12-20,103.38,103.81,103.1,103.44,28869030.0,103.4295,
2022-12-21,104.29,104.4,102.96,103.7,15894092.0,103.657,
2022-12-22,103.67,104.12,103.38,103.68,11124512.0,103.7738,
2022-12-23,102.58,102.81,102.0225,102.16,15408891.0,102.3566,
2022-12-27,100.49,101.07,100.01,100.14,26475730.0,100.3551,
2022-12-28,100.65,100.78,99.35,99.55,17302853.0,99.8239,
2022-12-29,99.86,100.99,99.79,100.68,16592967.0,100.5086,
2022-12-30,99.87,100.55,99.37,99.56,20810209.0,99.8209,
2023-01-03,102.2,102.34,100.84,101.46,25313228.0,101.5737,
2023-01-04,103.22,103.475,102.21,102.85,21678210.0,102.7937,
2023-01-05,101.87,103.288,101.78,103.28,14771117.0,102.7908,
2023-01-06,102.7,105.3,102.64,105.18,27473733.0,104.6402,
2023-01-09,104.41,105.93,104.27,105.74,21358166.0,105.337,
2023-01-10,104.53,104.82,103.5,103.99,20545215.0,104.0522,
2023-01-11,104.97,105.72,104.7,105.68,18794029.0,105.2098,
2023-01-12,105.82,107.81,104.56,107.76,32029608.0,106.7451,
2023-01-13,107.1,107.8,106.38,106.75,17620775.0,106.9668,
2023-01-17,105.67,106.66,105.65,106.06,13911676.0,106.1567,
2023-01-18,108.46,108.77,107.12,108.63,35497241.0,108.2089,
2023-01-19,108.1,108.37,107.44,107.95,17194653.0,107.963,
2023-01-20,106.96,107.24,106.11,106.2,22754067.0,106.4352,
2023-01-23,105.57,106.2,105.49,105.7,12961516.0,105.7555,
2023-01-24,106.12,107.45,105.39,107.22,16417220.0,106.8867,
2023-01-25,107.37,107.905,106.64,107.48,11619502.0,107.2808,
2023-01-26,107.14,107.65,106.49,106.98,15114352.0,107.037,
2023-01-27,106.19,106.96,106.11,106.71,11845473.0,106.6526,
2023-01-30,106.46,107.16,106.19,106.32,11459667.0,106.4738,
2023-01-31,106.98,107.28,105.87,107.17,13705345.0,106.5513,
2023-02-01,107.55,108.59,106.42,108.18,25305791.0,107.5678,
2023-02-02,108.92,109.352,108.085,108.32,19483415.0,108.5933,
2023-02-03,106.77,107.11,106.08,106.7,20619484.0,106.7279,
2023-02-06,105.75,106.305,105.68,105.91,15182444.0,105.9319,
2023-02-07,105.33,106.23,105,105.06,18290306.0,105.4692,
2023-02-08,105.04,105.58,104.39,105.56,13530655.0,105.0472,
2023-02-09,106.47,106.62,104.39,104.56,20469923.0,105.3031,
2023-02-10,104.4,104.44,103.115,103.39,16583949.0,103.5535,
2023-02-13,103.71,104.415,103.58,104.26,13094049.0,104.0494,
2023-02-14,104.2,104.83,103.135,104.02,15440317.0,103.9581,
2023-02-15,103.55,103.95,102.495,103.05,15409657.0,103.0396,
2023-02-16,102.07,102.22,101.33,101.59,19267327.0,101.7888,
2023-02-17,101.1,102.38,100.965,102.38,19560871.0,101.9721,
2023-02-21,101.005,101.2,100.28,100.39,22727975.0,100.6571,
2023-02-22,100.99,101.69,100.95,101.31,15165423.0,101.3344,
2023-02-23,101.54,102.59,101.47,102.3,15829077.0,102.0556,
2023-02-24,101.44,101.795,100.56,100.97,21403577.0,101.0809,
2023-02-27,101.29,101.7,100.91,101.25,14209183.0,101.2755,
2023-02-28,100.57,101.72,100.28,101.71,14955716.0,101.0914,
2023-03-01,100.82,101.03,99.96,100.37,19000033.0,100.4073,
2023-03-02,99.06,99.645,98.88,99.48,23769180.0,99.3082,
2023-03-03,100.93,101.9,100.57,101.89,30877342.0,101.4026,
2023-03-06,102.22,102.34,100.99,101.1,16631871.0,101.5642,
2023-03-07,101.46,102.365,100.88,101.72,23096462.0,101.7384,
2023-03-08,102.4,102.97,101.42,101.82,20252359.0,102.2262,
2023-03-09,101.55,102.52,101.33,102.07,21550356.0,101.9273,
2023-03-10,104.03,105.6939,104,105.59,43921484.0,105.0817,
2023-03-13,108.2,109.1,105.04,105.83,51502460.0,106.9707,
2023-03-14,105.14,105.61,103.75,104.09,38417777.0,104.5869,
2023-03-15,106.78,107.71,105.345,106.1,45164118.0,106.6902,
2023-03-16,107.38,108.03,105.04,105.27,43103531.0,106.2941,
2023-03-17,106.65,107.73,106.46,106.85,38128985.0,107.1443,
2023-03-20,106.88,106.96,105.72,105.91,24242781.0,106.277,
2023-03-21,105.08,105.42,104.54,105,18934923.0,104.9198,
2023-03-22,104.66,106.45,104.44,106.4,26388481.0,105.6722,
2023-03-23,105.36,106.55,104.82,106.4,25475128.0,105.6045,
2023-03-24,107.09,107.43,106.26,106.85,23657586.0,106.8116,
2023-03-27,105.05,105.76,104.325,104.34,22224508.0,104.8554,
2023-03-28,104.24,104.68,104.02,104.53,17794343.0,104.3818,
2023-03-29,103.7,104.45,103.6,104.32,16804393.0,104.1521,
2023-03-30,104.46,105.05,104.27,104.8,14315802.0,104.6975,
2023-03-31,105.35,106.56,105.075,106.37,25396684.0,105.9746,
2023-04-03,105.88,107.095,105.7,106.6,18234843.0,106.5344,
2023-04-04,105.78,107.8,105.75,107.13,18052419.0,107.2223,
2023-04-05,107.77,108.37,107.41,108.25,23047703.0,108.1088,
2023-04-06,108.42,108.87,108.39,108.53,16172295.0,108.6009,
2023-04-10,107.64,107.7618,106.56,106.78,19134399.0,106.9365,
2023-04-11,107.05,107.09,106.51,107,13971249.0,106.826,
2023-04-12,107.05,107.165,105.88,106.89,20563001.0,106.6242,
2023-04-13,107.05,107.39,105.88,106.05,22079384.0,106.4308,
2023-04-14,105.39,105.55,104.77,105.08,19801897.0,105.1199,
2023-04-17,104.42,104.59,103.71,103.83,19528811.0,103.9534,
2023-04-18,103.81,104.585,103.8,104.2,15922623.0,104.1896,
2023-04-19,103.91,104.237,103.475,104.1,16093905.0,103.8944,
2023-04-20,104.83,105.28,104.753,104.99,16450090.0,104.9425,
2023-04-21,105.3,105.46,104.27,104.4,15244718.0,104.5576,
2023-04-24,104.96,105.4875,104.84,105.41,17034309.0,105.2907,
2023-04-25,106.33,107.13,106.28,106.96,21899884.0,106.8366,
2023-04-26,106.79,107.24,105.67,105.82,19610403.0,106.2357,
2023-04-27,105.2,105.27,104.61,104.77,20247619.0,104.8544,
2023-04-28,106.21,106.76,105.86,106.46,26954077.0,106.353,
2023-05-01,105.27,105.42,102.84,103.13,32487293.0,103.7964,
2023-05-02,104,105.7,103.89,105.7,30057756.0,105.2118,
2023-05-03,106,106.6,105.275,106.29,23656168.0,106.0732,
2023-05-04,105.22,106.45,105.15,105.24,25110469.0,105.6295,
2023-05-05,104.35,104.9,104.105,104.89,15096463.0,104.6354,
2023-05-08,103.515,103.87,103.32,103.42,20587042.0,103.5649,
2023-05-09,103.5,103.64,103,103.05,19182506.0,103.2608,
2023-05-10,103.67,104.24,103.64,104.05,22886805.0,103.9692,
2023-05-11,105.295,105.52,104.72,105.15,19147223.0,105.0749,
2023-05-12,105.05,105.25,104.25,104.27,14198538.0,104.5736,
2023-05-15,103.39,103.47,103.12,103.19,20085302.0,103.2561,
2023-05-16,102.4,102.9,102.11,102.88,29251698.0,102.5728,
2023-05-17,103.08,103.16,102.345,102.58,21340887.0,102.6474,
2023-05-18,102.2,102.26,101.75,101.82,25536613.0,101.9746,
2023-05-19,101.26,101.86,100.93,101.1,29038022.0,101.2603,
2023-05-22,101.25,101.71,100.67,100.74,20131107.0,100.9677,
2023-05-23,100.43,101.25,100.275,101.03,21740970.0,100.7792,
2023-05-24,101.28,101.36,100.53,100.53,18473351.0,100.8384,
2023-05-25,100.7,100.8,100.03,100.28,22492819.0,100.3755,
2023-05-26,100.12,101.1733,100,101.09,17030266.0,100.6479,
2023-05-30,101.4,102.24,101.25,102.1,23125160.0,101.85,
2023-05-31,101.99,103.18,101.87,102.99,23787034.0,102.6054,
2023-06-01,103.28,103.63,102.63,103.12,21040382.0,103.0698,
2023-06-02,103,103.065,101.94,101.99,19136515.0,102.2725,
2023-06-05,101.35,102.4399,101.21,101.8,14433172.0,101.8801,
2023-06-06,101.84,102.47,101.39,102.4,14332121.0,102.1007,
2023-06-07,102.17,102.43,100.78,100.88,25251099.0,101.1914,
2023-06-08,100.87,102.14,100.8,102.06,23848659.0,101.7668,
2023-06-09,101.6,102.265,101.34,101.92,22148561.0,101.873,
2023-06-12,102.24,102.3,101.12,102.22,19024132.0,101.7597,
2023-06-13,102.11,102.33,100.965,101.21,25910828.0,101.3862,
2023-06-14,101.63,102.29,101.46,102.02,29094244.0,101.9534,
2023-06-15,103.03,103.63,102.6,103,25731994.0,103.0096,
2023-06-16,102.44,102.8269,102.03,102.6,16382084.0,102.5255,
2023-06-20,103.11,103.6581,103.11,103.31,17163972.0,103.4132,
2023-06-21,102.81,103.65,102.34,103.56,19720142.0,103.0135,
2023-06-22,102.8,103.25,102.2,102.31,23633350.0,102.4516,
2023-06-23,103.83,103.95,102.98,103.33,22901918.0,103.402,
2023-06-26,103.62,103.8,103.16,103.44,12894937.0,103.432,
2023-06-27,103.59,103.95,102.76,103.17,18105686.0,103.1191,
2023-06-28,103.41,103.84,102.827,103.61,23826807.0,103.3971,
2023-06-29,102.17,102.34,101.45,101.74,41091617.0,101.7964,
2023-06-30,102.06,103.06,101.87,102.94,32024910.0,102.5967,
2023-07-03,102.84,103.255,102.06,102.08,16011810.0,102.5351,
2023-07-05,101.89,102,100.74,101.11,28170286.0,101.216,
2023-07-06,100.2,100.38,99.47,99.68,41375735.0,99.8343,
2023-07-07,99.18,99.6,98.985,99.08,28996478.0,99.2306,
2023-07-10,98.86,99.53,98.85,99.21,24665198.0,99.1846,
2023-07-11,99.57,99.97,99.29,99.72,20491147.0,99.6402,
2023-07-12,100.1,101.12,99.765,100.83,31927964.0,100.6514,
2023-07-13,101.31,101.97,101.03,101.89,32441493.0,101.6431,
2023-07-14,101.72,101.935,101.235,101.29,18568974.0,101.4744,
2023-07-17,101.23,101.485,100.92,101.34,18828245.0,101.2131,
2023-07-18,101.8,102.065,101.57,101.8,15412764.0,101.834,
2023-07-19,102,102.98,101.725,102.95,27192463.0,102.5311,
2023-07-20,102.22,102.31,101.28,101.7,56951188.0,101.6592,
2023-07-21,102.16,102.345,101.63,101.73,20657453.0,101.9717,
2023-07-24,101.985,102.15,101.3,101.36,17546888.0,101.5788,
2023-07-25,100.83,101.5,100.8,101.17,17160556.0,101.1485,
2023-07-26,101.68,101.69,100.9256,101.27,19310659.0,101.308,
2023-07-27,100.71,100.925,98.91,99.3,44794390.0,99.6668,
2023-07-28,99.4,99.86,99.15,99.81,27433966.0,99.6658,
2023-07-31,99.65,100.33,99.62,100.05,28665164.0,99.9772,
2023-08-01,98.84,98.915,97.9,98.14,34985340.0,98.2442,
2023-08-02,97.04,97.235,96.41,97.09,38121255.0,96.9741,
2023-08-03,95.19,95.32,94.535,94.85,59449684.0,94.924,
2023-08-04,95.15,96.68,95.13,96.53,42071834.0,96.1862,
2023-08-07,96.11,96.2,95.5,95.58,35862880.0,95.7244,
2023-08-08,96.86,97.37,96.44,96.69,23997561.0,96.8313,
2023-08-09,96.88,97.29,96.84,97.19,20151127.0,97.083,
2023-08-10,97.04,97.355,95.59,95.59,37253246.0,96.1414,
2023-08-11,95.3,95.865,95.2,95.37,26753471.0,95.4725,
2023-08-14,95.21,95.93,94.9,95.16,19067967.0,95.3426,
2023-08-15,94.798,95.195,94.56,94.58,24125027.0,94.805,
2023-08-16,94.28,94.79,93.72,93.84,23076663.0,94.1727,
2023-08-17,93.5,93.605,93.02,93.44,32244852.0,93.3129,
2023-08-18,93.43,94.19,93.3015,93.77,24181708.0,93.8125,
2023-08-21,92.66,92.76,92.23,92.52,29254118.0,92.5117,
2023-08-22,92.64,93.275,92.46,93.23,21243072.0,92.9513,
2023-08-23,94.3,95.55,94.23,95.54,38294655.0,95.0392,
2023-08-24,95.13,95.55,94.885,94.91,22300818.0,95.0706,
2023-08-25,94.66,95.51,94.51,95.22,23865213.0,95.0474,
2023-08-28,95.65,95.66,94.8897,95.32,16037346.0,95.2589,
2023-08-29,94.97,96.51,94.94,96.31,28478118.0,96.0689,
2023-08-30,96.16,96.4,95.88,96.21,17550106.0,96.1864,
2023-08-31,96.54,97.05,96.425,96.64,26959665.0,96.7186,
2023-09-01,95.8,95.82,94.62,94.85,32425677.0,95.0155,
2023-09-05,94.28,94.285,93.49,93.52,29435888.0,93.7169,
2023-09-06,94.09,94.11,93.46,93.75,23397041.0,93.8135,
2023-09-07,94,94.07,93.68,94.01,18091459.0,93.9232,
2023-09-08,94.38,94.9,94.17,94.37,17045175.0,94.4914,
2023-09-11,93.7,93.98,93.55,93.69,17061472.0,93.7182,
2023-09-12,93.89,94.24,93.5808,94.23,20034330.0,94.0101,
2023-09-13,93.92,94.5301,93.82,94.21,23332277.0,94.1918,
2023-09-14,93.94,94.21,93.4,93.53,27800615.0,93.6426,
2023-09-15,93.46,93.48,92.96,92.96,25642922.0,93.1722,
2023-09-18,92.85,93.53,92.82,93.49,17963376.0,93.2758,
2023-09-19,93.08,93.43,92.8,92.8,24947684.0,93.0487,
2023-09-20,93.29,93.6,93.04,93.09,29451164.0,93.2724,
2023-09-21,91.285,91.365,90.69,90.7,59822247.0,90.9647,
2023-09-22,90.81,91.605,90.67,91.43,29530323.0,91.3131,
2023-09-25,89.66,90.04,89.15,89.18,45537914.0,89.5084,
2023-09-26,89.43,89.62,88.71,88.87,38065127.0,89.0936,
2023-09-27,89.535,89.62,88.09,88.41,47111201.0,88.5725,
2023-09-28,87.62,88.73,87.1,88.68,60238010.0,87.9862,
2023-09-29,89.27,89.49,88.13,88.69,48874045.0,88.8194,
2023-10-02,87.82,87.93,86.71,86.93,44704259.0,87.1846,
2023-10-03,86.31,86.65,84.885,85.06,71328141.0,85.5201,
2023-10-04,85.77,86.31,85.37,86.26,56281598.0,85.9737,
2023-10-05,86.105,86.19,85.635,85.83,35758761.0,85.8865,
2023-10-06,84.2,85.685,84.06,84.79,62762857.0,84.7932,
2023-10-09,85.5,86.8,84.95,86.78,29407688.0,86.2681,
2023-10-10,85.85,87.17,85.52,86.66,54743911.0,86.5123,
2023-10-11,87.85,88.47,87.6,88.47,58512403.0,88.0703,
2023-10-12,88.05,88.1894,85.925,86.07,66986734.0,86.674,
2023-10-13,87.6,87.83,87.17,87.61,43930889.0,87.4959,
2023-10-16,86.19,86.37,85.9,86.2,38309794.0,86.1625,
2023-10-17,84.89,85.6299,84.5045,85.25,52949096.0,85.1181,
2023-10-18,84.38,84.72,83.85,84.5,63724616.0,84.3323,
2023-10-19,83.88,84.57,82.74,82.77,87576929.0,83.3681,
2023-10-20,82.99,83.54,82.77,83.24,52188750.0,83.1902,
2023-10-23,82.81,84.86,82.42,84.24,70890435.0,83.9017,
2023-10-24,84.44,85.35,84.09,85.35,46267684.0,84.8596,
2023-10-25,84.02,84.13,83.13,83.45,60737170.0,83.6112,
2023-10-26,83.48,84.815,83.4,84.73,49704075.0,84.186,
2023-10-27,84.19,84.97,83.74,84.37,32362270.0,84.2069,
2023-10-30,83.81,84.5,83.24,83.99,45027063.0,83.8794,
2023-10-31,84.365,84.77,83.55,83.58,37269235.0,84.2536,
2023-11-01,84.04,85.12,84.02,85.1,72308463.0,84.7607,
2023-11-02,86.675,87.31,86.22,87.04,69712356.0,86.7847,
2023-11-03,88.81,89.05,87.575,87.63,77668250.0,88.2495,
2023-11-06,87.07,87.2,86.6,86.78,41341870.0,86.8701,
2023-11-07,87.61,88.5,87.59,88.06,37834193.0,88.0003,
2023-11-08,88.48,89.62,88.45,89.56,53893384.0,89.2038,
2023-11-09,88.94,89.03,86.74,87.5,88975095.0,87.7375,
2023-11-10,88.225,88.425,87.7749,87.99,36530021.0,88.0472,
2023-11-13,87.22,87.94,86.9,87.79,25661516.0,87.5001,
2023-11-14,90,90.15,89.29,89.78,65666823.0,89.6874,
2023-11-15,89.01,89.14,88.31,88.52,56205295.0,88.604,
2023-11-16,89.3,89.96,89.25,89.62,49455882.0,89.6491,
2023-11-17,90.16,90.425,89.6358,90.04,44100610.0,90.0014,
2023-11-20,89.62,90.655,89.61,90.59,40517570.0,90.2651,
2023-11-21,90.5,90.8,89.885,90.55,27720966.0,90.413,
2023-11-22,91.12,91.32,90.38,90.87,31215577.0,90.841,
2023-11-24,90.1,90.26,89.79,89.8,20199626.0,89.9411,
2023-11-27,90.3,91.34,90.205,91.3,39804428.0,90.9141,
2023-11-28,90.91,91.53,90.785,91.48,44989267.0,91.2375,
2023-11-29,92.11,92.695,91.775,92.63,61630846.0,92.3837,
2023-11-30,91.97,92.29,91.155,91.56,60448870.0,91.6626,
2023-12-01,91.31,93.0599,91.1316,92.99,64172227.0,92.4824,
2023-12-04,92.49,92.83,92.09,92.615,33766250.0,92.4302,
2023-12-05,93.63,94.62,93.565,94.61,73588581.0,94.3053,
2023-12-06,95.08,96.05,94.87,95.87,61606082.0,95.6628,
2023-12-07,95.18,96.08,95.06,95.32,47970168.0,95.4734,
2023-12-08,94.42,94.715,93.91,94.54,44809246.0,94.3681,
2023-12-11,94.01,94.44,93.53,94.34,33909733.0,94.0348,
2023-12-12,94.15,94.7,93.9004,94.62,36996909.0,94.4506,
2023-12-13,95.17,96.98,95.02,96.84,70828499.0,96.222,
2023-12-14,97.66,99.04,97.42,99.04,87798591.0,98.4425,
2023-12-15,98.69,99.35,98.58,99.15,59941256.0,99.0455,
2023-12-18,98.5,98.5,98.02,98.36,34746018.0,98.3351,
2023-12-19,98.855,99.26,98.66,98.89,30018415.0,98.9257,
2023-12-20,99.11,99.69,98.58,99.56,51229377.0,99.2313,
2023-12-21,99.74,99.84,98.75,98.93,65231183.0,99.0719,
2023-12-22,99.38,99.38,98.24,98.475,29106249.0,98.6151,
2023-12-26,98.54,98.87,98.48,98.76,22827749.0,98.6942,
2023-12-27,99.78,100.53,99.5,100.51,45082814.0,100.1904,
2023-12-28,100.09,100.57,99.56,99.78,36212985.0,99.9109,
2023-12-29,99.13,99.815,98.795,98.88,41616185.0,99.2134,
2024-01-02,98.2293,98.65,98,98.31,47797425.0,98.2572,
2024-01-03,97.38,98.85,97.15,98.72,58159496.0,98.1822,
2024-01-04,97.42,97.64,97.065,97.22,52558311.0,97.3144,
2024-01-05,96.5,97.68,96.21,96.29,45894801.0,96.6722,
2024-01-08,96.23,97.38,96.09,97.24,39485848.0,97.0365,
2024-01-09,96.64,97.165,96.585,96.62,34373950.0,96.7697,
2024-01-10,96.92,97.045,96.121,96.17,48143798.0,96.3773,
2024-01-11,96.17,96.83,95.71,96.71,78858911.0,96.4335,
2024-01-12,96.78,97.27,96.27,96.52,38685928.0,96.6625,
2024-01-16,95.62,95.79,94.51,94.82,61707698.0,94.9798,
2024-01-17,94.6,95,94.16,94.67,55416807.0,94.6149,
2024-01-18,94.46,94.58,93.51,93.79,77314312.0,93.8443,
2024-01-19,93.71,94.165,93.26,94.09,47030912.0,93.8613,
2024-01-22,94.82,95.08,94.39,94.65,35728916.0,94.6963,
2024-01-23,93.89,93.99,93.4299,93.9,35786747.0,93.7487,
2024-01-24,94.51,94.54,93.1,93.35,54574914.0,93.5575,
2024-01-25,94,94.216,93.57,93.96,57019409.0,93.911,
2024-01-26,93.93,94.07,93.485,93.78,29297662.0,93.7757,
2024-01-29,94.31,95.165,94.12,94.86,38243550.0,94.6756,
2024-01-30,95.48,95.84,94.74,95.72,40151415.0,95.3812,
2024-01-31,96.22,96.91,96,96.66,80586722.0,96.4972,
2024-02-01,97.42,98.67,97.19,98.24,84291219.0,98.0499,
2024-02-02,96.27,96.62,95.69,96.07,63823250.0,96.0967,
2024-02-05,94.63,94.85,94.02,94.13,53752357.0,94.2604,
2024-02-06,94.24,95.15,94.211,95.05,33403973.0,94.875,
2024-02-07,94.57,95.23,94.52,94.59,40120215.0,94.7428,
2024-02-08,94.02,94.3,93.655,94.04,50087687.0,93.9499,
2024-02-09,93.76,94.01,93.6618,93.85,27951308.0,93.8403,
2024-02-12,93.9,94.14,93.5001,93.96,27890272.0,93.8711,
2024-02-13,92.86,93.059,92.33,92.35,49768460.0,92.5871,
2024-02-14,92.3,93.05,92.23,92.82,44190176.0,92.7032,
2024-02-15,93.56,93.72,93,93.3,49598494.0,93.304,
2024-02-16,92.48,92.845,92.34,92.76,33116772.0,92.6821,
2024-02-20,92.79,93.19,92.72,92.84,24469329.0,92.9479,
2024-02-21,92.83,92.895,92.0063,92.18,36404244.0,92.3536,
2024-02-22,92.33,92.76,92.265,92.63,45190659.0,92.5429,
2024-02-23,92.75,93.999,92.75,93.87,38406710.0,93.6505,
2024-02-26,94,94.03,93.19,93.59,27825044.0,93.4853,
2024-02-27,93.24,93.47,92.845,92.93,30241953.0,93.1339,
2024-02-28,93.08,93.595,92.9,93.52,34574178.0,93.3274,
2024-02-29,93.82,94.3,93.78,94.18,50928614.0,94.0788,
2024-03-01,93.44,94.51,93.01,94.47,45832788.0,94.1563,
2024-03-04,93.7,94.155,93.68,94.09,23864210.0,93.9846,
2024-03-05,95.23,95.68,94.965,95.43,37721853.0,95.3189,
2024-03-06,95.49,96.17,95.41,95.99,40571580.0,95.8467,
2024-03-07,96.36,96.4,95.48,95.9,39075047.0,95.8454,
2024-03-08,95.8,96.045,95.48,95.73,25023234.0,95.7656,
2024-03-11,95.96,96.01,95.37,95.68,17488915.0,95.7023,
2024-03-12,95.04,95.21,94.69,94.88,29566000.0,94.9425,
2024-03-13,94.5,94.74,94.21,94.42,38270057.0,94.4369,
2024-03-14,93.73,93.75,92.86,92.97,58364063.0,93.0912,
2024-03-15,93.06,93.19,92.785,92.94,34197707.0,93.013,
2024-03-18,92.73,92.99,92.5,92.66,29519539.0,92.6875,
2024-03-19,92.85,93.27,92.69,92.92,26953132.0,92.9251,
2024-03-20,93.1,93.79,92.29,92.89,43460080.0,92.9701,
2024-03-21,93.27,93.43,92.725,93.09,34276643.0,93.0399,
2024-03-22,94.19,94.21,93.78,93.98,30262284.0,93.9692,
2024-03-25,93.707,93.75,93.3,93.51,24011759.0,93.5265,
2024-03-26,93.51,93.87,93.2813,93.77,34394197.0,93.6915,
2024-03-27,93.99,94.7,93.94,94.7,50045816.0,94.4966,
2024-03-28,94.49,95.02,94.32,94.62,34540428.0,94.7097,
2024-04-01,93.29,93.3,92.455,92.55,48945448.0,92.6819,
2024-04-02,91.57,92.2,91.335,92.04,43086304.0,91.8961,
2024-04-03,91.26,92.05,91.05,92.02,45494441.0,91.7272,
2024-04-04,92.63,92.76,92.04,92.68,47957413.0,92.4863,
2024-04-05,91.69,92.18,91.38,91.39,42495899.0,91.6517,
2024-04-08,91.23,91.59,91.13,91.38,37879796.0,91.336,
2024-04-09,91.869,92.36,91.835,92.23,32425023.0,92.1689,
2024-04-10,91.2001,91.3,90.05,90.22,74368942.0,90.5283,
2024-04-11,90.38,90.44,89.51,89.81,65751184.0,89.8679,
2024-04-12,90.64,90.95,90.28,90.29,47822106.0,90.5398,
2024-04-15,89.22,89.26,88.523,88.89,55957060.0,88.823,
2024-04-16,88.05,88.58,87.785,88.3,45103244.0,88.2527,
2024-04-17,88.87,89.375,88.46,89.28,57946990.0,89.0891,
2024-04-18,89.24,89.27,88.59,88.83,43839454.0,88.8286,
2024-04-19,89.39,89.39,88.905,89.15,44726771.0,89.09,
2024-04-22,88.68,89.12,88.645,89,24969046.0,88.9363,
2024-04-23,88.73,89.54,88.55,89.03,27222722.0,89.181,
2024-04-24,88.56,88.63,87.5,88.4,48986757.0,88.2677,
2024-04-25,87.46,87.9,87.34,87.78,49282640.0,87.7205,
2024-04-26,88.245,88.605,88.05,88.24,31589821.0,88.2912,
2024-04-29,88.66,89.015,88.48,88.98,39228621.0,88.8295,
2024-04-30,88.42,88.73,88.095,88.22,41054666.0,88.3201,
2024-05-01,88.6,89.21,88.24,88.56,59649513.0,88.5983,
2024-05-02,88.21,89.01,88.025,88.94,58925388.0,88.6972,
2024-05-03,89.93,90.12,89.27,89.84,50054875.0,89.7086,
2024-05-06,89.87,90.25,89.67,90.19,23868185.0,90.0223,
2024-05-07,90.9,91.24,90.6141,90.74,30348831.0,90.8794,
2024-05-08,90.31,90.46,90.16,90.19,31171659.0,90.2821,
2024-05-09,89.87,90.77,89.82,90.63,39606723.0,90.3948,
2024-05-10,90.28,90.38,89.96,90.12,21913759.0,90.1264,
2024-05-13,90.55,90.61,90.31,90.35,23157495.0,90.4483,
2024-05-14,90.65,90.9199,90.42,90.86,25746391.0,90.7194,
2024-05-15,91.87,92.255,91.63,92.1,65130886.0,92.028,
2024-05-16,92.39,92.4205,91.94,92.01,37902425.0,92.1168,
2024-05-17,91.64,91.8,91.34,91.39,24755012.0,91.4981,
2024-05-20,91.08,91.315,91.01,91.12,17922808.0,91.1394,
2024-05-21,91.73,91.77,91.43,91.59,15334425.0,91.5914,
2024-05-22,91.27,91.7799,91.26,91.7,38073722.0,91.6403,
2024-05-23,91.8,91.8,90.82,91.11,51294662.0,91.1101,
2024-05-24,90.97,91.47,90.9,91.38,19164425.0,91.2583,
2024-05-28,91.33,91.36,90.03,90.07,45973742.0,90.3264,
2024-05-29,89.34,89.395,88.68,88.98,45508378.0,89.0121,
2024-05-30,89.6,89.97,89.44,89.84,29571653.0,89.7354,
2024-05-31,90.48,90.66,90.25,90.45,41233832.0,90.4252,
2024-06-03,90.64,91.67,90.61,91.6,42272093.0,91.4051,
2024-06-04,92.2,92.8,91.99,92.67,42581462.0,92.464,
2024-06-05,93,93.35,92.3887,93.35,43153858.0,93.125,
2024-06-06,92.92,93.43,92.86,93.21,22891863.0,93.1574,
2024-06-07,91.83,91.83,91.4,91.5,35240475.0,91.5996,
2024-06-10,91,91.06,90.65,90.89,20298244.0,90.8895,
2024-06-11,91.032,91.87,90.9223,91.83,30085207.0,91.529,
2024-06-12,93.02,93.57,92.485,92.52,42554583.0,93.0347,
2024-06-13,93.22,93.99,92.95,93.88,33093758.0,93.6233,
2024-06-14,94.42,94.84,94.24,94.67,28776710.0,94.5662,
2024-06-17,93.52,93.81,93.28,93.73,31040202.0,93.6087,
2024-06-18,93.89,94.6,93.73,94.59,26717038.0,94.3172,
2024-06-20,93.41,94,93.34,93.96,30246274.0,93.7649,
2024-06-21,94.24,94.479,93.59,93.96,22830882.0,93.9202,
2024-06-24,94.05,94.34,93.735,94.34,56939096.0,94.1053,
2024-06-25,94.07,94.55,94.04,94.5,23160000.0,94.325,
2024-06-26,93.28,93.465,93.11,93.15,37717135.0,93.2393,
2024-06-27,93.52,93.71,93.42,93.52,23136767.0,93.5449,
2024-06-28,93.73,93.765,91.78,91.78,55119554.0,92.3548,
2024-07-01,90.42,91.08,89.82,89.91,49662376.0,90.1304,
2024-07-02,90.68,90.805,90.08,90.61,34204719.0,90.4696,
2024-07-03,91.17,91.89,91.085,91.8,35563313.0,91.6673,
2024-07-05,92.27,92.725,91.9,92.56,34095512.0,92.4019,
2024-07-08,92.54,92.845,92.2246,92.76,16095651.0,92.6098,
2024-07-09,92.47,92.675,91.87,92.35,30224136.0,92.255,
2024-07-10,92.45,92.68,92.2603,92.64,23572469.0,92.5242,
2024-07-11,93.68,94.135,93.47,93.54,49761785.0,93.7025,
2024-07-12,93.53,93.94,93.34,93.94,27796476.0,93.6913,
2024-07-15,93,93.3,92.78,92.86,37918854.0,92.9348,
2024-07-16,93.53,94.21,93.39,94.17,36383720.0,93.9147,
2024-07-17,93.92,94.4,93.69,94.19,29036838.0,94.1211,
2024-07-18,93.68,94.14,93.38,93.47,34553075.0,93.6806,
2024-07-19,93.04,93.16,92.82,92.92,32164669.0,92.9886,
2024-07-22,93.4,93.52,92.3,92.65,36160366.0,92.8746,
2024-07-23,92.81,93.03,92.49,92.52,23497988.0,92.8134,
2024-07-24,92.59,92.85,91.47,91.52,50757116.0,92.0075,
2024-07-25,92.025,92.86,91.96,92.27,44999074.0,92.3975,
2024-07-26,92.95,93.15,92.71,92.99,34423772.0,92.9608,
2024-07-29,93.67,93.69,93.22,93.49,25801347.0,93.4698,
2024-07-30,93.75,94.05,93.3,93.85,28169820.0,93.6685,
2024-07-31,94.53,94.84,94.24,94.81,47445288.0,94.6217,
2024-08-01,95.14,95.905,95.12,95.31,77114240.0,95.5169,
2024-08-02,97,98.37,96.8901,98.28,91912942.0,97.8669,
2024-08-05,99.69,99.935,97.9,98.8,90532310.0,98.8587,
2024-08-06,98.15,98.41,96.59,96.59,61163860.0,97.1706,
2024-08-07,95.95,96.45,95.5,95.91,51337133.0,96.002,
2024-08-08,95.115,95.4,94.84,95.32,37815770.0,95.2152,
2024-08-09,96.51,96.54,96.0906,96.26,32141763.0,96.2649,
2024-08-12,96.03,96.82,95.88,96.61,24261382.0,96.5026,
2024-08-13,97.3,97.36,96.98,97.28,30366938.0,97.1733,
2024-08-14,97.55,98.16,97.5082,97.89,31334061.0,97.8755,
2024-08-15,96.405,97.1,96.21,97.1,38723695.0,96.8118,
2024-08-16,97.44,97.5399,97.01,97.44,28460965.0,97.3734,
2024-08-19,97.42,98.155,97.405,97.89,25322138.0,97.8474,
2024-08-20,98.32,98.855,98.12,98.67,25239303.0,98.5531,
2024-08-21,98.67,99.2,98.21,98.73,28974982.0,98.745,
2024-08-22,98.23,98.3,97.43,97.75,33453848.0,97.7657,
2024-08-23,98.19,98.67,97.96,98.39,32005083.0,98.3529,
2024-08-26,98.69,98.6975,98.08,98.14,23198710.0,98.2949,
2024-08-27,97.49,98.08,97.41,97.97,21484650.0,97.7399,
2024-08-28,98.01,98.2,97.725,97.85,18501411.0,97.9239,
2024-08-29,97.37,97.64,97.125,97.53,24988243.0,97.4707,
2024-08-30,97.68,97.985,96.47,96.49,42896190.0,96.9486,
2024-09-03,97.56,98.06,97.42,97.75,48947900.0,97.6763,
2024-09-04,97.88,99.03,97.81,99.01,40885163.0,98.6334,
2024-09-05,99.34,99.6787,98.775,99.57,47450878.0,99.3458,
2024-09-06,99.55,100.78,99.1901,99.56,57406404.0,99.933,
2024-09-09,99.4,100.1,99.16,99.99,26961402.0,99.8075,
2024-09-10,99.87,100.91,99.82,100.69,31703409.0,100.5475,
2024-09-11,100.49,101.235,100.35,100.61,39272052.0,100.721,
2024-09-12,100.36,100.55,99.69,100.14,41812529.0,100.0856,
2024-09-13,100.46,100.61,100.02,100.41,25722135.0,100.3874,
2024-09-16,100.63,101.37,100.41,101.33,30866261.0,101.0979,
2024-09-17,101.47,101.64,100.74,100.84,31699372.0,101.0595,
2024-09-18,100.24,100.7266,99.54,99.59,48887047.0,100.0205,
2024-09-19,98.92,99.31,98.77,99.26,39979816.0,99.0634,
2024-09-20,98.99,99.245,98.72,98.88,36957571.0,99.0009,
2024-09-23,98.5,99.09,98.02,98.67,35703932.0,98.6159,
2024-09-24,98,98.89,97.85,98.65,31005351.0,98.4383,
2024-09-25,98.26,98.32,97.79,97.83,36738236.0,98.017,
2024-09-26,98.07,98.245,97.42,98.06,33332315.0,97.9513,
2024-09-27,98.54,98.755,98.21,98.57,28317628.0,98.5393,
2024-09-30,98.64,98.71,97.8839,98.1,34208260.0,98.2199,
2024-10-01,98.8,99.33,98.385,98.49,45254237.0,98.8234,
2024-10-02,97.36,97.73,97.06,97.66,35810763.0,97.4858,
2024-10-03,97.34,97.51,96.74,96.74,39677767.0,97.002,
2024-10-04,95.44,95.96,95.4,95.55,56970281.0,95.6542,
2024-10-07,94.98,95.2672,94.76,94.83,42606634.0,94.9425,
2024-10-08,94.39,95.03,94.335,94.99,33709587.0,94.7174,
2024-10-09,94.67,94.905,94.23,94.45,35807681.0,94.5544,
2024-10-10,93.88,94.09,93.41,94.08,53667357.0,93.8629,
2024-10-11,93.48,94.0656,93.422,93.7,27396423.0,93.7593,
2024-10-14,93.04,93.78,92.98,93.765,28525344.0,93.4589,
2024-10-15,94.46,95,94.3736,94.91,46429050.0,94.7603,
2024-10-16,95.39,95.62,95.14,95.31,32281486.0,95.3123,
2024-10-17,94.29,94.44,93.6701,93.8,43172214.0,93.9214,
2024-10-18,94.05,94.28,93.86,93.87,25258632.0,94.0315,
2024-10-21,93.02,93.09,92.23,92.23,49504698.0,92.508,
2024-10-22,92.65,92.76,92.091,92.32,32096893.0,92.3695,
2024-10-23,91.84,92.37,91.6601,92.07,33354245.0,92.0228,
2024-10-24,92.23,93,91.96,92.66,32507395.0,92.5585,
2024-10-25,92.99,93.0375,92.02,92.14,28667060.0,92.4293,
2024-10-28,92.27,92.29,91.415,91.89,33092361.0,91.8313,
2024-10-29,91.17,92.06,90.9837,92.03,46540204.0,91.5658,
2024-10-30,92.84,93.285,92.16,92.3,41949068.0,92.5938,
2024-10-31,92.2,92.94,91.87,92.45,52173754.0,92.4383,
2024-11-01,92.26,92.515,90.8,90.84,80401983.0,91.3604,
2024-11-04,92.28,92.57,91.63,92.25,49743794.0,92.1588,
2024-11-05,92.03,92.9,91.6,92.74,46986037.0,92.3,
2024-11-06,89.64,90.72,89.5545,90.2,98895693.0,90.0689,
2024-11-07,90.75,91.62,90.65,91.33,56221411.0,91.1342,
2024-11-08,92,92.5955,91.84,92.49,56617675.0,92.2852,
2024-11-11,92.25,92.295,91.62,92.04,22369200.0,91.9699,
2024-11-12,91.37,91.85,90.51,90.66,57908367.0,90.8761,
2024-11-13,91.515,91.54,89.72,89.8,49009127.0,90.2628,
2024-11-14,90.56,91.025,90.27,90.32,53083347.0,90.523,
2024-11-15,89.915,90.65,89.51,90.08,73722402.0,89.9966,
2024-11-18,89.66,90.59,89.424,90.24,36058665.0,89.9912,
2024-11-19,90.82,91.07,90.62,90.7,29585102.0,90.8112,
2024-11-20,90.15,90.83,90.11,90.41,27755434.0,90.4593,
2024-11-21,90.45,90.85,90,90.34,28365740.0,90.3428,
2024-11-22,90.51,90.7,90.15,90.39,21547548.0,90.475,
2024-11-25,92.2,92.78,91.985,92.73,56858036.0,92.4336,
2024-11-26,92.16,92.44,91.81,92.37,31122249.0,92.2234,
2024-11-27,93.04,93.38,92.67,93.01,39442167.0,93.0075,
2024-11-29,93.78,93.985,93.44,93.97,31905735.0,93.7665,
2024-12-02,93.27,94.1475,93,93.87,39400033.0,93.6631,
2024-12-03,93.93,94.03,92.99,93.06,32768887.0,93.4213,
2024-12-04,92.61,94.19,92.54,94.06,35851069.0,93.7062,
2024-12-05,93.72,94.39,93.655,94.25,23695821.0,94.1163,
2024-12-06,94.72,94.85,94.02,94.39,31761525.0,94.375,
2024-12-09,93.99,94.04,93.465,93.52,30509582.0,93.639,
2024-12-10,93.02,93.3,92.905,93.08,28706474.0,93.0975,
2024-12-11,93.07,93.29,92.105,92.2,38708397.0,92.4434,
2024-12-12,91.64,91.746,91,91.08,45243386.0,91.2848,
2024-12-13,90.8,90.85,90.08,90.15,39485960.0,90.3052,
2024-12-16,90.55,90.6152,90.05,90.42,23482268.0,90.3515,
2024-12-17,90.52,90.985,90.455,90.64,23839892.0,90.6683,
2024-12-18,89.97,90.37,89.14,89.16,61328421.0,89.6081,
2024-12-19,88.07,88.385,87.505,87.81,99083313.0,87.8995,
2024-12-20,88.53,88.91,88.29,88.31,45542412.0,88.4682,
2024-12-23,88.16,88.23,87.44,87.5,32764561.0,87.6564,
2024-12-24,87.04,87.89,86.98,87.87,22377628.0,87.4606,
2024-12-26,87.21,87.96,87.2,87.82,19996215.0,87.6397,
2024-12-27,87.48,87.775,87.06,87.1,27262321.0,87.3055,
2024-12-30,87.83,88.035,87.67,87.8,48419626.0,87.8217,
2024-12-31,88.13,88.28,87.26,87.33,31835307.0,87.6137,
2025-01-02,87.8,88.115,87.21,87.57,27841296.0,87.5919,
2025-01-03,87.72,87.88,87.18,87.29,21962204.0,87.4997,
2025-01-06,87.05,87.23,86.67,86.9,30231493.0,86.9409,
2025-01-07,86.6,86.77,85.79,85.92,41757185.0,86.0508,
2025-01-08,85.47,86.2,85.34,86.03,44590774.0,85.8218,
2025-01-10,85.28,85.845,85.16,85.46,47115832.0,85.4554,
2025-01-13,85.53,85.66,85.04,85.43,33258924.0,85.3648,
2025-01-14,85.23,85.36,84.89,85.29,33412888.0,85.1719,
2025-01-15,86.695,86.975,86.395,86.76,54120729.0,86.6572,
2025-01-16,86.64,87.395,86.28,87.04,34351051.0,86.9403,
2025-01-17,87.43,87.48,87.04,87.19,29872011.0,87.2337,
2025-01-21,87.89,88.17,87.63,87.97,30393614.0,87.8795,
2025-01-22,87.87,87.98,87.32,87.51,25278409.0,87.5602,
2025-01-23,86.64,86.99,86.525,86.83,31949017.0,86.8258,
2025-01-24,86.72,87.28,86.6,87.22,21110355.0,87.0942,
2025-01-27,88.155,88.43,87.85,88.25,42864203.0,88.1883,
2025-01-28,87.84,88.2,87.6591,88.19,25519105.0,87.9667,
2025-01-29,88.43,88.615,87.63,88.01,25126751.0,88.071,
2025-01-30,88.41,88.705,88.17,88.34,25094896.0,88.4156,
2025-01-31,88.38,88.66,87.43,87.76,48812469.0,87.9438,
2025-02-03,88.575,89.1,87.8,88.16,70657233.0,88.3533,
2025-02-04,87.55,88.4499,87.48,88.43,33413956.0,88.0591,
2025-02-05,89.45,90.175,89.39,89.89,48331179.0,89.7984,
2025-02-06,89.86,90.15,89.545,89.85,22509940.0,89.8796,
2025-02-07,89.24,89.45,88.935,89.27,31171245.0,89.2353,
2025-02-10,89.264,89.53,88.85,89,22641756.0,89.066,
2025-02-11,88.53,88.68,88.375,88.43,21513015.0,88.4802,
2025-02-12,87.29,87.6,86.8601,87.23,48536211.0,87.2429,
2025-02-13,88.09,88.89,88.07,88.68,42718098.0,88.5518,
2025-02-14,89.38,89.68,89.12,89.15,27460743.0,89.3078,
2025-02-18,88.54,88.84,88.04,88.1,29429174.0,88.301,
2025-02-19,87.95,88.45,87.885,88.21,20584304.0,88.1484,
2025-02-20,88.45,88.76,88.45,88.54,27913442.0,88.5845,
2025-02-21,88.87,89.93,88.82,89.61,46787348.0,89.5277,
2025-02-24,89.33,90.06,89.26,89.87,26194188.0,89.7606,
2025-02-25,90.97,91.5,90.8,91.42,50125054.0,91.2103,
2025-02-26,91.42,92.06,91.2,91.96,32174186.0,91.7291,
2025-02-27,91.31,91.79,91.14,91.31,53373572.0,91.347,
2025-02-28,91.85,92.475,91.4701,92.43,49388600.0,91.9547,
2025-03-03,91.41,92.71,91.37,92.57,42904172.0,92.3158,
2025-03-04,92.44,92.79,91.265,91.43,56721962.0,91.8427,
2025-03-05,91.56,91.8,90.61,90.7,45215938.0,90.9314,
2025-03-06,90.48,90.8,89.7337,90.4,42827474.0,90.3299,
2025-03-07,91.14,91.16,89.985,90.11,36903632.0,90.5351,
2025-03-10,91.08,91.625,90.91,91.05,41440750.0,91.1992,
2025-03-11,90.965,91.4905,90.14,90.4,40555666.0,90.6795,
2025-03-12,90,90.38,89.78,89.86,32734569.0,89.9954,
2025-03-13,89.58,90.71,89.375,90.65,38675413.0,90.2683,
2025-03-14,90.01,90.41,89.86,90.17,24657989.0,90.1694,
2025-03-17,90.8,91.18,90.38,90.62,26700275.0,90.7136,
2025-03-18,90.14,91.02,90.12,90.71,23654748.0,90.5812,
2025-03-19,90.68,91.22,90.38,91.18,31378713.0,90.9219,
2025-03-20,92.2,92.24,91.155,91.24,35645824.0,91.5297,
2025-03-21,91.33,91.435,90.62,90.7,29192076.0,90.8534,
2025-03-24,90.2,90.255,89.7,89.77,27967580.0,89.8676,
2025-03-25,89.57,90.08,89.51,89.76,22333833.0,89.7839,
2025-03-26,89.39,89.595,89.09,89.17,25165323.0,89.2898,
2025-03-27,88.85,89.025,88.63,88.91,23674536.0,88.8325,
2025-03-28,89.88,90.34,89.81,90.14,39869372.0,90.1093,
2025-03-31,91.23,91.335,90.36,91.03,38754321.0,90.8879,
2025-04-01,91.25,91.905,91.21,91.49,39800072.0,91.5076,
2025-04-02,92.37,92.37,90.66,91.43,43368057.0,91.4739,
2025-04-03,92.52,92.73,91.84,91.85,57467355.0,92.1964,
2025-04-04,93.65,94.09,92.82,92.85,92794210.0,93.4497,
2025-04-07,91.88,92.19,89.795,90.05,124987637.0,90.6891,
2025-04-08,89.28,90.2,88.22,88.35,73861858.0,89.0912,
2025-04-09,87.27,88.91,85.89,88.87,131353453.0,87.2576,
2025-04-10,87.74,88.175,86.3501,86.42,78231989.0,87.0777,
2025-04-11,85.87,87.2993,85,86.89,94814139.0,86.1703,
2025-04-14,87.4,87.71,86.815,87.51,37596366.0,87.3297,
2025-04-15,87.15,88.185,87.035,87.82,22553898.0,87.686,
2025-04-16,87.8,88.5,87.47,88.31,35587837.0,88.054,
2025-04-17,88.04,88.2,87.23,87.53,31758430.0,87.629,
2025-04-21,86.6,87.07,85.98,86,39343217.0,86.2829,
2025-04-22,86.82,87.0212,86.4,86.48,32552091.0,86.6121,
2025-04-23,88.88,89.06,87.1701,87.32,44082157.0,87.9077,
2025-04-24,88.03,88.35,87.76,88.24,24190774.0,88.1409,
2025-04-25,88.9,89.105,88.595,88.89,22513925.0,88.825,
2025-04-28,88.655,89.53,88.612,89.45,20038510.0,89.1893,
2025-04-29,89.32,90.21,89.295,90.2,22129478.0,89.9231,
2025-04-30,89.78,90.05,89.33,89.47,42630588.0,89.6497,
2025-05-01,89.26,89.28,88.3,88.69,29932841.0,88.6626,
2025-05-02,87.71,88.0674,87.54,87.73,32090382.0,87.771,
2025-05-05,87.345,87.405,86.83,87.24,22862807.0,87.1711,
2025-05-06,86.8,87.53,86.64,87.53,21095153.0,87.1025,
2025-05-07,87.92,88.21,87.82,87.9,23178423.0,87.9597,
2025-05-08,88.015,88.06,86.89,86.92,25483679.0,87.27,
2025-05-09,87,87.31,86.92,87.05,17007874.0,87.0711,
2025-05-12,86.38,86.78,86.19,86.24,32115028.0,86.4575,
2025-05-13,86.13,86.285,85.5,85.89,53912161.0,85.7859,
2025-05-14,85.75,85.87,85.2,85.32,42119809.0,85.4933,
2025-05-15,85.63,86.32,85.48,86.07,59447991.0,85.9203,
2025-05-16,86.87,86.89,86.195,86.3,31778178.0,86.4746,
2025-05-19,84.91,86.116,84.83,86.05,49361877.0,85.4789,
2025-05-20,85.425,85.6,85.06,85.43,35493074.0,85.4228,
2025-05-21,84.68,85.055,83.7601,83.97,77053056.0,84.2888,
2025-05-22,83.521,84.43,83.295,84.41,61747852.0,83.9402,
2025-05-23,84.77,84.82,84.305,84.55,47139246.0,84.617,
2025-05-27,85.35,86.025,85.15,85.73,56773411.0,85.6657,
2025-05-28,85.41,85.5372,84.97,85.36,34806779.0,85.3064,
2025-05-29,85.77,86.26,85.64,86.15,39003618.0,85.9825,
2025-05-30,86.085,86.47,85.88,86.28,49042064.0,86.156,
2025-06-02,85.29,85.47,84.79,85.16,46213110.0,85.0882,
2025-06-03,85.44,85.735,84.885,85.01,33731261.0,85.2465,
2025-06-04,85.79,86.65,85.645,86.39,57441529.0,86.2322,
2025-06-05,86.68,86.93,86.22,86.45,37715267.0,86.5738,
2025-06-06,85.79,85.925,85.275,85.35,38130095.0,85.5838,
2025-06-09,85.04,85.64,85.035,85.44,26560750.0,85.3952,
2025-06-10,86.095,86.1774,85.515,85.88,24857001.0,85.8309,
2025-06-11,85.81,86.4,85.71,86.14,36334820.0,86.0484,
2025-06-12,86.89,87.2,86.6,87.17,43017814.0,86.9664,
2025-06-13,86.73,86.875,85.775,86.33,49373982.0,86.3159,
2025-06-16,86.08,86.43,85.46,85.46,36496625.0,85.8492,
2025-06-17,86,86.66,85.75,86.5,34521571.0,86.2826,
2025-06-18,86.88,87.09,86.35,86.65,38588982.0,86.7429,
2025-06-20,86.14,86.79,85.95,86.49,26001907.0,86.38,
2025-06-23,86.93,87.4407,86.77,86.77,36851824.0,87.0571,
2025-06-24,86.47,87.59,86.425,87.4,32959113.0,87.1601,
2025-06-25,87.11,87.51,86.8,87.51,26345293.0,87.1905,
2025-06-26,87.59,87.95,87.2,87.95,30467517.0,87.6196,
2025-06-27,87.57,88.16,87.235,87.39,74993500.0,87.7229,
2025-06-30,87.86,88.435,87.61,88.25,53695166.0,88.1304,
2025-07-01,88.13,88.31,87.66,88.14,38960579.0,88.0132,
2025-07-02,87.19,87.59,87.1,87.58,39382249.0,87.339,
2025-07-03,87.165,87.29,86.85,86.97,26729101.0,87.1021,
2025-07-07,86.54,86.56,85.92,86.14,38314669.0,86.201,
2025-07-08,85.57,86.04,85.44,86.03,31406989.0,85.7515,
2025-07-09,86.19,86.93,86.175,86.93,29821887.0,86.6103,
2025-07-10,86.83,87.06,86.485,86.99,24525548.0,86.7731,
2025-07-11,86.23,86.27,85.64,85.79,40764785.0,85.901,
2025-07-14,85.54,85.88,85.315,85.61,24609530.0,85.545,
2025-07-15,85.89,85.91,84.9,85.01,40454986.0,85.1599,
2025-07-16,85.275,85.6566,84.19,85.13,65987689.0,84.9153,
2025-07-17,85.22,85.485,84.99,85.11,31875451.0,85.196,
2025-07-18,85.43,85.46,85.1,85.24,27534948.0,85.3182,
2025-07-21,86.215,86.505,85.96,86,40019530.0,86.2172,
2025-07-22,86.17,86.77,86.11,86.52,35190321.0,86.5418,
2025-07-23,86.05,86.2,85.785,86.04,31008454.0,86.0066,
2025-07-24,85.55,86.24,85.51,85.89,25164761.0,85.9261,
2025-07-25,85.8,86.44,85.72,86.43,27196153.0,86.2126,
2025-07-28,85.99,86.2,85.83,85.87,26812463.0,85.9472,
2025-07-29,86.23,87.34,86.2,87.32,47828275.0,87.0012,
2025-07-30,86.77,86.96,86.56,86.87,40670866.0,86.7971,
2025-07-31,87.13,87.41,86.84,86.92,49814080.0,87.0595,
2025-08-01,87.56,87.93,87.515,87.82,63434525.0,87.6261,
2025-08-04,87.955,88.15,87.65,88.06,36425167.0,87.9408,
2025-08-05,87.85,88.45,87.78,88.33,28586109.0,88.1917,
2025-08-06,87.84,88.045,86.92,87.82,42589347.0,87.6775,
2025-08-07,87.915,88.25,87.59,87.67,29213145.0,87.9172,
2025-08-08,87.36,87.385,87.1546,87.29,21596334.0,87.2684,
2025-08-11,87.54,87.67,87.28,87.39,20100909.0,87.4791,
2025-08-12,86.9,86.9681,86.55,86.95,41087211.0,86.8536,
2025-08-13,87.44,87.81,87.425,87.67,30817493.0,87.6492,
2025-08-14,87.51,87.51,86.89,87.02,33397435.0,87.137,
2025-08-15,86.66,86.78,86.25,86.4,36343551.0,86.4987,
2025-08-18,86.5,86.54,85.985,86.15,26777514.0,86.2215,
2025-08-19,86.45,86.75,86.445,86.65,28780625.0,86.6242,
2025-08-20,86.59,86.965,86.56,86.84,25912477.0,86.7895,
2025-08-21,86.56,86.675,86.105,86.41,28643888.0,86.3481,
2025-08-22,86.83,87.302,86.72,87.05,49871851.0,87.0314,
2025-08-25,86.725,87.05,86.65,86.8,27011924.0,86.8198,
2025-08-26,86.51,86.79,86.223,86.75,30259346.0,86.5541,
2025-08-27,86.105,86.66,86,86.65,38142761.0,86.3685,
2025-08-28,86.78,87.26,86.66,87.22,32205937.0,87.084,
2025-08-29,86.76,86.86,86.44,86.6,41686429.0,86.6626,
2025-09-02,85.63,85.84,85.48,85.63,48760602.0,85.6265,
2025-09-03,85.93,86.81,85.89,86.57,52499540.0,86.5187,
2025-09-04,87.02,87.24,86.58,87.23,40501553.0,87.0116,
2025-09-05,88.22,88.61,88.14,88.56,69667951.0,88.397,
2025-09-08,89.17,89.755,89.12,89.74,54538678.0,89.4591,
2025-09-09,89.4,89.55,88.99,89.23,37126428.0,89.2525,
2025-09-10,89.4,90.065,89.19,89.74,40713570.0,89.6726,
2025-09-11,89.91,90.48,89.9,90.34,46694392.0,90.2194,
2025-09-12,89.83,89.98,89.4919,89.95,32968578.0,89.7834,
2025-09-15,90.15,90.455,90.065,90.16,24820119.0,90.2252,
2025-09-16,90.09,90.495,90.04,90.35,26794226.0,90.3093,
2025-09-17,90.71,91.04,89.87,90.12,49121751.0,90.3572,
2025-09-18,89.26,89.47,88.9,89.19,55717920.0,89.2248,
2025-09-19,89.07,89.225,88.785,89.02,32509221.0,88.9791,
2025-09-22,88.82,88.91,88.54,88.7,24758223.0,88.755,
2025-09-23,88.965,89.36,88.75,89.32,26689041.0,89.0826,
2025-09-24,89.08,89.16,88.7,88.98,28097977.0,88.9637,
2025-09-25,88.845,89.03,88.46,88.98,29882469.0,88.7772,
2025-09-26,88.99,89.47,88.69,88.9,30955062.0,88.9448,
2025-09-29,89.29,89.74,89.26,89.63,32286167.0,89.595,
2025-09-30,89.66,90.04,89.21,89.37,38583989.0,89.5333,
2025-10-01,89.45,89.64,89.09,89.29,39408913.0,89.3202,
2025-10-02,89.31,89.69,89.19,89.55,23208338.0,89.4923,
2025-10-03,89.63,89.72,89.27,89.38,25884474.0,89.405,
2025-10-06,88.71,89.155,88.65,88.67,28370984.0,88.7807,
2025-10-07,88.97,89.38,88.812,89.18,29103348.0,89.1354,
2025-10-08,89.6,89.615,89.13,89.25,22506241.0,89.3571,
2025-10-09,89.17,89.29,89.005,89.18,21578690.0,89.1692,
2025-10-10,89.98,90.72,89.9,90.62,59389374.0,90.396,
2025-10-13,90.28,90.58,89.86,90.57,28035544.0,90.3158,
2025-10-14,90.65,90.915,90.43,90.86,29800001.0,90.7018,
2025-10-15,90.955,91.3,90.47,90.66,31333909.0,90.8687,
2025-10-16,90.515,91.495,90.45,91.34,39631153.0,91.1587,
2025-10-17,91.25,91.29,90.9,91.2,40237427.0,91.1351,
2025-10-20,91.46,91.56,91.28,91.55,28428713.0,91.4461,
2025-10-21,91.99,92.185,91.9101,92,24511158.0,92.0096,
2025-10-22,91.991,92.175,91.82,92.06,30496152.0,92.0196,
2025-10-23,91.61,91.7851,91.29,91.43,28272855.0,91.5001,
2025-10-24,91.585,91.6,91.16,91.47,28265993.0,91.4442,
2025-10-27,91.32,91.79,91.0944,91.78,30030213.0,91.5339,
2025-10-28,91.85,92.175,91.81,92.02,23564517.0,91.9684,
2025-10-29,91.88,91.89,91.015,91.09,39551153.0,91.3796,
2025-10-30,90.39,90.97,90.3544,90.56,42649215.0,90.608,
2025-10-31,90.56,90.66,90.2,90.29,38244128.0,90.3326,
2025-11-03,89.62,89.82,89.42,89.74,40752284.0,89.6608,
2025-11-04,89.78,90.06,89.74,89.94,26383782.0,89.9339,
2025-11-05,89.51,89.545,88.88,88.96,44643440.0,89.0918,
2025-11-06,89.56,89.85,89.53,89.76,33027153.0,89.7007,
2025-11-07,89.355,89.87,89.355,89.57,28524969.0,89.6379,
2025-11-10,89.49,89.67,89.385,89.55,24093451.0,89.4944,
2025-11-11,89.95,90.065,89.775,89.96,18939427.0,89.9316,
2025-11-12,89.95,90.32,89.88,90.12,23592519.0,90.1214,
2025-11-13,89.8,89.94,89.38,89.38,33823457.0,89.6057,
2025-11-14,89.79,89.835,88.87,88.87,38550402.0,89.0892,
2025-11-17,89.08,89.3,88.98,89.09,25602527.0,89.1176,
2025-11-18,89.35,89.45,88.8,89.06,31965195.0,89.1087,
2025-11-19,89.225,89.31,88.85,88.88,25777124.0,89.0262,
2025-11-20,88.99,89.42,88.985,89.23,32943191.0,89.2036,
2025-11-21,89.65,89.67,89.195,89.5,41933147.0,89.4331,
2025-11-24,89.95,90.0665,89.7801,90.01,30863765.0,89.9484,
2025-11-25,90.31,90.59,90.13,90.24,36497643.0,90.3693,
2025-11-26,90.15,90.64,89.83,90.64,34096562.0,90.3912,
2025-11-28,90.46,90.5299,89.95,90.21,40697935.0,90.1915,
2025-12-01,88.845,88.99,88.71,88.77,47082596.0,88.8242,
2025-12-02,88.575,88.955,88.46,88.81,27602225.0,88.7301,
2025-12-03,88.92,89.155,88.74,89.06,23275957.0,88.9918,
2025-12-04,88.91,88.93,88.48,88.58,25538554.0,88.6402,
2025-12-05,88.55,88.55,88.045,88.17,32803236.0,88.2416,
2025-12-08,88.185,88.2,87.56,87.88,32246165.0,87.8123,
2025-12-09,88.34,88.345,87.84,87.97,25763409.0,88.0296,
2025-12-10,88,88.52,87.855,88.31,46827965.0,88.2407,
2025-12-11,88.69,88.8292,88.16,88.19,26775873.0,88.4177,
2025-12-12,87.375,87.495,87.19,87.34,47028335.0,87.3583,
2025-12-15,87.715,87.88,87.39,87.4,28609250.0,87.5709,
2025-12-16,87.185,87.92,87.17,87.88,41015744.0,87.7022,
2025-12-17,87.625,87.9856,87.5801,87.8,24663881.0,87.777,
2025-12-18,88.13,88.38,88.07,88.22,39046726.0,88.1913,
2025-12-19,87.605,87.76,87.41,87.55,37855218.0,87.5291,
2025-12-22,87.415,87.4574,87.25,87.36,25544105.0,87.3528,
2025-12-23,87.07,87.58,87.03,87.5,33620394.0,87.4074,
2025-12-24,87.76,88.08,87.65,88.03,25939126.0,87.8967,
2025-12-26,88.1,88.1699,87.6,87.74,26522734.0,87.7842,
2025-12-29,87.95,88.0703,87.79,88.07,29399823.0,87.9759,
2025-12-30,87.74,88.04,87.6744,87.86,25106784.0,87.8635,
2025-12-31,87.68,87.91,87.13,87.16,36500036.0,87.5123,
2026-01-02,87.4,87.41,87.0201,87.03,40731251.0,87.1835,
2026-01-05,87.18,87.52,87.11,87.46,30178030.0,87.3658,
2026-01-06,87.15,87.34,86.9,87.28,39015179.0,87.1566,
2026-01-07,87.84,88.005,87.48,87.79,39930912.0,87.7914,
2026-01-08,87.33,87.55,87.245,87.35,28204899.0,87.3633,
2026-01-09,87.3,88,87.12,87.93,57348793.0,87.7298,
2026-01-12,87.5,87.91,87.41,87.67,36103071.0,87.6612,
2026-01-13,87.88,87.91,87.535,87.82,30451400.0,87.7751,
2026-01-14,87.91,88.43,87.89,88.33,39233477.0,88.2438,
2026-01-15,88.635,88.66,88.31,88.31,37988942.0,88.4494,
2026-01-16,88.13,88.32,87.71,87.8,46382396.0,87.9807,
2026-01-20,86.63,87.03,86.5407,86.65,66009536.0,86.7274,
2026-01-21,86.8,87.48,86.62,87.31,51220133.0,87.0537,
2026-01-22,87.27,87.755,87.14,87.69,42419291.0,87.5116,
2026-01-23,87.83,88.0284,87.495,87.93,35968799.0,87.8088,
2026-01-26,88.395,88.49,88.2,88.35,38882362.0,88.3244,
2026-01-27,88.11,88.25,87.68,87.8,35180128.0,87.9518,
2026-01-28,87.505,87.7,87.29,87.6,38750296.0,87.5003,
2026-01-29,87.15,87.74,87.08,87.62,43854982.0,87.4742,
2026-01-30,87.375,87.56,87.13,87.13,45832193.0,87.337,
2026-02-02,87.02,87.055,86.55,86.55,38171395.0,86.7319,
2026-02-03,86.485,86.78,86.4284,86.76,27438196.0,86.584,
2026-02-04,86.63,86.7775,86.46,86.54,37872880.0,86.581,
2026-02-05,86.93,87.48,86.75,87.48,50268911.0,87.2511,
2026-02-06,87.45,87.54,87.2,87.54,33461764.0,87.3957,
2026-02-09,87.2,87.58,87.03,87.52,24708880.0,87.347,
2026-02-10,88.24,88.53,88.22,88.53,37253715.0,88.3954,
2026-02-11,88.04,88.475,87.935,88.06,37014010.0,88.1222,
2026-02-12,88.355,89.28,88.35,89.23,48454859.0,88.9532,
2026-02-13,89.63,89.81,89.5224,89.72,56785154.0,89.6545,
2026-02-17,89.93,90.12,89.76,89.87,32356748.0,89.9222,
2026-02-18,89.685,89.86,89.47,89.53,35415364.0,89.6346,
2026-02-19,89.4,89.72,89.365,89.62,28658625.0,89.5461,
2026-02-20,89.7,89.74,88.93,89.41,49610815.0,89.3078,
2026-02-23,89.55,90,89.53,89.74,33614602.316242,89.7792,
2026-02-24,89.945,90.05,89.76,89.9,24933943.572494,89.9046,
2026-02-25,89.71,90.08,89.71,89.91,23625776.995106,89.8935,
2026-02-26,90.06,90.32,90.05,90.27,29447077.547824,90.1765,
2026-02-27,90.685,90.86,90.55,90.82,51271971.983189,90.7331,
2026-03-02,89.975,89.99,89.355,89.61,55465543.559729,89.6245,
2026-03-03,88.975,89.67,88.935,89.43,51850414.584225,89.3447,
2026-03-04,89.27,89.44,89.095,89.15,47069511.374323,89.2494,
2026-03-05,88.63,88.935,88.51,88.79,45768934.838472,88.7383,
2026-03-06,88.32,88.9399,88.015,88.46,58136911.56394,88.4443,
2026-03-09,88.295,89.315,88.205,89.23,52474735.179435,88.823,
